OBJECTID,Region,LANSLU,Soil_Subgroup,Shape_Area,Shape_Length,Primary_Soil_Classification,Primary_Soil_Value,Secondary_Soil_Classification,Secondary_Soil_Value,Tertiary_Soil_Classification,Tertiary_Soil_Value,Total_Soil_Classifications_Count,Total_Soil_Classification_Value
13101,MID MURRAY COUNCIL,BCPKFB,A6,3.96E-05,0.029773053,A6,35,A4,30,A3,20,4,100
13102,MID MURRAY COUNCIL,BCPKFA,A6,0.000126664,0.054225136,A6,35,A4,30,A3,20,4,100
13172,MID MURRAY COUNCIL,WOGJLp,D4,0.000332683,0.229707589,D4,65,A6,20,D3,15,3,100
13213,MID MURRAY COUNCIL,BCPKKE,A6,3.84E-05,0.032147832,A6,55,A5,45,None,0,2,100
13226,MID MURRAY COUNCIL,WOGJLu,D4,5.86E-05,0.040515579,D4,65,A6,20,D3,15,3,100
13252,MID MURRAY COUNCIL,EUVKFU,A6,0.001219038,0.304556224,A6,31.25,A4,22.5,D4,16.25,5,100
13296,MID MURRAY COUNCIL,EUVJLU,D4,1.76E-05,0.022055584,D4,68,A6,25.25,A4,6.75,3,100
13308,MID MURRAY COUNCIL,EUVJLU,D4,1.69E-05,0.017070038,D4,68,A6,25.25,A4,6.75,3,100
13310,MID MURRAY COUNCIL,EUVJLU,D4,1.42E-05,0.01472786,D4,68,A6,25.25,A4,6.75,3,100
13362,MID MURRAY COUNCIL,EUVJLU,D4,1.58E-05,0.020820308,D4,68,A6,25.25,A4,6.75,3,100
13366,MID MURRAY COUNCIL,EUVJLp,D4,6.53E-05,0.04623194,D4,48.75,A6,28.75,A4,11.25,4,100
13422,MID MURRAY COUNCIL,EUVJLp,D4,0.000461154,0.39154451,D4,48.75,A6,28.75,A4,11.25,4,100
13446,MID MURRAY COUNCIL,WOGJLP,D4,5.49E-05,0.03368042,D4,65,A6,20,D3,15,3,100
13496,MID MURRAY COUNCIL,BCPKFI,A4,0.000341789,0.231355572,A4,32.25,A6,29.75,A3,17,5,100
13527,MID MURRAY COUNCIL,EUVKFB,A6,3.13E-05,0.02821379,A6,35,A4,30,A3,20,4,100
13549,MID MURRAY COUNCIL,EUVJLp,D4,9.25E-05,0.077093251,D4,48.75,A6,28.75,A4,11.25,4,100
13555,MID MURRAY COUNCIL,WOGIVg,A5,0.00078101,0.182017071,A5,45,C1,35,A4,20,3,100
13596,MID MURRAY COUNCIL,WOGIVh,A5,9.35E-05,0.063684894,A5,45,C1,35,A4,20,3,100
13649,MID MURRAY COUNCIL,BCPKFA,A6,8.77E-05,0.044679889,A6,35,A4,30,A3,20,4,100
13666,MID MURRAY COUNCIL,WOGIVA,A5,0.000925291,0.320131768,A5,38.25,C1,29.75,A4,23.75,4,100
13677,MID MURRAY COUNCIL,EUVJPo,D4,0.001277639,0.418775789,D4,55,A6,45,None,0,2,100
13703,MID MURRAY COUNCIL,EUVJLp,D4,0.000170432,0.075543142,D4,48.75,A6,28.75,A4,11.25,4,100
13725,MID MURRAY COUNCIL,WOGJLP,D4,0.000140058,0.044355559,D4,65,A6,20,D3,15,3,100
13767,MID MURRAY COUNCIL,EUVJLU,D4,1.07E-05,0.013305413,D4,68,A6,25.25,A4,6.75,3,100
13781,MID MURRAY COUNCIL,BCPXKG,A3,0.001279562,0.33907589,A3,100,None,0,None,0,1,100
13791,MID MURRAY COUNCIL,MMAJLU,D4,5.58E-05,0.038686891,D4,65,A6,20,D3,15,3,100
13793,MID MURRAY COUNCIL,WOGJLp,D4,0.000101788,0.04762971,D4,65,A6,20,D3,15,3,100
13819,MID MURRAY COUNCIL,EUVJLp,D4,6.43E-06,0.010273225,D4,48.75,A6,28.75,A4,11.25,4,100
13820,MID MURRAY COUNCIL,EUVJLp,D4,8.58E-06,0.011831596,D4,48.75,A6,28.75,A4,11.25,4,100
13848,MID MURRAY COUNCIL,EBAIAA,A6,0.002701188,0.742903024,A6,35,A5,30,D4,20,4,100
13849,MID MURRAY COUNCIL,TIGQLA,B2,1.76E-06,0.009261959,B2,41.25,A4,33.75,A5,16.25,5,100
13860,MID MURRAY COUNCIL,MMAJLU,D4,2.34E-05,0.0244704,D4,65,A6,20,D3,15,3,100
13867,MID MURRAY COUNCIL,MMAJLU,D4,4.79E-05,0.048915331,D4,65,A6,20,D3,15,3,100
13905,MID MURRAY COUNCIL,TIGIAA,A6,1.99E-05,0.019648045,A6,35,A3,30,D4,20,4,100
13907,MID MURRAY COUNCIL,FLRQHA,B2,2.18E-06,0.008333834,B2,100,None,0,None,0,1,100
13909,MID MURRAY COUNCIL,MMAQIA,B2,1.58E-05,0.018506739,B2,55,A4,45,None,0,2,100
13913,MID MURRAY COUNCIL,BCPXUW,A4,8.39E-05,0.067302301,A4,100,None,0,None,0,1,100
13914,MID MURRAY COUNCIL,BCPQHH,B2,0.000178608,0.078486737,B2,100,None,0,None,0,1,100
13930,MID MURRAY COUNCIL,MMAQIA,B2,5.40E-05,0.046718601,B2,55,A4,45,None,0,2,100
13943,MID MURRAY COUNCIL,EBAQLB,B2,2.09E-05,0.020272146,B2,30.25,A4,24.75,A6,24.75,4,100
13949,MID MURRAY COUNCIL,TIGQLA,B2,6.70E-05,0.035324485,B2,41.25,A4,33.75,A5,16.25,5,100
13950,MID MURRAY COUNCIL,MMAKKE,A6,1.51E-05,0.015161571,A6,55,A5,45,None,0,2,100
13992,MID MURRAY COUNCIL,MMAQIA,B2,6.98E-05,0.056209363,B2,55,A4,45,None,0,2,100
14000,MID MURRAY COUNCIL,MMAJPU,D4,0.000991208,0.342115545,D4,35,A6,30,C3,20,4,100
14003,MID MURRAY COUNCIL,FLRQHA,B2,0.001433939,0.259284686,B2,100,None,0,None,0,1,100
14025,MID MURRAY COUNCIL,WOGKFA,A6,0.000132973,0.083239582,A6,55,D4,45,None,0,2,100
14044,MID MURRAY COUNCIL,BCPQHH,B2,0.000237895,0.172066816,B2,100,None,0,None,0,1,100
14047,MID MURRAY COUNCIL,BCPQHA,B2,0.000128884,0.063492852,B2,100,None,0,None,0,1,100
14054,MID MURRAY COUNCIL,FLRQHA,B2,0.001809778,0.23014772,B2,100,None,0,None,0,1,100
14085,MID MURRAY COUNCIL,MMAKOE,A6,0.000185824,0.109175216,A6,80,A3,20,None,0,2,100
14094,MID MURRAY COUNCIL,EBAQHA,B2,0.000780846,0.431559259,B2,65,A4,20,A5,15,3,100
14097,MID MURRAY COUNCIL,MMAKOE,A6,9.38E-05,0.079391561,A6,80,A3,20,None,0,2,100
14107,MID MURRAY COUNCIL,MMAJLU,D4,3.13E-05,0.024656414,D4,65,A6,20,D3,15,3,100
14130,MID MURRAY COUNCIL,TIGQLA,B2,3.94E-05,0.028939917,B2,41.25,A4,33.75,A5,16.25,5,100
14137,MID MURRAY COUNCIL,MMAKOE,A6,3.60E-05,0.035112623,A6,80,A3,20,None,0,2,100
14165,MID MURRAY COUNCIL,MMAQIB,B2,0.000227678,0.143624109,B2,55,A4,45,None,0,2,100
14166,MID MURRAY COUNCIL,FLRQHH,B2,0.000198126,0.14127712,B2,100,None,0,None,0,1,100
14167,MID MURRAY COUNCIL,FLRQHA,B2,0.000445891,0.110781542,B2,100,None,0,None,0,1,100
14193,MID MURRAY COUNCIL,TIGJLA,D4,1.82E-05,0.019814732,D4,55,C3,20,A3,15,4,100
14217,THE DC OF LOXTON WAIKERIE,PGKQOB,B2,9.76E-06,0.012687249,B2,75,H2,25,None,0,2,100
14221,MID MURRAY COUNCIL,MMAQIB,B2,4.00E-05,0.042679048,B2,55,A4,45,None,0,2,100
14226,MID MURRAY COUNCIL,TIGIAA,A6,3.61E-05,0.029754892,A6,35,A3,30,D4,20,4,100
14229,THE DC OF LOXTON WAIKERIE,PGKQOB,B2,7.53E-05,0.042848502,B2,75,H2,25,None,0,2,100
14231,MID MURRAY COUNCIL,FLRXUW,A4,4.99E-05,0.0456012,A4,100,None,0,None,0,1,100
14232,MID MURRAY COUNCIL,MMAQIA,B2,1.10E-05,0.014638041,B2,55,A4,45,None,0,2,100
14240,THE DC OF LOXTON WAIKERIE,PGKQMA,B2,0.00584786,0.550565386,B2,100,None,0,None,0,1,100
14241,MID MURRAY COUNCIL,MMAKKE,A6,4.05E-05,0.028395677,A6,55,A5,45,None,0,2,100
14254,MID MURRAY COUNCIL,TIGQLA,B2,0.011686927,1.55524277,B2,41.25,A4,33.75,A5,16.25,5,100
14304,MID MURRAY COUNCIL,TIGIAA,A6,5.48E-05,0.043802309,A6,35,A3,30,D4,20,4,100
14328,MID MURRAY COUNCIL,WOGJLp,D4,0.000124489,0.084029309,D4,65,A6,20,D3,15,3,100
14331,MID MURRAY COUNCIL,WOGJLp,D4,0.00023839,0.106437209,D4,65,A6,20,D3,15,3,100
14335,MID MURRAY COUNCIL,WOGQIB,B2,0.000636242,0.196031423,B2,35,A4,30,A5,20,4,100
14351,THE DC OF LOXTON WAIKERIE,BNYQMA,B2,0.002339394,0.265328477,B2,95,G1,5,None,0,2,100
14359,MID MURRAY COUNCIL,MMASRA,A6,4.29E-05,0.036895774,A6,44,A4,36,A5,11,4,100
14360,THE DC OF LOXTON WAIKERIE,PGKQOB,B2,0.000754532,0.176935537,B2,75,H2,25,None,0,2,100
14361,MID MURRAY COUNCIL,MMAQIB,B2,3.22E-05,0.023389649,B2,55,A4,45,None,0,2,100
14371,THE DC OF LOXTON WAIKERIE,PGKUMJ,H2,9.04E-05,0.058328137,H2,45,A4,30.25,C1,24.75,3,100
14388,MID MURRAY COUNCIL,WOGJLA,D4,0.00033947,0.148597635,D4,65,A6,20,D3,15,3,100
14396,MID MURRAY COUNCIL,TIGIAA,A6,2.22E-05,0.024803456,A6,35,A3,30,D4,20,4,100
14454,MID MURRAY COUNCIL,WOGJLp,D4,6.39E-05,0.035555547,D4,65,A6,20,D3,15,3,100
14477,MID MURRAY COUNCIL,WOGJLp,D4,1.36E-05,0.017363653,D4,65,A6,20,D3,15,3,100
14480,MID MURRAY COUNCIL,MMAJLA,D4,3.02E-05,0.02565628,D4,65,A6,20,D3,15,3,100
14486,MID MURRAY COUNCIL,MMAKaE,C3,2.66E-05,0.025319277,C3,45,A6,35,D4,20,3,100
14553,MID MURRAY COUNCIL,TIGJLp,D4,6.57E-05,0.055412489,D4,55,C3,20,A3,15,4,100
14561,MID MURRAY COUNCIL,TIGIAA,A6,2.38E-05,0.021393042,A6,35,A3,30,D4,20,4,100
14624,MID MURRAY COUNCIL,MMAQIB,B2,9.40E-05,0.078389942,B2,55,A4,45,None,0,2,100
14629,MID MURRAY COUNCIL,TIGIAA,A6,5.10E-05,0.030952648,A6,35,A3,30,D4,20,4,100
14632,MID MURRAY COUNCIL,TIGIAA,A6,8.47E-05,0.063359603,A6,35,A3,30,D4,20,4,100
14666,MID MURRAY COUNCIL,WOGQLA,B2,2.44E-05,0.01977609,B2,55,A4,45,None,0,2,100
14688,MID MURRAY COUNCIL,MMAJPU,D4,0.000209778,0.115805098,D4,35,A6,30,C3,20,4,100
14690,MID MURRAY COUNCIL,MMAQIA,B2,2.79E-05,0.026441146,B2,55,A4,45,None,0,2,100
14731,MID MURRAY COUNCIL,MMAQIB,B2,0.000174204,0.117080978,B2,55,A4,45,None,0,2,100
14751,MID MURRAY COUNCIL,WOGHgB,C1,0.000766174,0.271259309,C1,34,D4,25.585,A6,25.415,5,100
14752,MID MURRAY COUNCIL,WOGJLP,D4,0.000240234,0.151210965,D4,65,A6,20,D3,15,3,100
14774,MID MURRAY COUNCIL,MURUMF,H2,4.44E-05,0.035479214,H2,75,A4,13.75,C1,11.25,3,100
14776,RENMARK PARINGA COUNCIL,MSHUMJ,B2,0.000190949,0.109366984,B2,35.75,H2,35,A4,29.25,3,100
14780,RENMARK PARINGA COUNCIL,UMVSXII,A4,0.000390186,0.21603368,A4,65,G1,20,B8,15,3,100
14781,RENMARK PARINGA COUNCIL,UMVZL-,A8,8.95E-05,0.04714912,A8,100,None,0,None,0,1,100
14783,RENMARK PARINGA COUNCIL,MUTHqA,D5,0.000264262,0.100482344,D5,75,A4,25,None,0,2,100
14784,THE DC OF LOXTON WAIKERIE,UMVXTA,M2,2.38E-05,0.021521591,M2,19.25,E3,16.5,D2,15.75,8,100
14799,MID MURRAY COUNCIL,UMVXmA,E3,0.000356481,0.134052968,E3,46.75,F2,38.25,WW,10,4,100
14800,MID MURRAY COUNCIL,UMVXmB,E3,8.04E-05,0.074249805,E3,52.25,F2,42.75,H2,5,3,100
14803,MID MURRAY COUNCIL,TIGIAA,A6,4.03E-05,0.032380988,A6,35,A3,30,D4,20,4,100
14810,MID MURRAY COUNCIL,MMASRA,A6,0.000656733,0.233908682,A6,44,A4,36,A5,11,4,100
14815,MID MURRAY COUNCIL,MURUMJ,H2,6.66E-05,0.056217566,H2,45,A4,30.25,C1,24.75,3,100
14816,MID MURRAY COUNCIL,MMAQIA,B2,6.17E-05,0.040377486,B2,55,A4,45,None,0,2,100
14820,MID MURRAY COUNCIL,BLTUUK,H2,0.000111204,0.044041191,H2,55,B2,45,None,0,2,100
14823,THE DC OF LOXTON WAIKERIE,UMVXmA,E3,0.000112307,0.053550033,E3,46.75,F2,38.25,WW,10,4,100
14824,THE DC OF LOXTON WAIKERIE,PGKUJJ,H2,0.000332832,0.12437624,H2,55,A4,24.75,B2,20.25,3,100
14827,MID MURRAY COUNCIL,MURUMF,H2,8.44E-06,0.012150281,H2,75,A4,13.75,C1,11.25,3,100
14829,MID MURRAY COUNCIL,MURUMF,H2,7.15E-05,0.056216166,H2,75,A4,13.75,C1,11.25,3,100
14830,THE DC OF LOXTON WAIKERIE,HOLUMJ,H2,0.000545214,0.161241043,H2,45,A4,30.25,C1,24.75,3,100
14831,THE DC OF LOXTON WAIKERIE,UMVXmB,E3,6.14E-05,0.060879102,E3,52.25,F2,42.75,H2,5,3,100
14838,MID MURRAY COUNCIL,TIGIAA,A6,9.65E-05,0.044067052,A6,35,A3,30,D4,20,4,100
14840,THE DC OF LOXTON WAIKERIE,PGKQNA,A4,3.76E-05,0.029433408,A4,80,C1,20,None,0,2,100
14842,MID MURRAY COUNCIL,EBAQLA,B2,0.000935706,0.288241422,B2,41.25,A4,33.75,A6,13.75,4,100
14851,RENMARK PARINGA COUNCIL,UMVZC-,N2,3.34E-05,0.025448239,N2,100,None,0,None,0,1,100
14866,MID MURRAY COUNCIL,UMVXma,E3,0.000138781,0.058013507,E3,35.75,F2,29.25,H2,20,4,100
14881,MID MURRAY COUNCIL,MURUMJ,H2,0.000250167,0.159253966,H2,45,A4,30.25,C1,24.75,3,100
14884,MID MURRAY COUNCIL,MMASRA,A6,0.000109295,0.064319032,A6,44,A4,36,A5,11,4,100
14886,MID MURRAY COUNCIL,MURUMF,H2,0.0001183,0.096246299,H2,75,A4,13.75,C1,11.25,3,100
14889,MID MURRAY COUNCIL,MMAQIB,B2,5.68E-05,0.030133848,B2,55,A4,45,None,0,2,100
14890,THE DC OF LOXTON WAIKERIE,UMVXmA,E3,0.000470089,0.133583208,E3,46.75,F2,38.25,WW,10,4,100
14893,THE DC OF LOXTON WAIKERIE,UMVSXII,A4,7.99E-05,0.099048189,A4,65,G1,20,B8,15,3,100
14897,MID MURRAY COUNCIL,MURSgA,A4,0.000305551,0.136658718,A4,60,H2,25,C1,15,3,100
14904,RENMARK PARINGA COUNCIL,UMVXmB,E3,0.000830956,0.314289963,E3,52.25,F2,42.75,H2,5,3,100
14905,RENMARK PARINGA COUNCIL,UMVXmB,E3,0.001702246,0.591041033,E3,52.25,F2,42.75,H2,5,3,100
14911,MID MURRAY COUNCIL,LMVSXII,A4,0.000311986,0.163428017,A4,45,G1,35,H2,20,3,100
14912,MID MURRAY COUNCIL,TIGQLA,B2,1.86E-05,0.019221547,B2,41.25,A4,33.75,A5,16.25,5,100
14913,MID MURRAY COUNCIL,UMVSXC,A4,2.90E-05,0.031631795,A4,48.75,H2,25,G1,15,4,100
14918,MID MURRAY COUNCIL,CADShA,A4,0.000959916,0.30311659,A4,75,B2,25,None,0,2,100
14920,MID MURRAY COUNCIL,CADUMJ,A4,0.000904833,0.336897171,A4,55,H2,45,None,0,2,100
14921,MID MURRAY COUNCIL,TIGIAA,A6,8.25E-05,0.058054757,A6,35,A3,30,D4,20,4,100
14930,MID MURRAY COUNCIL,MMAQIA,B2,0.000220618,0.098399241,B2,55,A4,45,None,0,2,100
14932,MID MURRAY COUNCIL,MMAQIA,B2,0.00012283,0.077529962,B2,55,A4,45,None,0,2,100
14933,MID MURRAY COUNCIL,EBAIAA,A6,6.10E-05,0.036840957,A6,35,A5,30,D4,20,4,100
14940,RENMARK PARINGA COUNCIL,UMVXmB,E3,7.45E-05,0.041336768,E3,52.25,F2,42.75,H2,5,3,100
14943,MID MURRAY COUNCIL,MURSgA,A4,8.50E-05,0.066750276,A4,60,H2,25,C1,15,3,100
14956,RENMARK PARINGA COUNCIL,MUTHqA,D5,9.88E-05,0.048467528,D5,75,A4,25,None,0,2,100
14963,RENMARK PARINGA COUNCIL,UMVXmA,E3,0.000493332,0.138623286,E3,46.75,F2,38.25,WW,10,4,100
14964,RENMARK PARINGA COUNCIL,UMVUfJ,H2,0.000498463,0.155334328,H2,35,M2,22.75,E3,19.5,6,100
14966,MID MURRAY COUNCIL,MMAQIB,B2,0.000293814,0.212297718,B2,55,A4,45,None,0,2,100
14976,MID MURRAY COUNCIL,TIGIAA,A6,0.000115816,0.066095752,A6,35,A3,30,D4,20,4,100
14980,MID MURRAY COUNCIL,UMVXmB,E3,0.000222751,0.112384493,E3,52.25,F2,42.75,H2,5,3,100
14982,MID MURRAY COUNCIL,EBAQHA,B2,4.06E-06,0.007704537,B2,65,A4,20,A5,15,3,100
14988,MID MURRAY COUNCIL,MMAQIA,B2,8.89E-05,0.060016479,B2,55,A4,45,None,0,2,100
14989,MID MURRAY COUNCIL,UMVZA-,N2,6.65E-05,0.043687816,N2,100,None,0,None,0,1,100
14990,RENMARK PARINGA COUNCIL,MUTUIJ,H2,7.87E-05,0.055483103,H2,40,A4,35,D5,25,3,100
14991,MID MURRAY COUNCIL,MMAQIB,B2,1.97E-05,0.024538114,B2,55,A4,45,None,0,2,100
14992,THE DC OF LOXTON WAIKERIE,PGKQOB,B2,0.000117035,0.06112937,B2,75,H2,25,None,0,2,100
14993,MID MURRAY COUNCIL,UMVSXII,A4,4.00E-05,0.047994554,A4,65,G1,20,B8,15,3,100
15001,MID MURRAY COUNCIL,CADSgA,A4,0.000381227,0.104386381,A4,50,B2,25,H2,25,3,100
15005,MID MURRAY COUNCIL,TIGIAE,A6,0.000270076,0.128469256,A6,35,A3,30,D4,20,4,100
15007,MID MURRAY COUNCIL,CADQME,B2,2.91E-05,0.020665447,B2,80,A4,20,None,0,2,100
15008,RENMARK PARINGA COUNCIL,MUTHkA,D5,0.000133679,0.059240835,D5,100,None,0,None,0,1,100
15009,MID MURRAY COUNCIL,CADUMJ,A4,2.31E-05,0.022343058,A4,55,H2,45,None,0,2,100
15014,MID MURRAY COUNCIL,MURUME,H2,0.000322073,0.171449477,H2,85,A4,8.25,C1,6.75,3,100
15015,MID MURRAY COUNCIL,TIGQLA,B2,0.000112122,0.048388141,B2,41.25,A4,33.75,A5,16.25,5,100
15025,MID MURRAY COUNCIL,MRDQHA,B2,0.000600213,0.119901811,B2,100,None,0,None,0,1,100
15031,MID MURRAY COUNCIL,HOLQVA,A4,0.000766354,0.164719904,A4,42.75,B2,33.25,C1,19,4,100
15040,THE DC OF LOXTON WAIKERIE,UMVUfF,H2,0.000138977,0.057098331,H2,65,M2,12.25,E3,10.5,6,100
15042,MID MURRAY COUNCIL,CADUMJ,A4,2.37E-05,0.02147846,A4,55,H2,45,None,0,2,100
15044,MID MURRAY COUNCIL,MMAKOA,A6,8.01E-05,0.061644125,A6,80,A3,20,None,0,2,100
15049,MID MURRAY COUNCIL,UMVXCD,G3,0.000212565,0.132001284,G3,55,M1,45,None,0,2,100
15052,MID MURRAY COUNCIL,MMAQIB,B2,4.31E-05,0.029813064,B2,55,A4,45,None,0,2,100
15056,MID MURRAY COUNCIL,UMVXCD,G3,9.94E-05,0.046132386,G3,55,M1,45,None,0,2,100
15065,MID MURRAY COUNCIL,MMAQIB,B2,0.000107983,0.047656506,B2,55,A4,45,None,0,2,100
15068,MID MURRAY COUNCIL,UMVUMF,H2,1.73E-05,0.02011896,H2,65,A4,15.75,B2,12.25,4,100
15072,MID MURRAY COUNCIL,UMVXmB,E3,0.000163196,0.054186817,E3,52.25,F2,42.75,H2,5,3,100
15086,RENMARK PARINGA COUNCIL,UMVSXII,A4,0.000206057,0.089786792,A4,65,G1,20,B8,15,3,100
15087,MID MURRAY COUNCIL,MURUMJ,H2,0.001594165,0.52429211,H2,45,A4,30.25,C1,24.75,3,100
15089,MID MURRAY COUNCIL,MMASRA,A6,0.000241864,0.094164129,A6,44,A4,36,A5,11,4,100
15090,MID MURRAY COUNCIL,EBAIAA,A6,0.004647137,1.221962241,A6,35,A5,30,D4,20,4,100
15095,MID MURRAY COUNCIL,BLTU-D,H2,1.87E-05,0.020244169,H2,100,None,0,None,0,1,100
15097,RENMARK PARINGA COUNCIL,MUTSQB,A4,0.004683328,0.950669412,A4,85,H2,15,None,0,2,100
15100,THE DC OF LOXTON WAIKERIE,PGKQMA,B2,0.00266748,0.476493438,B2,100,None,0,None,0,1,100
15101,THE DC OF LOXTON WAIKERIE,UMVUfF,H2,1.57E-05,0.020961675,H2,65,M2,12.25,E3,10.5,6,100
15107,THE DC OF LOXTON WAIKERIE,PGKQNA,A4,6.27E-05,0.037048568,A4,80,C1,20,None,0,2,100
15112,MID MURRAY COUNCIL,TIGQLA,B2,1.52E-05,0.015810305,B2,41.25,A4,33.75,A5,16.25,5,100
15113,THE DC OF LOXTON WAIKERIE,UMVXTA,M2,4.56E-05,0.029453573,M2,19.25,E3,16.5,D2,15.75,8,100
15117,MID MURRAY COUNCIL,MMAQIA,B2,2.26E-05,0.02384191,B2,55,A4,45,None,0,2,100
15139,MID MURRAY COUNCIL,UMVUfK,H2,0.000244306,0.131471222,H2,55,M2,15.75,E3,13.5,6,100
15140,MID MURRAY COUNCIL,MMASRA,A6,0.00040911,0.183834206,A6,44,A4,36,A5,11,4,100
15143,MID MURRAY COUNCIL,TIGSRA,A4,0.002534748,0.58101611,A4,36,A3,24.75,A6,19.25,5,100
15148,MID MURRAY COUNCIL,UMVSXII,A4,2.85E-05,0.036147433,A4,65,G1,20,B8,15,3,100
15152,THE DC OF LOXTON WAIKERIE,UMVXmA,E3,0.00017935,0.066898093,E3,46.75,F2,38.25,WW,10,4,100
15153,THE DC OF LOXTON WAIKERIE,PGKSkA,C1,9.35E-05,0.049715553,C1,75,H2,25,None,0,2,100
15154,RENMARK PARINGA COUNCIL,MUTHkA,D5,2.61E-05,0.021504864,D5,100,None,0,None,0,1,100
15155,MID MURRAY COUNCIL,BLTQHA,B2,6.92E-05,0.040866486,B2,100,None,0,None,0,1,100
15156,MID MURRAY COUNCIL,LMVSXII,A4,2.38E-05,0.024790413,A4,45,G1,35,H2,20,3,100
15157,THE DC OF LOXTON WAIKERIE,PGKQNA,A4,6.70E-05,0.051774137,A4,80,C1,20,None,0,2,100
15158,MID MURRAY COUNCIL,MMAQIB,B2,7.05E-05,0.035567573,B2,55,A4,45,None,0,2,100
15159,THE DC OF LOXTON WAIKERIE,UMVUDs,H2,0.000118822,0.049243274,H2,45,A4,35.75,G1,11,4,100
15161,MID MURRAY COUNCIL,TIGIAE,A6,6.73E-05,0.049445722,A6,35,A3,30,D4,20,4,100
15162,THE DC OF LOXTON WAIKERIE,UMVXmA,E3,1.87E-05,0.023763176,E3,46.75,F2,38.25,WW,10,4,100
15164,MID MURRAY COUNCIL,MMAQIA,B2,7.91E-05,0.060103593,B2,55,A4,45,None,0,2,100
15166,MID MURRAY COUNCIL,MMAQIA,B2,3.29E-05,0.026995489,B2,55,A4,45,None,0,2,100
15167,MID MURRAY COUNCIL,MURUMF,H2,1.87E-05,0.017978831,H2,75,A4,13.75,C1,11.25,3,100
15173,THE DC OF LOXTON WAIKERIE,PGKQNA,A4,0.000135797,0.058511194,A4,80,C1,20,None,0,2,100
15175,MID MURRAY COUNCIL,EBAQLA,B2,1.32E-05,0.01524168,B2,41.25,A4,33.75,A6,13.75,4,100
15177,THE DC OF LOXTON WAIKERIE,UMVUDs,H2,0.000173122,0.067195203,H2,45,A4,35.75,G1,11,4,100
15183,THE DC OF LOXTON WAIKERIE,HOLSgA,A4,0.001271282,0.288348422,A4,41.25,C1,33.75,H2,25,3,100
15185,THE DC OF LOXTON WAIKERIE,PGKSkA,C1,0.000468373,0.159630722,C1,75,H2,25,None,0,2,100
15191,MID MURRAY COUNCIL,LMVXm-,E3,0.000274585,0.100951485,E3,39,H2,20,N3,20,5,100
15203,MID MURRAY COUNCIL,CADShA,A4,0.000235336,0.089842426,A4,75,B2,25,None,0,2,100
15205,MID MURRAY COUNCIL,MMAKOE,A6,0.000163234,0.124427901,A6,80,A3,20,None,0,2,100
15207,RENMARK PARINGA COUNCIL,MUTSQB,A4,0.000174105,0.10207973,A4,85,H2,15,None,0,2,100
15209,RENMARK PARINGA COUNCIL,UMVXmB,E3,0.000474895,0.229218202,E3,52.25,F2,42.75,H2,5,3,100
15214,RENMARK PARINGA COUNCIL,UMVXmB,E3,6.79E-05,0.038874312,E3,52.25,F2,42.75,H2,5,3,100
15215,MID MURRAY COUNCIL,EBAQLA,B2,0.000462684,0.246748528,B2,41.25,A4,33.75,A6,13.75,4,100
15218,MID MURRAY COUNCIL,MURSgA,A4,0.000485075,0.160522907,A4,60,H2,25,C1,15,3,100
15220,MID MURRAY COUNCIL,MURUMF,H2,9.95E-05,0.082493445,H2,75,A4,13.75,C1,11.25,3,100
15223,THE DC OF LOXTON WAIKERIE,UMVXmB,E3,0.000109478,0.062350844,E3,52.25,F2,42.75,H2,5,3,100
15225,MID MURRAY COUNCIL,MURUMJ,H2,0.000231486,0.140715723,H2,45,A4,30.25,C1,24.75,3,100
15232,RENMARK PARINGA COUNCIL,UMVXTA,M2,6.09E-05,0.047828815,M2,19.25,E3,16.5,D2,15.75,8,100
15238,RENMARK PARINGA COUNCIL,MUTUIJ,H2,0.000221317,0.097683037,H2,40,A4,35,D5,25,3,100
15242,THE DC OF LOXTON WAIKERIE,UMVUDp,H2,0.000254401,0.088870267,H2,65,A4,22.75,G1,7,4,100
15243,THE DC OF LOXTON WAIKERIE,HOLUMJ,H2,0.000223353,0.095513528,H2,45,A4,30.25,C1,24.75,3,100
15254,MID MURRAY COUNCIL,LMVSXI,A4,9.87E-05,0.080038225,A4,45,G1,35,H2,20,3,100
15261,MID MURRAY COUNCIL,CADQME,B2,1.84E-05,0.017657958,B2,80,A4,20,None,0,2,100
15263,RENMARK PARINGA COUNCIL,UMVXmA,E3,3.55E-05,0.033798767,E3,46.75,F2,38.25,WW,10,4,100
15265,MID MURRAY COUNCIL,UMVZA-,N2,2.21E-05,0.019986694,N2,100,None,0,None,0,1,100
15275,RENMARK PARINGA COUNCIL,UMVXmA,E3,0.000105676,0.053359274,E3,46.75,F2,38.25,WW,10,4,100
15277,MID MURRAY COUNCIL,EBAQHA,B2,2.41E-05,0.025234985,B2,65,A4,20,A5,15,3,100
15282,RENMARK PARINGA COUNCIL,MUTHkA,D5,0.000425806,0.142568359,D5,100,None,0,None,0,1,100
15284,THE DC OF LOXTON WAIKERIE,UMVSXC,A4,3.17E-05,0.034088337,A4,48.75,H2,25,G1,15,4,100
15285,MID MURRAY COUNCIL,TIGIAA,A6,0.000159511,0.063996311,A6,35,A3,30,D4,20,4,100
15294,THE DC OF LOXTON WAIKERIE,PGKUMJ,H2,6.02E-05,0.050824073,H2,45,A4,30.25,C1,24.75,3,100
15298,MID MURRAY COUNCIL,MMAQIA,B2,4.65E-05,0.038505723,B2,55,A4,45,None,0,2,100
15299,MID MURRAY COUNCIL,MURUMI,H2,0.000149567,0.067835226,H2,45,A4,30.25,C1,24.75,3,100
15300,MID MURRAY COUNCIL,LMVXm-,E3,0.000107578,0.045849507,E3,39,H2,20,N3,20,5,100
15304,MID MURRAY COUNCIL,MRDQHE,B2,5.20E-05,0.060057856,B2,100,None,0,None,0,1,100
15307,THE DC OF LOXTON WAIKERIE,PGKQNA,A4,0.000284146,0.125287261,A4,80,C1,20,None,0,2,100
15313,RENMARK PARINGA COUNCIL,MUTSQB,A4,8.96E-06,0.020787409,A4,85,H2,15,None,0,2,100
15323,MID MURRAY COUNCIL,EBAIAA,A6,8.32E-05,0.039055101,A6,35,A5,30,D4,20,4,100
15332,MID MURRAY COUNCIL,MMAQIA,B2,2.20E-05,0.021804795,B2,55,A4,45,None,0,2,100
15333,MID MURRAY COUNCIL,LMVXn-,WW,0.000456424,0.128198281,WW,50,N3,25,E3,16.25,5,100
15337,MID MURRAY COUNCIL,EBAIAA,A6,4.44E-05,0.033853496,A6,35,A5,30,D4,20,4,100
15340,MID MURRAY COUNCIL,UMVXCD,G3,5.93E-05,0.034816676,G3,55,M1,45,None,0,2,100
15346,RENMARK PARINGA COUNCIL,MUTSQB,A4,4.48E-05,0.035634818,A4,85,H2,15,None,0,2,100
15351,RENMARK PARINGA COUNCIL,UMVXmA,E3,1.26E-05,0.016917762,E3,46.75,F2,38.25,WW,10,4,100
15354,THE BERRI BARMERA COUNCIL,PGKUMJ,H2,0.016257656,3.537919922,H2,45,A4,30.25,C1,24.75,3,100
15355,MID MURRAY COUNCIL,UMVXmB,E3,0.000102212,0.063987438,E3,52.25,F2,42.75,H2,5,3,100
15359,MID MURRAY COUNCIL,MMAQIB,B2,2.90E-05,0.030843652,B2,55,A4,45,None,0,2,100
15366,MID MURRAY COUNCIL,MMAQIA,B2,0.000152791,0.065763543,B2,55,A4,45,None,0,2,100
15367,THE DC OF LOXTON WAIKERIE,UMVXn-,WW,0.00034899,0.119911396,WW,50,N3,25,E3,13.75,4,100
15368,THE DC OF LOXTON WAIKERIE,PGKQNA,A4,0.000233047,0.104794019,A4,80,C1,20,None,0,2,100
15369,THE DC OF LOXTON WAIKERIE,HOLSgA,A4,9.42E-05,0.050189481,A4,41.25,C1,33.75,H2,25,3,100
15373,MID MURRAY COUNCIL,EBAQMA,B2,4.64E-05,0.037756568,B2,80,A4,20,None,0,2,100
15375,MID MURRAY COUNCIL,TIGQLA,B2,7.12E-05,0.041751827,B2,41.25,A4,33.75,A5,16.25,5,100
15376,MID MURRAY COUNCIL,TIGQLA,B2,0.000551936,0.14966937,B2,41.25,A4,33.75,A5,16.25,5,100
15388,MID MURRAY COUNCIL,UMVXmA,E3,0.000417762,0.153505691,E3,46.75,F2,38.25,WW,10,4,100
15397,MID MURRAY COUNCIL,CADShA,A4,0.000289021,0.112955546,A4,75,B2,25,None,0,2,100
15399,MID MURRAY COUNCIL,TIGIAA,A6,7.13E-05,0.032064987,A6,35,A3,30,D4,20,4,100
15407,MID MURRAY COUNCIL,UMVU-u,H2,0.000138466,0.137468576,H2,55,G1,45,None,0,2,100
15408,MID MURRAY COUNCIL,UMVShB,A4,6.42E-05,0.034404262,A4,65,G1,20,B8,15,3,100
15409,RENMARK PARINGA COUNCIL,UMVXr-,WW,1.75E-05,0.032300488,WW,100,None,0,None,0,1,100
15412,MID MURRAY COUNCIL,UMVXmB,E3,4.73E-05,0.044012046,E3,52.25,F2,42.75,H2,5,3,100
15419,RENMARK PARINGA COUNCIL,MUTUIJ,H2,0.001720513,0.454060909,H2,40,A4,35,D5,25,3,100
15437,MID MURRAY COUNCIL,LMVXm-,E3,4.18E-05,0.037973421,E3,39,H2,20,N3,20,5,100
15439,THE DC OF LOXTON WAIKERIE,UMVXmB,E3,5.26E-05,0.034294038,E3,52.25,F2,42.75,H2,5,3,100
15441,RENMARK PARINGA COUNCIL,UMVXmB,E3,9.04E-05,0.053456293,E3,52.25,F2,42.75,H2,5,3,100
15442,MID MURRAY COUNCIL,TIGQLA,B2,1.09E-05,0.012458516,B2,41.25,A4,33.75,A5,16.25,5,100
15443,MID MURRAY COUNCIL,TIGSRA,A4,6.19E-05,0.047695622,A4,36,A3,24.75,A6,19.25,5,100
15444,THE DC OF LOXTON WAIKERIE,HOLUMF,H2,6.79E-05,0.042994461,H2,65,A4,19.25,C1,15.75,3,100
15445,MID MURRAY COUNCIL,EBAQLA,B2,5.49E-06,0.011711264,B2,41.25,A4,33.75,A6,13.75,4,100
15447,MID MURRAY COUNCIL,HOLQYA,A4,0.000612857,0.159790874,A4,33.75,B2,26.25,H2,25,4,100
15449,MID MURRAY COUNCIL,BLTQHA,B2,0.023226393,1.664785581,B2,100,None,0,None,0,1,100
15451,THE DC OF LOXTON WAIKERIE,PGKQVB,A4,0.000332222,0.115954264,A4,80,B2,20,None,0,2,100
15452,MID MURRAY COUNCIL,LMVSXI,A4,1.73E-05,0.021994904,A4,45,G1,35,H2,20,3,100
15463,MID MURRAY COUNCIL,MMAQIA,B2,3.79E-05,0.030168474,B2,55,A4,45,None,0,2,100
15467,MID MURRAY COUNCIL,MMASRA,A6,4.74E-05,0.03036091,A6,44,A4,36,A5,11,4,100
15473,MID MURRAY COUNCIL,UMVSXD,A4,7.52E-05,0.084048521,A4,48.75,H2,25,G1,15,4,100
15482,THE BERRI BARMERA COUNCIL,UMVXr-,WW,0.004610249,6.02570434,WW,100,None,0,None,0,1,100
15492,MID MURRAY COUNCIL,UMVUfK,H2,0.000170134,0.112696317,H2,55,M2,15.75,E3,13.5,6,100
15494,MID MURRAY COUNCIL,UMVXmA,E3,0.000265544,0.125726731,E3,46.75,F2,38.25,WW,10,4,100
15504,MID MURRAY COUNCIL,MMAQIA,B2,0.000116174,0.065679448,B2,55,A4,45,None,0,2,100
15508,MID MURRAY COUNCIL,TIGQLA,B2,7.31E-05,0.051981573,B2,41.25,A4,33.75,A5,16.25,5,100
15513,MID MURRAY COUNCIL,EBAIAA,A6,0.000323321,0.136886182,A6,35,A5,30,D4,20,4,100
15516,MID MURRAY COUNCIL,BLTQHB,B2,0.003742975,1.107395677,B2,100,None,0,None,0,1,100
15520,MID MURRAY COUNCIL,BLTQHE,B2,0.000564075,0.160302157,B2,80,A5,20,None,0,2,100
15521,THE DC OF LOXTON WAIKERIE,UMVXmA,E3,2.65E-05,0.029842641,E3,46.75,F2,38.25,WW,10,4,100
15525,MID MURRAY COUNCIL,TIGSRA,A4,6.83E-05,0.03600236,A4,36,A3,24.75,A6,19.25,5,100
15529,MID MURRAY COUNCIL,MURUMK,H2,0.000115895,0.066400082,H2,65,A4,19.25,C1,15.75,3,100
15530,MID MURRAY COUNCIL,MMAQIB,B2,0.000539634,0.261895988,B2,55,A4,45,None,0,2,100
15532,THE DC OF LOXTON WAIKERIE,UMVUfF,H2,5.33E-05,0.04280513,H2,65,M2,12.25,E3,10.5,6,100
15535,THE DC OF LOXTON WAIKERIE,HOLSgA,A4,0.000304739,0.089691823,A4,41.25,C1,33.75,H2,25,3,100
15552,MID MURRAY COUNCIL,TIGIAA,A6,6.43E-05,0.039478146,A6,35,A3,30,D4,20,4,100
15569,MID MURRAY COUNCIL,MMAQIB,B2,0.000203979,0.098211613,B2,55,A4,45,None,0,2,100
15573,THE DC OF LOXTON WAIKERIE,PGKUMJ,H2,0.000239082,0.112127639,H2,45,A4,30.25,C1,24.75,3,100
15579,MID MURRAY COUNCIL,MMAQIB,B2,2.07E-05,0.01684332,B2,55,A4,45,None,0,2,100
15582,MID MURRAY COUNCIL,MMASRA,A6,0.000379486,0.187847131,A6,44,A4,36,A5,11,4,100
15585,THE DC OF LOXTON WAIKERIE,PGKQNA,A4,0.000341955,0.188570199,A4,80,C1,20,None,0,2,100
15589,MID MURRAY COUNCIL,LMVXm-,E3,1.97E-05,0.022538293,E3,39,H2,20,N3,20,5,100
15591,MID MURRAY COUNCIL,MURUMF,H2,0.000487675,0.207744874,H2,75,A4,13.75,C1,11.25,3,100
15597,THE DC OF LOXTON WAIKERIE,PGKQVB,A4,0.000566302,0.167927161,A4,80,B2,20,None,0,2,100
15599,MID MURRAY COUNCIL,MURUMF,H2,0.000140066,0.069231249,H2,75,A4,13.75,C1,11.25,3,100
15603,MID MURRAY COUNCIL,UMVXw-,WW,0.000124564,0.073593205,WW,100,None,0,None,0,1,100
15618,MID MURRAY COUNCIL,TIGIAE,A6,0.000225565,0.102196804,A6,35,A3,30,D4,20,4,100
15621,RENMARK PARINGA COUNCIL,UMVXmA,E3,0.000342133,0.098268841,E3,46.75,F2,38.25,WW,10,4,100
15622,THE DC OF LOXTON WAIKERIE,PGKUMJ,H2,5.49E-05,0.040304919,H2,45,A4,30.25,C1,24.75,3,100
15628,THE DC OF LOXTON WAIKERIE,UMVSXC,A4,0.000133315,0.077502183,A4,48.75,H2,25,G1,15,4,100
15629,THE DC OF LOXTON WAIKERIE,PGKQNA,A4,8.62E-05,0.049732917,A4,80,C1,20,None,0,2,100
15630,MID MURRAY COUNCIL,TIGIAA,A6,0.000132838,0.061501323,A6,35,A3,30,D4,20,4,100
15631,MID MURRAY COUNCIL,LMVSXII,A4,1.93E-05,0.024451307,A4,45,G1,35,H2,20,3,100
15634,RENMARK PARINGA COUNCIL,UMVSXI,A4,0.000111026,0.046008822,A4,48.75,H2,25,G1,15,4,100
15635,MID MURRAY COUNCIL,TIGQLA,B2,2.12E-05,0.02184735,B2,41.25,A4,33.75,A5,16.25,5,100
15638,MID MURRAY COUNCIL,LMVSEC,A4,5.39E-05,0.038782453,A4,45,G1,35,H2,20,3,100
15639,THE DC OF LOXTON WAIKERIE,UMVXmB,E3,6.30E-05,0.035577877,E3,52.25,F2,42.75,H2,5,3,100
15641,MID MURRAY COUNCIL,MMAQIA,B2,3.46E-05,0.033188818,B2,55,A4,45,None,0,2,100
15644,MID MURRAY COUNCIL,UMVSXC,A4,3.87E-05,0.044751015,A4,48.75,H2,25,G1,15,4,100
15645,MID MURRAY COUNCIL,MURUMH,H2,0.000153667,0.110980797,H2,45,A4,30.25,C1,24.75,3,100
15646,RENMARK PARINGA COUNCIL,MUTHqA,D5,4.92E-05,0.036267735,D5,75,A4,25,None,0,2,100
15649,THE DC OF LOXTON WAIKERIE,PGKUMJ,H2,1.72E-05,0.019836846,H2,45,A4,30.25,C1,24.75,3,100
15653,RENMARK PARINGA COUNCIL,UMVSXD,A4,8.60E-05,0.056491312,A4,48.75,H2,25,G1,15,4,100
15671,MID MURRAY COUNCIL,MMAQIA,B2,6.34E-05,0.060521607,B2,55,A4,45,None,0,2,100
15681,MID MURRAY COUNCIL,UMVXmA,E3,0.000202148,0.131654487,E3,46.75,F2,38.25,WW,10,4,100
15692,MID MURRAY COUNCIL,TIGIAA,A6,5.28E-05,0.041915882,A6,35,A3,30,D4,20,4,100
15693,MID MURRAY COUNCIL,UMVXCD,G3,7.02E-05,0.045399815,G3,55,M1,45,None,0,2,100
15698,RENMARK PARINGA COUNCIL,MUTSQB,A4,0.000101881,0.04168822,A4,85,H2,15,None,0,2,100
15701,MID MURRAY COUNCIL,UMVSXC,A4,6.42E-05,0.054014657,A4,48.75,H2,25,G1,15,4,100
15707,MID MURRAY COUNCIL,CADShA,A4,0.00020865,0.058935526,A4,75,B2,25,None,0,2,100
15713,MID MURRAY COUNCIL,LMVSXII,A4,3.14E-05,0.033748234,A4,45,G1,35,H2,20,3,100
15716,MID MURRAY COUNCIL,MMAQIA,B2,7.67E-05,0.048787928,B2,55,A4,45,None,0,2,100
15718,MID MURRAY COUNCIL,EBAIAA,A6,6.56E-05,0.054866862,A6,35,A5,30,D4,20,4,100
15722,MID MURRAY COUNCIL,BLTQHA,B2,0.000664542,0.149323703,B2,100,None,0,None,0,1,100
15723,THE DC OF LOXTON WAIKERIE,MSHUII,H2,0.000149284,0.078638655,H2,55,C1,24.75,A4,20.25,3,100
15729,THE DC OF LOXTON WAIKERIE,MSHUII,H2,0.000153577,0.09779573,H2,55,C1,24.75,A4,20.25,3,100
15733,MID MURRAY COUNCIL,TIGIAA,A6,0.000294332,0.144793186,A6,35,A3,30,D4,20,4,100
15737,THE DC OF LOXTON WAIKERIE,PGKSkA,C1,0.00036785,0.120172428,C1,75,H2,25,None,0,2,100
15741,MID MURRAY COUNCIL,MURSgA,A4,0.000110314,0.047622528,A4,60,H2,25,C1,15,3,100
15743,THE DC OF LOXTON WAIKERIE,PGKSkA,C1,0.000472729,0.180247285,C1,75,H2,25,None,0,2,100
15745,THE DC OF LOXTON WAIKERIE,UMVSXC,A4,7.11E-05,0.043069573,A4,48.75,H2,25,G1,15,4,100
15746,RENMARK PARINGA COUNCIL,UMVZC-,N2,8.24E-05,0.040673617,N2,100,None,0,None,0,1,100
15754,MID MURRAY COUNCIL,TIGIAA,A6,0.000341658,0.149073069,A6,35,A3,30,D4,20,4,100
15760,MID MURRAY COUNCIL,MMAJPE,D4,5.84E-05,0.051125745,D4,35,A6,30,C3,20,4,100
15762,MID MURRAY COUNCIL,LMVXn-,WW,0.000155277,0.08138108,WW,50,N3,25,E3,16.25,5,100
15766,MID MURRAY COUNCIL,TIGIAA,A6,4.49E-05,0.035138579,A6,35,A3,30,D4,20,4,100
15773,MID MURRAY COUNCIL,UMVSXD,A4,5.19E-05,0.061239893,A4,48.75,H2,25,G1,15,4,100
15779,MID MURRAY COUNCIL,EBAIAA,A6,0.000139886,0.060662843,A6,35,A5,30,D4,20,4,100
15785,MID MURRAY COUNCIL,LMVXm-,E3,7.94E-05,0.036379888,E3,39,H2,20,N3,20,5,100
15788,MID MURRAY COUNCIL,MMAQIA,B2,1.37E-05,0.018465828,B2,55,A4,45,None,0,2,100
15789,MID MURRAY COUNCIL,EBAQMA,B2,0.00690722,0.972238573,B2,80,A4,20,None,0,2,100
15790,MID MURRAY COUNCIL,CADQMA,B2,0.000462056,0.123930402,B2,80,A4,20,None,0,2,100
15791,MID MURRAY COUNCIL,UMVZA-,N2,2.80E-05,0.031014158,N2,100,None,0,None,0,1,100
15792,THE DC OF LOXTON WAIKERIE,PGKQNA,A4,0.003502257,0.471904527,A4,80,C1,20,None,0,2,100
15793,RENMARK PARINGA COUNCIL,UMVSXII,A4,0.000540601,0.179381977,A4,65,G1,20,B8,15,3,100
15801,THE DC OF LOXTON WAIKERIE,PGKUMG,H2,0.001037397,0.185780981,H2,55,A4,24.75,C1,20.25,3,100
15803,MID MURRAY COUNCIL,UMVXmA,E3,7.09E-05,0.034373662,E3,46.75,F2,38.25,WW,10,4,100
15810,MID MURRAY COUNCIL,CADShA,A4,8.83E-05,0.046973493,A4,75,B2,25,None,0,2,100
15812,MID MURRAY COUNCIL,MMASRA,A6,0.00014235,0.061304177,A6,44,A4,36,A5,11,4,100
15816,THE DC OF LOXTON WAIKERIE,UMVSXII,A4,5.95E-06,0.011984795,A4,65,G1,20,B8,15,3,100
15818,MID MURRAY COUNCIL,TIGQLA,B2,4.01E-05,0.041870504,B2,41.25,A4,33.75,A5,16.25,5,100
15819,MID MURRAY COUNCIL,TIGQLA,B2,1.88E-05,0.016768521,B2,41.25,A4,33.75,A5,16.25,5,100
15823,THE DC OF LOXTON WAIKERIE,UMVSXII,A4,1.41E-05,0.020785411,A4,65,G1,20,B8,15,3,100
15824,RENMARK PARINGA COUNCIL,UMVXSA,M2,7.52E-05,0.041134997,M2,35,E3,30,M4,15,5,100
15825,THE DC OF LOXTON WAIKERIE,UMVSXII,A4,6.14E-05,0.049315322,A4,65,G1,20,B8,15,3,100
15835,MID MURRAY COUNCIL,LMVSXC,G1,5.95E-05,0.042129684,G1,37.5,A4,33.75,H2,28.75,3,100
15843,MID MURRAY COUNCIL,EBAQHA,B2,1.86E-05,0.019695864,B2,65,A4,20,A5,15,3,100
15844,MID MURRAY COUNCIL,UMVXmA,E3,0.000205288,0.114769876,E3,46.75,F2,38.25,WW,10,4,100
15851,COORONG DISTRICT COUNCIL,LMVXr-,WW,0.004604306,5.020354922,WW,100,None,0,None,0,1,100
15853,MID MURRAY COUNCIL,UMVSXII,A4,4.23E-05,0.064124769,A4,65,G1,20,B8,15,3,100
15854,MID MURRAY COUNCIL,UMVSXC,A4,8.05E-05,0.068178828,A4,48.75,H2,25,G1,15,4,100
15855,MID MURRAY COUNCIL,MMAJPA,D4,0.000136428,0.055322981,D4,35,A6,30,C3,20,4,100
15858,MID MURRAY COUNCIL,MMAQIB,B2,1.40E-05,0.015737598,B2,55,A4,45,None,0,2,100
15860,MID MURRAY COUNCIL,MMAQIA,B2,7.60E-05,0.065044687,B2,55,A4,45,None,0,2,100
15861,MID MURRAY COUNCIL,UMVXmA,E3,0.000195759,0.096643171,E3,46.75,F2,38.25,WW,10,4,100
15870,RENMARK PARINGA COUNCIL,MUTHkA,D5,0.000150629,0.077727788,D5,100,None,0,None,0,1,100
15871,MID MURRAY COUNCIL,EBAQHA,B2,2.72E-05,0.021864591,B2,65,A4,20,A5,15,3,100
15876,RENMARK PARINGA COUNCIL,MUTHqA,D5,0.000624254,0.28890894,D5,75,A4,25,None,0,2,100
15879,THE DC OF LOXTON WAIKERIE,PGKUMJ,H2,0.000284114,0.115484928,H2,45,A4,30.25,C1,24.75,3,100
15881,MID MURRAY COUNCIL,TIGIAA,A6,0.000157071,0.07414008,A6,35,A3,30,D4,20,4,100
15882,RENMARK PARINGA COUNCIL,UMVXmA,E3,0.00013726,0.089200707,E3,46.75,F2,38.25,WW,10,4,100
15894,RENMARK PARINGA COUNCIL,MUTSQB,A4,9.40E-05,0.060509484,A4,85,H2,15,None,0,2,100
15897,RENMARK PARINGA COUNCIL,HOLQVA,A4,2.01E-05,0.02581332,A4,42.75,B2,33.25,C1,19,4,100
15899,RENMARK PARINGA COUNCIL,LOXSkB,A4,0.00050013,0.176727078,A4,75,G1,13.75,H2,11.25,3,100
15901,THE DC OF LOXTON WAIKERIE,UMVXmB,E3,0.000192717,0.162757466,E3,52.25,F2,42.75,H2,5,3,100
15907,THE DC OF LOXTON WAIKERIE,MURUME,H2,0.000321372,0.121416517,H2,85,A4,8.25,C1,6.75,3,100
15909,THE DC OF LOXTON WAIKERIE,HOLUMJ,H2,0.00264289,0.610022561,H2,45,A4,30.25,C1,24.75,3,100
15911,MID MURRAY COUNCIL,HOLQMA,B2,0.000248848,0.106234627,B2,100,None,0,None,0,1,100
15921,RENMARK PARINGA COUNCIL,LOXSkB,A4,0.001252978,0.394066475,A4,75,G1,13.75,H2,11.25,3,100
15925,THE DC OF LOXTON WAIKERIE,HOLSgA,A4,0.000185343,0.094682343,A4,41.25,C1,33.75,H2,25,3,100
15931,THE DC OF LOXTON WAIKERIE,PGKQNA,A4,0.001040792,0.314472875,A4,80,C1,20,None,0,2,100
15933,THE DC OF LOXTON WAIKERIE,PGKUMJ,H2,0.000656587,0.139910209,H2,45,A4,30.25,C1,24.75,3,100
15934,RENMARK PARINGA COUNCIL,UMVXTA,M2,0.000559541,0.215736219,M2,19.25,E3,16.5,D2,15.75,8,100
15938,RENMARK PARINGA COUNCIL,LOXSDA,C1,0.000184907,0.075461042,C1,35,A4,30,B2,15,5,100
15941,RENMARK PARINGA COUNCIL,UMVU-u,H2,0.00057268,0.228588597,H2,55,G1,45,None,0,2,100
15942,RENMARK PARINGA COUNCIL,UMVXTA,M2,0.000100887,0.060597851,M2,19.25,E3,16.5,D2,15.75,8,100
15944,THE DC OF LOXTON WAIKERIE,UMVXmB,E3,0.000160507,0.119224591,E3,52.25,F2,42.75,H2,5,3,100
15945,THE DC OF LOXTON WAIKERIE,HOLUMF,H2,0.000940506,0.394153898,H2,65,A4,19.25,C1,15.75,3,100
15947,THE DC OF LOXTON WAIKERIE,MURUMK,H2,7.90E-05,0.047388956,H2,65,A4,19.25,C1,15.75,3,100
15950,RENMARK PARINGA COUNCIL,MSHSaA,C1,4.13E-05,0.029984594,C1,55,A4,45,None,0,2,100
15952,THE DC OF LOXTON WAIKERIE,UMVA-l,RR,6.83E-05,0.08760538,RR,100,None,0,None,0,1,100
15956,THE DC OF LOXTON WAIKERIE,UMVXn-,WW,0.000162771,0.102025747,WW,50,N3,25,E3,13.75,4,100
15962,THE DC OF LOXTON WAIKERIE,UMVUDu,H2,8.91E-05,0.03794984,H2,55,G1,45,None,0,2,100
15963,RENMARK PARINGA COUNCIL,UMVSXII,A4,9.44E-05,0.082085948,A4,65,G1,20,B8,15,3,100
15966,RENMARK PARINGA COUNCIL,MUTUIJ,H2,0.000212497,0.066338028,H2,40,A4,35,D5,25,3,100
15974,MID MURRAY COUNCIL,EBAQLA,B2,2.64E-05,0.022874257,B2,41.25,A4,33.75,A6,13.75,4,100
15975,MID MURRAY COUNCIL,MURUMK,H2,0.000148923,0.10300959,H2,65,A4,19.25,C1,15.75,3,100
15977,THE BERRI BARMERA COUNCIL,PGKUMJ,H2,0.000313374,0.204216063,H2,45,A4,30.25,C1,24.75,3,100
15978,RENMARK PARINGA COUNCIL,UMVXSA,M2,0.001330068,0.405345778,M2,35,E3,30,M4,15,5,100
15979,THE DC OF LOXTON WAIKERIE,UMVXn-,WW,0.000163983,0.110156406,WW,50,N3,25,E3,13.75,4,100
15980,MID MURRAY COUNCIL,MURUMI,H2,0.000221783,0.101869299,H2,45,A4,30.25,C1,24.75,3,100
15982,THE DC OF LOXTON WAIKERIE,UMVUfK,H2,5.36E-05,0.050579845,H2,55,M2,15.75,E3,13.5,6,100
15985,THE DC OF LOXTON WAIKERIE,LMVSXC,G1,6.94E-05,0.046875845,G1,37.5,A4,33.75,H2,28.75,3,100
15996,THE DC OF LOXTON WAIKERIE,HOLUMJ,H2,9.43E-05,0.074347387,H2,45,A4,30.25,C1,24.75,3,100
16003,MID MURRAY COUNCIL,EBAQHA,B2,0.000136461,0.049845218,B2,65,A4,20,A5,15,3,100
16010,THE DC OF LOXTON WAIKERIE,UMVXma,E3,0.000163793,0.058610248,E3,35.75,F2,29.25,H2,20,4,100
16018,THE DC OF LOXTON WAIKERIE,HOLSaA,A4,0.000103901,0.070607487,A4,55,C1,45,None,0,2,100
16021,THE DC OF LOXTON WAIKERIE,UMVXmA,E3,6.74E-05,0.04942739,E3,46.75,F2,38.25,WW,10,4,100
16028,THE DC OF LOXTON WAIKERIE,UMVXmA,E3,7.20E-05,0.054968079,E3,46.75,F2,38.25,WW,10,4,100
16032,THE DC OF LOXTON WAIKERIE,UMVXmB,E3,6.92E-05,0.059352218,E3,52.25,F2,42.75,H2,5,3,100
16034,THE DC OF LOXTON WAIKERIE,UMVXmo,E3,0.000153137,0.086194051,E3,41.25,F2,33.75,H2,25,3,100
16036,RENMARK PARINGA COUNCIL,MUTSQB,A4,0.000559691,0.13785955,A4,85,H2,15,None,0,2,100
16041,THE DC OF LOXTON WAIKERIE,PGKQNA,A4,0.000155578,0.078010004,A4,80,C1,20,None,0,2,100
16044,MID MURRAY COUNCIL,MMAQIB,B2,0.00115829,0.439132495,B2,55,A4,45,None,0,2,100
16052,THE DC OF LOXTON WAIKERIE,UMVSXD,A4,5.75E-05,0.070073055,A4,48.75,H2,25,G1,15,4,100
16053,MID MURRAY COUNCIL,MMAZLS,A4,1.62E-05,0.018236848,A4,100,None,0,None,0,1,100
16064,RENMARK PARINGA COUNCIL,HOLQVA,A4,4.63E-05,0.027252213,A4,42.75,B2,33.25,C1,19,4,100
16065,THE DC OF LOXTON WAIKERIE,UMVSXC,A4,4.92E-05,0.050952295,A4,48.75,H2,25,G1,15,4,100
16068,THE DC OF LOXTON WAIKERIE,MURSgA,A4,0.000109326,0.055345616,A4,60,H2,25,C1,15,3,100
16069,RENMARK PARINGA COUNCIL,UMVUfJ,H2,6.02E-05,0.036910123,H2,35,M2,22.75,E3,19.5,6,100
16074,THE DC OF LOXTON WAIKERIE,MURSgA,A4,5.91E-05,0.041610038,A4,60,H2,25,C1,15,3,100
16075,THE DC OF LOXTON WAIKERIE,MURUME,H2,0.000153215,0.081173312,H2,85,A4,8.25,C1,6.75,3,100
16088,THE DC OF LOXTON WAIKERIE,UMVXn-,WW,0.000233913,0.085255149,WW,50,N3,25,E3,13.75,4,100
16095,THE DC OF LOXTON WAIKERIE,BLTQHE,B2,0.00017262,0.068629671,B2,80,A5,20,None,0,2,100
16098,RENMARK PARINGA COUNCIL,LOXSDA,C1,5.13E-05,0.031294754,C1,35,A4,30,B2,15,5,100
16101,THE DC OF LOXTON WAIKERIE,UMVXmo,E3,0.000183789,0.078252945,E3,41.25,F2,33.75,H2,25,3,100
16102,RENMARK PARINGA COUNCIL,UMVXmB,E3,6.70E-05,0.038503507,E3,52.25,F2,42.75,H2,5,3,100
16103,THE DC OF LOXTON WAIKERIE,UMVSXII,A4,0.00011124,0.071206752,A4,65,G1,20,B8,15,3,100
16115,THE DC OF LOXTON WAIKERIE,HOLSaA,A4,0.001422632,0.318559721,A4,55,C1,45,None,0,2,100
16120,THE DC OF LOXTON WAIKERIE,PGKQNA,A4,0.000675729,0.260346875,A4,80,C1,20,None,0,2,100
16127,THE DC OF LOXTON WAIKERIE,HOLSgB,A4,0.000443766,0.177979334,A4,41.25,C1,33.75,H2,25,3,100
16130,RENMARK PARINGA COUNCIL,UMVXmA,E3,4.94E-05,0.026148425,E3,46.75,F2,38.25,WW,10,4,100
16146,THE DC OF LOXTON WAIKERIE,UMVXCD,G3,1.94E-05,0.023160795,G3,55,M1,45,None,0,2,100
16150,MID MURRAY COUNCIL,MMAQIA,B2,3.96E-05,0.026191578,B2,55,A4,45,None,0,2,100
16156,THE DC OF LOXTON WAIKERIE,LMVXm-,E3,2.37E-05,0.029261428,E3,39,H2,20,N3,20,5,100
16158,THE DC OF LOXTON WAIKERIE,UMVUfI,H2,0.000335914,0.10106051,H2,35,M2,22.75,E3,19.5,6,100
16160,THE DC OF LOXTON WAIKERIE,HOLUMJ,H2,0.000105876,0.064863136,H2,45,A4,30.25,C1,24.75,3,100
16164,THE DC OF LOXTON WAIKERIE,HOLQMA,B2,0.000710325,0.280965054,B2,100,None,0,None,0,1,100
16166,THE BERRI BARMERA COUNCIL,OLCQMA,B2,0.000143324,0.08319471,B2,100,None,0,None,0,1,100
16171,THE DC OF LOXTON WAIKERIE,UMVXn-,WW,0.000235111,0.088467443,WW,50,N3,25,E3,13.75,4,100
16177,RENMARK PARINGA COUNCIL,LOXSkB,A4,0.001796596,0.444399637,A4,75,G1,13.75,H2,11.25,3,100
16178,THE DC OF LOXTON WAIKERIE,MURUMH,H2,0.000629907,0.159348243,H2,45,A4,30.25,C1,24.75,3,100
16182,THE DC OF LOXTON WAIKERIE,UMVSXH,A4,0.000184934,0.074000824,A4,48.75,H2,25,G1,15,4,100
16183,THE DC OF LOXTON WAIKERIE,HOLUMJ,H2,0.000217566,0.070720198,H2,45,A4,30.25,C1,24.75,3,100
16188,THE DC OF LOXTON WAIKERIE,HOLSaA,A4,8.07E-05,0.047580497,A4,55,C1,45,None,0,2,100
16191,MID MURRAY COUNCIL,MMASRA,A6,7.76E-05,0.03985972,A6,44,A4,36,A5,11,4,100
16197,MID MURRAY COUNCIL,EBAQLA,B2,0.000125219,0.065556856,B2,41.25,A4,33.75,A6,13.75,4,100
16206,THE DC OF LOXTON WAIKERIE,UMVXmA,E3,3.66E-05,0.037979288,E3,46.75,F2,38.25,WW,10,4,100
16209,MID MURRAY COUNCIL,LMVSXII,A4,3.33E-05,0.038031011,A4,45,G1,35,H2,20,3,100
16213,RENMARK PARINGA COUNCIL,MUTUIJ,H2,2.44E-05,0.027705109,H2,40,A4,35,D5,25,3,100
16216,MID MURRAY COUNCIL,LMVXn-,WW,0.00038556,0.09980167,WW,50,N3,25,E3,16.25,5,100
16221,THE BERRI BARMERA COUNCIL,PGKQNA,A4,8.75E-05,0.063541742,A4,80,C1,20,None,0,2,100
16226,THE BERRI BARMERA COUNCIL,PGKSkA,C1,0.000123077,0.063681541,C1,75,H2,25,None,0,2,100
16231,THE DC OF LOXTON WAIKERIE,UMVSXII,A4,0.000350719,0.221629076,A4,65,G1,20,B8,15,3,100
16232,THE DC OF LOXTON WAIKERIE,BLTQHA,B2,0.0011201,0.246442021,B2,100,None,0,None,0,1,100
16234,THE DC OF LOXTON WAIKERIE,UMVXCA,M1,2.88E-05,0.024791751,M1,55,G3,45,None,0,2,100
16235,THE BERRI BARMERA COUNCIL,PGKQMA,B2,0.00039813,0.099688292,B2,100,None,0,None,0,1,100
16241,THE BERRI BARMERA COUNCIL,UMVSXII,A4,0.000329964,0.178385721,A4,65,G1,20,B8,15,3,100
16242,RENMARK PARINGA COUNCIL,UMVSXII,A4,2.32E-05,0.024887175,A4,65,G1,20,B8,15,3,100
16244,THE DC OF LOXTON WAIKERIE,MURUMJ,H2,0.000723718,0.289825572,H2,45,A4,30.25,C1,24.75,3,100
16248,THE DC OF LOXTON WAIKERIE,HOLSgA,A4,0.000318891,0.15818022,A4,41.25,C1,33.75,H2,25,3,100
16250,THE BERRI BARMERA COUNCIL,OLCUJe,H2,0.000435274,0.089275134,H2,45,A4,44,B2,11,3,100
16251,RENMARK PARINGA COUNCIL,HOLQVA,A4,7.08E-05,0.042722711,A4,42.75,B2,33.25,C1,19,4,100
16254,THE BERRI BARMERA COUNCIL,OLCUJf,H2,0.000262287,0.127183185,H2,45,A4,44,B2,11,3,100
16255,MID MURRAY COUNCIL,MMAQIA,B2,0.000171758,0.096283519,B2,55,A4,45,None,0,2,100
16262,THE DC OF LOXTON WAIKERIE,HOLQYA,A4,0.002585997,0.608597562,A4,33.75,B2,26.25,H2,25,4,100
16265,THE DC OF LOXTON WAIKERIE,MURUMJ,H2,0.000960398,0.337290671,H2,45,A4,30.25,C1,24.75,3,100
16267,THE DC OF LOXTON WAIKERIE,PGKSkA,C1,0.000117587,0.072990799,C1,75,H2,25,None,0,2,100
16277,MID MURRAY COUNCIL,MMASRA,A6,0.000384391,0.155477171,A6,44,A4,36,A5,11,4,100
16282,THE DC OF LOXTON WAIKERIE,UMVSXII,A4,0.000290491,0.136647272,A4,65,G1,20,B8,15,3,100
16285,THE DC OF LOXTON WAIKERIE,UMVXmB,E3,0.000126334,0.066165285,E3,52.25,F2,42.75,H2,5,3,100
16294,THE DC OF LOXTON WAIKERIE,MURUMF,H2,5.27E-05,0.044951618,H2,75,A4,13.75,C1,11.25,3,100
16296,THE DC OF LOXTON WAIKERIE,UMVXmB,E3,0.000127658,0.05851885,E3,52.25,F2,42.75,H2,5,3,100
16298,THE DC OF LOXTON WAIKERIE,MURSgA,A4,1.00E-04,0.064959256,A4,60,H2,25,C1,15,3,100
16303,THE DC OF LOXTON WAIKERIE,LMVSXC,G1,0.000126825,0.070658291,G1,37.5,A4,33.75,H2,28.75,3,100
16308,RENMARK PARINGA COUNCIL,UMVUfK,H2,4.34E-05,0.039973632,H2,55,M2,15.75,E3,13.5,6,100
16314,THE BERRI BARMERA COUNCIL,LOXUCJ,H2,0.00446614,0.817208159,H2,24.75,G1,20.25,A4,19.25,7,100
16316,THE DC OF LOXTON WAIKERIE,MURUMF,H2,2.54E-05,0.019203566,H2,75,A4,13.75,C1,11.25,3,100
16322,MID MURRAY COUNCIL,BLTUUK,H2,0.000152157,0.05916613,H2,55,B2,45,None,0,2,100
16324,MID MURRAY COUNCIL,HOLUMJ,H2,0.000159964,0.082261941,H2,45,A4,30.25,C1,24.75,3,100
16339,MID MURRAY COUNCIL,EBAQHA,B2,0.000690815,0.126953833,B2,65,A4,20,A5,15,3,100
16341,MID MURRAY COUNCIL,MRDQHE,B2,0.000103103,0.086644809,B2,100,None,0,None,0,1,100
16343,THE DC OF LOXTON WAIKERIE,HOLUMJ,H2,0.003359898,1.108952063,H2,45,A4,30.25,C1,24.75,3,100
16344,THE DC OF LOXTON WAIKERIE,UMVXmo,E3,0.000136077,0.059998435,E3,41.25,F2,33.75,H2,25,3,100
16356,THE DC OF LOXTON WAIKERIE,PGKUJJ,H2,4.77E-05,0.045005085,H2,55,A4,24.75,B2,20.25,3,100
16358,THE DC OF LOXTON WAIKERIE,UMVUDu,H2,0.000166275,0.085292995,H2,55,G1,45,None,0,2,100
16359,THE DC OF LOXTON WAIKERIE,PGKUJJ,H2,3.43E-05,0.028779235,H2,55,A4,24.75,B2,20.25,3,100
16365,RENMARK PARINGA COUNCIL,LOXSDA,C1,0.00011973,0.066246616,C1,35,A4,30,B2,15,5,100
16367,MID MURRAY COUNCIL,LMVSXI,A4,9.26E-05,0.073830252,A4,45,G1,35,H2,20,3,100
16368,THE DC OF LOXTON WAIKERIE,HOLQOA,B2,9.43E-05,0.041345456,B2,85,H2,15,None,0,2,100
16371,THE DC OF LOXTON WAIKERIE,UMVXSA,M2,8.44E-06,0.015233421,M2,35,E3,30,M4,15,5,100
16373,THE DC OF LOXTON WAIKERIE,UMVXCA,M1,3.12E-05,0.037878256,M1,55,G3,45,None,0,2,100
16375,THE DC OF LOXTON WAIKERIE,HOLU-D,H2,2.49E-05,0.035289909,H2,100,None,0,None,0,1,100
16381,THE DC OF LOXTON WAIKERIE,UMVSXII,A4,0.000339687,0.132136334,A4,65,G1,20,B8,15,3,100
16383,THE DC OF LOXTON WAIKERIE,UMVSXII,A4,0.00055437,0.16688056,A4,65,G1,20,B8,15,3,100
16384,RENMARK PARINGA COUNCIL,HOLUMJ,H2,0.000492095,0.209047294,H2,45,A4,30.25,C1,24.75,3,100
16388,MID MURRAY COUNCIL,EBAQHA,B2,1.17E-05,0.016238733,B2,65,A4,20,A5,15,3,100
16408,RENMARK PARINGA COUNCIL,MSHUII,H2,0.004877201,0.796416918,H2,55,C1,24.75,A4,20.25,3,100
16410,THE DC OF LOXTON WAIKERIE,UMVSXI,A4,4.14E-05,0.047878129,A4,48.75,H2,25,G1,15,4,100
16413,THE DC OF LOXTON WAIKERIE,PGKUJJ,H2,0.000170578,0.103027641,H2,55,A4,24.75,B2,20.25,3,100
16414,RENMARK PARINGA COUNCIL,UMVSXD,A4,3.29E-05,0.022156874,A4,48.75,H2,25,G1,15,4,100
16424,THE DC OF LOXTON WAIKERIE,UMVXn-,WW,0.000169292,0.066391591,WW,50,N3,25,E3,13.75,4,100
16429,THE DC OF LOXTON WAIKERIE,MURUMF,H2,0.000145331,0.086885804,H2,75,A4,13.75,C1,11.25,3,100
16431,MID MURRAY COUNCIL,LMVXn-,WW,0.000255726,0.079344738,WW,50,N3,25,E3,16.25,5,100
16432,THE DC OF LOXTON WAIKERIE,UMVUfF,H2,8.31E-06,0.013297217,H2,65,M2,12.25,E3,10.5,6,100
16433,THE DC OF LOXTON WAIKERIE,UMVXmB,E3,0.000127438,0.085965857,E3,52.25,F2,42.75,H2,5,3,100
16434,THE DC OF LOXTON WAIKERIE,UMVXSA,M2,2.62E-05,0.03402833,M2,35,E3,30,M4,15,5,100
16436,RENMARK PARINGA COUNCIL,MSHSaA,C1,5.61E-05,0.036991802,C1,55,A4,45,None,0,2,100
16442,THE DC OF LOXTON WAIKERIE,UMVUfK,H2,6.14E-05,0.031743931,H2,55,M2,15.75,E3,13.5,6,100
16447,THE DC OF LOXTON WAIKERIE,UMVXma,E3,8.17E-05,0.060943241,E3,35.75,F2,29.25,H2,20,4,100
16448,THE BERRI BARMERA COUNCIL,MSHUAJ,H2,0.000689496,0.193829888,H2,45,C1,30.25,A4,24.75,3,100
16454,THE DC OF LOXTON WAIKERIE,HOLSgB,A4,0.000257642,0.127247434,A4,41.25,C1,33.75,H2,25,3,100
16456,THE BERRI BARMERA COUNCIL,OLCQMA,B2,0.000167016,0.073523161,B2,100,None,0,None,0,1,100
16465,RENMARK PARINGA COUNCIL,UMVXmA,E3,0.000289648,0.090204159,E3,46.75,F2,38.25,WW,10,4,100
16466,RENMARK PARINGA COUNCIL,MUTHqA,D5,0.000116609,0.052705618,D5,75,A4,25,None,0,2,100
16468,THE DC OF LOXTON WAIKERIE,HOLUMJ,H2,9.38E-05,0.05904757,H2,45,A4,30.25,C1,24.75,3,100
16475,RENMARK PARINGA COUNCIL,UMVUfJ,H2,0.000101834,0.052666432,H2,35,M2,22.75,E3,19.5,6,100
16482,THE DC OF LOXTON WAIKERIE,PGKUJJ,H2,7.84E-05,0.054006646,H2,55,A4,24.75,B2,20.25,3,100
16487,THE DC OF LOXTON WAIKERIE,LMVXn-,WW,0.000276842,0.084942168,WW,50,N3,25,E3,16.25,5,100
16499,THE BERRI BARMERA COUNCIL,MSHUII,H2,0.002963894,0.865388001,H2,55,C1,24.75,A4,20.25,3,100
16507,THE DC OF LOXTON WAIKERIE,HOLQYA,A4,0.000915193,0.323371554,A4,33.75,B2,26.25,H2,25,4,100
16514,MID MURRAY COUNCIL,MMAQIA,B2,7.65E-05,0.035215409,B2,55,A4,45,None,0,2,100
16522,MID MURRAY COUNCIL,MMAQIB,B2,8.07E-05,0.044320203,B2,55,A4,45,None,0,2,100
16523,MID MURRAY COUNCIL,LMVSEC,A4,0.000102078,0.076839266,A4,45,G1,35,H2,20,3,100
16526,THE DC OF LOXTON WAIKERIE,UMVSXII,A4,3.32E-05,0.038386449,A4,65,G1,20,B8,15,3,100
16528,THE DC OF LOXTON WAIKERIE,UMVXTA,M2,9.07E-06,0.011068587,M2,19.25,E3,16.5,D2,15.75,8,100
16532,MID MURRAY COUNCIL,MMASRA,A6,6.82E-05,0.042539305,A6,44,A4,36,A5,11,4,100
16533,MID MURRAY COUNCIL,MRDQHA,B2,0.03357333,2.828702618,B2,100,None,0,None,0,1,100
16534,MID MURRAY COUNCIL,TIGIAE,A6,0.000203223,0.092624059,A6,35,A3,30,D4,20,4,100
16544,THE DC OF LOXTON WAIKERIE,PGKUMJ,H2,0.000103243,0.089260444,H2,45,A4,30.25,C1,24.75,3,100
16550,RENMARK PARINGA COUNCIL,UMVSXC,A4,0.000168172,0.064169917,A4,48.75,H2,25,G1,15,4,100
16559,MID MURRAY COUNCIL,MMAQIA,B2,3.44E-05,0.031255076,B2,55,A4,45,None,0,2,100
16560,THE BERRI BARMERA COUNCIL,PGKUMJ,H2,1.73E-05,0.02527745,H2,45,A4,30.25,C1,24.75,3,100
16561,THE DC OF LOXTON WAIKERIE,UMVUfE,H2,9.95E-05,0.069470406,H2,65,M2,12.25,E3,10.5,6,100
16571,THE BERRI BARMERA COUNCIL,OLCQVB,A4,0.001653661,0.423219748,A4,76,B2,19,H2,5,3,100
16573,THE BERRI BARMERA COUNCIL,OLCQMA,B2,0.000431661,0.18176756,B2,100,None,0,None,0,1,100
16579,THE DC OF LOXTON WAIKERIE,UMVU-u,H2,0.000302482,0.165652905,H2,55,G1,45,None,0,2,100
16581,THE BERRI BARMERA COUNCIL,UMVXmA,E3,0.000269313,0.122609277,E3,46.75,F2,38.25,WW,10,4,100
16583,THE DC OF LOXTON WAIKERIE,UMVXmA,E3,0.000144203,0.092448571,E3,46.75,F2,38.25,WW,10,4,100
16592,MID MURRAY COUNCIL,TIGIAE,A6,0.000171575,0.085630692,A6,35,A3,30,D4,20,4,100
16597,RENMARK PARINGA COUNCIL,UMVXmB,E3,1.24E-05,0.017940325,E3,52.25,F2,42.75,H2,5,3,100
16599,RENMARK PARINGA COUNCIL,UMVU-u,H2,0.000445721,0.139885778,H2,55,G1,45,None,0,2,100
16600,RENMARK PARINGA COUNCIL,UMVXmA,E3,0.002530431,0.557604903,E3,46.75,F2,38.25,WW,10,4,100
16609,RENMARK PARINGA COUNCIL,MUTHqA,D5,0.000279611,0.082420268,D5,75,A4,25,None,0,2,100
16610,RENMARK PARINGA COUNCIL,MUTHqA,D5,0.000267074,0.098603692,D5,75,A4,25,None,0,2,100
16611,MID MURRAY COUNCIL,LMVXm-,E3,6.03E-06,0.015254399,E3,39,H2,20,N3,20,5,100
16612,THE DC OF LOXTON WAIKERIE,PGKQMA,B2,0.000985066,0.231853634,B2,100,None,0,None,0,1,100
16613,THE DC OF LOXTON WAIKERIE,PGKUJJ,H2,0.000471584,0.161061137,H2,55,A4,24.75,B2,20.25,3,100
16614,MID MURRAY COUNCIL,MMAQIA,B2,0.000146175,0.067711743,B2,55,A4,45,None,0,2,100
16616,THE BERRI BARMERA COUNCIL,PGKQNA,A4,0.000549552,0.223910621,A4,80,C1,20,None,0,2,100
16622,MID MURRAY COUNCIL,LMVSXII,A4,8.26E-05,0.050174102,A4,45,G1,35,H2,20,3,100
16627,RENMARK PARINGA COUNCIL,LOXUCJ,H2,0.001682227,0.512193172,H2,24.75,G1,20.25,A4,19.25,7,100
16628,THE DC OF LOXTON WAIKERIE,PGKSkA,C1,0.000149817,0.074064443,C1,75,H2,25,None,0,2,100
16630,THE BERRI BARMERA COUNCIL,OLCUJf,H2,0.002199098,0.589549233,H2,45,A4,44,B2,11,3,100
16631,MID MURRAY COUNCIL,MMAQIA,B2,0.00073931,0.214492273,B2,55,A4,45,None,0,2,100
16638,THE DC OF LOXTON WAIKERIE,PGKSkA,C1,0.000288562,0.149270122,C1,75,H2,25,None,0,2,100
16644,RENMARK PARINGA COUNCIL,UMVXSA,M2,0.000894544,0.289088713,M2,35,E3,30,M4,15,5,100
16645,THE DC OF LOXTON WAIKERIE,PGKQNA,A4,0.000122113,0.070528186,A4,80,C1,20,None,0,2,100
16647,MID MURRAY COUNCIL,EBAQHA,B2,0.00067524,0.18735393,B2,65,A4,20,A5,15,3,100
16656,RENMARK PARINGA COUNCIL,HOLUMJ,H2,0.001003373,0.193044684,H2,45,A4,30.25,C1,24.75,3,100
16657,MID MURRAY COUNCIL,MURUME,H2,8.25E-05,0.054335778,H2,85,A4,8.25,C1,6.75,3,100
16659,THE DC OF LOXTON WAIKERIE,HOLUMI,H2,0.000174178,0.067474357,H2,45,A4,30.25,C1,24.75,3,100
16660,MID MURRAY COUNCIL,MURSgB,A4,0.000292999,0.107088911,A4,60,H2,25,C1,15,3,100
16665,RENMARK PARINGA COUNCIL,UMVSXII,A4,5.16E-05,0.042923909,A4,65,G1,20,B8,15,3,100
16667,MID MURRAY COUNCIL,EBAQHA,B2,0.001470447,0.344606546,B2,65,A4,20,A5,15,3,100
16671,THE BERRI BARMERA COUNCIL,OLCQVB,A4,0.000344435,0.158240772,A4,76,B2,19,H2,5,3,100
16679,THE DC OF LOXTON WAIKERIE,UMVXmA,E3,0.000253845,0.117080666,E3,46.75,F2,38.25,WW,10,4,100
16682,THE DC OF LOXTON WAIKERIE,HOLUMJ,H2,3.10E-05,0.023522316,H2,45,A4,30.25,C1,24.75,3,100
16685,THE DC OF LOXTON WAIKERIE,UMVXSA,M2,6.75E-05,0.045965914,M2,35,E3,30,M4,15,5,100
16689,THE DC OF LOXTON WAIKERIE,HOLSaA,A4,0.000352334,0.094311693,A4,55,C1,45,None,0,2,100
16690,THE DC OF LOXTON WAIKERIE,PGKUJJ,H2,1.68E-05,0.028732216,H2,55,A4,24.75,B2,20.25,3,100
16696,RENMARK PARINGA COUNCIL,UMVXTA,M2,3.65E-05,0.023060926,M2,19.25,E3,16.5,D2,15.75,8,100
16700,THE DC OF LOXTON WAIKERIE,PGKQNA,A4,0.000105598,0.06717849,A4,80,C1,20,None,0,2,100
16705,RENMARK PARINGA COUNCIL,MUTHqA,D5,0.000160309,0.056963305,D5,75,A4,25,None,0,2,100
16706,RENMARK PARINGA COUNCIL,MUTHqA,D5,6.44E-05,0.044858964,D5,75,A4,25,None,0,2,100
16723,MID MURRAY COUNCIL,MMAQIB,B2,0.000363277,0.118864401,B2,55,A4,45,None,0,2,100
16724,RENMARK PARINGA COUNCIL,LOXSDA,C1,6.68E-05,0.042688698,C1,35,A4,30,B2,15,5,100
16725,THE DC OF LOXTON WAIKERIE,UMVSXD,A4,4.38E-05,0.051307622,A4,48.75,H2,25,G1,15,4,100
16726,THE BERRI BARMERA COUNCIL,MSHSaA,C1,9.18E-05,0.056161629,C1,55,A4,45,None,0,2,100
16727,THE DC OF LOXTON WAIKERIE,UMVSXD,A4,4.63E-05,0.039967541,A4,48.75,H2,25,G1,15,4,100
16734,MID MURRAY COUNCIL,EBAQLA,B2,3.52E-05,0.026586656,B2,41.25,A4,33.75,A6,13.75,4,100
16736,THE DC OF LOXTON WAIKERIE,UMVXCD,G3,0.000114331,0.053428619,G3,55,M1,45,None,0,2,100
16740,THE DC OF LOXTON WAIKERIE,UMVXCA,M1,5.26E-05,0.034288694,M1,55,G3,45,None,0,2,100
16741,THE DC OF LOXTON WAIKERIE,UMVShB,A4,6.48E-05,0.037247478,A4,65,G1,20,B8,15,3,100
16742,THE DC OF LOXTON WAIKERIE,UMVXmB,E3,3.83E-05,0.028997151,E3,52.25,F2,42.75,H2,5,3,100
16747,THE DC OF LOXTON WAIKERIE,UMVXmB,E3,0.000104214,0.065193535,E3,52.25,F2,42.75,H2,5,3,100
16748,THE BERRI BARMERA COUNCIL,UMVXmB,E3,9.01E-05,0.045565534,E3,52.25,F2,42.75,H2,5,3,100
16751,MID MURRAY COUNCIL,MMAQIB,B2,6.96E-06,0.009675519,B2,55,A4,45,None,0,2,100
16753,MID MURRAY COUNCIL,MMAQIB,B2,2.00E-05,0.016852268,B2,55,A4,45,None,0,2,100
16756,RENMARK PARINGA COUNCIL,UMVUfK,H2,3.01E-05,0.030844864,H2,55,M2,15.75,E3,13.5,6,100
16761,THE DC OF LOXTON WAIKERIE,UMVXmB,E3,4.63E-05,0.032579021,E3,52.25,F2,42.75,H2,5,3,100
16762,THE DC OF LOXTON WAIKERIE,UMVXmo,E3,8.65E-05,0.059434669,E3,41.25,F2,33.75,H2,25,3,100
16768,THE BERRI BARMERA COUNCIL,OLCQMA,B2,0.000100592,0.056024523,B2,100,None,0,None,0,1,100
16771,THE DC OF LOXTON WAIKERIE,UMVXCA,M1,0.000115855,0.061062241,M1,55,G3,45,None,0,2,100
16772,MID MURRAY COUNCIL,EBAQMA,B2,0.000276957,0.068581807,B2,80,A4,20,None,0,2,100
16774,THE DC OF LOXTON WAIKERIE,UMVXmB,E3,0.000203381,0.09904472,E3,52.25,F2,42.75,H2,5,3,100
16780,RENMARK PARINGA COUNCIL,MUTHqA,D5,0.000250913,0.11026485,D5,75,A4,25,None,0,2,100
16782,RENMARK PARINGA COUNCIL,MUTHqA,D5,0.0001839,0.098549119,D5,75,A4,25,None,0,2,100
16785,MID MURRAY COUNCIL,LMVXm-,E3,0.000132406,0.054417269,E3,39,H2,20,N3,20,5,100
16794,MID MURRAY COUNCIL,MURUMF,H2,0.000253529,0.11952222,H2,75,A4,13.75,C1,11.25,3,100
16795,MID MURRAY COUNCIL,MURUMH,H2,0.000258532,0.126656963,H2,45,A4,30.25,C1,24.75,3,100
16797,THE DC OF LOXTON WAIKERIE,PGKQMA,B2,0.000463662,0.140985724,B2,100,None,0,None,0,1,100
16802,MID MURRAY COUNCIL,MURUMG,H2,3.41E-05,0.036567033,H2,65,A4,19.25,C1,15.75,3,100
16803,RENMARK PARINGA COUNCIL,UMVUfK,H2,1.53E-05,0.016243051,H2,55,M2,15.75,E3,13.5,6,100
16804,THE DC OF LOXTON WAIKERIE,UMVUDp,H2,0.000168829,0.105890306,H2,65,A4,22.75,G1,7,4,100
16807,MID MURRAY COUNCIL,MURSgA,A4,5.69E-05,0.037144367,A4,60,H2,25,C1,15,3,100
16811,MID MURRAY COUNCIL,MRDQHE,B2,3.23E-05,0.033144386,B2,100,None,0,None,0,1,100
16813,THE DC OF LOXTON WAIKERIE,UMVXmA,E3,0.000197291,0.077663064,E3,46.75,F2,38.25,WW,10,4,100
16815,THE DC OF LOXTON WAIKERIE,HOLQMA,B2,0.000185194,0.080019098,B2,100,None,0,None,0,1,100
16818,THE DC OF LOXTON WAIKERIE,UMVSXC,A4,0.00015121,0.069032284,A4,48.75,H2,25,G1,15,4,100
16823,RENMARK PARINGA COUNCIL,LOXSDA,C1,4.05E-05,0.026870784,C1,35,A4,30,B2,15,5,100
16826,THE DC OF LOXTON WAIKERIE,HOLQYA,A4,0.001738202,0.464542544,A4,33.75,B2,26.25,H2,25,4,100
16837,RENMARK PARINGA COUNCIL,HOLQVA,A4,0.000298902,0.151400972,A4,42.75,B2,33.25,C1,19,4,100
16845,MID MURRAY COUNCIL,HOLQVB,A4,0.000104219,0.0475991,A4,42.75,B2,33.25,C1,19,4,100
16852,THE DC OF LOXTON WAIKERIE,PGKQME,B2,6.71E-05,0.032430047,B2,100,None,0,None,0,1,100
16855,MID MURRAY COUNCIL,BLTQHA,B2,0.00089884,0.186949544,B2,100,None,0,None,0,1,100
16859,THE DC OF LOXTON WAIKERIE,UMVXmA,E3,0.000399939,0.102627506,E3,46.75,F2,38.25,WW,10,4,100
16861,THE DC OF LOXTON WAIKERIE,HOLSgE,A4,0.000252117,0.122312599,A4,41.25,C1,33.75,H2,25,3,100
16865,MID MURRAY COUNCIL,MURSgA,A4,0.000126787,0.073671109,A4,60,H2,25,C1,15,3,100
16866,MID MURRAY COUNCIL,MMAQIB,B2,1.10E-05,0.01623214,B2,55,A4,45,None,0,2,100
16867,RENMARK PARINGA COUNCIL,UMVXmB,E3,0.000198508,0.105673327,E3,52.25,F2,42.75,H2,5,3,100
16872,RENMARK PARINGA COUNCIL,HOLQVB,A4,0.003410177,0.623320485,A4,42.75,B2,33.25,C1,19,4,100
16873,THE DC OF LOXTON WAIKERIE,PGKQNA,A4,0.003884942,0.995854397,A4,80,C1,20,None,0,2,100
16876,THE DC OF LOXTON WAIKERIE,MURUMI,H2,0.000133698,0.064429371,H2,45,A4,30.25,C1,24.75,3,100
16880,MID MURRAY COUNCIL,MURUMF,H2,4.71E-05,0.048796522,H2,75,A4,13.75,C1,11.25,3,100
16882,RENMARK PARINGA COUNCIL,HOLUMJ,H2,5.59E-05,0.038300678,H2,45,A4,30.25,C1,24.75,3,100
16884,MID MURRAY COUNCIL,MMASRA,A6,3.23E-05,0.034382776,A6,44,A4,36,A5,11,4,100
16889,THE DC OF LOXTON WAIKERIE,PGKUJJ,H2,0.000203998,0.091942662,H2,55,A4,24.75,B2,20.25,3,100
16893,THE DC OF LOXTON WAIKERIE,HOLQVA,A4,9.52E-05,0.049047733,A4,42.75,B2,33.25,C1,19,4,100
16896,THE DC OF LOXTON WAIKERIE,UMVUfG,H2,0.000104255,0.05933852,H2,65,M2,12.25,E3,10.5,6,100
16897,THE DC OF LOXTON WAIKERIE,PGKQMA,B2,0.000439049,0.141011126,B2,100,None,0,None,0,1,100
16903,THE DC OF LOXTON WAIKERIE,LMVSXII,A4,1.74E-05,0.02637782,A4,45,G1,35,H2,20,3,100
16909,THE DC OF LOXTON WAIKERIE,UMVSXII,A4,0.000749397,0.309385006,A4,65,G1,20,B8,15,3,100
16911,THE DC OF LOXTON WAIKERIE,HOLSgA,A4,0.000116923,0.075268709,A4,41.25,C1,33.75,H2,25,3,100
16917,MID MURRAY COUNCIL,MRDQHE,B2,0.000251874,0.177487973,B2,100,None,0,None,0,1,100
16918,THE BERRI BARMERA COUNCIL,UMVXmA,E3,2.26E-05,0.036575414,E3,46.75,F2,38.25,WW,10,4,100
16919,RENMARK PARINGA COUNCIL,LOXSDA,C1,0.000240649,0.108056665,C1,35,A4,30,B2,15,5,100
16923,RENMARK PARINGA COUNCIL,UMVXTA,M2,4.18E-05,0.028401795,M2,19.25,E3,16.5,D2,15.75,8,100
16939,RENMARK PARINGA COUNCIL,LOXUCJ,H2,0.001904006,0.478305331,H2,24.75,G1,20.25,A4,19.25,7,100
16941,THE DC OF LOXTON WAIKERIE,PGKQNA,A4,0.000681734,0.147723949,A4,80,C1,20,None,0,2,100
16947,THE DC OF LOXTON WAIKERIE,PGKUMJ,H2,0.000313287,0.212169749,H2,45,A4,30.25,C1,24.75,3,100
16960,THE DC OF LOXTON WAIKERIE,MURSgA,A4,5.32E-05,0.040156276,A4,60,H2,25,C1,15,3,100
16966,THE BERRI BARMERA COUNCIL,UMVXSD,M2,6.23E-05,0.035631922,M2,35,E3,30,M4,15,5,100
16969,RENMARK PARINGA COUNCIL,LOXSkB,A4,0.002271146,0.663385131,A4,75,G1,13.75,H2,11.25,3,100
16973,THE DC OF LOXTON WAIKERIE,MURUMK,H2,0.000320881,0.124596161,H2,65,A4,19.25,C1,15.75,3,100
16974,THE DC OF LOXTON WAIKERIE,HOLQMA,B2,5.89E-05,0.041752944,B2,100,None,0,None,0,1,100
16989,THE DC OF LOXTON WAIKERIE,MURUMF,H2,5.98E-05,0.057501252,H2,75,A4,13.75,C1,11.25,3,100
16995,THE DC OF LOXTON WAIKERIE,HOLSgB,A4,0.000299694,0.106631301,A4,41.25,C1,33.75,H2,25,3,100
16996,THE BERRI BARMERA COUNCIL,UMVSXD,A4,4.45E-05,0.053724929,A4,48.75,H2,25,G1,15,4,100
16999,THE DC OF LOXTON WAIKERIE,HOLUMF,H2,0.000276381,0.102235894,H2,65,A4,19.25,C1,15.75,3,100
17013,THE DC OF LOXTON WAIKERIE,HOLQVA,A4,6.79E-05,0.041504704,A4,42.75,B2,33.25,C1,19,4,100
17014,THE BERRI BARMERA COUNCIL,UMVXSA,M2,5.85E-05,0.039399527,M2,35,E3,30,M4,15,5,100
17015,MID MURRAY COUNCIL,MMASRA,A6,0.000168486,0.09464329,A6,44,A4,36,A5,11,4,100
17023,RENMARK PARINGA COUNCIL,LOXSDA,C1,0.000149111,0.064497734,C1,35,A4,30,B2,15,5,100
17029,THE BERRI BARMERA COUNCIL,LOXUCJ,H2,4.42E-05,0.043185662,H2,24.75,G1,20.25,A4,19.25,7,100
17034,THE DC OF LOXTON WAIKERIE,HOLUMJ,H2,0.000195829,0.072727524,H2,45,A4,30.25,C1,24.75,3,100
17035,RENMARK PARINGA COUNCIL,HOLQYA,A4,5.11E-05,0.030383384,A4,33.75,B2,26.25,H2,25,4,100
17037,MID MURRAY COUNCIL,MMASRA,A6,3.32E-05,0.031368326,A6,44,A4,36,A5,11,4,100
17043,THE DC OF LOXTON WAIKERIE,HOLQMA,B2,1.39E-05,0.014435597,B2,100,None,0,None,0,1,100
17044,THE BERRI BARMERA COUNCIL,LOXSDA,C1,0.000100413,0.060963664,C1,35,A4,30,B2,15,5,100
17058,MID MURRAY COUNCIL,MMASRA,A6,3.64E-05,0.035971213,A6,44,A4,36,A5,11,4,100
17061,THE BERRI BARMERA COUNCIL,UMVXl-,WW,0.000355859,0.131527664,WW,100,None,0,None,0,1,100
17063,MID MURRAY COUNCIL,CRPVZ-,A3,0.000615295,0.158671751,A3,65,A6,20,C3,15,3,100
17065,THE DC OF LOXTON WAIKERIE,HOLQMA,B2,0.000354395,0.140427621,B2,100,None,0,None,0,1,100
17066,THE DC OF LOXTON WAIKERIE,BLTQHA,B2,0.005003968,0.887685242,B2,100,None,0,None,0,1,100
17068,THE BERRI BARMERA COUNCIL,LOXSDA,C1,3.90E-05,0.029445516,C1,35,A4,30,B2,15,5,100
17070,RENMARK PARINGA COUNCIL,UMVXmB,E3,0.000708587,0.191152068,E3,52.25,F2,42.75,H2,5,3,100
17073,THE BERRI BARMERA COUNCIL,OLCQYB,A4,0.00012495,0.082268982,A4,60,H2,25,B2,15,3,100
17074,MID MURRAY COUNCIL,MMAKOE,A6,5.12E-05,0.054743871,A6,80,A3,20,None,0,2,100
17077,RENMARK PARINGA COUNCIL,HOLQVB,A4,8.66E-05,0.058346254,A4,42.75,B2,33.25,C1,19,4,100
17078,THE DC OF LOXTON WAIKERIE,UMVXmB,E3,3.63E-05,0.033638695,E3,52.25,F2,42.75,H2,5,3,100
17079,THE DC OF LOXTON WAIKERIE,HOLSaA,A4,0.000166518,0.084530483,A4,55,C1,45,None,0,2,100
17080,MID MURRAY COUNCIL,EBAQHA,B2,0.000199747,0.093169129,B2,65,A4,20,A5,15,3,100
17087,THE DC OF LOXTON WAIKERIE,MURSgA,A4,0.000378239,0.128557464,A4,60,H2,25,C1,15,3,100
17097,RENMARK PARINGA COUNCIL,UMVXTA,M2,0.000662427,0.145423666,M2,19.25,E3,16.5,D2,15.75,8,100
17098,THE DC OF LOXTON WAIKERIE,UMVUDu,H2,0.000283578,0.124022432,H2,55,G1,45,None,0,2,100
17103,THE BERRI BARMERA COUNCIL,UMVXmA,E3,8.31E-05,0.037386587,E3,46.75,F2,38.25,WW,10,4,100
17110,THE DC OF LOXTON WAIKERIE,HOLQVB,A4,0.000696925,0.190999124,A4,42.75,B2,33.25,C1,19,4,100
17112,RENMARK PARINGA COUNCIL,LOXSaB,A4,9.88E-05,0.064246452,A4,100,None,0,None,0,1,100
17113,THE DC OF LOXTON WAIKERIE,HOLSgB,A4,0.00063865,0.165836489,A4,41.25,C1,33.75,H2,25,3,100
17119,RENMARK PARINGA COUNCIL,HOLRCE,B3,0.000155516,0.063617025,B3,40,C1,30.1,B2,29.9,3,100
17126,THE BERRI BARMERA COUNCIL,UMVXmA,E3,0.000157324,0.073922563,E3,46.75,F2,38.25,WW,10,4,100
17130,THE BERRI BARMERA COUNCIL,LOXUCI,H2,0.000144362,0.076423311,H2,24.75,G1,20.25,A4,19.25,7,100
17131,RENMARK PARINGA COUNCIL,UMVXmA,E3,0.000109432,0.046339364,E3,46.75,F2,38.25,WW,10,4,100
17134,RENMARK PARINGA COUNCIL,LOXUCJ,H2,0.000522663,0.126518447,H2,24.75,G1,20.25,A4,19.25,7,100
17138,THE BERRI BARMERA COUNCIL,UMVSXD,A4,7.74E-05,0.081202568,A4,48.75,H2,25,G1,15,4,100
17141,THE DC OF LOXTON WAIKERIE,UMVXmA,E3,0.000327731,0.143747604,E3,46.75,F2,38.25,WW,10,4,100
17143,THE DC OF LOXTON WAIKERIE,HOLQVA,A4,0.00017267,0.105424588,A4,42.75,B2,33.25,C1,19,4,100
17144,THE DC OF LOXTON WAIKERIE,MURUMF,H2,0.000200617,0.079594697,H2,75,A4,13.75,C1,11.25,3,100
17145,RENMARK PARINGA COUNCIL,LOXSkB,A4,0.000168523,0.085808866,A4,75,G1,13.75,H2,11.25,3,100
17146,THE DC OF LOXTON WAIKERIE,HOLSgA,A4,0.001565728,0.550749007,A4,41.25,C1,33.75,H2,25,3,100
17148,THE DC OF LOXTON WAIKERIE,HOLQMA,B2,0.000871683,0.1920004,B2,100,None,0,None,0,1,100
17149,RENMARK PARINGA COUNCIL,LOXSDA,C1,0.000268246,0.145730702,C1,35,A4,30,B2,15,5,100
17161,THE DC OF LOXTON WAIKERIE,MURUMJ,H2,0.000182268,0.107910166,H2,45,A4,30.25,C1,24.75,3,100
17162,THE BERRI BARMERA COUNCIL,LOXSDA,C1,0.00016883,0.086251407,C1,35,A4,30,B2,15,5,100
17163,RENMARK PARINGA COUNCIL,UMVXmB,E3,0.000212103,0.092255529,E3,52.25,F2,42.75,H2,5,3,100
17164,THE DC OF LOXTON WAIKERIE,HOLQYA,A4,0.001201165,0.375648152,A4,33.75,B2,26.25,H2,25,4,100
17166,THE BERRI BARMERA COUNCIL,BMRSDA,A4,0.000660319,0.211847175,A4,45,C1,35,D2,20,3,100
17171,THE DC OF LOXTON WAIKERIE,MURUMF,H2,0.000231113,0.111406259,H2,75,A4,13.75,C1,11.25,3,100
17175,THE DC OF LOXTON WAIKERIE,HOLQVA,A4,0.000126976,0.066205618,A4,42.75,B2,33.25,C1,19,4,100
17176,THE BERRI BARMERA COUNCIL,LOXSDA,C1,0.000208991,0.113078136,C1,35,A4,30,B2,15,5,100
17177,RENMARK PARINGA COUNCIL,HOLUMJ,H2,0.001353337,0.44444647,H2,45,A4,30.25,C1,24.75,3,100
17178,THE BERRI BARMERA COUNCIL,LOXSDA,C1,0.000139076,0.053077953,C1,35,A4,30,B2,15,5,100
17179,THE DC OF LOXTON WAIKERIE,UMVXmA,E3,0.000472411,0.156937877,E3,46.75,F2,38.25,WW,10,4,100
17182,THE DC OF LOXTON WAIKERIE,MURUMF,H2,2.78E-05,0.021678394,H2,75,A4,13.75,C1,11.25,3,100
17183,THE DC OF LOXTON WAIKERIE,LMVSXII,A4,3.24E-05,0.035022392,A4,45,G1,35,H2,20,3,100
17186,RENMARK PARINGA COUNCIL,LOXSeA,A4,6.84E-05,0.041873558,A4,35,B2,30,C1,20,4,100
17188,RENMARK PARINGA COUNCIL,UMVUfJ,H2,0.000288461,0.111067981,H2,35,M2,22.75,E3,19.5,6,100
17191,THE BERRI BARMERA COUNCIL,UMVXmD,N2,0.001016057,0.22090631,N2,100,None,0,None,0,1,100
17192,RENMARK PARINGA COUNCIL,HOLQVA,A4,0.000382874,0.189349407,A4,42.75,B2,33.25,C1,19,4,100
17202,THE DC OF LOXTON WAIKERIE,HOLQYB,A4,0.000161458,0.063132073,A4,33.75,B2,26.25,H2,25,4,100
17205,THE DC OF LOXTON WAIKERIE,HOLQMA,B2,8.25E-05,0.056087056,B2,100,None,0,None,0,1,100
17207,THE DC OF LOXTON WAIKERIE,HOLSgB,A4,0.000457235,0.217020368,A4,41.25,C1,33.75,H2,25,3,100
17208,THE DC OF LOXTON WAIKERIE,HOLQVA,A4,0.001297978,0.330619343,A4,42.75,B2,33.25,C1,19,4,100
17214,THE DC OF LOXTON WAIKERIE,HOLQOA,B2,0.001348163,0.247527786,B2,85,H2,15,None,0,2,100
17215,THE BERRI BARMERA COUNCIL,UMVXmD,N2,0.000293588,0.130848421,N2,100,None,0,None,0,1,100
17226,THE BERRI BARMERA COUNCIL,LOXSkB,A4,0.00019172,0.067991839,A4,75,G1,13.75,H2,11.25,3,100
17228,THE DC OF LOXTON WAIKERIE,MURSgA,A4,0.000212472,0.111635018,A4,60,H2,25,C1,15,3,100
17230,MID MURRAY COUNCIL,CRPQIB,B2,3.02E-05,0.021543096,B2,80,A4,20,None,0,2,100
17232,MID MURRAY COUNCIL,CRPZL-,A8,0.000567216,0.151292698,A8,100,None,0,None,0,1,100
17240,MID MURRAY COUNCIL,LMVSXI,A4,9.92E-05,0.074649199,A4,45,G1,35,H2,20,3,100
17245,THE DC OF LOXTON WAIKERIE,HOLQVA,A4,7.19E-05,0.04472767,A4,42.75,B2,33.25,C1,19,4,100
17247,MID MURRAY COUNCIL,MMAQIA,B2,2.01E-05,0.022801181,B2,55,A4,45,None,0,2,100
17248,RENMARK PARINGA COUNCIL,LOXSDA,C1,5.18E-05,0.033884225,C1,35,A4,30,B2,15,5,100
17249,MID MURRAY COUNCIL,MMAQIA,B2,0.00020362,0.120622004,B2,55,A4,45,None,0,2,100
17251,THE DC OF LOXTON WAIKERIE,MURUMF,H2,0.000140849,0.074813412,H2,75,A4,13.75,C1,11.25,3,100
17256,THE DC OF LOXTON WAIKERIE,HOLQVA,A4,6.97E-05,0.057787913,A4,42.75,B2,33.25,C1,19,4,100
17258,THE BERRI BARMERA COUNCIL,UMVXSA,M2,0.000484021,0.131010008,M2,35,E3,30,M4,15,5,100
17262,THE BERRI BARMERA COUNCIL,LOXSDA,C1,0.000414755,0.121628097,C1,35,A4,30,B2,15,5,100
17263,THE BERRI BARMERA COUNCIL,UMVXmB,E3,8.95E-05,0.043562871,E3,52.25,F2,42.75,H2,5,3,100
17264,RENMARK PARINGA COUNCIL,UMVSXII,A4,0.000231348,0.146586816,A4,65,G1,20,B8,15,3,100
17268,RENMARK PARINGA COUNCIL,LOXSeA,A4,0.000572161,0.20342543,A4,35,B2,30,C1,20,4,100
17271,THE BERRI BARMERA COUNCIL,LOXSkB,A4,0.000161177,0.067382845,A4,75,G1,13.75,H2,11.25,3,100
17272,RENMARK PARINGA COUNCIL,UMVXmA,E3,4.10E-05,0.029111088,E3,46.75,F2,38.25,WW,10,4,100
17273,THE DC OF LOXTON WAIKERIE,HOLSaA,A4,7.23E-05,0.041271143,A4,55,C1,45,None,0,2,100
17274,THE DC OF LOXTON WAIKERIE,MURQOA,B2,0.000298322,0.132770592,B2,68,A4,17,H2,15,3,100
17276,THE DC OF LOXTON WAIKERIE,MURUMJ,H2,5.11E-05,0.046525764,H2,45,A4,30.25,C1,24.75,3,100
17277,THE DC OF LOXTON WAIKERIE,MURSgA,A4,0.000507776,0.216092467,A4,60,H2,25,C1,15,3,100
17281,THE BERRI BARMERA COUNCIL,BMRSIB,C1,4.19E-05,0.027309274,C1,26.25,H2,25,A4,22.5,5,100
17282,THE DC OF LOXTON WAIKERIE,LMVSXII,A4,3.13E-05,0.029732922,A4,45,G1,35,H2,20,3,100
17283,RENMARK PARINGA COUNCIL,HOLQYA,A4,0.00023324,0.07162168,A4,33.75,B2,26.25,H2,25,4,100
17287,THE DC OF LOXTON WAIKERIE,MURSgB,A4,6.46E-05,0.041602983,A4,60,H2,25,C1,15,3,100
17292,THE DC OF LOXTON WAIKERIE,MURUMF,H2,7.64E-05,0.084937933,H2,75,A4,13.75,C1,11.25,3,100
17297,THE DC OF LOXTON WAIKERIE,MURUMF,H2,5.98E-05,0.048745564,H2,75,A4,13.75,C1,11.25,3,100
17299,THE DC OF LOXTON WAIKERIE,HOLUMJ,H2,0.000102493,0.055851861,H2,45,A4,30.25,C1,24.75,3,100
17300,THE DC OF LOXTON WAIKERIE,MURUMH,H2,9.50E-05,0.066368805,H2,45,A4,30.25,C1,24.75,3,100
17305,THE DC OF LOXTON WAIKERIE,HOLQOA,B2,0.000394959,0.128734074,B2,85,H2,15,None,0,2,100
17306,THE DC OF LOXTON WAIKERIE,HOLUMJ,H2,0.0001474,0.089511203,H2,45,A4,30.25,C1,24.75,3,100
17307,THE DC OF LOXTON WAIKERIE,HOLQVA,A4,0.000153915,0.064510309,A4,42.75,B2,33.25,C1,19,4,100
17309,THE BERRI BARMERA COUNCIL,BMRSIB,C1,9.24E-05,0.054683304,C1,26.25,H2,25,A4,22.5,5,100
17310,MID MURRAY COUNCIL,CRPKOA,A6,3.67E-05,0.026758718,A6,65,A4,20,C3,15,3,100
17313,THE BERRI BARMERA COUNCIL,BMRSIB,C1,7.46E-05,0.06730141,C1,26.25,H2,25,A4,22.5,5,100
17315,RENMARK PARINGA COUNCIL,HOLQVA,A4,0.000131205,0.067377365,A4,42.75,B2,33.25,C1,19,4,100
17319,THE DC OF LOXTON WAIKERIE,HOLQVA,A4,0.000247619,0.105294187,A4,42.75,B2,33.25,C1,19,4,100
17328,MID MURRAY COUNCIL,MMAQIA,B2,0.000171584,0.120286091,B2,55,A4,45,None,0,2,100
17329,MID MURRAY COUNCIL,LMVXn-,WW,0.000331294,0.102708196,WW,50,N3,25,E3,16.25,5,100
17331,THE DC OF LOXTON WAIKERIE,UMVXma,E3,7.71E-05,0.042020648,E3,35.75,F2,29.25,H2,20,4,100
17333,THE DC OF LOXTON WAIKERIE,HOLQVA,A4,0.000171227,0.0715547,A4,42.75,B2,33.25,C1,19,4,100
17334,THE DC OF LOXTON WAIKERIE,HOLQVA,A4,7.73E-05,0.041728503,A4,42.75,B2,33.25,C1,19,4,100
17336,THE DC OF LOXTON WAIKERIE,HOLUMJ,H2,4.75E-05,0.040297823,H2,45,A4,30.25,C1,24.75,3,100
17342,THE DC OF LOXTON WAIKERIE,HOLUMJ,H2,0.000954282,0.312866866,H2,45,A4,30.25,C1,24.75,3,100
17348,THE BERRI BARMERA COUNCIL,UMVXSA,M2,7.11E-05,0.037547193,M2,35,E3,30,M4,15,5,100
17353,RENMARK PARINGA COUNCIL,UMVUfJ,H2,8.76E-05,0.047153016,H2,35,M2,22.75,E3,19.5,6,100
17355,RENMARK PARINGA COUNCIL,UMVXSA,M2,0.000163757,0.047734638,M2,35,E3,30,M4,15,5,100
17358,THE DC OF LOXTON WAIKERIE,LMVXm-,E3,2.52E-05,0.034978477,E3,39,H2,20,N3,20,5,100
17361,THE DC OF LOXTON WAIKERIE,HOLQVB,A4,0.000145258,0.073064794,A4,42.75,B2,33.25,C1,19,4,100
17364,THE DC OF LOXTON WAIKERIE,HOLQVA,A4,0.000215267,0.061438748,A4,42.75,B2,33.25,C1,19,4,100
17365,THE DC OF LOXTON WAIKERIE,HOLUMJ,H2,0.000180844,0.104022974,H2,45,A4,30.25,C1,24.75,3,100
17371,THE DC OF LOXTON WAIKERIE,HOLQVA,A4,8.15E-05,0.045642502,A4,42.75,B2,33.25,C1,19,4,100
17376,THE DC OF LOXTON WAIKERIE,HOLQMA,B2,7.52E-05,0.046263997,B2,100,None,0,None,0,1,100
17381,THE BERRI BARMERA COUNCIL,UMVXmD,N2,5.23E-05,0.043221029,N2,100,None,0,None,0,1,100
17384,THE DC OF LOXTON WAIKERIE,HOLQMA,B2,6.75E-05,0.047570954,B2,100,None,0,None,0,1,100
17392,RENMARK PARINGA COUNCIL,HOLQYA,A4,0.0001338,0.072300515,A4,33.75,B2,26.25,H2,25,4,100
17398,THE DC OF LOXTON WAIKERIE,HOLQYA,A4,0.001169548,0.381769032,A4,33.75,B2,26.25,H2,25,4,100
17402,THE BERRI BARMERA COUNCIL,BMRSDK,A4,0.001820071,0.333681425,A4,45,C1,35,D2,20,3,100
17403,THE BERRI BARMERA COUNCIL,UMVU-u,H2,0.000183964,0.106522925,H2,55,G1,45,None,0,2,100
17404,RENMARK PARINGA COUNCIL,HOLQVA,A4,0.000171092,0.088734111,A4,42.75,B2,33.25,C1,19,4,100
17405,THE BERRI BARMERA COUNCIL,UMVU-u,H2,0.000318707,0.15195415,H2,55,G1,45,None,0,2,100
17407,RENMARK PARINGA COUNCIL,LOXSDA,C1,0.000208632,0.111567147,C1,35,A4,30,B2,15,5,100
17408,RENMARK PARINGA COUNCIL,LOXUCJ,H2,0.000104557,0.087255993,H2,24.75,G1,20.25,A4,19.25,7,100
17409,RENMARK PARINGA COUNCIL,LOXUCJ,H2,0.000869417,0.253790271,H2,24.75,G1,20.25,A4,19.25,7,100
17420,RENMARK PARINGA COUNCIL,LOXSDA,C1,4.97E-05,0.035930659,C1,35,A4,30,B2,15,5,100
17425,RENMARK PARINGA COUNCIL,LOXSkB,A4,0.000219209,0.09886831,A4,75,G1,13.75,H2,11.25,3,100
17434,THE DC OF LOXTON WAIKERIE,MURUMF,H2,8.34E-05,0.051719407,H2,75,A4,13.75,C1,11.25,3,100
17442,THE DC OF LOXTON WAIKERIE,MURUMJ,H2,0.000811329,0.226278254,H2,45,A4,30.25,C1,24.75,3,100
17455,THE BERRI BARMERA COUNCIL,UMVSXII,A4,0.000164271,0.097538255,A4,65,G1,20,B8,15,3,100
17456,RENMARK PARINGA COUNCIL,HOLUMJ,H2,0.001517957,0.541517738,H2,45,A4,30.25,C1,24.75,3,100
17465,THE DC OF LOXTON WAIKERIE,HOLQMA,B2,0.00042816,0.152170126,B2,100,None,0,None,0,1,100
17466,THE DC OF LOXTON WAIKERIE,HOLSgB,A4,0.001270179,0.302156732,A4,41.25,C1,33.75,H2,25,3,100
17467,RENMARK PARINGA COUNCIL,LOXSkB,A4,0.000318627,0.106517023,A4,75,G1,13.75,H2,11.25,3,100
17474,RENMARK PARINGA COUNCIL,UMVXmA,E3,0.000281886,0.140458908,E3,46.75,F2,38.25,WW,10,4,100
17475,THE BERRI BARMERA COUNCIL,UMVXSD,M2,0.000113238,0.061946368,M2,35,E3,30,M4,15,5,100
17480,THE DC OF LOXTON WAIKERIE,LMVXn-,WW,0.000136689,0.053932702,WW,50,N3,25,E3,16.25,5,100
17483,THE DC OF LOXTON WAIKERIE,UMVXl-,WW,0.000632656,0.119217092,WW,100,None,0,None,0,1,100
17486,THE DC OF LOXTON WAIKERIE,UMVXn-,WW,7.27E-05,0.060926231,WW,50,N3,25,E3,13.75,4,100
17487,RENMARK PARINGA COUNCIL,HOLUMJ,H2,0.000107206,0.074951409,H2,45,A4,30.25,C1,24.75,3,100
17488,THE BERRI BARMERA COUNCIL,LOXSkB,A4,0.000255138,0.07922683,A4,75,G1,13.75,H2,11.25,3,100
17494,THE BERRI BARMERA COUNCIL,BMRZB-,N2,2.57E-05,0.024418329,N2,65,A4,20,C1,15,3,100
17497,THE BERRI BARMERA COUNCIL,BMRSIB,C1,0.000121488,0.07461687,C1,26.25,H2,25,A4,22.5,5,100
17508,RENMARK PARINGA COUNCIL,UMVXmB,E3,0.000430101,0.115049279,E3,52.25,F2,42.75,H2,5,3,100
17510,THE DC OF LOXTON WAIKERIE,BLTQHA,B2,0.003956363,0.580748082,B2,100,None,0,None,0,1,100
17513,THE BERRI BARMERA COUNCIL,OLCQVA,A4,0.000146691,0.07154469,A4,80,B2,20,None,0,2,100
17515,THE DC OF LOXTON WAIKERIE,HOLQOA,B2,0.001369054,0.387448544,B2,85,H2,15,None,0,2,100
17516,THE DC OF LOXTON WAIKERIE,HOLQYA,A4,0.001625256,0.461671062,A4,33.75,B2,26.25,H2,25,4,100
17518,RENMARK PARINGA COUNCIL,UMVXmA,E3,0.000240878,0.086778264,E3,46.75,F2,38.25,WW,10,4,100
17522,RENMARK PARINGA COUNCIL,UMVSXB,A4,0.000188543,0.078013416,A4,48.75,H2,25,G1,15,4,100
17525,THE DC OF LOXTON WAIKERIE,HOLUMJ,H2,0.001014315,0.303467653,H2,45,A4,30.25,C1,24.75,3,100
17528,RENMARK PARINGA COUNCIL,LOXUCJ,H2,0.000340115,0.155017673,H2,24.75,G1,20.25,A4,19.25,7,100
17536,THE DC OF LOXTON WAIKERIE,HOLQYB,A4,0.000380985,0.12230111,A4,33.75,B2,26.25,H2,25,4,100
17542,THE BERRI BARMERA COUNCIL,UMVSXC,A4,0.000168632,0.123117642,A4,48.75,H2,25,G1,15,4,100
17544,THE DC OF LOXTON WAIKERIE,MURUMJ,H2,0.000164127,0.084065398,H2,45,A4,30.25,C1,24.75,3,100
17548,THE DC OF LOXTON WAIKERIE,MURUMK,H2,2.81E-05,0.021035461,H2,65,A4,19.25,C1,15.75,3,100
17554,THE BERRI BARMERA COUNCIL,OLCQMA,B2,0.000128759,0.059967986,B2,100,None,0,None,0,1,100
17556,THE DC OF LOXTON WAIKERIE,UMVSXII,A4,0.000262198,0.096577418,A4,65,G1,20,B8,15,3,100
17558,THE DC OF LOXTON WAIKERIE,HOLQYA,A4,0.000196463,0.125000522,A4,33.75,B2,26.25,H2,25,4,100
17560,THE DC OF LOXTON WAIKERIE,HOLQYA,A4,0.000573843,0.218543773,A4,33.75,B2,26.25,H2,25,4,100
17562,THE BERRI BARMERA COUNCIL,UMVXn-,WW,0.000726485,0.178732549,WW,50,N3,25,E3,13.75,4,100
17564,THE BERRI BARMERA COUNCIL,OLCQYL,A4,0.00022198,0.135896646,A4,60,H2,25,B2,15,3,100
17566,THE BERRI BARMERA COUNCIL,BMRZA-,N2,0.000290859,0.165278279,N2,40,A4,30.1,C1,29.9,3,100
17568,RENMARK PARINGA COUNCIL,LOXSDA,C1,0.000174409,0.097905547,C1,35,A4,30,B2,15,5,100
17570,RENMARK PARINGA COUNCIL,UMVUfK,H2,0.000405562,0.176578158,H2,55,M2,15.75,E3,13.5,6,100
17576,THE DC OF LOXTON WAIKERIE,HOLQVA,A4,0.000407889,0.141141994,A4,42.75,B2,33.25,C1,19,4,100
17581,THE BERRI BARMERA COUNCIL,BMRSSQ,A4,0.00049306,0.10490366,A4,75,G1,13.75,H2,11.25,3,100
17583,THE DC OF LOXTON WAIKERIE,HOLQMA,B2,0.000368304,0.128364811,B2,100,None,0,None,0,1,100
17589,THE DC OF LOXTON WAIKERIE,HOLSgB,A4,0.000743812,0.182609837,A4,41.25,C1,33.75,H2,25,3,100
17593,THE DC OF LOXTON WAIKERIE,HOLQOA,B2,0.000132654,0.055113745,B2,85,H2,15,None,0,2,100
17597,RENMARK PARINGA COUNCIL,UMVXmA,E3,9.02E-05,0.061224433,E3,46.75,F2,38.25,WW,10,4,100
17605,RENMARK PARINGA COUNCIL,HOLQYA,A4,3.17E-05,0.022982461,A4,33.75,B2,26.25,H2,25,4,100
17608,THE BERRI BARMERA COUNCIL,LOXSDA,C1,5.23E-05,0.033862236,C1,35,A4,30,B2,15,5,100
17610,THE DC OF LOXTON WAIKERIE,HOLSgB,A4,0.000952596,0.199590188,A4,41.25,C1,33.75,H2,25,3,100
17614,THE BERRI BARMERA COUNCIL,OLCQVA,A4,8.50E-05,0.043087604,A4,80,B2,20,None,0,2,100
17618,THE DC OF LOXTON WAIKERIE,HOLSgB,A4,0.000663251,0.249782293,A4,41.25,C1,33.75,H2,25,3,100
17619,THE BERRI BARMERA COUNCIL,UMVXmB,E3,8.87E-05,0.049848246,E3,52.25,F2,42.75,H2,5,3,100
17624,THE DC OF LOXTON WAIKERIE,HOLQVA,A4,0.001247616,0.336726397,A4,42.75,B2,33.25,C1,19,4,100
17626,THE DC OF LOXTON WAIKERIE,HOLQVA,A4,0.000387309,0.13896145,A4,42.75,B2,33.25,C1,19,4,100
17635,THE DC OF LOXTON WAIKERIE,HOLUMJ,H2,8.61E-05,0.053711208,H2,45,A4,30.25,C1,24.75,3,100
17636,THE DC OF LOXTON WAIKERIE,MURUMF,H2,5.09E-05,0.036394989,H2,75,A4,13.75,C1,11.25,3,100
17642,MID MURRAY COUNCIL,MMAQIA,B2,3.86E-05,0.037820919,B2,55,A4,45,None,0,2,100
17644,THE DC OF LOXTON WAIKERIE,HOLQVA,A4,0.000226378,0.076483961,A4,42.75,B2,33.25,C1,19,4,100
17646,THE BERRI BARMERA COUNCIL,UMVXSA,M2,5.47E-05,0.028971242,M2,35,E3,30,M4,15,5,100
17647,THE BERRI BARMERA COUNCIL,UMVQMC,B2,0.000101145,0.038137664,B2,100,None,0,None,0,1,100
17648,THE DC OF LOXTON WAIKERIE,HOLQVA,A4,4.47E-05,0.034420764,A4,42.75,B2,33.25,C1,19,4,100
17650,THE DC OF LOXTON WAIKERIE,HOLSgA,A4,0.000276362,0.107218725,A4,41.25,C1,33.75,H2,25,3,100
17652,THE DC OF LOXTON WAIKERIE,UMVXn-,WW,9.38E-05,0.04414625,WW,50,N3,25,E3,13.75,4,100
17653,THE DC OF LOXTON WAIKERIE,MURSgA,A4,9.79E-05,0.05845885,A4,60,H2,25,C1,15,3,100
17655,THE BERRI BARMERA COUNCIL,LOXSDA,C1,7.13E-05,0.03835549,C1,35,A4,30,B2,15,5,100
17656,MID MURRAY COUNCIL,MMAQIA,B2,4.72E-05,0.046589925,B2,55,A4,45,None,0,2,100
17660,THE DC OF LOXTON WAIKERIE,MURUMF,H2,0.000103637,0.077995772,H2,75,A4,13.75,C1,11.25,3,100
17661,RENMARK PARINGA COUNCIL,HOLQVA,A4,0.002367091,0.619155821,A4,42.75,B2,33.25,C1,19,4,100
17667,THE DC OF LOXTON WAIKERIE,HOLUMJ,H2,0.00012256,0.049056435,H2,45,A4,30.25,C1,24.75,3,100
17668,THE DC OF LOXTON WAIKERIE,HOLQVA,A4,7.59E-05,0.042263627,A4,42.75,B2,33.25,C1,19,4,100
17672,THE BERRI BARMERA COUNCIL,UMVXmD,N2,3.88E-05,0.038517111,N2,100,None,0,None,0,1,100
17673,RENMARK PARINGA COUNCIL,LOXUCJ,H2,5.10E-05,0.045131698,H2,24.75,G1,20.25,A4,19.25,7,100
17680,THE DC OF LOXTON WAIKERIE,MURUMI,H2,0.000122409,0.062464721,H2,45,A4,30.25,C1,24.75,3,100
17684,THE DC OF LOXTON WAIKERIE,HOLQVA,A4,0.000113065,0.048158561,A4,42.75,B2,33.25,C1,19,4,100
17689,THE DC OF LOXTON WAIKERIE,MURUMF,H2,4.48E-05,0.028708218,H2,75,A4,13.75,C1,11.25,3,100
17693,THE DC OF LOXTON WAIKERIE,HOLUMJ,H2,8.01E-05,0.042905854,H2,45,A4,30.25,C1,24.75,3,100
17694,THE DC OF LOXTON WAIKERIE,MURSgA,A4,6.72E-05,0.038119792,A4,60,H2,25,C1,15,3,100
17697,THE BERRI BARMERA COUNCIL,BMRSIB,C1,9.93E-05,0.048828908,C1,26.25,H2,25,A4,22.5,5,100
17700,THE DC OF LOXTON WAIKERIE,HOLQYA,A4,0.000692034,0.244895066,A4,33.75,B2,26.25,H2,25,4,100
17701,RENMARK PARINGA COUNCIL,LOXUCJ,H2,0.000168614,0.098434209,H2,24.75,G1,20.25,A4,19.25,7,100
17702,RENMARK PARINGA COUNCIL,UMVXmB,E3,0.000266926,0.086015927,E3,52.25,F2,42.75,H2,5,3,100
17708,THE DC OF LOXTON WAIKERIE,HOLQVA,A4,0.000142211,0.069876635,A4,42.75,B2,33.25,C1,19,4,100
17712,THE DC OF LOXTON WAIKERIE,MURUMF,H2,6.02E-05,0.038340582,H2,75,A4,13.75,C1,11.25,3,100
17715,THE DC OF LOXTON WAIKERIE,LMVXn-,WW,0.000186676,0.077630853,WW,50,N3,25,E3,16.25,5,100
17717,THE DC OF LOXTON WAIKERIE,HOLQOA,B2,0.000362312,0.133167306,B2,85,H2,15,None,0,2,100
17718,RENMARK PARINGA COUNCIL,HOLQVB,A4,0.000112133,0.070253885,A4,42.75,B2,33.25,C1,19,4,100
17719,THE DC OF LOXTON WAIKERIE,HOLSgB,A4,9.59E-05,0.041402967,A4,41.25,C1,33.75,H2,25,3,100
17720,RENMARK PARINGA COUNCIL,UMVXmA,E3,6.55E-05,0.039368912,E3,46.75,F2,38.25,WW,10,4,100
17737,MID MURRAY COUNCIL,MMAKOE,A6,2.67E-05,0.036410673,A6,80,A3,20,None,0,2,100
17741,THE DC OF LOXTON WAIKERIE,HOLQMA,B2,0.000342213,0.158088071,B2,100,None,0,None,0,1,100
17747,THE DC OF LOXTON WAIKERIE,UMVXmA,E3,3.89E-05,0.040024569,E3,46.75,F2,38.25,WW,10,4,100
17750,RENMARK PARINGA COUNCIL,HOLQYA,A4,9.83E-05,0.06233695,A4,33.75,B2,26.25,H2,25,4,100
17754,THE DC OF LOXTON WAIKERIE,MURUMF,H2,0.00033293,0.168809487,H2,75,A4,13.75,C1,11.25,3,100
17755,MID MURRAY COUNCIL,LMVSXII,A4,3.81E-05,0.032642369,A4,45,G1,35,H2,20,3,100
17759,THE BERRI BARMERA COUNCIL,LOXSaB,A4,4.48E-05,0.02745488,A4,100,None,0,None,0,1,100
17763,MID MURRAY COUNCIL,CRPVZ-,A3,0.000136657,0.048196666,A3,65,A6,20,C3,15,3,100
17766,THE DC OF LOXTON WAIKERIE,MURUMI,H2,6.02E-05,0.035785993,H2,45,A4,30.25,C1,24.75,3,100
17767,THE DC OF LOXTON WAIKERIE,MURSgA,A4,8.30E-05,0.060350015,A4,60,H2,25,C1,15,3,100
17772,THE DC OF LOXTON WAIKERIE,HOLUMI,H2,0.000328365,0.157124504,H2,45,A4,30.25,C1,24.75,3,100
17774,THE DC OF LOXTON WAIKERIE,MURUME,H2,0.000261148,0.148063692,H2,85,A4,8.25,C1,6.75,3,100
17775,THE DC OF LOXTON WAIKERIE,UMVUDu,H2,0.000391013,0.169839713,H2,55,G1,45,None,0,2,100
17778,THE DC OF LOXTON WAIKERIE,HOLUMJ,H2,0.040755811,8.367468861,H2,45,A4,30.25,C1,24.75,3,100
17782,RENMARK PARINGA COUNCIL,UMVUfJ,H2,5.81E-05,0.046824178,H2,35,M2,22.75,E3,19.5,6,100
17787,MID MURRAY COUNCIL,MMASRA,A6,0.000150845,0.087300017,A6,44,A4,36,A5,11,4,100
17788,THE DC OF LOXTON WAIKERIE,HOLUMJ,H2,8.64E-05,0.069568433,H2,45,A4,30.25,C1,24.75,3,100
17789,RENMARK PARINGA COUNCIL,UMVUfK,H2,0.000111882,0.083148207,H2,55,M2,15.75,E3,13.5,6,100
17790,THE DC OF LOXTON WAIKERIE,MURUMF,H2,7.55E-05,0.039087749,H2,75,A4,13.75,C1,11.25,3,100
17793,RENMARK PARINGA COUNCIL,LOXSDA,C1,0.000148913,0.068892374,C1,35,A4,30,B2,15,5,100
17795,RENMARK PARINGA COUNCIL,LOXSDA,C1,4.22E-05,0.033990888,C1,35,A4,30,B2,15,5,100
17803,THE BERRI BARMERA COUNCIL,OLCQYB,A4,9.32E-05,0.05829993,A4,60,H2,25,B2,15,3,100
17805,RENMARK PARINGA COUNCIL,HOLQVA,A4,6.72E-05,0.046728121,A4,42.75,B2,33.25,C1,19,4,100
17808,THE BERRI BARMERA COUNCIL,UMVXw-,WW,0.00193989,0.319152895,WW,100,None,0,None,0,1,100
17809,THE BERRI BARMERA COUNCIL,UMVZL-,A8,0.000949477,0.199543376,A8,100,None,0,None,0,1,100
17812,RENMARK PARINGA COUNCIL,UMVSXI,A4,7.71E-05,0.044629265,A4,48.75,H2,25,G1,15,4,100
17823,THE DC OF LOXTON WAIKERIE,HOLUMJ,H2,0.00084287,0.330363432,H2,45,A4,30.25,C1,24.75,3,100
17826,THE BERRI BARMERA COUNCIL,UMVXSA,M2,0.001400793,0.289828785,M2,35,E3,30,M4,15,5,100
17830,THE DC OF LOXTON WAIKERIE,MURUMJ,H2,0.000773353,0.265205056,H2,45,A4,30.25,C1,24.75,3,100
17831,THE DC OF LOXTON WAIKERIE,UMVXmB,E3,5.35E-05,0.034649049,E3,52.25,F2,42.75,H2,5,3,100
17832,RENMARK PARINGA COUNCIL,UMVXmA,E3,0.001179184,0.269239813,E3,46.75,F2,38.25,WW,10,4,100
17843,THE BERRI BARMERA COUNCIL,UMVXSA,M2,3.03E-05,0.024581484,M2,35,E3,30,M4,15,5,100
17845,THE DC OF LOXTON WAIKERIE,HOLQVA,A4,0.000262332,0.100587617,A4,42.75,B2,33.25,C1,19,4,100
17858,RENMARK PARINGA COUNCIL,LOXSkB,A4,0.000170616,0.100659524,A4,75,G1,13.75,H2,11.25,3,100
17865,MID MURRAY COUNCIL,CRPKOA,A6,0.001120721,0.270153788,A6,65,A4,20,C3,15,3,100
17873,THE BERRI BARMERA COUNCIL,LOXSkB,A4,0.000276955,0.150933824,A4,75,G1,13.75,H2,11.25,3,100
17875,THE BERRI BARMERA COUNCIL,UMVXTA,M2,0.000300901,0.115828995,M2,19.25,E3,16.5,D2,15.75,8,100
17876,THE DC OF LOXTON WAIKERIE,MURSgA,A4,0.000260054,0.172354795,A4,60,H2,25,C1,15,3,100
17883,THE BERRI BARMERA COUNCIL,BMRZA-,N2,0.000280664,0.088754451,N2,40,A4,30.1,C1,29.9,3,100
17890,MID MURRAY COUNCIL,CRPQIB,B2,0.000117169,0.050003873,B2,80,A4,20,None,0,2,100
17891,THE DC OF LOXTON WAIKERIE,MURUMF,H2,4.34E-05,0.036967515,H2,75,A4,13.75,C1,11.25,3,100
17894,THE DC OF LOXTON WAIKERIE,HOLUMJ,H2,4.46E-05,0.032339045,H2,45,A4,30.25,C1,24.75,3,100
17896,THE DC OF LOXTON WAIKERIE,UMVXs-,N3,0.000236103,0.106247539,N3,100,None,0,None,0,1,100
17897,THE BERRI BARMERA COUNCIL,OLCQVA,A4,0.000476234,0.17290643,A4,80,B2,20,None,0,2,100
17903,THE BERRI BARMERA COUNCIL,MSHSgA,C1,0.000339892,0.136106794,C1,41.25,A4,33.75,H2,25,3,100
17904,THE DC OF LOXTON WAIKERIE,HOLSaA,A4,0.000258445,0.116151593,A4,55,C1,45,None,0,2,100
17906,RENMARK PARINGA COUNCIL,HOLUMJ,H2,7.62E-05,0.039267592,H2,45,A4,30.25,C1,24.75,3,100
17907,RENMARK PARINGA COUNCIL,LOXSDA,C1,0.000149478,0.060673677,C1,35,A4,30,B2,15,5,100
17910,THE BERRI BARMERA COUNCIL,OLCQYB,A4,8.38E-05,0.04887526,A4,60,H2,25,B2,15,3,100
17911,THE DC OF LOXTON WAIKERIE,HOLQVA,A4,0.000227893,0.109471286,A4,42.75,B2,33.25,C1,19,4,100
17918,MID MURRAY COUNCIL,MMAQIA,B2,0.000213497,0.10111077,B2,55,A4,45,None,0,2,100
17922,RENMARK PARINGA COUNCIL,HOLQVA,A4,0.000275829,0.118465435,A4,42.75,B2,33.25,C1,19,4,100
17925,MID MURRAY COUNCIL,MMASRA,A6,0.000117157,0.066472189,A6,44,A4,36,A5,11,4,100
17931,THE DC OF LOXTON WAIKERIE,MURUMI,H2,0.000896566,0.292526524,H2,45,A4,30.25,C1,24.75,3,100
17943,THE BERRI BARMERA COUNCIL,UMVSXII,A4,5.39E-05,0.061686032,A4,65,G1,20,B8,15,3,100
17945,MID MURRAY COUNCIL,CRPZL-,A8,6.55E-05,0.039166291,A8,100,None,0,None,0,1,100
17946,THE BERRI BARMERA COUNCIL,LOXSDA,C1,5.49E-05,0.040172127,C1,35,A4,30,B2,15,5,100
17950,THE DC OF LOXTON WAIKERIE,HOLQVA,A4,0.000123571,0.051720374,A4,42.75,B2,33.25,C1,19,4,100
17951,THE DC OF LOXTON WAIKERIE,HOLQVA,A4,0.000171229,0.065620476,A4,42.75,B2,33.25,C1,19,4,100
17952,MID MURRAY COUNCIL,LMVXn-,WW,0.000106205,0.048568435,WW,50,N3,25,E3,16.25,5,100
17957,THE BERRI BARMERA COUNCIL,UMVXmB,E3,6.61E-05,0.038644678,E3,52.25,F2,42.75,H2,5,3,100
17962,RENMARK PARINGA COUNCIL,UMVXmA,E3,9.15E-05,0.037538323,E3,46.75,F2,38.25,WW,10,4,100
17973,RENMARK PARINGA COUNCIL,UMVXTA,M2,0.000713867,0.182783417,M2,19.25,E3,16.5,D2,15.75,8,100
17979,THE DC OF LOXTON WAIKERIE,HOLQVA,A4,3.62E-05,0.031120789,A4,42.75,B2,33.25,C1,19,4,100
17985,THE DC OF LOXTON WAIKERIE,HOLUMJ,H2,0.000231899,0.112890856,H2,45,A4,30.25,C1,24.75,3,100
17988,MID MURRAY COUNCIL,LMVSEC,A4,3.75E-05,0.036476344,A4,45,G1,35,H2,20,3,100
17990,RENMARK PARINGA COUNCIL,LOXSkB,A4,0.000271311,0.113825184,A4,75,G1,13.75,H2,11.25,3,100
17992,RENMARK PARINGA COUNCIL,UMVXmB,E3,0.002652018,0.863060651,E3,52.25,F2,42.75,H2,5,3,100
17994,THE DC OF LOXTON WAIKERIE,HOLQMA,B2,0.000144503,0.067674602,B2,100,None,0,None,0,1,100
17995,THE DC OF LOXTON WAIKERIE,HOLQVA,A4,6.44E-05,0.040742255,A4,42.75,B2,33.25,C1,19,4,100
17997,THE BERRI BARMERA COUNCIL,UMVXmD,N2,6.39E-05,0.053004995,N2,100,None,0,None,0,1,100
17999,RENMARK PARINGA COUNCIL,UMVUfJ,H2,1.32E-05,0.020305596,H2,35,M2,22.75,E3,19.5,6,100
18001,MID MURRAY COUNCIL,MMAKOE,A6,8.15E-05,0.064821102,A6,80,A3,20,None,0,2,100
18004,MID MURRAY COUNCIL,MRDQHB,B2,0.000769036,0.529500341,B2,100,None,0,None,0,1,100
18007,RENMARK PARINGA COUNCIL,HOLUMJ,H2,3.05E-05,0.040197277,H2,45,A4,30.25,C1,24.75,3,100
18008,THE BERRI BARMERA COUNCIL,LOXUCJ,H2,0.000593198,0.143956376,H2,24.75,G1,20.25,A4,19.25,7,100
18014,RENMARK PARINGA COUNCIL,HOLQVA,A4,0.000110974,0.062603887,A4,42.75,B2,33.25,C1,19,4,100
18020,RENMARK PARINGA COUNCIL,LOXUCJ,H2,0.000144075,0.091446445,H2,24.75,G1,20.25,A4,19.25,7,100
18032,THE DC OF LOXTON WAIKERIE,HOLQOA,B2,0.002902246,0.695543797,B2,85,H2,15,None,0,2,100
18033,THE BERRI BARMERA COUNCIL,BMRSDK,A4,0.000549321,0.216383448,A4,45,C1,35,D2,20,3,100
18034,THE BERRI BARMERA COUNCIL,BMRUFJ,G1,0.000130277,0.069548933,A4,24.75,G1,24.75,H2,20.25,5,100
18037,RENMARK PARINGA COUNCIL,LOXUCJ,H2,0.001300143,0.267032342,H2,24.75,G1,20.25,A4,19.25,7,100
18038,RENMARK PARINGA COUNCIL,LOXSaB,A4,0.000667581,0.269856248,A4,100,None,0,None,0,1,100
18039,THE DC OF LOXTON WAIKERIE,HOLSgA,A4,0.000247827,0.151775904,A4,41.25,C1,33.75,H2,25,3,100
18041,THE DC OF LOXTON WAIKERIE,HOLUMJ,H2,0.000447862,0.148026612,H2,45,A4,30.25,C1,24.75,3,100
18043,THE BERRI BARMERA COUNCIL,BMRSDA,A4,0.000162293,0.074095374,A4,45,C1,35,D2,20,3,100
18057,THE DC OF LOXTON WAIKERIE,HOLQYA,A4,0.00149367,0.499074473,A4,33.75,B2,26.25,H2,25,4,100
18058,MID MURRAY COUNCIL,TOWKNJ,A4,0.000249751,0.202648105,A4,55,D2,20,C1,15,4,100
18059,RENMARK PARINGA COUNCIL,LOXSDA,C1,0.000362766,0.101348166,C1,35,A4,30,B2,15,5,100
18060,MID MURRAY COUNCIL,TOWKNG,A4,0.000172671,0.08157854,A4,55,D2,20,C1,15,4,100
18063,THE BERRI BARMERA COUNCIL,UMVXmA,E3,0.000510691,0.128686987,E3,46.75,F2,38.25,WW,10,4,100
18064,MID MURRAY COUNCIL,MRDQJA,B2,0.001755817,0.347873753,B2,80,A5,20,None,0,2,100
18066,THE DC OF LOXTON WAIKERIE,HOLQVA,A4,0.00019155,0.080986299,A4,42.75,B2,33.25,C1,19,4,100
18067,THE DC OF LOXTON WAIKERIE,HOLQVA,A4,0.000259982,0.105474105,A4,42.75,B2,33.25,C1,19,4,100
18068,MID MURRAY COUNCIL,DUTJEB,D2,0.0006806,0.236832229,D2,45,D3,35,C3,20,3,100
18069,RENMARK PARINGA COUNCIL,LOXSkL,A4,6.72E-05,0.040921184,A4,75,G1,13.75,H2,11.25,3,100
18071,MID MURRAY COUNCIL,COHAKD,L1,8.97E-05,0.071574873,L1,55,K3,20,D1,15,4,100
18072,THE BERRI BARMERA COUNCIL,LOXSkB,A4,0.00176985,0.464322505,A4,75,G1,13.75,H2,11.25,3,100
18075,THE DC OF LOXTON WAIKERIE,HOLQMA,B2,0.00077766,0.220230647,B2,100,None,0,None,0,1,100
18081,THE BERRI BARMERA COUNCIL,LOXUCJ,H2,0.000510222,0.118850864,H2,24.75,G1,20.25,A4,19.25,7,100
18083,THE DC OF LOXTON WAIKERIE,HOLQYA,A4,0.000589457,0.198137784,A4,33.75,B2,26.25,H2,25,4,100
18088,MID MURRAY COUNCIL,BRNShB,A4,0.000392858,0.14817596,A4,65,B2,20,A5,15,3,100
18090,RENMARK PARINGA COUNCIL,LOXSkB,A4,0.000248047,0.120955689,A4,75,G1,13.75,H2,11.25,3,100
18094,THE DC OF LOXTON WAIKERIE,HOLSaA,A4,0.000403687,0.143471815,A4,55,C1,45,None,0,2,100
18102,RENMARK PARINGA COUNCIL,LOXSeA,A4,0.00010987,0.058897827,A4,35,B2,30,C1,20,4,100
18118,THE BERRI BARMERA COUNCIL,LOXSDA,C1,6.35E-05,0.033900258,C1,35,A4,30,B2,15,5,100
18119,MID MURRAY COUNCIL,SUTKVJ,A6,2.09E-05,0.024170361,A6,80,A3,20,None,0,2,100
18120,THE DC OF LOXTON WAIKERIE,HOLSaA,A4,0.000451976,0.142970655,A4,55,C1,45,None,0,2,100
18121,MID MURRAY COUNCIL,STOKOJ,A4,3.07E-05,0.0379542,A4,55,D4,20,A5,15,4,100
18123,MID MURRAY COUNCIL,DUTTPB,C5,0.000100098,0.073116908,C5,35,A4,30,D2,20,4,100
18124,THE DC OF LOXTON WAIKERIE,LOXSDA,C1,9.14E-05,0.04601331,C1,35,A4,30,B2,15,5,100
18126,RENMARK PARINGA COUNCIL,LOXSkL,A4,5.13E-05,0.041912883,A4,75,G1,13.75,H2,11.25,3,100
18127,THE DC OF LOXTON WAIKERIE,HOLUMJ,H2,0.00012237,0.074013788,H2,45,A4,30.25,C1,24.75,3,100
18130,MID MURRAY COUNCIL,SUTEEC,A4,4.69E-05,0.029587062,A4,45,A2,35,B2,20,3,100
18131,THE DC OF LOXTON WAIKERIE,HOLUMJ,H2,2.65E-05,0.027260209,H2,45,A4,30.25,C1,24.75,3,100
18133,MID MURRAY COUNCIL,STOKOJ,A4,5.35E-05,0.054903676,A4,55,D4,20,A5,15,4,100
18139,THE BERRI BARMERA COUNCIL,BMRSDA,A4,0.00018799,0.077366313,A4,45,C1,35,D2,20,3,100
18141,RENMARK PARINGA COUNCIL,LOXSDK,C1,8.49E-05,0.049972522,C1,35,A4,30,B2,15,5,100
18148,RENMARK PARINGA COUNCIL,UMVSXII,A4,6.16E-05,0.059314081,A4,65,G1,20,B8,15,3,100
18156,THE BERRI BARMERA COUNCIL,UMVXmA,E3,0.000382258,0.121532493,E3,46.75,F2,38.25,WW,10,4,100
18161,MID MURRAY COUNCIL,SUTEEC,A4,0.00011827,0.072934135,A4,45,A2,35,B2,20,3,100
18162,MID MURRAY COUNCIL,DUTJEB,D2,0.000110907,0.060650969,D2,45,D3,35,C3,20,3,100
18165,THE BERRI BARMERA COUNCIL,LOXSkB,A4,4.62E-05,0.034341595,A4,75,G1,13.75,H2,11.25,3,100
18166,RENMARK PARINGA COUNCIL,LOXSDK,C1,0.000226533,0.103148294,C1,35,A4,30,B2,15,5,100
18167,THE BERRI BARMERA COUNCIL,LOXSDA,C1,9.08E-05,0.043536245,C1,35,A4,30,B2,15,5,100
18171,THE DC OF LOXTON WAIKERIE,HOLQMA,B2,3.84E-05,0.027972293,B2,100,None,0,None,0,1,100
18172,THE BERRI BARMERA COUNCIL,LOXSkB,A4,0.000297186,0.083545036,A4,75,G1,13.75,H2,11.25,3,100
18179,THE DC OF LOXTON WAIKERIE,NOOZJ-,N2,0.003120047,0.490951049,N2,75,A8,25,None,0,2,100
18181,THE DC OF LOXTON WAIKERIE,HOLUMF,H2,6.32E-05,0.036544463,H2,65,A4,19.25,C1,15.75,3,100
18182,THE DC OF LOXTON WAIKERIE,LMVSEC,A4,2.42E-05,0.026988808,A4,45,G1,35,H2,20,3,100
18185,MID MURRAY COUNCIL,MAADHC,D1,5.24E-05,0.042002343,D1,80,L1,20,None,0,2,100
18187,THE DC OF LOXTON WAIKERIE,UMVUDu,H2,0.000277354,0.108787099,H2,55,G1,45,None,0,2,100
18189,THE BERRI BARMERA COUNCIL,LOXSkB,A4,0.000103208,0.060029979,A4,75,G1,13.75,H2,11.25,3,100
18190,RENMARK PARINGA COUNCIL,LOXSDA,C1,7.82E-05,0.034086132,C1,35,A4,30,B2,15,5,100
18191,RENMARK PARINGA COUNCIL,LOXUCJ,H2,6.92E-05,0.042345257,H2,24.75,G1,20.25,A4,19.25,7,100
18196,RENMARK PARINGA COUNCIL,LOXSDA,C1,0.00023848,0.083295638,C1,35,A4,30,B2,15,5,100
18197,MID MURRAY COUNCIL,COHETI,L1,3.06E-05,0.026950646,L1,40,K3,30.1,D1,29.9,3,100
18199,THE BERRI BARMERA COUNCIL,UMVSXD,A4,4.68E-05,0.038153531,A4,48.75,H2,25,G1,15,4,100
18200,THE DC OF LOXTON WAIKERIE,BLTQHE,B2,0.000166476,0.075786964,B2,80,A5,20,None,0,2,100
18203,THE DC OF LOXTON WAIKERIE,UMVXmA,E3,4.70E-05,0.038055638,E3,46.75,F2,38.25,WW,10,4,100
18207,THE BERRI BARMERA COUNCIL,UMVXmB,E3,0.000166371,0.078799785,E3,52.25,F2,42.75,H2,5,3,100
18211,THE DC OF LOXTON WAIKERIE,HOLQVA,A4,6.19E-05,0.040822722,A4,42.75,B2,33.25,C1,19,4,100
18215,THE BERRI BARMERA COUNCIL,BMRSDA,A4,0.000666257,0.335427978,A4,45,C1,35,D2,20,3,100
18218,THE DC OF LOXTON WAIKERIE,HOLUMJ,H2,6.66E-05,0.04121476,H2,45,A4,30.25,C1,24.75,3,100
18219,MID MURRAY COUNCIL,CRPZY-,A6,0.000275561,0.086860128,A6,55,A8,45,None,0,2,100
18222,THE BERRI BARMERA COUNCIL,BMRSIB,C1,0.000558158,0.148075131,C1,26.25,H2,25,A4,22.5,5,100
18224,RENMARK PARINGA COUNCIL,UMVSXII,A4,2.21E-05,0.02487614,A4,65,G1,20,B8,15,3,100
18226,RENMARK PARINGA COUNCIL,LOXSDA,C1,2.95E-05,0.02566399,C1,35,A4,30,B2,15,5,100
18228,THE BERRI BARMERA COUNCIL,LOXSDA,C1,6.10E-05,0.033564532,C1,35,A4,30,B2,15,5,100
18234,RENMARK PARINGA COUNCIL,UMVSXD,A4,8.35E-05,0.081220088,A4,48.75,H2,25,G1,15,4,100
18235,THE BERRI BARMERA COUNCIL,BMRUFJ,G1,5.09E-05,0.051650597,A4,24.75,G1,24.75,H2,20.25,5,100
18236,RENMARK PARINGA COUNCIL,LOXUCJ,H2,7.31E-05,0.042725393,H2,24.75,G1,20.25,A4,19.25,7,100
18237,THE DC OF LOXTON WAIKERIE,HOLQMA,B2,9.05E-05,0.043986222,B2,100,None,0,None,0,1,100
18239,THE BERRI BARMERA COUNCIL,BMRSIB,C1,0.000109832,0.085434154,C1,26.25,H2,25,A4,22.5,5,100
18245,MID MURRAY COUNCIL,COHETI,L1,0.000115083,0.04788721,L1,40,K3,30.1,D1,29.9,3,100
18247,RENMARK PARINGA COUNCIL,NOOUMJ,A4,0.000158848,0.065945331,A4,55,H2,45,None,0,2,100
18252,THE BERRI BARMERA COUNCIL,UMVXmB,E3,0.000894832,0.279641644,E3,52.25,F2,42.75,H2,5,3,100
18258,THE DC OF LOXTON WAIKERIE,BLTQHA,B2,0.006283135,0.833156506,B2,100,None,0,None,0,1,100
18260,THE DC OF LOXTON WAIKERIE,HOLQVB,A4,0.000141985,0.048054346,A4,42.75,B2,33.25,C1,19,4,100
18263,MID MURRAY COUNCIL,COHAKD,L1,2.91E-05,0.031362523,L1,55,K3,20,D1,15,4,100
18264,MID MURRAY COUNCIL,STOKOU,A4,2.87E-05,0.024791491,A4,55,D4,20,A5,15,4,100
18265,THE DC OF LOXTON WAIKERIE,LOXSkB,A4,0.001680936,0.55586139,A4,75,G1,13.75,H2,11.25,3,100
18267,THE DC OF LOXTON WAIKERIE,LOXSkB,A4,7.07E-05,0.035899994,A4,75,G1,13.75,H2,11.25,3,100
18270,MID MURRAY COUNCIL,COHAKD,L1,2.84E-05,0.026815271,L1,55,K3,20,D1,15,4,100
18272,THE DC OF LOXTON WAIKERIE,HOLQYB,A4,0.000298266,0.096103198,A4,33.75,B2,26.25,H2,25,4,100
18273,THE DC OF LOXTON WAIKERIE,HOLQYA,A4,0.000174893,0.077387834,A4,33.75,B2,26.25,H2,25,4,100
18276,THE DC OF LOXTON WAIKERIE,HOLUMJ,H2,3.45E-05,0.030810308,H2,45,A4,30.25,C1,24.75,3,100
18280,THE BERRI BARMERA COUNCIL,BMRZB-,N2,1.67E-05,0.024076698,N2,65,A4,20,C1,15,3,100
18282,THE DC OF LOXTON WAIKERIE,HOLQVA,A4,5.78E-05,0.037868289,A4,42.75,B2,33.25,C1,19,4,100
18283,THE BERRI BARMERA COUNCIL,BMRSIB,C1,7.03E-05,0.049640631,C1,26.25,H2,25,A4,22.5,5,100
18292,MID MURRAY COUNCIL,CRPZL-,A8,0.000224775,0.0911697,A8,100,None,0,None,0,1,100
18293,THE BERRI BARMERA COUNCIL,BMRZB-,N2,4.62E-05,0.031685164,N2,65,A4,20,C1,15,3,100
18294,THE BERRI BARMERA COUNCIL,BMRUFJ,G1,2.73E-05,0.03493575,A4,24.75,G1,24.75,H2,20.25,5,100
18295,THE DC OF LOXTON WAIKERIE,HOLSgB,A4,8.11E-05,0.043473882,A4,41.25,C1,33.75,H2,25,3,100
18297,RENMARK PARINGA COUNCIL,LOXSkB,A4,4.17E-05,0.032754913,A4,75,G1,13.75,H2,11.25,3,100
18301,THE DC OF LOXTON WAIKERIE,HOLQYA,A4,0.000168187,0.071155514,A4,33.75,B2,26.25,H2,25,4,100
18304,RENMARK PARINGA COUNCIL,LOXSDA,C1,3.63E-05,0.027420658,C1,35,A4,30,B2,15,5,100
18306,RENMARK PARINGA COUNCIL,UMVSXD,A4,2.05E-05,0.022718397,A4,48.75,H2,25,G1,15,4,100
18309,THE BERRI BARMERA COUNCIL,BMRZB-,N2,2.62E-05,0.021539267,N2,65,A4,20,C1,15,3,100
18313,THE DC OF LOXTON WAIKERIE,HOLUMJ,H2,0.000398996,0.110276487,H2,45,A4,30.25,C1,24.75,3,100
18315,THE DC OF LOXTON WAIKERIE,LMVSXII,A4,2.73E-05,0.02708919,A4,45,G1,35,H2,20,3,100
18320,THE BERRI BARMERA COUNCIL,BMRUFJ,G1,0.00011349,0.068485,A4,24.75,G1,24.75,H2,20.25,5,100
18322,THE DC OF LOXTON WAIKERIE,HOLQYA,A4,0.000349974,0.138258388,A4,33.75,B2,26.25,H2,25,4,100
18323,THE DC OF LOXTON WAIKERIE,HOLUMJ,H2,0.000447895,0.160151014,H2,45,A4,30.25,C1,24.75,3,100
18327,THE DC OF LOXTON WAIKERIE,HOLUMJ,H2,0.001010869,0.279811675,H2,45,A4,30.25,C1,24.75,3,100
18328,THE BERRI BARMERA COUNCIL,LOXSDA,C1,3.81E-05,0.041402629,C1,35,A4,30,B2,15,5,100
18329,RENMARK PARINGA COUNCIL,LOXSaB,A4,0.000161218,0.074146531,A4,100,None,0,None,0,1,100
18333,THE BERRI BARMERA COUNCIL,LOXSkB,A4,0.001232191,0.331432394,A4,75,G1,13.75,H2,11.25,3,100
18335,RENMARK PARINGA COUNCIL,UMVXSA,M2,1.50E-05,0.018429087,M2,35,E3,30,M4,15,5,100
18337,THE BERRI BARMERA COUNCIL,UMVXmB,E3,0.001564273,0.514875406,E3,52.25,F2,42.75,H2,5,3,100
18340,MID MURRAY COUNCIL,TRUEMH,A2,0.000279847,0.098132961,A2,45,C2,35,D7,20,3,100
18346,THE DC OF LOXTON WAIKERIE,HOLQMA,B2,0.000613748,0.186185449,B2,100,None,0,None,0,1,100
18352,THE DC OF LOXTON WAIKERIE,HOLQVA,A4,0.000101965,0.050530906,A4,42.75,B2,33.25,C1,19,4,100
18357,THE BERRI BARMERA COUNCIL,UMVXSA,M2,0.000184871,0.064267938,M2,35,E3,30,M4,15,5,100
18362,MID MURRAY COUNCIL,LMVXn-,WW,0.000429496,0.134574954,WW,50,N3,25,E3,16.25,5,100
18363,RENMARK PARINGA COUNCIL,HOLQVA,A4,0.000509573,0.16273658,A4,42.75,B2,33.25,C1,19,4,100
18364,RENMARK PARINGA COUNCIL,UMVXTA,M2,0.00037477,0.105407607,M2,19.25,E3,16.5,D2,15.75,8,100
18370,RENMARK PARINGA COUNCIL,UMVSXII,A4,9.54E-06,0.018346909,A4,65,G1,20,B8,15,3,100
18376,RENMARK PARINGA COUNCIL,UMVSXII,A4,2.14E-05,0.026407171,A4,65,G1,20,B8,15,3,100
18378,THE DC OF LOXTON WAIKERIE,HOLUMJ,H2,0.001127852,0.255821602,H2,45,A4,30.25,C1,24.75,3,100
18382,THE DC OF LOXTON WAIKERIE,LMVXn-,WW,0.000228857,0.11241952,WW,50,N3,25,E3,16.25,5,100
18391,RENMARK PARINGA COUNCIL,LOXSDA,C1,0.000144908,0.049686293,C1,35,A4,30,B2,15,5,100
18392,THE BERRI BARMERA COUNCIL,BMRSIB,C1,0.000160393,0.060684646,C1,26.25,H2,25,A4,22.5,5,100
18406,THE DC OF LOXTON WAIKERIE,BLTQMB,B2,0.000602437,0.130643876,B2,55,A4,45,None,0,2,100
18410,THE BERRI BARMERA COUNCIL,BMRUFJ,G1,0.000105349,0.070375809,A4,24.75,G1,24.75,H2,20.25,5,100
18431,RENMARK PARINGA COUNCIL,NOOZJ-,N2,0.000253407,0.105073242,N2,75,A8,25,None,0,2,100
18436,THE DC OF LOXTON WAIKERIE,HOLQVA,A4,7.63E-05,0.04203732,A4,42.75,B2,33.25,C1,19,4,100
18437,THE DC OF LOXTON WAIKERIE,HOLQOA,B2,0.001358779,0.392194977,B2,85,H2,15,None,0,2,100
18441,THE DC OF LOXTON WAIKERIE,UMVSXD,A4,0.000108794,0.058885537,A4,48.75,H2,25,G1,15,4,100
18443,MID MURRAY COUNCIL,LMVSXI,A4,7.95E-05,0.068004671,A4,45,G1,35,H2,20,3,100
18444,MID MURRAY COUNCIL,MRDQHE,B2,3.93E-05,0.031848652,B2,100,None,0,None,0,1,100
18446,RENMARK PARINGA COUNCIL,LOXUCI,H2,0.000129529,0.115790161,H2,24.75,G1,20.25,A4,19.25,7,100
18448,MID MURRAY COUNCIL,DUTJEK,D2,0.000122582,0.069454689,D2,45,D3,35,C3,20,3,100
18455,THE DC OF LOXTON WAIKERIE,BLTQHE,B2,1.19E-05,0.013461299,B2,80,A5,20,None,0,2,100
18459,THE BERRI BARMERA COUNCIL,UMVUrK,H2,1.15E-05,0.016977047,H2,55,E3,24.75,F2,20.25,3,100
18460,THE DC OF LOXTON WAIKERIE,LOXUCJ,H2,0.000473651,0.166996233,H2,24.75,G1,20.25,A4,19.25,7,100
18464,MID MURRAY COUNCIL,MAADZC,D1,0.000268524,0.089813195,D1,75,D3,25,None,0,2,100
18465,MID MURRAY COUNCIL,COHAKD,L1,5.32E-05,0.042067204,L1,55,K3,20,D1,15,4,100
18468,MID MURRAY COUNCIL,SUTEEC,A4,0.000579098,0.159927714,A4,45,A2,35,B2,20,3,100
18469,THE BERRI BARMERA COUNCIL,BMRSIB,C1,0.000287429,0.139865564,C1,26.25,H2,25,A4,22.5,5,100
18470,MID MURRAY COUNCIL,CRPQIB,B2,0.000342658,0.121796122,B2,80,A4,20,None,0,2,100
18472,THE BERRI BARMERA COUNCIL,BMRSIB,C1,8.33E-05,0.059577353,C1,26.25,H2,25,A4,22.5,5,100
18474,RENMARK PARINGA COUNCIL,UMVXmA,E3,0.000121211,0.048171895,E3,46.75,F2,38.25,WW,10,4,100
18475,THE DC OF LOXTON WAIKERIE,HOLQVA,A4,0.001335732,0.330987556,A4,42.75,B2,33.25,C1,19,4,100
18486,RENMARK PARINGA COUNCIL,LOXSeA,A4,0.000626893,0.173966934,A4,35,B2,30,C1,20,4,100
18489,MID MURRAY COUNCIL,MRDQJA,B2,0.000535891,0.16259677,B2,80,A5,20,None,0,2,100
18491,MID MURRAY COUNCIL,BRNQMB,B2,0.000115191,0.048664395,B2,55,A4,45,None,0,2,100
18492,THE DC OF LOXTON WAIKERIE,HOLQVA,A4,0.000171966,0.103542918,A4,42.75,B2,33.25,C1,19,4,100
18493,THE DC OF LOXTON WAIKERIE,HOLQVA,A4,0.000428984,0.167349711,A4,42.75,B2,33.25,C1,19,4,100
18495,THE DC OF LOXTON WAIKERIE,HOLQVA,A4,0.000174767,0.083872551,A4,42.75,B2,33.25,C1,19,4,100
18504,THE DC OF LOXTON WAIKERIE,HOLQOA,B2,0.000215719,0.077801782,B2,85,H2,15,None,0,2,100
18506,MID MURRAY COUNCIL,TOWQMB,A4,2.96E-05,0.02109782,A4,80,B2,20,None,0,2,100
18508,MID MURRAY COUNCIL,DUTTPB,C5,3.15E-05,0.02845671,C5,35,A4,30,D2,20,4,100
18513,MID MURRAY COUNCIL,COHAKC,L1,1.02E-05,0.013502955,L1,55,K3,20,D1,15,4,100
18516,THE DC OF LOXTON WAIKERIE,BLTQHE,B2,0.000339425,0.109232825,B2,80,A5,20,None,0,2,100
18528,RENMARK PARINGA COUNCIL,LOXUCJ,H2,0.000391453,0.12149939,H2,24.75,G1,20.25,A4,19.25,7,100
18531,RENMARK PARINGA COUNCIL,UMVSXD,A4,7.30E-05,0.045524665,A4,48.75,H2,25,G1,15,4,100
18532,THE DC OF LOXTON WAIKERIE,HOLQVA,A4,0.000104113,0.06687992,A4,42.75,B2,33.25,C1,19,4,100
18536,RENMARK PARINGA COUNCIL,LOXSDA,C1,5.30E-05,0.031455246,C1,35,A4,30,B2,15,5,100
18541,THE BERRI BARMERA COUNCIL,BMRSDA,A4,5.90E-05,0.042379874,A4,45,C1,35,D2,20,3,100
18547,RENMARK PARINGA COUNCIL,UMVXmA,E3,0.000928076,0.232083743,E3,46.75,F2,38.25,WW,10,4,100
18552,THE DC OF LOXTON WAIKERIE,UMVXl-,WW,0.000341823,0.141798203,WW,100,None,0,None,0,1,100
18554,THE DC OF LOXTON WAIKERIE,HOLQVB,A4,0.000150428,0.082569358,A4,42.75,B2,33.25,C1,19,4,100
18556,THE DC OF LOXTON WAIKERIE,HOLQVA,A4,5.00E-05,0.036031167,A4,42.75,B2,33.25,C1,19,4,100
18557,MID MURRAY COUNCIL,TRUDHC,D7,5.38E-05,0.030613732,D7,35,D1,30,L1,20,4,100
18558,THE BERRI BARMERA COUNCIL,LOXUCJ,H2,0.000178312,0.081762368,H2,24.75,G1,20.25,A4,19.25,7,100
18559,MID MURRAY COUNCIL,COHETI,L1,3.55E-05,0.028376578,L1,40,K3,30.1,D1,29.9,3,100
18560,THE DC OF LOXTON WAIKERIE,HOLQMA,B2,0.0001521,0.0614145,B2,100,None,0,None,0,1,100
18562,THE DC OF LOXTON WAIKERIE,HOLSaA,A4,0.000346627,0.132419424,A4,55,C1,45,None,0,2,100
18565,MID MURRAY COUNCIL,STOKOU,A4,1.96E-05,0.019802371,A4,55,D4,20,A5,15,4,100
18569,THE BERRI BARMERA COUNCIL,UMVXl-,WW,0.000127611,0.082426163,WW,100,None,0,None,0,1,100
18570,THE DC OF LOXTON WAIKERIE,HOLQMA,B2,5.03E-05,0.029636433,B2,100,None,0,None,0,1,100
18571,MID MURRAY COUNCIL,STOSRA,A4,2.46E-05,0.020699498,A4,80,A5,11,B2,9,3,100
18573,THE DC OF LOXTON WAIKERIE,HOLQMA,B2,0.000133567,0.057272322,B2,100,None,0,None,0,1,100
18578,THE DC OF LOXTON WAIKERIE,LOXSkB,A4,0.000116474,0.054123394,A4,75,G1,13.75,H2,11.25,3,100
18581,THE DC OF LOXTON WAIKERIE,HOLRCE,B3,5.37E-05,0.036387263,B3,40,C1,30.1,B2,29.9,3,100
18585,THE DC OF LOXTON WAIKERIE,HOLQYA,A4,0.00016893,0.06370983,A4,33.75,B2,26.25,H2,25,4,100
18586,THE DC OF LOXTON WAIKERIE,LOXUCJ,H2,0.01129891,2.830301928,H2,24.75,G1,20.25,A4,19.25,7,100
18587,MID MURRAY COUNCIL,DUTJEG,D2,0.000241433,0.112377155,D2,45,D3,35,C3,20,3,100
18589,MID MURRAY COUNCIL,COHAKD,L1,6.84E-05,0.050568866,L1,55,K3,20,D1,15,4,100
18592,THE BERRI BARMERA COUNCIL,BMRSIB,C1,0.000567742,0.168420141,C1,26.25,H2,25,A4,22.5,5,100
18593,THE BERRI BARMERA COUNCIL,BMRUFJ,G1,0.000240972,0.138390453,A4,24.75,G1,24.75,H2,20.25,5,100
18600,THE DC OF LOXTON WAIKERIE,HOLQMA,B2,9.09E-05,0.044374013,B2,100,None,0,None,0,1,100
18601,THE BERRI BARMERA COUNCIL,UMVXmB,E3,0.000130124,0.069614248,E3,52.25,F2,42.75,H2,5,3,100
18607,THE DC OF LOXTON WAIKERIE,UMVXmB,E3,7.78E-05,0.037712806,E3,52.25,F2,42.75,H2,5,3,100
18608,THE DC OF LOXTON WAIKERIE,LMVXn-,WW,0.000121953,0.046863928,WW,50,N3,25,E3,16.25,5,100
18609,THE DC OF LOXTON WAIKERIE,HOLUMJ,H2,0.000111115,0.08063136,H2,45,A4,30.25,C1,24.75,3,100
18610,THE BERRI BARMERA COUNCIL,BMRUFJ,G1,2.46E-05,0.032498102,A4,24.75,G1,24.75,H2,20.25,5,100
18611,THE DC OF LOXTON WAIKERIE,HOLQVA,A4,7.35E-05,0.038197973,A4,42.75,B2,33.25,C1,19,4,100
18613,THE BERRI BARMERA COUNCIL,BMRSDA,A4,5.23E-05,0.035843302,A4,45,C1,35,D2,20,3,100
18621,RENMARK PARINGA COUNCIL,LOXUCI,H2,0.000184258,0.10871655,H2,24.75,G1,20.25,A4,19.25,7,100
18629,THE DC OF LOXTON WAIKERIE,HOLQVA,A4,8.95E-05,0.051510098,A4,42.75,B2,33.25,C1,19,4,100
18630,THE DC OF LOXTON WAIKERIE,HOLQVA,A4,6.10E-05,0.037577741,A4,42.75,B2,33.25,C1,19,4,100
18631,RENMARK PARINGA COUNCIL,HOLRCE,B3,6.10E-05,0.035070706,B3,40,C1,30.1,B2,29.9,3,100
18633,THE BERRI BARMERA COUNCIL,BMRUFJ,G1,4.46E-05,0.037336248,A4,24.75,G1,24.75,H2,20.25,5,100
18638,RENMARK PARINGA COUNCIL,LOXUCJ,H2,7.16E-05,0.070897357,H2,24.75,G1,20.25,A4,19.25,7,100
18642,THE DC OF LOXTON WAIKERIE,HOLUMJ,H2,0.000145149,0.065355706,H2,45,A4,30.25,C1,24.75,3,100
18644,THE DC OF LOXTON WAIKERIE,HOLQVA,A4,0.000120707,0.045568859,A4,42.75,B2,33.25,C1,19,4,100
18649,THE DC OF LOXTON WAIKERIE,HOLQVA,A4,7.08E-05,0.036715733,A4,42.75,B2,33.25,C1,19,4,100
18650,MID MURRAY COUNCIL,DUTTPB,C5,0.000257541,0.09194838,C5,35,A4,30,D2,20,4,100
18653,MID MURRAY COUNCIL,SUTKVJ,A6,7.81E-05,0.063771168,A6,80,A3,20,None,0,2,100
18657,MID MURRAY COUNCIL,TOWKNG,A4,9.02E-05,0.039839051,A4,55,D2,20,C1,15,4,100
18661,THE BERRI BARMERA COUNCIL,UMVUfF,H2,0.000157626,0.055420111,H2,65,M2,12.25,E3,10.5,6,100
18665,THE DC OF LOXTON WAIKERIE,HOLQVA,A4,0.000315836,0.126539956,A4,42.75,B2,33.25,C1,19,4,100
18667,THE BERRI BARMERA COUNCIL,BMRSDA,A4,6.11E-05,0.042930544,A4,45,C1,35,D2,20,3,100
18671,THE DC OF LOXTON WAIKERIE,HOLQOA,B2,0.000270866,0.105131636,B2,85,H2,15,None,0,2,100
18682,RENMARK PARINGA COUNCIL,NOOUMJ,A4,0.000188515,0.061660941,A4,55,H2,45,None,0,2,100
18686,THE DC OF LOXTON WAIKERIE,HOLSaB,A4,4.84E-05,0.026417572,A4,55,C1,45,None,0,2,100
18692,THE DC OF LOXTON WAIKERIE,MURUMF,H2,3.24E-05,0.03558457,H2,75,A4,13.75,C1,11.25,3,100
18694,MID MURRAY COUNCIL,LMVSXI,A4,0.00010533,0.094401408,A4,45,G1,35,H2,20,3,100
18696,RENMARK PARINGA COUNCIL,UMVUrK,H2,2.99E-05,0.03193063,H2,55,E3,24.75,F2,20.25,3,100
18698,RENMARK PARINGA COUNCIL,LOXSDA,C1,0.000111798,0.05651675,C1,35,A4,30,B2,15,5,100
18709,RENMARK PARINGA COUNCIL,UMVXmB,E3,0.000846213,0.307430235,E3,52.25,F2,42.75,H2,5,3,100
18710,THE DC OF LOXTON WAIKERIE,HOLQVA,A4,0.000270379,0.096574732,A4,42.75,B2,33.25,C1,19,4,100
18719,THE DC OF LOXTON WAIKERIE,HOLQVB,A4,0.000406651,0.097375448,A4,42.75,B2,33.25,C1,19,4,100
18721,RENMARK PARINGA COUNCIL,LOXUCJ,H2,0.00050728,0.132679955,H2,24.75,G1,20.25,A4,19.25,7,100
18724,THE BERRI BARMERA COUNCIL,UMVXmB,E3,0.000148666,0.06308459,E3,52.25,F2,42.75,H2,5,3,100
18728,THE DC OF LOXTON WAIKERIE,HOLUMJ,H2,0.001300718,0.272740333,H2,45,A4,30.25,C1,24.75,3,100
18732,RENMARK PARINGA COUNCIL,UMVSXII,A4,1.69E-05,0.026733963,A4,65,G1,20,B8,15,3,100
18736,THE DC OF LOXTON WAIKERIE,UMVXmA,E3,0.000612669,0.240608065,E3,46.75,F2,38.25,WW,10,4,100
18741,RENMARK PARINGA COUNCIL,UMVXl-,WW,0.000281949,0.115883959,WW,100,None,0,None,0,1,100
18742,RENMARK PARINGA COUNCIL,LOXSDK,C1,0.000307967,0.096265539,C1,35,A4,30,B2,15,5,100
18751,THE DC OF LOXTON WAIKERIE,HOLSaA,A4,0.000664015,0.172715427,A4,55,C1,45,None,0,2,100
18756,RENMARK PARINGA COUNCIL,UMVXmA,E3,0.000109943,0.077207131,E3,46.75,F2,38.25,WW,10,4,100
18760,THE DC OF LOXTON WAIKERIE,MURSgA,A4,0.00036615,0.160890356,A4,60,H2,25,C1,15,3,100
18768,THE DC OF LOXTON WAIKERIE,HOLQOA,B2,0.000532498,0.173832153,B2,85,H2,15,None,0,2,100
18771,THE BERRI BARMERA COUNCIL,UMVUDu,H2,0.000460382,0.250600509,H2,55,G1,45,None,0,2,100
18773,RENMARK PARINGA COUNCIL,UMVUrK,H2,2.84E-05,0.025916791,H2,55,E3,24.75,F2,20.25,3,100
18777,THE DC OF LOXTON WAIKERIE,HOLUMI,H2,0.001137243,0.260437053,H2,45,A4,30.25,C1,24.75,3,100
18778,THE BERRI BARMERA COUNCIL,LOXUCJ,H2,0.000237958,0.082579845,H2,24.75,G1,20.25,A4,19.25,7,100
18784,THE DC OF LOXTON WAIKERIE,HOLQYB,A4,0.000667965,0.192481282,A4,33.75,B2,26.25,H2,25,4,100
18785,MID MURRAY COUNCIL,MRDQHE,B2,8.81E-05,0.084878874,B2,100,None,0,None,0,1,100
18787,MID MURRAY COUNCIL,STOKOE,A4,0.000205505,0.143392574,A4,55,D4,20,A5,15,4,100
18791,MID MURRAY COUNCIL,STOKOE,A4,4.32E-05,0.04264212,A4,55,D4,20,A5,15,4,100
18794,THE DC OF LOXTON WAIKERIE,HOLQVA,A4,0.000461551,0.139994102,A4,42.75,B2,33.25,C1,19,4,100
18798,MID MURRAY COUNCIL,SUTKVJ,A6,3.59E-05,0.039962712,A6,80,A3,20,None,0,2,100
18799,MID MURRAY COUNCIL,MAAAKH,L1,0.000259614,0.082086943,L1,55,D1,45,None,0,2,100
18801,THE BERRI BARMERA COUNCIL,BMRUFJ,G1,0.000228432,0.119923916,A4,24.75,G1,24.75,H2,20.25,5,100
18805,THE BERRI BARMERA COUNCIL,UMVXn-,WW,0.000298144,0.116999519,WW,50,N3,25,E3,13.75,4,100
18808,THE DC OF LOXTON WAIKERIE,HOLQVA,A4,8.55E-05,0.04842489,A4,42.75,B2,33.25,C1,19,4,100
18812,THE DC OF LOXTON WAIKERIE,HOLUMJ,H2,0.000268885,0.119864016,H2,45,A4,30.25,C1,24.75,3,100
18813,RENMARK PARINGA COUNCIL,UMVSXII,A4,0.000220022,0.152416482,A4,65,G1,20,B8,15,3,100
18815,THE BERRI BARMERA COUNCIL,BMRSIB,C1,7.73E-05,0.053445865,C1,26.25,H2,25,A4,22.5,5,100
18825,THE BERRI BARMERA COUNCIL,LOXSkB,A4,0.000361004,0.131328506,A4,75,G1,13.75,H2,11.25,3,100
18826,RENMARK PARINGA COUNCIL,LOXSkB,A4,0.001193551,0.365824963,A4,75,G1,13.75,H2,11.25,3,100
18827,MID MURRAY COUNCIL,BRNShG,A4,0.000357282,0.126705171,A4,65,B2,20,A5,15,3,100
18829,THE DC OF LOXTON WAIKERIE,HOLQMA,B2,0.000526423,0.117316848,B2,100,None,0,None,0,1,100
18832,THE BERRI BARMERA COUNCIL,UMVXmA,E3,0.000122067,0.079354595,E3,46.75,F2,38.25,WW,10,4,100
18844,MID MURRAY COUNCIL,SUTEEC,A4,8.61E-05,0.045515505,A4,45,A2,35,B2,20,3,100
18845,MID MURRAY COUNCIL,MRDQHE,B2,8.34E-05,0.079288264,B2,100,None,0,None,0,1,100
18848,THE DC OF LOXTON WAIKERIE,HOLUMJ,H2,3.81E-05,0.033558522,H2,45,A4,30.25,C1,24.75,3,100
18851,THE BERRI BARMERA COUNCIL,UMVXmB,E3,0.000107655,0.055304206,E3,52.25,F2,42.75,H2,5,3,100
18852,RENMARK PARINGA COUNCIL,LOXZB-,N2,1.40E-05,0.01607491,N2,100,None,0,None,0,1,100
18854,RENMARK PARINGA COUNCIL,UMVSXD,A4,2.65E-05,0.034754731,A4,48.75,H2,25,G1,15,4,100
18855,THE DC OF LOXTON WAIKERIE,HOLRCE,B3,3.83E-05,0.024806569,B3,40,C1,30.1,B2,29.9,3,100
18856,THE DC OF LOXTON WAIKERIE,HOLQVA,A4,7.27E-05,0.042107767,A4,42.75,B2,33.25,C1,19,4,100
18859,RENMARK PARINGA COUNCIL,UMVXmB,E3,0.000752524,0.320155997,E3,52.25,F2,42.75,H2,5,3,100
18860,RENMARK PARINGA COUNCIL,UMVXmA,E3,0.000984012,0.192860768,E3,46.75,F2,38.25,WW,10,4,100
18864,RENMARK PARINGA COUNCIL,UMVXmB,E3,1.83E-05,0.020500206,E3,52.25,F2,42.75,H2,5,3,100
18867,RENMARK PARINGA COUNCIL,UMVXmA,E3,0.000261712,0.141236538,E3,46.75,F2,38.25,WW,10,4,100
18870,THE DC OF LOXTON WAIKERIE,HOLQYB,A4,0.001516995,0.415009538,A4,33.75,B2,26.25,H2,25,4,100
18872,THE BERRI BARMERA COUNCIL,BMRUFJ,G1,0.000221797,0.105423868,A4,24.75,G1,24.75,H2,20.25,5,100
18874,THE DC OF LOXTON WAIKERIE,HOLQYA,A4,0.00157921,0.379761212,A4,33.75,B2,26.25,H2,25,4,100
18880,THE BERRI BARMERA COUNCIL,UMVXw-,WW,0.000332307,0.153704371,WW,100,None,0,None,0,1,100
18882,RENMARK PARINGA COUNCIL,LOXSDA,C1,0.000164151,0.079066261,C1,35,A4,30,B2,15,5,100
18893,THE DC OF LOXTON WAIKERIE,UMVSXII,A4,4.01E-05,0.027967756,A4,65,G1,20,B8,15,3,100
18894,RENMARK PARINGA COUNCIL,LOXSkB,A4,0.000141138,0.072282402,A4,75,G1,13.75,H2,11.25,3,100
18895,THE BERRI BARMERA COUNCIL,LOXSkB,A4,3.34E-05,0.026837407,A4,75,G1,13.75,H2,11.25,3,100
18897,MID MURRAY COUNCIL,TOWKNA,A4,0.00017645,0.08372811,A4,55,D2,20,C1,15,4,100
18898,MID MURRAY COUNCIL,MRDQHE,B2,0.000132137,0.095129447,B2,100,None,0,None,0,1,100
18902,MID MURRAY COUNCIL,TOWKNA,A4,0.000629393,0.13126509,A4,55,D2,20,C1,15,4,100
18905,THE DC OF LOXTON WAIKERIE,LMVSXII,A4,1.82E-05,0.024051327,A4,45,G1,35,H2,20,3,100
18906,RENMARK PARINGA COUNCIL,LOXZB-,N2,1.88E-05,0.017064994,N2,100,None,0,None,0,1,100
18907,RENMARK PARINGA COUNCIL,UMVUrK,H2,2.42E-05,0.025738835,H2,55,E3,24.75,F2,20.25,3,100
18909,THE DC OF LOXTON WAIKERIE,HOLQMA,B2,9.78E-05,0.046709188,B2,100,None,0,None,0,1,100
18911,MID MURRAY COUNCIL,TOWKNG,A4,0.000222037,0.063157301,A4,55,D2,20,C1,15,4,100
18914,MID MURRAY COUNCIL,LMVSXII,A4,3.86E-05,0.02913636,A4,45,G1,35,H2,20,3,100
18917,THE DC OF LOXTON WAIKERIE,HOLSaB,A4,0.000101499,0.050832799,A4,55,C1,45,None,0,2,100
18922,THE DC OF LOXTON WAIKERIE,HOLUMF,H2,4.86E-05,0.047030903,H2,65,A4,19.25,C1,15.75,3,100
18925,THE BERRI BARMERA COUNCIL,UMVU-u,H2,5.07E-05,0.041884555,H2,55,G1,45,None,0,2,100
18929,THE DC OF LOXTON WAIKERIE,HOLQVA,A4,6.57E-05,0.043039122,A4,42.75,B2,33.25,C1,19,4,100
18936,RENMARK PARINGA COUNCIL,HOLQVA,A4,7.16E-05,0.038304536,A4,42.75,B2,33.25,C1,19,4,100
18941,THE BERRI BARMERA COUNCIL,BMRUFJ,G1,5.97E-05,0.030048686,A4,24.75,G1,24.75,H2,20.25,5,100
18942,THE BERRI BARMERA COUNCIL,BMRZB-,N2,1.77E-05,0.023920148,N2,65,A4,20,C1,15,3,100
18943,MID MURRAY COUNCIL,CRPZY-,A6,9.58E-06,0.013137446,A6,55,A8,45,None,0,2,100
18947,THE BERRI BARMERA COUNCIL,BMRZB-,N2,3.90E-05,0.041641192,N2,65,A4,20,C1,15,3,100
18949,THE DC OF LOXTON WAIKERIE,HOLSgB,A4,0.000481063,0.163029182,A4,41.25,C1,33.75,H2,25,3,100
18950,RENMARK PARINGA COUNCIL,UMVUrK,H2,0.000112046,0.067350559,H2,55,E3,24.75,F2,20.25,3,100
18953,THE BERRI BARMERA COUNCIL,LOXUCJ,H2,6.64E-05,0.04262577,H2,24.75,G1,20.25,A4,19.25,7,100
18956,THE BERRI BARMERA COUNCIL,UMVUrK,H2,6.39E-05,0.065380262,H2,55,E3,24.75,F2,20.25,3,100
18959,THE DC OF LOXTON WAIKERIE,HOLUMJ,H2,8.47E-05,0.062394084,H2,45,A4,30.25,C1,24.75,3,100
18960,THE BERRI BARMERA COUNCIL,UMVXTA,M2,0.000251347,0.076825635,M2,19.25,E3,16.5,D2,15.75,8,100
18961,THE DC OF LOXTON WAIKERIE,HOLUMF,H2,8.94E-05,0.050644989,H2,65,A4,19.25,C1,15.75,3,100
18963,RENMARK PARINGA COUNCIL,LOXSDA,C1,4.67E-05,0.029763834,C1,35,A4,30,B2,15,5,100
18966,THE DC OF LOXTON WAIKERIE,HOLUMJ,H2,0.000123447,0.069543512,H2,45,A4,30.25,C1,24.75,3,100
18968,THE BERRI BARMERA COUNCIL,UMVUrK,H2,1.33E-05,0.013640307,H2,55,E3,24.75,F2,20.25,3,100
18971,MID MURRAY COUNCIL,BRNKVo,A4,6.05E-05,0.044367016,A4,55,A5,20,A6,15,4,100
18972,THE BERRI BARMERA COUNCIL,LOXSkB,A4,6.33E-05,0.050612808,A4,75,G1,13.75,H2,11.25,3,100
18975,RENMARK PARINGA COUNCIL,UMVXSA,M2,1.96E-05,0.018460378,M2,35,E3,30,M4,15,5,100
18980,RENMARK PARINGA COUNCIL,LOXUCJ,H2,4.00E-05,0.033051192,H2,24.75,G1,20.25,A4,19.25,7,100
18981,MID MURRAY COUNCIL,DUTJEG,D2,0.000101367,0.066442511,D2,45,D3,35,C3,20,3,100
18982,THE DC OF LOXTON WAIKERIE,HOLUMF,H2,0.000120906,0.095678868,H2,65,A4,19.25,C1,15.75,3,100
18986,THE DC OF LOXTON WAIKERIE,HOLQYA,A4,7.89E-05,0.041469917,A4,33.75,B2,26.25,H2,25,4,100
18988,THE BERRI BARMERA COUNCIL,BMRUFJ,G1,4.63E-05,0.035735054,A4,24.75,G1,24.75,H2,20.25,5,100
18989,THE DC OF LOXTON WAIKERIE,LMVSXC,G1,6.43E-05,0.042927947,G1,37.5,A4,33.75,H2,28.75,3,100
18991,THE DC OF LOXTON WAIKERIE,HOLUMF,H2,9.24E-05,0.056902774,H2,65,A4,19.25,C1,15.75,3,100
18992,RENMARK PARINGA COUNCIL,LOXUCJ,H2,5.62E-05,0.033955608,H2,24.75,G1,20.25,A4,19.25,7,100
18993,MID MURRAY COUNCIL,MAADHC,D1,0.000154964,0.059615101,D1,80,L1,20,None,0,2,100
18995,THE DC OF LOXTON WAIKERIE,HOLUMF,H2,5.63E-05,0.03970739,H2,65,A4,19.25,C1,15.75,3,100
18996,THE DC OF LOXTON WAIKERIE,HOLUMJ,H2,4.38E-05,0.032066146,H2,45,A4,30.25,C1,24.75,3,100
19005,THE BERRI BARMERA COUNCIL,UMVXmA,E3,0.000170557,0.080530649,E3,46.75,F2,38.25,WW,10,4,100
19006,THE DC OF LOXTON WAIKERIE,HOLUMF,H2,0.000504243,0.15583901,H2,65,A4,19.25,C1,15.75,3,100
19013,THE BERRI BARMERA COUNCIL,BMRSDA,A4,0.00022912,0.1124176,A4,45,C1,35,D2,20,3,100
19020,MID MURRAY COUNCIL,LMVSEC,A4,5.37E-05,0.056636861,A4,45,G1,35,H2,20,3,100
19026,THE DC OF LOXTON WAIKERIE,HOLQVA,A4,0.000363646,0.110408735,A4,42.75,B2,33.25,C1,19,4,100
19031,THE DC OF LOXTON WAIKERIE,BLTUUK,H2,2.56E-05,0.031030243,H2,55,B2,45,None,0,2,100
19032,THE BERRI BARMERA COUNCIL,BMRZB-,N2,1.78E-05,0.016600348,N2,65,A4,20,C1,15,3,100
19038,RENMARK PARINGA COUNCIL,UMVXmA,E3,0.00014697,0.097806066,E3,46.75,F2,38.25,WW,10,4,100
19040,THE DC OF LOXTON WAIKERIE,HOLQVA,A4,0.00023541,0.097807713,A4,42.75,B2,33.25,C1,19,4,100
19041,THE DC OF LOXTON WAIKERIE,HOLQVA,A4,0.000331365,0.103881378,A4,42.75,B2,33.25,C1,19,4,100
19045,MID MURRAY COUNCIL,SUTEEC,A4,0.000372338,0.086514342,A4,45,A2,35,B2,20,3,100
19047,MID MURRAY COUNCIL,LMVA-l,RR,1.54E-05,0.023542885,RR,100,None,0,None,0,1,100
19052,MID MURRAY COUNCIL,SUTKVJ,A6,0.000133022,0.113977452,A6,80,A3,20,None,0,2,100
19054,THE DC OF LOXTON WAIKERIE,HOLQVA,A4,0.000153108,0.054518823,A4,42.75,B2,33.25,C1,19,4,100
19056,RENMARK PARINGA COUNCIL,LOXSkB,A4,0.001084912,0.256782307,A4,75,G1,13.75,H2,11.25,3,100
19059,THE BERRI BARMERA COUNCIL,LOXSkB,A4,0.000264788,0.124982491,A4,75,G1,13.75,H2,11.25,3,100
19064,MID MURRAY COUNCIL,COHAKB,L1,0.000138001,0.071880823,L1,55,K3,20,D1,15,4,100
19065,THE DC OF LOXTON WAIKERIE,HOLUMF,H2,0.000423727,0.150389237,H2,65,A4,19.25,C1,15.75,3,100
19068,RENMARK PARINGA COUNCIL,NOOSDP,A4,9.75E-05,0.059030955,A4,55,C1,45,None,0,2,100
19070,THE BERRI BARMERA COUNCIL,LOXUCJ,H2,0.002206074,0.639669613,H2,24.75,G1,20.25,A4,19.25,7,100
19073,THE DC OF LOXTON WAIKERIE,HOLQVB,A4,0.000242202,0.092314767,A4,42.75,B2,33.25,C1,19,4,100
19074,THE DC OF LOXTON WAIKERIE,LOXSkB,A4,0.002107093,0.450378344,A4,75,G1,13.75,H2,11.25,3,100
19076,THE BERRI BARMERA COUNCIL,LOXUCI,H2,0.000535055,0.167174401,H2,24.75,G1,20.25,A4,19.25,7,100
19077,THE DC OF LOXTON WAIKERIE,HOLQOA,B2,0.001187823,0.340018047,B2,85,H2,15,None,0,2,100
19078,THE DC OF LOXTON WAIKERIE,UMVXmB,E3,0.00012309,0.10157757,E3,52.25,F2,42.75,H2,5,3,100
19081,THE DC OF LOXTON WAIKERIE,HOLQVA,A4,0.000171166,0.059187162,A4,42.75,B2,33.25,C1,19,4,100
19086,THE DC OF LOXTON WAIKERIE,LOXSkB,A4,0.000470714,0.107561869,A4,75,G1,13.75,H2,11.25,3,100
19095,MID MURRAY COUNCIL,STOKOJ,A4,8.36E-05,0.087658991,A4,55,D4,20,A5,15,4,100
19097,THE DC OF LOXTON WAIKERIE,LOXSkB,A4,0.000273796,0.097147747,A4,75,G1,13.75,H2,11.25,3,100
19104,THE DC OF LOXTON WAIKERIE,LOXSDA,C1,0.000293237,0.121480194,C1,35,A4,30,B2,15,5,100
19106,THE DC OF LOXTON WAIKERIE,LOXSDK,C1,0.000149549,0.096818663,C1,35,A4,30,B2,15,5,100
19108,MID MURRAY COUNCIL,MRDQHE,B2,0.000119764,0.112386308,B2,100,None,0,None,0,1,100
19115,THE DC OF LOXTON WAIKERIE,HOLUMJ,H2,0.000187302,0.12824504,H2,45,A4,30.25,C1,24.75,3,100
19116,THE DC OF LOXTON WAIKERIE,LOXUCJ,H2,0.001542833,0.298596661,H2,24.75,G1,20.25,A4,19.25,7,100
19117,THE DC OF LOXTON WAIKERIE,LOXSDA,C1,0.000173533,0.078518213,C1,35,A4,30,B2,15,5,100
19120,THE DC OF LOXTON WAIKERIE,LOXSkB,A4,0.000302645,0.132616894,A4,75,G1,13.75,H2,11.25,3,100
19133,THE DC OF LOXTON WAIKERIE,LOXSDA,C1,0.000101242,0.041720355,C1,35,A4,30,B2,15,5,100
19139,THE DC OF LOXTON WAIKERIE,HOLQMA,B2,0.00017131,0.098403307,B2,100,None,0,None,0,1,100
19141,MID MURRAY COUNCIL,MRDQHB,B2,0.000151325,0.122248666,B2,100,None,0,None,0,1,100
19142,THE BERRI BARMERA COUNCIL,UMVUrK,H2,3.21E-05,0.026653147,H2,55,E3,24.75,F2,20.25,3,100
19143,MID MURRAY COUNCIL,COHAKD,L1,7.84E-05,0.048380734,L1,55,K3,20,D1,15,4,100
19146,THE DC OF LOXTON WAIKERIE,HOLUMF,H2,8.29E-05,0.045314187,H2,65,A4,19.25,C1,15.75,3,100
19147,MID MURRAY COUNCIL,COHETI,L1,4.74E-05,0.037028965,L1,40,K3,30.1,D1,29.9,3,100
19153,MID MURRAY COUNCIL,TOWKNJ,A4,8.80E-05,0.076663382,A4,55,D2,20,C1,15,4,100
19158,THE DC OF LOXTON WAIKERIE,HOLSaB,A4,0.001751999,0.472846048,A4,55,C1,45,None,0,2,100
19166,MID MURRAY COUNCIL,TOWKNJ,A4,9.09E-05,0.079797555,A4,55,D2,20,C1,15,4,100
19167,MID MURRAY COUNCIL,STOKOU,A4,0.000122902,0.051206811,A4,55,D4,20,A5,15,4,100
19168,THE DC OF LOXTON WAIKERIE,HOLUMJ,H2,0.000966128,0.422136722,H2,45,A4,30.25,C1,24.75,3,100
19169,THE DC OF LOXTON WAIKERIE,LOXSDA,C1,0.000203708,0.092266152,C1,35,A4,30,B2,15,5,100
19170,THE DC OF LOXTON WAIKERIE,UMVXmA,E3,0.000149845,0.079557452,E3,46.75,F2,38.25,WW,10,4,100
19183,THE BERRI BARMERA COUNCIL,LOXUCJ,H2,0.000289826,0.091821893,H2,24.75,G1,20.25,A4,19.25,7,100
19186,THE DC OF LOXTON WAIKERIE,HOLQOA,B2,4.08E-05,0.026577422,B2,85,H2,15,None,0,2,100
19188,THE DC OF LOXTON WAIKERIE,LOXSDA,C1,4.96E-05,0.034430225,C1,35,A4,30,B2,15,5,100
19190,THE DC OF LOXTON WAIKERIE,LOXSDA,C1,6.92E-05,0.035568489,C1,35,A4,30,B2,15,5,100
19191,THE DC OF LOXTON WAIKERIE,LOXSDA,C1,0.000119443,0.062438064,C1,35,A4,30,B2,15,5,100
19195,THE DC OF LOXTON WAIKERIE,HOLSaA,A4,0.000519996,0.142041906,A4,55,C1,45,None,0,2,100
19196,THE DC OF LOXTON WAIKERIE,HOLQVA,A4,0.000142691,0.067874136,A4,42.75,B2,33.25,C1,19,4,100
19197,THE BERRI BARMERA COUNCIL,UMVXmB,E3,0.000166533,0.047575048,E3,52.25,F2,42.75,H2,5,3,100
19199,THE DC OF LOXTON WAIKERIE,MANQOA,B2,4.59E-05,0.033593672,B2,48.75,H2,25,A4,15,4,100
19200,MID MURRAY COUNCIL,TRUDBC,D1,4.93E-05,0.03076127,D1,65,L1,20,D7,15,3,100
19209,THE DC OF LOXTON WAIKERIE,HOLUMJ,H2,0.000163558,0.091176391,H2,45,A4,30.25,C1,24.75,3,100
19212,THE BERRI BARMERA COUNCIL,UMVXSA,M2,2.28E-05,0.020774958,M2,35,E3,30,M4,15,5,100
19213,THE DC OF LOXTON WAIKERIE,HOLUMJ,H2,0.000220092,0.092754204,H2,45,A4,30.25,C1,24.75,3,100
19215,THE DC OF LOXTON WAIKERIE,HOLRCE,B3,8.16E-05,0.035897004,B3,40,C1,30.1,B2,29.9,3,100
19218,THE DC OF LOXTON WAIKERIE,LOXUCI,H2,0.009849302,2.155589192,H2,24.75,G1,20.25,A4,19.25,7,100
19219,MID MURRAY COUNCIL,MRDQHE,B2,6.95E-05,0.037124837,B2,100,None,0,None,0,1,100
19220,THE BERRI BARMERA COUNCIL,LOXSDA,C1,4.68E-05,0.03034428,C1,35,A4,30,B2,15,5,100
19221,THE DC OF LOXTON WAIKERIE,MANUUJ,B2,6.05E-05,0.033180054,B2,55,H2,45,None,0,2,100
19233,THE DC OF LOXTON WAIKERIE,LOXSkL,A4,5.24E-05,0.028191829,A4,75,G1,13.75,H2,11.25,3,100
19238,MID MURRAY COUNCIL,MRDQHE,B2,8.87E-05,0.076169348,B2,100,None,0,None,0,1,100
19240,THE DC OF LOXTON WAIKERIE,LOXSkB,A4,0.00019166,0.074353799,A4,75,G1,13.75,H2,11.25,3,100
19242,MID MURRAY COUNCIL,STOKOU,A4,6.14E-05,0.036895235,A4,55,D4,20,A5,15,4,100
19243,MID MURRAY COUNCIL,DUTTPB,C5,4.11E-05,0.032588206,C5,35,A4,30,D2,20,4,100
19244,THE DC OF LOXTON WAIKERIE,HOLRCE,B3,4.60E-05,0.02915323,B3,40,C1,30.1,B2,29.9,3,100
19245,THE DC OF LOXTON WAIKERIE,HOLQYA,A4,0.000181787,0.07577714,A4,33.75,B2,26.25,H2,25,4,100
19246,MID MURRAY COUNCIL,TOWKNG,A4,0.000251458,0.094234565,A4,55,D2,20,C1,15,4,100
19247,MID MURRAY COUNCIL,COHETC,L1,5.31E-05,0.029077267,L1,40,K3,30.1,D1,29.9,3,100
19248,THE DC OF LOXTON WAIKERIE,BLTQHE,B2,5.47E-05,0.028511932,B2,80,A5,20,None,0,2,100
19250,MID MURRAY COUNCIL,COHAKD,L1,2.85E-05,0.025192596,L1,55,K3,20,D1,15,4,100
19258,THE DC OF LOXTON WAIKERIE,HOLQMA,B2,0.000383877,0.096923817,B2,100,None,0,None,0,1,100
19259,MID MURRAY COUNCIL,COHAKD,L1,9.06E-05,0.069474308,L1,55,K3,20,D1,15,4,100
19261,THE DC OF LOXTON WAIKERIE,HOLQMA,B2,0.003991804,1.263624595,B2,100,None,0,None,0,1,100
19265,THE DC OF LOXTON WAIKERIE,MANQMA,B2,0.004030262,1.025126464,B2,65,A4,20,B3,15,3,100
19267,THE DC OF LOXTON WAIKERIE,LOXSkB,A4,9.05E-05,0.042596412,A4,75,G1,13.75,H2,11.25,3,100
19268,THE DC OF LOXTON WAIKERIE,LMVXm-,E3,2.02E-05,0.030384346,E3,39,H2,20,N3,20,5,100
19273,THE DC OF LOXTON WAIKERIE,HOLRCE,B3,2.43E-05,0.022842184,B3,40,C1,30.1,B2,29.9,3,100
19274,THE BERRI BARMERA COUNCIL,UMVUrK,H2,1.78E-05,0.019732704,H2,55,E3,24.75,F2,20.25,3,100
19278,THE DC OF LOXTON WAIKERIE,HOLSaA,A4,0.000104536,0.048298734,A4,55,C1,45,None,0,2,100
19280,THE DC OF LOXTON WAIKERIE,HOLQVA,A4,0.000226053,0.079209806,A4,42.75,B2,33.25,C1,19,4,100
19282,THE DC OF LOXTON WAIKERIE,LOXSDA,C1,7.65E-05,0.050949968,C1,35,A4,30,B2,15,5,100
19285,THE DC OF LOXTON WAIKERIE,HOLSaA,A4,7.28E-05,0.042031329,A4,55,C1,45,None,0,2,100
19286,THE DC OF LOXTON WAIKERIE,LOXSDA,C1,0.000117917,0.062021069,C1,35,A4,30,B2,15,5,100
19291,MID MURRAY COUNCIL,STOKOU,A4,0.000792174,0.296857443,A4,55,D4,20,A5,15,4,100
19292,THE DC OF LOXTON WAIKERIE,HOLUMF,H2,4.21E-05,0.035844822,H2,65,A4,19.25,C1,15.75,3,100
19294,MID MURRAY COUNCIL,STOKOU,A4,0.00036243,0.083463469,A4,55,D4,20,A5,15,4,100
19295,MID MURRAY COUNCIL,STOSRA,A4,0.000647375,0.153513323,A4,80,A5,11,B2,9,3,100
19296,THE DC OF LOXTON WAIKERIE,LOXSDA,C1,8.81E-05,0.047522084,C1,35,A4,30,B2,15,5,100
19300,THE DC OF LOXTON WAIKERIE,UMVXmA,E3,0.000159835,0.061129592,E3,46.75,F2,38.25,WW,10,4,100
19301,THE DC OF LOXTON WAIKERIE,MANQOA,B2,1.96E-05,0.022276912,B2,48.75,H2,25,A4,15,4,100
19303,THE DC OF LOXTON WAIKERIE,HOLUMJ,H2,0.000133427,0.050340537,H2,45,A4,30.25,C1,24.75,3,100
19305,THE DC OF LOXTON WAIKERIE,LOXUCJ,H2,0.000464718,0.136739338,H2,24.75,G1,20.25,A4,19.25,7,100
19307,THE DC OF LOXTON WAIKERIE,LOXSDA,C1,8.40E-05,0.05983244,C1,35,A4,30,B2,15,5,100
19314,THE DC OF LOXTON WAIKERIE,LOXSDA,C1,5.15E-05,0.029951358,C1,35,A4,30,B2,15,5,100
19316,MID MURRAY COUNCIL,STOSRA,A4,4.00E-05,0.030013218,A4,80,A5,11,B2,9,3,100
19319,THE DC OF LOXTON WAIKERIE,HOLQMA,B2,0.000138867,0.076446336,B2,100,None,0,None,0,1,100
19322,THE DC OF LOXTON WAIKERIE,HOLRCE,B3,2.88E-05,0.02087153,B3,40,C1,30.1,B2,29.9,3,100
19325,THE BERRI BARMERA COUNCIL,LOXUCJ,H2,0.000459495,0.145063404,H2,24.75,G1,20.25,A4,19.25,7,100
19330,MID MURRAY COUNCIL,TOWKNJ,A4,3.87E-05,0.042370758,A4,55,D2,20,C1,15,4,100
19331,MID MURRAY COUNCIL,STOSRA,A4,0.000194385,0.062227952,A4,80,A5,11,B2,9,3,100
19336,THE DC OF LOXTON WAIKERIE,HOLQOA,B2,0.000184735,0.087489254,B2,85,H2,15,None,0,2,100
19338,MID MURRAY COUNCIL,TRUDBC,D1,2.93E-05,0.026735898,D1,65,L1,20,D7,15,3,100
19339,THE DC OF LOXTON WAIKERIE,MANRCE,B3,2.15E-05,0.021592959,B3,55,B2,45,None,0,2,100
19342,THE DC OF LOXTON WAIKERIE,HOLQVA,A4,0.000272966,0.09035543,A4,42.75,B2,33.25,C1,19,4,100
19354,THE DC OF LOXTON WAIKERIE,UMVXmB,E3,0.000827118,0.174212614,E3,52.25,F2,42.75,H2,5,3,100
19357,THE DC OF LOXTON WAIKERIE,HOLQVB,A4,0.000481309,0.126540563,A4,42.75,B2,33.25,C1,19,4,100
19358,THE DC OF LOXTON WAIKERIE,LOXSkB,A4,0.000139153,0.071063015,A4,75,G1,13.75,H2,11.25,3,100
19364,THE DC OF LOXTON WAIKERIE,LOXUCJ,H2,0.000128556,0.069675268,H2,24.75,G1,20.25,A4,19.25,7,100
19365,THE BERRI BARMERA COUNCIL,LOXSDA,C1,0.000224968,0.122785291,C1,35,A4,30,B2,15,5,100
19368,THE DC OF LOXTON WAIKERIE,HOLQYA,A4,0.000299268,0.102933708,A4,33.75,B2,26.25,H2,25,4,100
19369,THE DC OF LOXTON WAIKERIE,HOLUMJ,H2,0.000233155,0.12179097,H2,45,A4,30.25,C1,24.75,3,100
19380,THE DC OF LOXTON WAIKERIE,HOLQYB,A4,0.000299334,0.080336642,A4,33.75,B2,26.25,H2,25,4,100
19384,THE DC OF LOXTON WAIKERIE,LOXUCI,H2,0.000142045,0.070591129,H2,24.75,G1,20.25,A4,19.25,7,100
19386,THE DC OF LOXTON WAIKERIE,LOXSkB,A4,0.001231995,0.420929444,A4,75,G1,13.75,H2,11.25,3,100
19391,MID MURRAY COUNCIL,MAAETI,L1,0.000314357,0.128523917,L1,55,D1,45,None,0,2,100
19394,MID MURRAY COUNCIL,STOSRA,A4,7.14E-05,0.038917777,A4,80,A5,11,B2,9,3,100
19395,THE DC OF LOXTON WAIKERIE,LOXUCJ,H2,0.000171251,0.092361839,H2,24.75,G1,20.25,A4,19.25,7,100
19396,MID MURRAY COUNCIL,COHAKD,L1,0.000343886,0.189952229,L1,55,K3,20,D1,15,4,100
19397,THE BERRI BARMERA COUNCIL,UMVSXD,A4,0.000189072,0.166499682,A4,48.75,H2,25,G1,15,4,100
19403,MID MURRAY COUNCIL,STOKOA,A4,0.001295764,0.306136247,A4,55,D4,20,A5,15,4,100
19404,THE DC OF LOXTON WAIKERIE,BLTQHA,B2,0.002947007,0.391645843,B2,100,None,0,None,0,1,100
19407,THE DC OF LOXTON WAIKERIE,LOXSDA,C1,7.48E-05,0.038552727,C1,35,A4,30,B2,15,5,100
19408,THE DC OF LOXTON WAIKERIE,MANRCE,B3,4.99E-05,0.038515989,B3,55,B2,45,None,0,2,100
19412,THE DC OF LOXTON WAIKERIE,HOLQOA,B2,5.38E-05,0.032210892,B2,85,H2,15,None,0,2,100
19413,THE DC OF LOXTON WAIKERIE,LOXUCJ,H2,9.88E-05,0.046256634,H2,24.75,G1,20.25,A4,19.25,7,100
19417,THE DC OF LOXTON WAIKERIE,LOXSDK,C1,0.001023988,0.368844643,C1,35,A4,30,B2,15,5,100
19425,THE BERRI BARMERA COUNCIL,UMVXmD,N2,0.00111516,0.301723055,N2,100,None,0,None,0,1,100
19427,THE DC OF LOXTON WAIKERIE,LOXSkB,A4,0.000337896,0.130835519,A4,75,G1,13.75,H2,11.25,3,100
19432,MID MURRAY COUNCIL,MAADHC,D1,0.000520473,0.150812633,D1,80,L1,20,None,0,2,100
19435,THE DC OF LOXTON WAIKERIE,LOXUCI,H2,8.86E-05,0.04584136,H2,24.75,G1,20.25,A4,19.25,7,100
19445,THE DC OF LOXTON WAIKERIE,UMVUDu,H2,0.000646547,0.270089354,H2,55,G1,45,None,0,2,100
19447,THE DC OF LOXTON WAIKERIE,UMVXmB,E3,0.000114568,0.07136037,E3,52.25,F2,42.75,H2,5,3,100
19451,THE DC OF LOXTON WAIKERIE,LOXUCJ,H2,0.000165168,0.087044323,H2,24.75,G1,20.25,A4,19.25,7,100
19454,MID MURRAY COUNCIL,COHAKC,L1,0.000283415,0.168016572,L1,55,K3,20,D1,15,4,100
19455,THE DC OF LOXTON WAIKERIE,MANSfB,A4,0.000561678,0.103758802,A4,50,B2,25,H2,25,3,100
19460,THE DC OF LOXTON WAIKERIE,UMVXma,E3,0.00093725,0.15389112,E3,35.75,F2,29.25,H2,20,4,100
19466,THE DC OF LOXTON WAIKERIE,MANSfB,A4,0.000139447,0.05266305,A4,50,B2,25,H2,25,3,100
19468,MID MURRAY COUNCIL,MRDQHE,B2,3.76E-05,0.02844638,B2,100,None,0,None,0,1,100
19469,THE DC OF LOXTON WAIKERIE,MANQOA,B2,0.000165421,0.084902611,B2,48.75,H2,25,A4,15,4,100
19472,THE DC OF LOXTON WAIKERIE,HOLQYB,A4,8.37E-05,0.045974749,A4,33.75,B2,26.25,H2,25,4,100
19473,THE DC OF LOXTON WAIKERIE,HOLQOA,B2,5.34E-05,0.049308831,B2,85,H2,15,None,0,2,100
19474,THE DC OF LOXTON WAIKERIE,HOLRCE,B3,4.07E-05,0.026849304,B3,40,C1,30.1,B2,29.9,3,100
19478,MID MURRAY COUNCIL,MRDQHE,B2,4.82E-05,0.043399999,B2,100,None,0,None,0,1,100
19480,THE DC OF LOXTON WAIKERIE,MANU-D,H2,1.80E-05,0.026131891,H2,100,None,0,None,0,1,100
19481,THE DC OF LOXTON WAIKERIE,LMVSXII,A4,4.89E-05,0.047702372,A4,45,G1,35,H2,20,3,100
19482,THE DC OF LOXTON WAIKERIE,MANRCE,B3,9.73E-05,0.051345615,B3,55,B2,45,None,0,2,100
19485,THE DC OF LOXTON WAIKERIE,HOLSaA,A4,0.00025262,0.096551137,A4,55,C1,45,None,0,2,100
19486,MID MURRAY COUNCIL,TOWKNG,A4,0.000444481,0.083357842,A4,55,D2,20,C1,15,4,100
19499,THE DC OF LOXTON WAIKERIE,MANRCE,B3,2.09E-05,0.017738273,B3,55,B2,45,None,0,2,100
19500,THE DC OF LOXTON WAIKERIE,HOLQOA,B2,0.000402933,0.158357505,B2,85,H2,15,None,0,2,100
19501,MID MURRAY COUNCIL,TRUDOI,D1,5.68E-05,0.02876777,D1,80,L1,20,None,0,2,100
19502,THE DC OF LOXTON WAIKERIE,MANSdA,A4,0.00028086,0.109341789,A4,75,B2,25,None,0,2,100
19503,THE DC OF LOXTON WAIKERIE,LOXUCJ,H2,0.000378416,0.119084671,H2,24.75,G1,20.25,A4,19.25,7,100
19506,THE DC OF LOXTON WAIKERIE,LOXSDK,C1,3.70E-05,0.036613731,C1,35,A4,30,B2,15,5,100
19507,MID MURRAY COUNCIL,TRUDBI,D1,0.000277656,0.104640142,D1,65,L1,20,D7,15,3,100
19509,MID MURRAY COUNCIL,TRUDBC,D1,0.000118372,0.051836821,D1,65,L1,20,D7,15,3,100
19510,THE DC OF LOXTON WAIKERIE,UMVSXII,A4,0.000158441,0.113261505,A4,65,G1,20,B8,15,3,100
19511,THE DC OF LOXTON WAIKERIE,LOXSkL,A4,0.000619119,0.243632306,A4,75,G1,13.75,H2,11.25,3,100
19513,THE DC OF LOXTON WAIKERIE,HOLQYB,A4,0.000221885,0.080755946,A4,33.75,B2,26.25,H2,25,4,100
19520,THE DC OF LOXTON WAIKERIE,LOXSDP,C1,1.16E-05,0.01513664,C1,35,A4,30,B2,15,5,100
19522,THE DC OF LOXTON WAIKERIE,MANSdA,A4,7.52E-05,0.042898854,A4,75,B2,25,None,0,2,100
19524,THE DC OF LOXTON WAIKERIE,HOLU-D,H2,0.000101558,0.096966735,H2,100,None,0,None,0,1,100
19528,THE DC OF LOXTON WAIKERIE,LMVXm-,E3,3.98E-05,0.048674366,E3,39,H2,20,N3,20,5,100
19535,THE DC OF LOXTON WAIKERIE,HOLSaB,A4,6.38E-05,0.043782758,A4,55,C1,45,None,0,2,100
19541,MID MURRAY COUNCIL,STOKOE,A4,0.000280848,0.144964352,A4,55,D4,20,A5,15,4,100
19548,THE DC OF LOXTON WAIKERIE,LOXSDA,C1,5.61E-05,0.030527245,C1,35,A4,30,B2,15,5,100
19549,THE DC OF LOXTON WAIKERIE,LOXSeP,A4,0.000209788,0.078990647,A4,35,B2,30,C1,20,4,100
19552,THE DC OF LOXTON WAIKERIE,MANQOA,B2,8.62E-05,0.05173178,B2,48.75,H2,25,A4,15,4,100
19554,THE DC OF LOXTON WAIKERIE,HOLQMA,B2,9.60E-05,0.055186248,B2,100,None,0,None,0,1,100
19555,THE DC OF LOXTON WAIKERIE,LOXSDA,C1,8.84E-05,0.043418558,C1,35,A4,30,B2,15,5,100
19560,THE DC OF LOXTON WAIKERIE,HOLQMA,B2,0.000501669,0.211352415,B2,100,None,0,None,0,1,100
19566,THE DC OF LOXTON WAIKERIE,HOLQYA,A4,0.000142873,0.057063186,A4,33.75,B2,26.25,H2,25,4,100
19571,THE DC OF LOXTON WAIKERIE,HOLSgA,A4,0.000162744,0.057147101,A4,41.25,C1,33.75,H2,25,3,100
19573,THE DC OF LOXTON WAIKERIE,LOXSkB,A4,0.000217666,0.071969516,A4,75,G1,13.75,H2,11.25,3,100
19576,THE DC OF LOXTON WAIKERIE,HOLUMF,H2,5.56E-05,0.045114997,H2,65,A4,19.25,C1,15.75,3,100
19578,THE DC OF LOXTON WAIKERIE,HOLUMJ,H2,0.000763765,0.167977046,H2,45,A4,30.25,C1,24.75,3,100
19581,MID MURRAY COUNCIL,STOKOU,A4,2.28E-05,0.028181594,A4,55,D4,20,A5,15,4,100
19585,THE DC OF LOXTON WAIKERIE,NOOZJ-,N2,0.00831661,1.087305605,N2,75,A8,25,None,0,2,100
19588,THE DC OF LOXTON WAIKERIE,HOLQVA,A4,0.000252882,0.074976141,A4,42.75,B2,33.25,C1,19,4,100
19591,THE DC OF LOXTON WAIKERIE,LOXSkB,A4,0.002129066,0.479291223,A4,75,G1,13.75,H2,11.25,3,100
19594,THE BERRI BARMERA COUNCIL,UMVXmB,E3,3.35E-05,0.029807608,E3,52.25,F2,42.75,H2,5,3,100
19596,THE DC OF LOXTON WAIKERIE,LOXSkB,A4,9.69E-05,0.04454029,A4,75,G1,13.75,H2,11.25,3,100
19597,THE DC OF LOXTON WAIKERIE,HOLRCE,B3,2.56E-05,0.026353538,B3,40,C1,30.1,B2,29.9,3,100
19598,THE DC OF LOXTON WAIKERIE,HOLUMJ,H2,0.000121041,0.05439488,H2,45,A4,30.25,C1,24.75,3,100
19599,THE DC OF LOXTON WAIKERIE,HOLUMJ,H2,8.09E-05,0.069770821,H2,45,A4,30.25,C1,24.75,3,100
19600,THE DC OF LOXTON WAIKERIE,HOLQYB,A4,0.000334009,0.131280381,A4,33.75,B2,26.25,H2,25,4,100
19603,THE DC OF LOXTON WAIKERIE,HOLRCE,B3,4.29E-05,0.039424371,B3,40,C1,30.1,B2,29.9,3,100
19605,MID MURRAY COUNCIL,TOWKNH,A4,6.52E-05,0.035605902,A4,55,D2,20,C1,15,4,100
19608,THE BERRI BARMERA COUNCIL,UMVUrK,H2,6.50E-05,0.060444449,H2,55,E3,24.75,F2,20.25,3,100
19610,THE DC OF LOXTON WAIKERIE,LOXSDK,C1,0.000112166,0.049809504,C1,35,A4,30,B2,15,5,100
19613,THE DC OF LOXTON WAIKERIE,MANSdA,A4,5.43E-05,0.032766932,A4,75,B2,25,None,0,2,100
19620,THE BERRI BARMERA COUNCIL,UMVXmB,E3,0.000540525,0.191405399,E3,52.25,F2,42.75,H2,5,3,100
19621,THE DC OF LOXTON WAIKERIE,HOLUMJ,H2,0.006651335,1.607348155,H2,45,A4,30.25,C1,24.75,3,100
19622,MID MURRAY COUNCIL,TOWKNH,A4,6.14E-05,0.045257567,A4,55,D2,20,C1,15,4,100
19623,MID MURRAY COUNCIL,COHAKD,L1,5.11E-05,0.036900861,L1,55,K3,20,D1,15,4,100
19624,THE DC OF LOXTON WAIKERIE,MANUUI,B2,0.000112936,0.076052085,B2,55,H2,45,None,0,2,100
19626,THE BERRI BARMERA COUNCIL,UMVXmA,E3,0.000194082,0.081688057,E3,46.75,F2,38.25,WW,10,4,100
19627,THE DC OF LOXTON WAIKERIE,UMVXmB,E3,8.43E-05,0.046138035,E3,52.25,F2,42.75,H2,5,3,100
19630,THE DC OF LOXTON WAIKERIE,MANQ-A,RR,0.000140348,0.052223294,RR,55,B2,45,None,0,2,100
19632,MID MURRAY COUNCIL,COHAKD,L1,4.23E-05,0.037448961,L1,55,K3,20,D1,15,4,100
19633,THE DC OF LOXTON WAIKERIE,HOLUMF,H2,3.92E-05,0.03487712,H2,65,A4,19.25,C1,15.75,3,100
19640,MID MURRAY COUNCIL,MRDQHE,B2,0.000120094,0.087075325,B2,100,None,0,None,0,1,100
19643,MID MURRAY COUNCIL,TOWKNA,A4,0.00064207,0.129277866,A4,55,D2,20,C1,15,4,100
19645,MID MURRAY COUNCIL,TRUDBI,D1,0.000194584,0.079934892,D1,65,L1,20,D7,15,3,100
19648,MID MURRAY COUNCIL,COHETC,L1,7.23E-05,0.038400729,L1,40,K3,30.1,D1,29.9,3,100
19651,MID MURRAY COUNCIL,TRUDOH,D1,0.000116997,0.053948059,D1,80,L1,20,None,0,2,100
19653,THE DC OF LOXTON WAIKERIE,LOXSDA,C1,0.000125678,0.064380703,C1,35,A4,30,B2,15,5,100
19655,THE DC OF LOXTON WAIKERIE,HOLRCE,B3,5.85E-05,0.028846123,B3,40,C1,30.1,B2,29.9,3,100
19656,THE DC OF LOXTON WAIKERIE,HOLQMA,B2,8.96E-05,0.048798141,B2,100,None,0,None,0,1,100
19661,MID MURRAY COUNCIL,COHAKD,L1,5.27E-05,0.046574051,L1,55,K3,20,D1,15,4,100
19662,THE DC OF LOXTON WAIKERIE,HOLRCE,B3,4.48E-05,0.031734169,B3,40,C1,30.1,B2,29.9,3,100
19663,THE DC OF LOXTON WAIKERIE,LOXSkB,A4,0.00012416,0.049643664,A4,75,G1,13.75,H2,11.25,3,100
19667,MID MURRAY COUNCIL,MRDVZ-,A5,5.78E-05,0.034033342,A5,100,None,0,None,0,1,100
19668,THE DC OF LOXTON WAIKERIE,MANQMA,B2,4.78E-05,0.032534676,B2,65,A4,20,B3,15,3,100
19670,THE DC OF LOXTON WAIKERIE,UMVXmB,E3,7.52E-05,0.053771652,E3,52.25,F2,42.75,H2,5,3,100
19671,THE DC OF LOXTON WAIKERIE,HOLQOA,B2,0.000207629,0.072946303,B2,85,H2,15,None,0,2,100
19672,MID MURRAY COUNCIL,COHAKD,L1,3.40E-05,0.024534579,L1,55,K3,20,D1,15,4,100
19673,THE DC OF LOXTON WAIKERIE,LOXUCI,H2,0.000306957,0.125772514,H2,24.75,G1,20.25,A4,19.25,7,100
19674,MID MURRAY COUNCIL,TOWKNG,A4,0.00015921,0.051943409,A4,55,D2,20,C1,15,4,100
19679,THE DC OF LOXTON WAIKERIE,LOXSkB,A4,0.000350731,0.12722799,A4,75,G1,13.75,H2,11.25,3,100
19683,THE DC OF LOXTON WAIKERIE,MANSfB,A4,0.000431212,0.12499303,A4,50,B2,25,H2,25,3,100
19687,THE BERRI BARMERA COUNCIL,LOXSkB,A4,0.000329553,0.102206746,A4,75,G1,13.75,H2,11.25,3,100
19696,THE BERRI BARMERA COUNCIL,UMVXmA,E3,0.002135142,0.430547823,E3,46.75,F2,38.25,WW,10,4,100
19700,RENMARK PARINGA COUNCIL,LOXUCJ,H2,0.000156563,0.074631862,H2,24.75,G1,20.25,A4,19.25,7,100
19701,MID MURRAY COUNCIL,LMVXn-,WW,0.001435544,0.340183085,WW,50,N3,25,E3,16.25,5,100
19702,THE DC OF LOXTON WAIKERIE,LOXUCI,H2,0.000428285,0.21861521,H2,24.75,G1,20.25,A4,19.25,7,100
19704,THE DC OF LOXTON WAIKERIE,LOXSDA,C1,0.000305494,0.116043903,C1,35,A4,30,B2,15,5,100
19705,MID MURRAY COUNCIL,TOWKNJ,A4,0.000135593,0.088889218,A4,55,D2,20,C1,15,4,100
19706,THE BERRI BARMERA COUNCIL,UMVU-u,H2,2.71E-05,0.030409031,H2,55,G1,45,None,0,2,100
19710,MID MURRAY COUNCIL,TRUJGJ,D3,0.000187726,0.150337194,D3,100,None,0,None,0,1,100
19711,MID MURRAY COUNCIL,TOWKNJ,A4,2.03E-05,0.024850829,A4,55,D2,20,C1,15,4,100
19712,MID MURRAY COUNCIL,DUTTPB,C5,3.80E-05,0.02930779,C5,35,A4,30,D2,20,4,100
19714,THE DC OF LOXTON WAIKERIE,MANRCE,B3,0.00015124,0.064654492,B3,55,B2,45,None,0,2,100
19715,MID MURRAY COUNCIL,TRUDOI,D1,6.85E-05,0.036009774,D1,80,L1,20,None,0,2,100
19717,MID MURRAY COUNCIL,DUTTPB,C5,1.77E-05,0.017859189,C5,35,A4,30,D2,20,4,100
19721,THE DC OF LOXTON WAIKERIE,HOLSaA,A4,5.24E-05,0.030363311,A4,55,C1,45,None,0,2,100
19722,MID MURRAY COUNCIL,STOKOU,A4,1.57E-05,0.015238539,A4,55,D4,20,A5,15,4,100
19724,THE DC OF LOXTON WAIKERIE,BLTQHE,B2,5.54E-05,0.03266494,B2,80,A5,20,None,0,2,100
19727,THE DC OF LOXTON WAIKERIE,LOXUCI,H2,0.000261075,0.092102156,H2,24.75,G1,20.25,A4,19.25,7,100
19730,MID MURRAY COUNCIL,STOKOJ,A4,2.08E-05,0.030556026,A4,55,D4,20,A5,15,4,100
19732,THE DC OF LOXTON WAIKERIE,HOLQOA,B2,0.000281248,0.102957079,B2,85,H2,15,None,0,2,100
19733,MID MURRAY COUNCIL,LMVSXII,A4,0.000211674,0.154990222,A4,45,G1,35,H2,20,3,100
19741,THE DC OF LOXTON WAIKERIE,LOXSkB,A4,0.000308083,0.123584031,A4,75,G1,13.75,H2,11.25,3,100
19742,THE DC OF LOXTON WAIKERIE,HOLQOA,B2,0.002235428,0.759786178,B2,85,H2,15,None,0,2,100
19744,THE DC OF LOXTON WAIKERIE,LOXUCJ,H2,0.000638147,0.20156747,H2,24.75,G1,20.25,A4,19.25,7,100
19748,MID MURRAY COUNCIL,COHAKD,L1,0.000292991,0.174052681,L1,55,K3,20,D1,15,4,100
19755,THE DC OF LOXTON WAIKERIE,LOXSkB,A4,0.000482231,0.203553799,A4,75,G1,13.75,H2,11.25,3,100
19758,THE DC OF LOXTON WAIKERIE,HOLQMA,B2,0.000336928,0.142411721,B2,100,None,0,None,0,1,100
19759,THE DC OF LOXTON WAIKERIE,HOLQOA,B2,0.000175239,0.102395976,B2,85,H2,15,None,0,2,100
19762,THE DC OF LOXTON WAIKERIE,UMVSXD,A4,5.97E-05,0.051624444,A4,48.75,H2,25,G1,15,4,100
19763,THE DC OF LOXTON WAIKERIE,LOXSkB,A4,0.000759314,0.254866885,A4,75,G1,13.75,H2,11.25,3,100
19766,THE DC OF LOXTON WAIKERIE,HOLQMA,B2,0.000262651,0.104377285,B2,100,None,0,None,0,1,100
19768,THE DC OF LOXTON WAIKERIE,LOXSkB,A4,0.000504882,0.158301555,A4,75,G1,13.75,H2,11.25,3,100
19769,THE DC OF LOXTON WAIKERIE,LOXUCJ,H2,0.000216346,0.113417959,H2,24.75,G1,20.25,A4,19.25,7,100
19772,THE DC OF LOXTON WAIKERIE,HOLQVA,A4,0.000447356,0.174951487,A4,42.75,B2,33.25,C1,19,4,100
19773,MID MURRAY COUNCIL,DUTJEG,D2,6.89E-05,0.047821705,D2,45,D3,35,C3,20,3,100
19779,THE DC OF LOXTON WAIKERIE,HOLUMI,H2,0.000125286,0.080053845,H2,45,A4,30.25,C1,24.75,3,100
19780,THE DC OF LOXTON WAIKERIE,MANUUJ,B2,0.000432926,0.227576416,B2,55,H2,45,None,0,2,100
19782,THE DC OF LOXTON WAIKERIE,LOXSDA,C1,0.000125129,0.064685396,C1,35,A4,30,B2,15,5,100
19783,THE DC OF LOXTON WAIKERIE,LOXSDA,C1,0.000258977,0.113065463,C1,35,A4,30,B2,15,5,100
19788,THE DC OF LOXTON WAIKERIE,HOLQVB,A4,0.000401464,0.119578866,A4,42.75,B2,33.25,C1,19,4,100
19792,THE DC OF LOXTON WAIKERIE,HOLQMA,B2,0.00016526,0.058506797,B2,100,None,0,None,0,1,100
19793,MID MURRAY COUNCIL,STOKPA,H2,0.000208747,0.119967413,H2,45,A4,30.25,D4,11,5,100
19796,MID MURRAY COUNCIL,TOWKNA,A4,0.000727727,0.17224675,A4,55,D2,20,C1,15,4,100
19798,THE BERRI BARMERA COUNCIL,UMVXmB,E3,0.001041978,0.433363551,E3,52.25,F2,42.75,H2,5,3,100
19799,THE DC OF LOXTON WAIKERIE,LOXUCJ,H2,0.000130012,0.062024377,H2,24.75,G1,20.25,A4,19.25,7,100
19804,THE DC OF LOXTON WAIKERIE,UMVSXII,A4,0.000224675,0.151807838,A4,65,G1,20,B8,15,3,100
19806,MID MURRAY COUNCIL,COHETC,L1,0.000153557,0.066168891,L1,40,K3,30.1,D1,29.9,3,100
19809,MID MURRAY COUNCIL,TOWKNG,A4,0.000199425,0.062373425,A4,55,D2,20,C1,15,4,100
19814,THE DC OF LOXTON WAIKERIE,HOLQOA,B2,0.000958301,0.288635624,B2,85,H2,15,None,0,2,100
19820,THE DC OF LOXTON WAIKERIE,LOXSkB,A4,0.000528428,0.187117818,A4,75,G1,13.75,H2,11.25,3,100
19821,THE DC OF LOXTON WAIKERIE,UMVXmB,E3,8.29E-05,0.062874294,E3,52.25,F2,42.75,H2,5,3,100
19822,THE DC OF LOXTON WAIKERIE,HOLQOA,B2,0.000470897,0.147694023,B2,85,H2,15,None,0,2,100
19828,MID MURRAY COUNCIL,MRDQHE,B2,0.000135761,0.108357544,B2,100,None,0,None,0,1,100
19846,THE DC OF LOXTON WAIKERIE,HOLRCE,B3,3.01E-05,0.020570087,B3,40,C1,30.1,B2,29.9,3,100
19848,THE DC OF LOXTON WAIKERIE,HOLQMA,B2,0.000175569,0.069046657,B2,100,None,0,None,0,1,100
19852,THE DC OF LOXTON WAIKERIE,LOXUCI,H2,7.44E-05,0.065018938,H2,24.75,G1,20.25,A4,19.25,7,100
19855,THE DC OF LOXTON WAIKERIE,UMVXmB,E3,2.82E-05,0.021372182,E3,52.25,F2,42.75,H2,5,3,100
19856,THE DC OF LOXTON WAIKERIE,MANQOA,B2,2.26E-05,0.019733666,B2,48.75,H2,25,A4,15,4,100
19857,MID MURRAY COUNCIL,MRDVZ-,A5,3.53E-05,0.022195707,A5,100,None,0,None,0,1,100
19859,THE DC OF LOXTON WAIKERIE,LOXSDA,C1,4.70E-05,0.031368885,C1,35,A4,30,B2,15,5,100
19861,MID MURRAY COUNCIL,MRDQHA,B2,0.0280298,2.153254199,B2,100,None,0,None,0,1,100
19862,THE BERRI BARMERA COUNCIL,UMVXmA,E3,5.35E-05,0.032202775,E3,46.75,F2,38.25,WW,10,4,100
19865,THE DC OF LOXTON WAIKERIE,MANRCE,B3,2.59E-05,0.022161892,B3,55,B2,45,None,0,2,100
19867,THE DC OF LOXTON WAIKERIE,MANRCE,B3,8.71E-05,0.048416381,B3,55,B2,45,None,0,2,100
19868,THE DC OF LOXTON WAIKERIE,HOLQYA,A4,0.000199181,0.066477056,A4,33.75,B2,26.25,H2,25,4,100
19874,THE DC OF LOXTON WAIKERIE,HOLQVA,A4,0.000511166,0.197987526,A4,42.75,B2,33.25,C1,19,4,100
19876,THE BERRI BARMERA COUNCIL,UMVXmB,E3,0.000566232,0.187007089,E3,52.25,F2,42.75,H2,5,3,100
19877,MID MURRAY COUNCIL,TOWKNA,A4,0.00025436,0.077956075,A4,55,D2,20,C1,15,4,100
19878,THE DC OF LOXTON WAIKERIE,HOLQOA,B2,0.000263875,0.125897259,B2,85,H2,15,None,0,2,100
19879,THE DC OF LOXTON WAIKERIE,LOXSDA,C1,4.12E-05,0.024893266,C1,35,A4,30,B2,15,5,100
19880,MID MURRAY COUNCIL,COHAKB,L1,0.000132059,0.078218674,L1,55,K3,20,D1,15,4,100
19884,THE DC OF LOXTON WAIKERIE,HOLQVA,A4,0.000109044,0.055525796,A4,42.75,B2,33.25,C1,19,4,100
19885,THE DC OF LOXTON WAIKERIE,LOXSDA,C1,0.000162633,0.062825255,C1,35,A4,30,B2,15,5,100
19886,MID MURRAY COUNCIL,MRDQHE,B2,3.13E-05,0.027067259,B2,100,None,0,None,0,1,100
19887,THE DC OF LOXTON WAIKERIE,HOLQOA,B2,0.001466076,0.484504142,B2,85,H2,15,None,0,2,100
19892,THE DC OF LOXTON WAIKERIE,LOXSDA,C1,0.000223604,0.128308559,C1,35,A4,30,B2,15,5,100
19895,THE DC OF LOXTON WAIKERIE,HOLQOA,B2,0.000973454,0.307819738,B2,85,H2,15,None,0,2,100
19904,THE DC OF LOXTON WAIKERIE,MANRCE,B3,6.13E-05,0.036723916,B3,55,B2,45,None,0,2,100
19905,THE DC OF LOXTON WAIKERIE,HOLSaA,A4,9.44E-05,0.047808575,A4,55,C1,45,None,0,2,100
19906,THE DC OF LOXTON WAIKERIE,HOLQMA,B2,0.000134705,0.060553191,B2,100,None,0,None,0,1,100
19907,THE DC OF LOXTON WAIKERIE,NOOZJ-,N2,2.74E-05,0.021899489,N2,75,A8,25,None,0,2,100
19908,MID MURRAY COUNCIL,COHAKD,L1,5.63E-05,0.043237427,L1,55,K3,20,D1,15,4,100
19912,THE DC OF LOXTON WAIKERIE,HOLUMJ,H2,5.77E-05,0.031824334,H2,45,A4,30.25,C1,24.75,3,100
19917,THE DC OF LOXTON WAIKERIE,MANQMA,B2,0.000108341,0.067640367,B2,65,A4,20,B3,15,3,100
19918,MID MURRAY COUNCIL,MRDVZ-,A5,3.09E-05,0.020234563,A5,100,None,0,None,0,1,100
19919,THE DC OF LOXTON WAIKERIE,MANQMA,B2,0.000142269,0.067543151,B2,65,A4,20,B3,15,3,100
19922,THE DC OF LOXTON WAIKERIE,MANRCE,B3,6.24E-05,0.031063176,B3,55,B2,45,None,0,2,100
19923,MID MURRAY COUNCIL,MRDQHE,B2,8.93E-05,0.077677418,B2,100,None,0,None,0,1,100
19935,MID MURRAY COUNCIL,STOKOU,A4,4.06E-05,0.038122689,A4,55,D4,20,A5,15,4,100
19936,MID MURRAY COUNCIL,TOWKNG,A4,0.00026626,0.070781646,A4,55,D2,20,C1,15,4,100
19940,THE DC OF LOXTON WAIKERIE,LOXUCI,H2,0.000340722,0.184363889,H2,24.75,G1,20.25,A4,19.25,7,100
19944,THE DC OF LOXTON WAIKERIE,LOXSDA,C1,0.000246251,0.082651615,C1,35,A4,30,B2,15,5,100
19945,MID MURRAY COUNCIL,LMVSEC,A4,2.73E-05,0.030948881,A4,45,G1,35,H2,20,3,100
19950,RENMARK PARINGA COUNCIL,LOXZB-,N2,1.76E-05,0.024485906,N2,100,None,0,None,0,1,100
19954,MID MURRAY COUNCIL,STOKOU,A4,0.000190838,0.061712893,A4,55,D4,20,A5,15,4,100
19956,THE DC OF LOXTON WAIKERIE,HOLQMA,B2,0.00015429,0.065000275,B2,100,None,0,None,0,1,100
19958,MID MURRAY COUNCIL,STOKOU,A4,2.05E-05,0.019886977,A4,55,D4,20,A5,15,4,100
19959,THE DC OF LOXTON WAIKERIE,UMVXmB,E3,0.000102187,0.070192812,E3,52.25,F2,42.75,H2,5,3,100
19964,THE DC OF LOXTON WAIKERIE,LOXUCI,H2,5.61E-05,0.052210857,H2,24.75,G1,20.25,A4,19.25,7,100
19966,MID MURRAY COUNCIL,DUTTPB,C5,3.97E-05,0.036719316,C5,35,A4,30,D2,20,4,100
19968,THE DC OF LOXTON WAIKERIE,LOXSDA,C1,0.000194719,0.053640399,C1,35,A4,30,B2,15,5,100
19976,THE DC OF LOXTON WAIKERIE,HOLUMI,H2,8.73E-05,0.045904695,H2,45,A4,30.25,C1,24.75,3,100
19979,MID MURRAY COUNCIL,MRDVZ-,A5,6.67E-05,0.048751597,A5,100,None,0,None,0,1,100
19981,MID MURRAY COUNCIL,MRDVZ-,A5,7.09E-05,0.033305357,A5,100,None,0,None,0,1,100
19982,THE DC OF LOXTON WAIKERIE,UMVSXII,A4,2.54E-05,0.038246998,A4,65,G1,20,B8,15,3,100
19983,THE DC OF LOXTON WAIKERIE,LOXSkB,A4,7.32E-05,0.047804146,A4,75,G1,13.75,H2,11.25,3,100
19984,THE DC OF LOXTON WAIKERIE,LOXSDA,C1,0.000114943,0.073914585,C1,35,A4,30,B2,15,5,100
19986,THE DC OF LOXTON WAIKERIE,MANU-D,H2,3.24E-05,0.042469506,H2,100,None,0,None,0,1,100
19989,THE DC OF LOXTON WAIKERIE,MANSdA,A4,5.87E-05,0.052528203,A4,75,B2,25,None,0,2,100
19992,MID MURRAY COUNCIL,STOKOJ,A4,0.000128373,0.105987737,A4,55,D4,20,A5,15,4,100
19993,THE DC OF LOXTON WAIKERIE,MANSdA,A4,0.000132778,0.086588327,A4,75,B2,25,None,0,2,100
19994,MID MURRAY COUNCIL,STOKOU,A4,2.14E-05,0.028515522,A4,55,D4,20,A5,15,4,100
19998,THE DC OF LOXTON WAIKERIE,HOLQMA,B2,6.03E-05,0.046625733,B2,100,None,0,None,0,1,100
19999,THE DC OF LOXTON WAIKERIE,LOXZJ-,N2,3.47E-05,0.028652084,N2,75,A8,25,None,0,2,100
20000,MID MURRAY COUNCIL,TOWKNJ,A4,0.00026829,0.088134864,A4,55,D2,20,C1,15,4,100
20002,MID MURRAY COUNCIL,COHAKD,L1,2.88E-05,0.024670255,L1,55,K3,20,D1,15,4,100
20003,THE DC OF LOXTON WAIKERIE,HOLUMI,H2,0.000283761,0.082264331,H2,45,A4,30.25,C1,24.75,3,100
20005,THE DC OF LOXTON WAIKERIE,LOXUCJ,H2,0.000151637,0.061383,H2,24.75,G1,20.25,A4,19.25,7,100
20006,THE DC OF LOXTON WAIKERIE,HOLQMA,B2,0.00010777,0.063991489,B2,100,None,0,None,0,1,100
20014,THE DC OF LOXTON WAIKERIE,LOXUCI,H2,0.000101701,0.058842506,H2,24.75,G1,20.25,A4,19.25,7,100
20017,THE DC OF LOXTON WAIKERIE,LOXSkB,A4,0.000710881,0.283463937,A4,75,G1,13.75,H2,11.25,3,100
20025,MID MURRAY COUNCIL,STOSRA,A4,5.45E-05,0.029946109,A4,80,A5,11,B2,9,3,100
20027,THE BERRI BARMERA COUNCIL,LOXSDA,C1,0.000341537,0.094914029,C1,35,A4,30,B2,15,5,100
20030,THE DC OF LOXTON WAIKERIE,HOLQVA,A4,0.000102002,0.055097952,A4,42.75,B2,33.25,C1,19,4,100
20033,THE DC OF LOXTON WAIKERIE,LOXSkB,A4,6.80E-05,0.037345974,A4,75,G1,13.75,H2,11.25,3,100
20038,THE DC OF LOXTON WAIKERIE,HOLQYA,A4,0.00011499,0.047838774,A4,33.75,B2,26.25,H2,25,4,100
20042,MID MURRAY COUNCIL,STOSRA,A4,0.000343868,0.083842164,A4,80,A5,11,B2,9,3,100
20045,THE DC OF LOXTON WAIKERIE,HOLUMJ,H2,0.000170873,0.069360447,H2,45,A4,30.25,C1,24.75,3,100
20046,THE DC OF LOXTON WAIKERIE,HOLQVA,A4,0.000211523,0.095343056,A4,42.75,B2,33.25,C1,19,4,100
20047,MID MURRAY COUNCIL,COHAKA,L1,9.42E-05,0.036953557,L1,55,K3,20,D1,15,4,100
20048,THE DC OF LOXTON WAIKERIE,LOXUCJ,H2,3.52E-05,0.02287583,H2,24.75,G1,20.25,A4,19.25,7,100
20058,THE DC OF LOXTON WAIKERIE,MANSdA,A4,0.00014601,0.084739391,A4,75,B2,25,None,0,2,100
20062,THE DC OF LOXTON WAIKERIE,HOLQVA,A4,0.000115297,0.054291971,A4,42.75,B2,33.25,C1,19,4,100
20063,THE DC OF LOXTON WAIKERIE,LOXSDA,C1,3.51E-05,0.024824702,C1,35,A4,30,B2,15,5,100
20064,THE DC OF LOXTON WAIKERIE,LMVSXII,A4,5.03E-05,0.062312126,A4,45,G1,35,H2,20,3,100
20065,MID MURRAY COUNCIL,MRDVZ-,A5,0.000370422,0.116571665,A5,100,None,0,None,0,1,100
20071,THE DC OF LOXTON WAIKERIE,HOLUMI,H2,5.27E-05,0.041309548,H2,45,A4,30.25,C1,24.75,3,100
20073,THE DC OF LOXTON WAIKERIE,HOLQOA,B2,0.000238746,0.096018993,B2,85,H2,15,None,0,2,100
20077,THE DC OF LOXTON WAIKERIE,HOLQOA,B2,0.000269074,0.123606331,B2,85,H2,15,None,0,2,100
20080,THE DC OF LOXTON WAIKERIE,HOLQOA,B2,0.000428539,0.134917588,B2,85,H2,15,None,0,2,100
20086,THE DC OF LOXTON WAIKERIE,HOLQMA,B2,0.001036449,0.191026605,B2,100,None,0,None,0,1,100
20087,THE DC OF LOXTON WAIKERIE,LOXSkB,A4,0.00021862,0.092417595,A4,75,G1,13.75,H2,11.25,3,100
20091,THE DC OF LOXTON WAIKERIE,MANSdA,A4,0.000106263,0.064885202,A4,75,B2,25,None,0,2,100
20093,THE DC OF LOXTON WAIKERIE,HOLQVA,A4,0.00030471,0.114372725,A4,42.75,B2,33.25,C1,19,4,100
20096,MID MURRAY COUNCIL,COHAKD,L1,0.000191811,0.127673594,L1,55,K3,20,D1,15,4,100
20098,THE DC OF LOXTON WAIKERIE,HOLQVB,A4,0.000462821,0.149459357,A4,42.75,B2,33.25,C1,19,4,100
20103,THE BERRI BARMERA COUNCIL,UMVXmA,E3,0.000450726,0.165384905,E3,46.75,F2,38.25,WW,10,4,100
20104,THE DC OF LOXTON WAIKERIE,HOLSgB,A4,0.000764646,0.203568426,A4,41.25,C1,33.75,H2,25,3,100
20116,THE BERRI BARMERA COUNCIL,LOXSkB,A4,0.000846427,0.243535991,A4,75,G1,13.75,H2,11.25,3,100
20119,THE DC OF LOXTON WAIKERIE,LOXSkB,A4,0.000913864,0.26402642,A4,75,G1,13.75,H2,11.25,3,100
20120,THE DC OF LOXTON WAIKERIE,LOXSDA,C1,0.000195485,0.081804221,C1,35,A4,30,B2,15,5,100
20122,THE DC OF LOXTON WAIKERIE,MANRCE,B3,0.001453796,0.394849243,B3,55,B2,45,None,0,2,100
20125,MID MURRAY COUNCIL,STOKOE,A4,0.000248604,0.108909092,A4,55,D4,20,A5,15,4,100
20129,THE DC OF LOXTON WAIKERIE,MANQMA,B2,0.003358182,0.632141857,B2,65,A4,20,B3,15,3,100
20135,THE DC OF LOXTON WAIKERIE,HOLQMA,B2,0.000120025,0.09278738,B2,100,None,0,None,0,1,100
20136,THE DC OF LOXTON WAIKERIE,LOXUCI,H2,0.000208982,0.085004621,H2,24.75,G1,20.25,A4,19.25,7,100
20140,THE DC OF LOXTON WAIKERIE,HOLQMA,B2,3.79E-05,0.025720701,B2,100,None,0,None,0,1,100
20141,MID MURRAY COUNCIL,TOWKNB,A4,2.69E-05,0.026408219,A4,55,D2,20,C1,15,4,100
20142,MID MURRAY COUNCIL,SEDQHA,B2,6.40E-06,0.010709652,B2,80,B3,20,None,0,2,100
20143,THE DC OF LOXTON WAIKERIE,MANUUI,B2,0.002130911,0.822262804,B2,55,H2,45,None,0,2,100
20149,THE DC OF LOXTON WAIKERIE,HOLQMA,B2,1.69E-05,0.018061264,B2,100,None,0,None,0,1,100
20150,MID MURRAY COUNCIL,COHLCe,F2,1.53E-05,0.0256056,F2,55,F1,45,None,0,2,100
20152,THE DC OF LOXTON WAIKERIE,LOXSkB,A4,0.003211401,1.036168784,A4,75,G1,13.75,H2,11.25,3,100
20155,MID MURRAY COUNCIL,MANQMA,B2,4.38E-05,0.028578073,B2,65,A4,20,B3,15,3,100
20158,THE DC OF LOXTON WAIKERIE,LOXUCJ,H2,0.000151778,0.066643918,H2,24.75,G1,20.25,A4,19.25,7,100
20159,THE DC OF LOXTON WAIKERIE,LOXSDA,C1,8.36E-05,0.039436691,C1,35,A4,30,B2,15,5,100
20161,MID MURRAY COUNCIL,TOWKNH,A4,3.25E-05,0.023178724,A4,55,D2,20,C1,15,4,100
20166,THE DC OF LOXTON WAIKERIE,MANSdA,A4,2.51E-05,0.019110005,A4,75,B2,25,None,0,2,100
20167,MID MURRAY COUNCIL,BWHSPC,A4,0.001392429,0.346118627,A4,55,B2,20,A2,15,4,100
20169,THE DC OF LOXTON WAIKERIE,LOXUCI,H2,0.000602318,0.16330748,H2,24.75,G1,20.25,A4,19.25,7,100
20170,THE DC OF LOXTON WAIKERIE,LOXUCI,H2,0.000159953,0.093704701,H2,24.75,G1,20.25,A4,19.25,7,100
20175,THE DC OF LOXTON WAIKERIE,LOXSkB,A4,0.000600248,0.179582954,A4,75,G1,13.75,H2,11.25,3,100
20178,THE DC OF LOXTON WAIKERIE,LOXSkB,A4,0.001728294,0.346714724,A4,75,G1,13.75,H2,11.25,3,100
20179,MID MURRAY COUNCIL,MURQMA,B2,0.000528264,0.148408122,B2,80,A4,20,None,0,2,100
20180,THE DC OF LOXTON WAIKERIE,MURUMF,H2,0.001097196,0.541065654,H2,75,A4,13.75,C1,11.25,3,100
20183,MID MURRAY COUNCIL,SEDSeB,A4,0.00052869,0.188600511,A4,45,B2,35,A5,20,3,100
20186,THE DC OF LOXTON WAIKERIE,LOXSDA,C1,8.76E-05,0.038818127,C1,35,A4,30,B2,15,5,100
20190,THE DC OF LOXTON WAIKERIE,LOXSDA,C1,0.000249789,0.132953457,C1,35,A4,30,B2,15,5,100
20194,MID MURRAY COUNCIL,COHAKB,L1,0.002395021,0.558549157,L1,55,K3,20,D1,15,4,100
20204,THE DC OF LOXTON WAIKERIE,MURQMA,B2,1.58E-05,0.018646376,B2,80,A4,20,None,0,2,100
20205,MID MURRAY COUNCIL,SEDQHA,B2,1.47E-05,0.014600413,B2,80,B3,20,None,0,2,100
20207,MID MURRAY COUNCIL,COHAKC,L1,0.00018342,0.076033441,L1,55,K3,20,D1,15,4,100
20208,THE DC OF LOXTON WAIKERIE,HOLQMA,B2,2.83E-05,0.034969704,B2,100,None,0,None,0,1,100
20211,MID MURRAY COUNCIL,SEDSeB,A4,3.25E-05,0.042553192,A4,45,B2,35,A5,20,3,100
20213,THE DC OF LOXTON WAIKERIE,MURQMA,B2,1.22E-05,0.014421414,B2,80,A4,20,None,0,2,100
20214,THE DC OF LOXTON WAIKERIE,MURQMA,B2,5.36E-05,0.04518001,B2,80,A4,20,None,0,2,100
20218,MID MURRAY COUNCIL,MANQMA,B2,7.17E-05,0.049182813,B2,65,A4,20,B3,15,3,100
20222,THE DC OF LOXTON WAIKERIE,HOLUMJ,H2,0.000232796,0.139177332,H2,45,A4,30.25,C1,24.75,3,100
20226,THE DC OF LOXTON WAIKERIE,HOLSgA,A4,0.001692782,0.373186227,A4,41.25,C1,33.75,H2,25,3,100
20229,THE DC OF LOXTON WAIKERIE,LOXSDP,C1,0.000218846,0.088269474,C1,35,A4,30,B2,15,5,100
20235,THE DC OF LOXTON WAIKERIE,HOLSgB,A4,4.04E-05,0.029711591,A4,41.25,C1,33.75,H2,25,3,100
20237,THE DC OF LOXTON WAIKERIE,MANQMA,B2,0.000758149,0.179368337,B2,65,A4,20,B3,15,3,100
20242,THE DC OF LOXTON WAIKERIE,HOLUMJ,H2,5.52E-05,0.03423368,H2,45,A4,30.25,C1,24.75,3,100
20243,THE DC OF LOXTON WAIKERIE,LOXSDP,C1,5.78E-05,0.039509673,C1,35,A4,30,B2,15,5,100
20244,THE DC OF LOXTON WAIKERIE,UMVSXI,A4,0.000222063,0.15125711,A4,48.75,H2,25,G1,15,4,100
20255,THE DC OF LOXTON WAIKERIE,HOLQMA,B2,3.58E-05,0.023133711,B2,100,None,0,None,0,1,100
20262,MID MURRAY COUNCIL,MURUMF,H2,0.000107341,0.062781605,H2,75,A4,13.75,C1,11.25,3,100
20263,THE DC OF LOXTON WAIKERIE,LOXSDA,C1,4.01E-05,0.028773357,C1,35,A4,30,B2,15,5,100
20264,THE DC OF LOXTON WAIKERIE,MANQMA,B2,0.000238683,0.123441486,B2,65,A4,20,B3,15,3,100
20266,MID MURRAY COUNCIL,MURQOA,B2,0.000117835,0.063400435,B2,68,A4,17,H2,15,3,100
20272,MID MURRAY COUNCIL,SEDIBE,A5,7.14E-05,0.059195796,A5,100,None,0,None,0,1,100
20276,MID MURRAY COUNCIL,LMVXg-,E3,2.77E-05,0.028519679,E3,39,H2,25,N3,15,5,100
20277,MID MURRAY COUNCIL,SEDQHA,B2,9.04E-05,0.053305509,B2,80,B3,20,None,0,2,100
20278,MID MURRAY COUNCIL,TOWKNJ,A4,5.10E-05,0.056479421,A4,55,D2,20,C1,15,4,100
20279,THE DC OF LOXTON WAIKERIE,MANQOA,B2,2.52E-05,0.028981575,B2,48.75,H2,25,A4,15,4,100
20280,THE DC OF LOXTON WAIKERIE,LOXSDA,C1,7.75E-05,0.040801041,C1,35,A4,30,B2,15,5,100
20283,MID MURRAY COUNCIL,COHAKB,L1,1.91E-05,0.020399712,L1,55,K3,20,D1,15,4,100
20285,THE DC OF LOXTON WAIKERIE,LOXSkB,A4,0.000170342,0.055850823,A4,75,G1,13.75,H2,11.25,3,100
20286,THE DC OF LOXTON WAIKERIE,MURUMG,H2,0.000806918,0.241367727,H2,65,A4,19.25,C1,15.75,3,100
20290,THE DC OF LOXTON WAIKERIE,LOXSkB,A4,0.000247391,0.093641905,A4,75,G1,13.75,H2,11.25,3,100
20297,MID MURRAY COUNCIL,TOWKNJ,A4,0.000142737,0.132461367,A4,55,D2,20,C1,15,4,100
20300,MID MURRAY COUNCIL,COHAKC,L1,0.000255808,0.112096487,L1,55,K3,20,D1,15,4,100
20301,THE DC OF LOXTON WAIKERIE,MANQ-A,RR,7.83E-05,0.042819143,RR,55,B2,45,None,0,2,100
20305,THE DC OF LOXTON WAIKERIE,LOXSkL,A4,0.000584086,0.175165582,A4,75,G1,13.75,H2,11.25,3,100
20308,THE BERRI BARMERA COUNCIL,UMVUrK,H2,0.00010677,0.074454333,H2,55,E3,24.75,F2,20.25,3,100
20309,THE DC OF LOXTON WAIKERIE,HOLQOA,B2,0.000107735,0.055675261,B2,85,H2,15,None,0,2,100
20310,THE DC OF LOXTON WAIKERIE,HOLQMA,B2,2.71E-05,0.022557632,B2,100,None,0,None,0,1,100
20316,THE DC OF LOXTON WAIKERIE,LOXSeP,A4,0.000109215,0.048878904,A4,35,B2,30,C1,20,4,100
20317,THE DC OF LOXTON WAIKERIE,HOLQYA,A4,4.74E-05,0.030429094,A4,33.75,B2,26.25,H2,25,4,100
20321,MID MURRAY COUNCIL,MURUMG,H2,0.000115517,0.058704743,H2,65,A4,19.25,C1,15.75,3,100
20322,THE DC OF LOXTON WAIKERIE,HOLSaB,A4,9.24E-05,0.050695812,A4,55,C1,45,None,0,2,100
20325,THE DC OF LOXTON WAIKERIE,MURQME,B2,0.000118809,0.057923906,B2,100,None,0,None,0,1,100
20328,THE DC OF LOXTON WAIKERIE,HOLQVA,A4,3.71E-05,0.034034723,A4,42.75,B2,33.25,C1,19,4,100
20329,THE DC OF LOXTON WAIKERIE,HOLRCE,B3,2.77E-05,0.032040771,B3,40,C1,30.1,B2,29.9,3,100
20334,THE DC OF LOXTON WAIKERIE,HOLQMA,B2,5.03E-05,0.033764136,B2,100,None,0,None,0,1,100
20336,THE DC OF LOXTON WAIKERIE,UMVXmA,E3,4.20E-05,0.036863964,E3,46.75,F2,38.25,WW,10,4,100
20342,THE DC OF LOXTON WAIKERIE,HOLUMJ,H2,0.000337208,0.093713664,H2,45,A4,30.25,C1,24.75,3,100
20343,MID MURRAY COUNCIL,SOMCSD,K3,2.93E-05,0.02598235,K3,35,L1,30,K1,20,4,100
20348,THE DC OF LOXTON WAIKERIE,LOXSkB,A4,0.000181651,0.065327842,A4,75,G1,13.75,H2,11.25,3,100
20350,MID MURRAY COUNCIL,SEDIBE,A5,5.29E-05,0.048941852,A5,100,None,0,None,0,1,100
20354,THE DC OF LOXTON WAIKERIE,LOXUCI,H2,0.000425666,0.126277859,H2,24.75,G1,20.25,A4,19.25,7,100
20355,THE DC OF LOXTON WAIKERIE,MURQOA,B2,0.000207908,0.084533632,B2,68,A4,17,H2,15,3,100
20358,THE DC OF LOXTON WAIKERIE,LOXSDA,C1,0.000101149,0.046698127,C1,35,A4,30,B2,15,5,100
20365,MID MURRAY COUNCIL,TOWKNB,A4,0.000328393,0.099092215,A4,55,D2,20,C1,15,4,100
20366,THE DC OF LOXTON WAIKERIE,NOOSDP,A4,9.37E-05,0.061372398,A4,55,C1,45,None,0,2,100
20369,THE DC OF LOXTON WAIKERIE,MANQMA,B2,0.000449118,0.171419926,B2,65,A4,20,B3,15,3,100
20371,THE DC OF LOXTON WAIKERIE,LOXSkB,A4,0.002114608,0.425427365,A4,75,G1,13.75,H2,11.25,3,100
20378,MID MURRAY COUNCIL,TOWKNB,A4,1.68E-05,0.018320225,A4,55,D2,20,C1,15,4,100
20379,THE DC OF LOXTON WAIKERIE,HOLQMA,B2,0.000115589,0.078817723,B2,100,None,0,None,0,1,100
20384,THE DC OF LOXTON WAIKERIE,HOLQOA,B2,0.000181819,0.110403932,B2,85,H2,15,None,0,2,100
20385,THE BERRI BARMERA COUNCIL,UMVXmA,E3,0.000168107,0.074651193,E3,46.75,F2,38.25,WW,10,4,100
20386,THE DC OF LOXTON WAIKERIE,LOXSkB,A4,9.54E-05,0.048904768,A4,75,G1,13.75,H2,11.25,3,100
20388,THE BERRI BARMERA COUNCIL,UMVUrK,H2,2.80E-05,0.029024651,H2,55,E3,24.75,F2,20.25,3,100
20391,THE DC OF LOXTON WAIKERIE,LOXZB-,N2,2.44E-05,0.03208883,N2,100,None,0,None,0,1,100
20392,THE DC OF LOXTON WAIKERIE,HOLQMA,B2,4.80E-05,0.031098842,B2,100,None,0,None,0,1,100
20393,THE DC OF LOXTON WAIKERIE,LOXSkL,A4,7.00E-05,0.048369642,A4,75,G1,13.75,H2,11.25,3,100
20397,THE DC OF LOXTON WAIKERIE,HOLQMA,B2,0.000139552,0.072515393,B2,100,None,0,None,0,1,100
20401,THE DC OF LOXTON WAIKERIE,HOLSgB,A4,0.000591801,0.152508262,A4,41.25,C1,33.75,H2,25,3,100
20403,THE DC OF LOXTON WAIKERIE,UMVXmA,E3,7.26E-05,0.050908883,E3,46.75,F2,38.25,WW,10,4,100
20404,THE DC OF LOXTON WAIKERIE,HOLUMF,H2,0.000200532,0.104640017,H2,65,A4,19.25,C1,15.75,3,100
20406,THE DC OF LOXTON WAIKERIE,LOXSDA,C1,0.00011656,0.061387466,C1,35,A4,30,B2,15,5,100
20410,THE DC OF LOXTON WAIKERIE,HOLUMJ,H2,0.000235595,0.091604007,H2,45,A4,30.25,C1,24.75,3,100
20411,THE DC OF LOXTON WAIKERIE,LOXUCI,H2,9.88E-05,0.073341388,H2,24.75,G1,20.25,A4,19.25,7,100
20415,THE DC OF LOXTON WAIKERIE,HOLUMF,H2,0.000738243,0.362672321,H2,65,A4,19.25,C1,15.75,3,100
20420,THE DC OF LOXTON WAIKERIE,LOXSkB,A4,0.000269254,0.108794522,A4,75,G1,13.75,H2,11.25,3,100
20423,MID MURRAY COUNCIL,TOWKNE,A4,0.000126947,0.139779787,A4,55,D2,20,C1,15,4,100
20425,THE DC OF LOXTON WAIKERIE,LOXSkB,A4,0.000373714,0.102508954,A4,75,G1,13.75,H2,11.25,3,100
20428,MID MURRAY COUNCIL,SEDQHA,B2,3.16E-05,0.023494142,B2,80,B3,20,None,0,2,100
20435,THE DC OF LOXTON WAIKERIE,HOLSaA,A4,0.000531997,0.17281311,A4,55,C1,45,None,0,2,100
20436,THE DC OF LOXTON WAIKERIE,MURSgA,A4,0.000152594,0.064442963,A4,60,H2,25,C1,15,3,100
20439,MID MURRAY COUNCIL,TOWKNB,A4,0.000186994,0.054561061,A4,55,D2,20,C1,15,4,100
20441,MID MURRAY COUNCIL,TOWKNA,A4,0.000187933,0.075627364,A4,55,D2,20,C1,15,4,100
20444,THE DC OF LOXTON WAIKERIE,LMVXm-,E3,1.76E-05,0.022243927,E3,39,H2,20,N3,20,5,100
20454,THE DC OF LOXTON WAIKERIE,MURSgA,A4,0.000177919,0.071227508,A4,60,H2,25,C1,15,3,100
20457,THE DC OF LOXTON WAIKERIE,HOLQVA,A4,0.000139894,0.090492404,A4,42.75,B2,33.25,C1,19,4,100
20458,THE DC OF LOXTON WAIKERIE,UMVSXI,A4,7.49E-05,0.05245572,A4,48.75,H2,25,G1,15,4,100
20460,THE BERRI BARMERA COUNCIL,UMVXmA,E3,2.11E-05,0.021502662,E3,46.75,F2,38.25,WW,10,4,100
20461,MID MURRAY COUNCIL,BWHQMB,B2,5.10E-05,0.029975798,B2,100,None,0,None,0,1,100
20467,THE DC OF LOXTON WAIKERIE,LOXSDA,C1,0.000268881,0.085242379,C1,35,A4,30,B2,15,5,100
20468,MID MURRAY COUNCIL,LMVXn-,WW,0.000646158,0.19125284,WW,50,N3,25,E3,16.25,5,100
20469,THE DC OF LOXTON WAIKERIE,LOXSDA,C1,7.38E-05,0.04736111,C1,35,A4,30,B2,15,5,100
20470,THE DC OF LOXTON WAIKERIE,LOXSDA,C1,6.82E-05,0.041592506,C1,35,A4,30,B2,15,5,100
20473,THE DC OF LOXTON WAIKERIE,LOXUCI,H2,0.000409291,0.189268444,H2,24.75,G1,20.25,A4,19.25,7,100
20475,THE DC OF LOXTON WAIKERIE,HOLQOA,B2,0.000541874,0.211574245,B2,85,H2,15,None,0,2,100
20476,THE DC OF LOXTON WAIKERIE,HOLUMF,H2,5.11E-05,0.032499467,H2,65,A4,19.25,C1,15.75,3,100
20477,THE DC OF LOXTON WAIKERIE,LOXSDA,C1,0.00049435,0.10767183,C1,35,A4,30,B2,15,5,100
20482,THE DC OF LOXTON WAIKERIE,LOXUCJ,H2,0.00037252,0.140021069,H2,24.75,G1,20.25,A4,19.25,7,100
20483,MID MURRAY COUNCIL,COHAKD,L1,0.000134451,0.073470021,L1,55,K3,20,D1,15,4,100
20484,THE DC OF LOXTON WAIKERIE,LOXSkB,A4,0.00023996,0.100818099,A4,75,G1,13.75,H2,11.25,3,100
20491,MID MURRAY COUNCIL,SEDSeB,A4,2.03E-05,0.025182982,A4,45,B2,35,A5,20,3,100
20493,THE DC OF LOXTON WAIKERIE,MANQMA,B2,0.000333889,0.119967602,B2,65,A4,20,B3,15,3,100
20495,THE DC OF LOXTON WAIKERIE,LOXSDA,C1,0.000210754,0.07271496,C1,35,A4,30,B2,15,5,100
20496,THE DC OF LOXTON WAIKERIE,MANQOA,B2,0.000628388,0.181107079,B2,48.75,H2,25,A4,15,4,100
20501,THE DC OF LOXTON WAIKERIE,LOXSDA,C1,6.27E-05,0.034404955,C1,35,A4,30,B2,15,5,100
20503,MID MURRAY COUNCIL,SEDQHA,B2,0.000159083,0.10619035,B2,80,B3,20,None,0,2,100
20504,THE DC OF LOXTON WAIKERIE,MURSgA,A4,0.00018813,0.078433908,A4,60,H2,25,C1,15,3,100
20506,THE DC OF LOXTON WAIKERIE,LOXSDA,C1,6.06E-05,0.037109728,C1,35,A4,30,B2,15,5,100
20507,THE DC OF LOXTON WAIKERIE,LOXSDA,C1,0.000117381,0.048588521,C1,35,A4,30,B2,15,5,100
20509,THE DC OF LOXTON WAIKERIE,LOXZJ-,N2,2.89E-05,0.033078473,N2,75,A8,25,None,0,2,100
20513,THE DC OF LOXTON WAIKERIE,MANSdA,A4,0.0001024,0.052781524,A4,75,B2,25,None,0,2,100
20518,MID MURRAY COUNCIL,BWHETC,A2,0.000811976,0.222941768,A2,65,B2,20,C2,15,3,100
20520,THE DC OF LOXTON WAIKERIE,MANUUJ,B2,4.28E-05,0.031310556,B2,55,H2,45,None,0,2,100
20521,THE DC OF LOXTON WAIKERIE,HOLUMJ,H2,0.001305605,0.39913779,H2,45,A4,30.25,C1,24.75,3,100
20522,THE DC OF LOXTON WAIKERIE,MANQOA,B2,6.10E-05,0.062140241,B2,48.75,H2,25,A4,15,4,100
20523,THE DC OF LOXTON WAIKERIE,LOXSDA,C1,0.000188528,0.096241432,C1,35,A4,30,B2,15,5,100
20525,THE DC OF LOXTON WAIKERIE,LOXSkB,A4,0.000913549,0.326365237,A4,75,G1,13.75,H2,11.25,3,100
20528,MID MURRAY COUNCIL,COHAKD,L1,8.87E-05,0.058768512,L1,55,K3,20,D1,15,4,100
20529,MID MURRAY COUNCIL,MURUMJ,H2,0.000235495,0.092591796,H2,45,A4,30.25,C1,24.75,3,100
20530,MID MURRAY COUNCIL,MURQOA,B2,0.000614383,0.129385348,B2,68,A4,17,H2,15,3,100
20534,THE DC OF LOXTON WAIKERIE,MURQMA,B2,1.05E-05,0.01350591,B2,80,A4,20,None,0,2,100
20536,THE DC OF LOXTON WAIKERIE,LOXSDA,C1,0.000899814,0.213509827,C1,35,A4,30,B2,15,5,100
20537,MID MURRAY COUNCIL,TOWKNH,A4,3.22E-05,0.022453582,A4,55,D2,20,C1,15,4,100
20538,MID MURRAY COUNCIL,MANQMA,B2,0.000315007,0.12090631,B2,65,A4,20,B3,15,3,100
20541,THE DC OF LOXTON WAIKERIE,MANQOA,B2,0.000974859,0.420627389,B2,48.75,H2,25,A4,15,4,100
20549,THE DC OF LOXTON WAIKERIE,MANQMA,B2,0.00044286,0.150092764,B2,65,A4,20,B3,15,3,100
20550,MID MURRAY COUNCIL,MRDQHE,B2,0.000303052,0.234430731,B2,100,None,0,None,0,1,100
20556,THE DC OF LOXTON WAIKERIE,LOXUCI,H2,0.000864271,0.283258016,H2,24.75,G1,20.25,A4,19.25,7,100
20558,THE DC OF LOXTON WAIKERIE,LOXSDA,C1,0.000236732,0.076675104,C1,35,A4,30,B2,15,5,100
20560,THE DC OF LOXTON WAIKERIE,HOLQMA,B2,0.000677595,0.284012697,B2,100,None,0,None,0,1,100
20561,THE DC OF LOXTON WAIKERIE,MANRCE,B3,0.00010914,0.050570315,B3,55,B2,45,None,0,2,100
20565,THE DC OF LOXTON WAIKERIE,UMVSXII,A4,4.62E-05,0.047441208,A4,65,G1,20,B8,15,3,100
20569,MID MURRAY COUNCIL,COHAKD,L1,4.49E-05,0.038967221,L1,55,K3,20,D1,15,4,100
20571,THE DC OF LOXTON WAIKERIE,HOLQYB,A4,0.000518712,0.186110948,A4,33.75,B2,26.25,H2,25,4,100
20576,THE DC OF LOXTON WAIKERIE,LOXUCJ,H2,0.000478557,0.223550947,H2,24.75,G1,20.25,A4,19.25,7,100
20577,THE DC OF LOXTON WAIKERIE,MURQMA,B2,0.000278853,0.091559882,B2,80,A4,20,None,0,2,100
20584,THE DC OF LOXTON WAIKERIE,LOXSDA,C1,0.000196449,0.080101436,C1,35,A4,30,B2,15,5,100
20587,THE DC OF LOXTON WAIKERIE,HOLUMJ,H2,0.000101461,0.073227127,H2,45,A4,30.25,C1,24.75,3,100
20588,THE DC OF LOXTON WAIKERIE,LOXUCJ,H2,0.003577909,0.872368274,H2,24.75,G1,20.25,A4,19.25,7,100
20589,MID MURRAY COUNCIL,TOWKNC,A4,2.10E-05,0.018675496,A4,55,D2,20,C1,15,4,100
20590,THE DC OF LOXTON WAIKERIE,HOLRCE,B3,2.32E-05,0.026875317,B3,40,C1,30.1,B2,29.9,3,100
20593,MID MURRAY COUNCIL,MURUMF,H2,7.39E-05,0.045141767,H2,75,A4,13.75,C1,11.25,3,100
20596,THE DC OF LOXTON WAIKERIE,LOXUCJ,H2,0.003108626,0.761902521,H2,24.75,G1,20.25,A4,19.25,7,100
20598,MID MURRAY COUNCIL,MURQMA,B2,2.89E-05,0.025070341,B2,80,A4,20,None,0,2,100
20604,MID MURRAY COUNCIL,MURQOA,B2,9.18E-05,0.063488722,B2,68,A4,17,H2,15,3,100
20606,MID MURRAY COUNCIL,MURUMF,H2,0.000213972,0.101095961,H2,75,A4,13.75,C1,11.25,3,100
20608,THE DC OF LOXTON WAIKERIE,HOLQMA,B2,2.75E-05,0.031757823,B2,100,None,0,None,0,1,100
20610,THE DC OF LOXTON WAIKERIE,MANQOA,B2,5.21E-05,0.055581493,B2,48.75,H2,25,A4,15,4,100
20611,THE DC OF LOXTON WAIKERIE,MANQOA,B2,4.50E-05,0.045540351,B2,48.75,H2,25,A4,15,4,100
20615,THE DC OF LOXTON WAIKERIE,MURUMG,H2,7.68E-05,0.040142417,H2,65,A4,19.25,C1,15.75,3,100
20616,THE DC OF LOXTON WAIKERIE,LOXSDP,C1,8.00E-06,0.012815957,C1,35,A4,30,B2,15,5,100
20620,MID MURRAY COUNCIL,MURQMA,B2,1.91E-05,0.01878099,B2,80,A4,20,None,0,2,100
20623,MID MURRAY COUNCIL,TOWKNJ,A4,8.21E-06,0.016603047,A4,55,D2,20,C1,15,4,100
20624,MID MURRAY COUNCIL,SOMCSD,K3,2.62E-05,0.022199256,K3,35,L1,30,K1,20,4,100
20625,THE DC OF LOXTON WAIKERIE,HOLUMF,H2,0.000629419,0.203049632,H2,65,A4,19.25,C1,15.75,3,100
20626,THE DC OF LOXTON WAIKERIE,LOXUCI,H2,0.000479406,0.193925412,H2,24.75,G1,20.25,A4,19.25,7,100
20628,THE DC OF LOXTON WAIKERIE,MANQOA,B2,0.0014063,0.478476411,B2,48.75,H2,25,A4,15,4,100
20629,MID MURRAY COUNCIL,BLTQHA,B2,0.001417314,0.344418598,B2,100,None,0,None,0,1,100
20630,THE DC OF LOXTON WAIKERIE,MANSfB,A4,0.001013195,0.282818495,A4,50,B2,25,H2,25,3,100
20634,MID MURRAY COUNCIL,MANQOA,B2,9.13E-05,0.04868625,B2,48.75,H2,25,A4,15,4,100
20637,THE DC OF LOXTON WAIKERIE,LOXUCJ,H2,0.000102155,0.057166182,H2,24.75,G1,20.25,A4,19.25,7,100
20642,THE DC OF LOXTON WAIKERIE,HOLRCE,B3,0.000170193,0.102535882,B3,40,C1,30.1,B2,29.9,3,100
20646,MID MURRAY COUNCIL,MRDQHE,B2,0.000404698,0.315476618,B2,100,None,0,None,0,1,100
20654,MID MURRAY COUNCIL,TOWKNJ,A4,1.59E-05,0.023146799,A4,55,D2,20,C1,15,4,100
20655,THE DC OF LOXTON WAIKERIE,LOXSkB,A4,0.00037961,0.106534285,A4,75,G1,13.75,H2,11.25,3,100
20657,MID MURRAY COUNCIL,SOMLCe,F2,0.000510898,0.667630126,F2,55,M1,45,None,0,2,100
20659,MID MURRAY COUNCIL,MURQMA,B2,0.000214944,0.089703207,B2,80,A4,20,None,0,2,100
20660,THE DC OF LOXTON WAIKERIE,LOXSDA,C1,5.13E-05,0.031390531,C1,35,A4,30,B2,15,5,100
20662,MID MURRAY COUNCIL,BWHSPC,A4,8.06E-05,0.05059998,A4,55,B2,20,A2,15,4,100
20663,MID MURRAY COUNCIL,MRDQHE,B2,3.81E-05,0.050565062,B2,100,None,0,None,0,1,100
20667,MID MURRAY COUNCIL,SOMCSD,K3,1.08E-05,0.014773662,K3,35,L1,30,K1,20,4,100
20668,THE DC OF LOXTON WAIKERIE,HOLQMA,B2,0.000370857,0.164999231,B2,100,None,0,None,0,1,100
20669,THE DC OF LOXTON WAIKERIE,HOLUMJ,H2,9.80E-05,0.060262858,H2,45,A4,30.25,C1,24.75,3,100
20670,THE DC OF LOXTON WAIKERIE,HOLUMJ,H2,8.43E-05,0.042980026,H2,45,A4,30.25,C1,24.75,3,100
20671,THE DC OF LOXTON WAIKERIE,LOXSDA,C1,9.67E-05,0.052532278,C1,35,A4,30,B2,15,5,100
20672,MID MURRAY COUNCIL,MURUMF,H2,6.47E-05,0.045142077,H2,75,A4,13.75,C1,11.25,3,100
20675,MID MURRAY COUNCIL,MRDQMA,B2,0.002406321,0.393685631,B2,100,None,0,None,0,1,100
20676,THE DC OF LOXTON WAIKERIE,LOXUCJ,H2,8.12E-05,0.043667138,H2,24.75,G1,20.25,A4,19.25,7,100
20679,THE DC OF LOXTON WAIKERIE,MURQMA,B2,1.10E-05,0.017331701,B2,80,A4,20,None,0,2,100
20681,THE DC OF LOXTON WAIKERIE,LOXUCJ,H2,0.000132234,0.050596227,H2,24.75,G1,20.25,A4,19.25,7,100
20684,THE DC OF LOXTON WAIKERIE,LOXSkL,A4,4.95E-05,0.032946382,A4,75,G1,13.75,H2,11.25,3,100
20687,MID MURRAY COUNCIL,TOWKNB,A4,0.000189003,0.067024062,A4,55,D2,20,C1,15,4,100
20688,THE DC OF LOXTON WAIKERIE,HOLQMA,B2,7.67E-05,0.062513688,B2,100,None,0,None,0,1,100
20691,MID MURRAY COUNCIL,MURUME,H2,9.77E-05,0.046872939,H2,85,A4,8.25,C1,6.75,3,100
20693,MID MURRAY COUNCIL,SEDSeB,A4,0.001754488,0.696866822,A4,45,B2,35,A5,20,3,100
20694,THE DC OF LOXTON WAIKERIE,MANSfB,A4,3.24E-05,0.028109526,A4,50,B2,25,H2,25,3,100
20698,MID MURRAY COUNCIL,SOMCZC,K4,1.72E-05,0.022085326,F2,24.75,K4,24.75,M1,20.25,5,100
20699,THE DC OF LOXTON WAIKERIE,MURQMA,B2,9.61E-06,0.011708514,B2,80,A4,20,None,0,2,100
20700,THE DC OF LOXTON WAIKERIE,HOLQMA,B2,4.58E-05,0.048140012,B2,100,None,0,None,0,1,100
20701,MID MURRAY COUNCIL,MANU-D,H2,1.55E-05,0.022262249,H2,100,None,0,None,0,1,100
20703,MID MURRAY COUNCIL,COHAKD,L1,3.95E-05,0.03835604,L1,55,K3,20,D1,15,4,100
20705,THE DC OF LOXTON WAIKERIE,MANQMA,B2,7.37E-05,0.048325961,B2,65,A4,20,B3,15,3,100
20706,THE DC OF LOXTON WAIKERIE,MURQMA,B2,3.81E-05,0.034711741,B2,80,A4,20,None,0,2,100
20707,THE DC OF LOXTON WAIKERIE,MURUMG,H2,3.88E-05,0.029252863,H2,65,A4,19.25,C1,15.75,3,100
20711,MID MURRAY COUNCIL,TOWKNA,A4,9.62E-05,0.042455605,A4,55,D2,20,C1,15,4,100
20713,THE DC OF LOXTON WAIKERIE,MANRCE,B3,4.71E-05,0.041805408,B3,55,B2,45,None,0,2,100
20721,MID MURRAY COUNCIL,COHLCe,F2,1.41E-05,0.021307414,F2,55,F1,45,None,0,2,100
20728,THE DC OF LOXTON WAIKERIE,MURUMJ,H2,0.000315105,0.153550418,H2,45,A4,30.25,C1,24.75,3,100
20729,THE DC OF LOXTON WAIKERIE,HOLQVA,A4,4.86E-05,0.038470682,A4,42.75,B2,33.25,C1,19,4,100
20734,MID MURRAY COUNCIL,TOWKNH,A4,3.35E-05,0.024228551,A4,55,D2,20,C1,15,4,100
20735,THE DC OF LOXTON WAIKERIE,HOLQMA,B2,6.39E-05,0.058809594,B2,100,None,0,None,0,1,100
20736,THE DC OF LOXTON WAIKERIE,LOXSaL,A4,0.000132601,0.062364752,A4,100,None,0,None,0,1,100
20739,MID MURRAY COUNCIL,TOWKNA,A4,0.00474323,0.827427099,A4,55,D2,20,C1,15,4,100
20745,THE DC OF LOXTON WAIKERIE,LOXZB-,N2,2.39E-05,0.021566068,N2,100,None,0,None,0,1,100
20748,THE DC OF LOXTON WAIKERIE,HOLUMJ,H2,0.000100272,0.048528981,H2,45,A4,30.25,C1,24.75,3,100
20753,THE DC OF LOXTON WAIKERIE,HOLQYA,A4,0.000360541,0.136743316,A4,33.75,B2,26.25,H2,25,4,100
20761,MID MURRAY COUNCIL,COHAKI,L1,0.000868046,0.208096228,L1,55,K3,20,D1,15,4,100
20770,THE DC OF LOXTON WAIKERIE,LOXSDA,C1,0.001213722,0.289028912,C1,35,A4,30,B2,15,5,100
20771,THE DC OF LOXTON WAIKERIE,LOXSkB,A4,0.000296293,0.14796136,A4,75,G1,13.75,H2,11.25,3,100
20775,THE DC OF LOXTON WAIKERIE,HOLSaA,A4,0.003741428,0.76366617,A4,55,C1,45,None,0,2,100
20776,THE DC OF LOXTON WAIKERIE,LOXSDK,C1,0.000541896,0.147481565,C1,35,A4,30,B2,15,5,100
20777,THE BERRI BARMERA COUNCIL,UMVXmA,E3,0.000102073,0.060883806,E3,46.75,F2,38.25,WW,10,4,100
20780,THE DC OF LOXTON WAIKERIE,LOXSDA,C1,5.67E-05,0.030779543,C1,35,A4,30,B2,15,5,100
20787,MID MURRAY COUNCIL,BWHETC,A2,0.00010163,0.047832397,A2,65,B2,20,C2,15,3,100
20792,MID MURRAY COUNCIL,COHAKD,L1,5.92E-05,0.058308987,L1,55,K3,20,D1,15,4,100
20793,THE DC OF LOXTON WAIKERIE,HOLQOA,B2,7.73E-05,0.039313732,B2,85,H2,15,None,0,2,100
20794,THE DC OF LOXTON WAIKERIE,HOLRCE,B3,6.02E-05,0.045755802,B3,40,C1,30.1,B2,29.9,3,100
20796,THE DC OF LOXTON WAIKERIE,LOXSDA,C1,5.84E-05,0.030558657,C1,35,A4,30,B2,15,5,100
20798,THE DC OF LOXTON WAIKERIE,MURUMF,H2,2.71E-05,0.020183334,H2,75,A4,13.75,C1,11.25,3,100
20799,MID MURRAY COUNCIL,MRDQHE,B2,3.47E-05,0.031053267,B2,100,None,0,None,0,1,100
20802,THE DC OF LOXTON WAIKERIE,HOLUMJ,H2,0.00011279,0.05385029,H2,45,A4,30.25,C1,24.75,3,100
20808,THE DC OF LOXTON WAIKERIE,HOLQOA,B2,0.000217156,0.082492958,B2,85,H2,15,None,0,2,100
20810,THE DC OF LOXTON WAIKERIE,LOXSkB,A4,0.000146483,0.051662743,A4,75,G1,13.75,H2,11.25,3,100
20812,MID MURRAY COUNCIL,SEDSeB,A4,0.001073677,0.308304456,A4,45,B2,35,A5,20,3,100
20816,THE DC OF LOXTON WAIKERIE,HOLQOA,B2,0.001561512,0.406679593,B2,85,H2,15,None,0,2,100
20817,MID MURRAY COUNCIL,MURQOA,B2,0.000297291,0.142413794,B2,68,A4,17,H2,15,3,100
20821,THE DC OF LOXTON WAIKERIE,HOLUMJ,H2,0.000336186,0.152988714,H2,45,A4,30.25,C1,24.75,3,100
20822,THE DC OF LOXTON WAIKERIE,HOLUMF,H2,0.00092329,0.224627706,H2,65,A4,19.25,C1,15.75,3,100
20827,MID MURRAY COUNCIL,MURUMF,H2,7.46E-05,0.046535005,H2,75,A4,13.75,C1,11.25,3,100
20828,THE DC OF LOXTON WAIKERIE,HOLUMJ,H2,0.000559276,0.204734437,H2,45,A4,30.25,C1,24.75,3,100
20838,MID MURRAY COUNCIL,COHETI,L1,1.11E-05,0.014111098,L1,40,K3,30.1,D1,29.9,3,100
20844,THE DC OF LOXTON WAIKERIE,LOXUCJ,H2,0.005015042,1.278515629,H2,24.75,G1,20.25,A4,19.25,7,100
20846,THE DC OF LOXTON WAIKERIE,MANSdA,A4,0.000140632,0.064680727,A4,75,B2,25,None,0,2,100
20848,MID MURRAY COUNCIL,COHAKD,L1,4.64E-05,0.042803035,L1,55,K3,20,D1,15,4,100
20852,THE DC OF LOXTON WAIKERIE,HOLQVA,A4,0.000145959,0.065309178,A4,42.75,B2,33.25,C1,19,4,100
20853,THE DC OF LOXTON WAIKERIE,LOXSDA,C1,4.73E-05,0.028251517,C1,35,A4,30,B2,15,5,100
20854,MID MURRAY COUNCIL,STOKOA,A4,2.33E-05,0.024179991,A4,55,D4,20,A5,15,4,100
20855,THE DC OF LOXTON WAIKERIE,LOXSDA,C1,0.000332295,0.123227191,C1,35,A4,30,B2,15,5,100
20860,THE DC OF LOXTON WAIKERIE,MURUMJ,H2,0.000500335,0.172640529,H2,45,A4,30.25,C1,24.75,3,100
20862,MID MURRAY COUNCIL,TOWKNJ,A4,0.000186309,0.133137449,A4,55,D2,20,C1,15,4,100
20864,MID MURRAY COUNCIL,MRDQHE,B2,0.00010474,0.090818398,B2,100,None,0,None,0,1,100
20866,THE DC OF LOXTON WAIKERIE,HOLSaA,A4,0.000301194,0.097545315,A4,55,C1,45,None,0,2,100
20877,MID MURRAY COUNCIL,COHAKD,L1,0.000118439,0.069092678,L1,55,K3,20,D1,15,4,100
20879,MID MURRAY COUNCIL,MURQMA,B2,0.000125962,0.060736647,B2,80,A4,20,None,0,2,100
20882,THE DC OF LOXTON WAIKERIE,MURUMG,H2,0.001406787,0.499570245,H2,65,A4,19.25,C1,15.75,3,100
20884,THE DC OF LOXTON WAIKERIE,LOXUCJ,H2,0.000475573,0.22425264,H2,24.75,G1,20.25,A4,19.25,7,100
20885,MID MURRAY COUNCIL,MURSgB,A4,0.000417353,0.17305783,A4,60,H2,25,C1,15,3,100
20886,THE DC OF LOXTON WAIKERIE,MURUMF,H2,0.000763551,0.373807802,H2,75,A4,13.75,C1,11.25,3,100
20891,MID MURRAY COUNCIL,TOWKNC,A4,7.70E-06,0.01103511,A4,55,D2,20,C1,15,4,100
20894,MID MURRAY COUNCIL,MRDQHE,B2,5.52E-05,0.060407045,B2,100,None,0,None,0,1,100
20895,THE DC OF LOXTON WAIKERIE,LOXSkB,A4,0.001924468,0.571165636,A4,75,G1,13.75,H2,11.25,3,100
20898,THE DC OF LOXTON WAIKERIE,HOLQMA,B2,5.18E-05,0.049149072,B2,100,None,0,None,0,1,100
20902,THE DC OF LOXTON WAIKERIE,HOLQYB,A4,0.000364023,0.107107209,A4,33.75,B2,26.25,H2,25,4,100
20906,THE BERRI BARMERA COUNCIL,UMVUrK,H2,6.15E-05,0.049713412,H2,55,E3,24.75,F2,20.25,3,100
20909,THE DC OF LOXTON WAIKERIE,HOLUMJ,H2,0.000168461,0.080715387,H2,45,A4,30.25,C1,24.75,3,100
20911,THE DC OF LOXTON WAIKERIE,MANSfB,A4,0.000255275,0.097460771,A4,50,B2,25,H2,25,3,100
20921,THE DC OF LOXTON WAIKERIE,LOXUCJ,H2,0.000185609,0.056453437,H2,24.75,G1,20.25,A4,19.25,7,100
20932,THE DC OF LOXTON WAIKERIE,LOXSkL,A4,0.000366098,0.16333959,A4,75,G1,13.75,H2,11.25,3,100
20936,THE DC OF LOXTON WAIKERIE,HOLUMF,H2,0.00040347,0.232533808,H2,65,A4,19.25,C1,15.75,3,100
20937,THE DC OF LOXTON WAIKERIE,MURUMF,H2,0.000289913,0.103840943,H2,75,A4,13.75,C1,11.25,3,100
20938,THE DC OF LOXTON WAIKERIE,MURSgB,A4,0.000520927,0.104086126,A4,60,H2,25,C1,15,3,100
20939,MID MURRAY COUNCIL,MRDQHE,B2,5.06E-05,0.03004366,B2,100,None,0,None,0,1,100
20943,MID MURRAY COUNCIL,TOWKNC,A4,3.00E-05,0.022898928,A4,55,D2,20,C1,15,4,100
20947,THE DC OF LOXTON WAIKERIE,HOLUMG,H2,0.000464096,0.106542047,H2,65,A4,19.25,C1,15.75,3,100
20948,THE DC OF LOXTON WAIKERIE,HOLQMA,B2,8.28E-05,0.057201457,B2,100,None,0,None,0,1,100
20950,MID MURRAY COUNCIL,SOMCSD,K3,0.000100793,0.054433076,K3,35,L1,30,K1,20,4,100
20952,MID MURRAY COUNCIL,MURUMJ,H2,0.000117786,0.060412951,H2,45,A4,30.25,C1,24.75,3,100
20953,MID MURRAY COUNCIL,MURQMA,B2,2.76E-05,0.021221769,B2,80,A4,20,None,0,2,100
20954,THE DC OF LOXTON WAIKERIE,LOXUCI,H2,7.58E-05,0.048942937,H2,24.75,G1,20.25,A4,19.25,7,100
20957,THE DC OF LOXTON WAIKERIE,HOLQMA,B2,0.00020576,0.067681989,B2,100,None,0,None,0,1,100
20959,THE DC OF LOXTON WAIKERIE,LOXUCJ,H2,0.000109453,0.054210292,H2,24.75,G1,20.25,A4,19.25,7,100
20961,THE DC OF LOXTON WAIKERIE,LOXSDA,C1,5.79E-05,0.030044263,C1,35,A4,30,B2,15,5,100
20962,MID MURRAY COUNCIL,COHETC,L1,3.48E-05,0.025513589,L1,40,K3,30.1,D1,29.9,3,100
20964,THE DC OF LOXTON WAIKERIE,MURQMA,B2,4.39E-05,0.038004818,B2,80,A4,20,None,0,2,100
20966,MID MURRAY COUNCIL,TOWKNC,A4,4.72E-06,0.010054356,A4,55,D2,20,C1,15,4,100
20972,MID MURRAY COUNCIL,SOMCSD,K3,1.97E-05,0.019420969,K3,35,L1,30,K1,20,4,100
20973,THE DC OF LOXTON WAIKERIE,HOLQMA,B2,9.55E-06,0.015542182,B2,100,None,0,None,0,1,100
20976,MID MURRAY COUNCIL,COHAKD,L1,3.21E-05,0.025276981,L1,55,K3,20,D1,15,4,100
20983,THE DC OF LOXTON WAIKERIE,HOLQMA,B2,6.56E-05,0.059758648,B2,100,None,0,None,0,1,100
20988,MID MURRAY COUNCIL,LMVSXII,A4,2.78E-05,0.040033022,A4,45,G1,35,H2,20,3,100
20990,MID MURRAY COUNCIL,MANSdA,A4,4.68E-05,0.031682257,A4,75,B2,25,None,0,2,100
20991,THE DC OF LOXTON WAIKERIE,HOLQMA,B2,2.23E-05,0.02196661,B2,100,None,0,None,0,1,100
20994,THE DC OF LOXTON WAIKERIE,LOXSkB,A4,0.001330157,0.376878347,A4,75,G1,13.75,H2,11.25,3,100
20995,THE DC OF LOXTON WAIKERIE,UMVXmA,E3,0.000149558,0.09762992,E3,46.75,F2,38.25,WW,10,4,100
21003,MID MURRAY COUNCIL,BWHQMB,B2,0.000397383,0.130306234,B2,100,None,0,None,0,1,100
21006,MID MURRAY COUNCIL,COHAKC,L1,0.000197872,0.098319194,L1,55,K3,20,D1,15,4,100
21009,MID MURRAY COUNCIL,COHAKD,L1,0.000340678,0.176478937,L1,55,K3,20,D1,15,4,100
21011,THE DC OF LOXTON WAIKERIE,LOXSkB,A4,0.000241747,0.098733155,A4,75,G1,13.75,H2,11.25,3,100
21013,THE DC OF LOXTON WAIKERIE,HOLQVA,A4,9.91E-05,0.061693993,A4,42.75,B2,33.25,C1,19,4,100
21015,THE DC OF LOXTON WAIKERIE,HOLQMA,B2,0.000107426,0.051673085,B2,100,None,0,None,0,1,100
21016,THE DC OF LOXTON WAIKERIE,HOLQVA,A4,3.41E-05,0.025982198,A4,42.75,B2,33.25,C1,19,4,100
21017,THE DC OF LOXTON WAIKERIE,MURQMA,B2,1.79E-05,0.019628897,B2,80,A4,20,None,0,2,100
21026,THE DC OF LOXTON WAIKERIE,LOXUCJ,H2,0.000340966,0.119457883,H2,24.75,G1,20.25,A4,19.25,7,100
21032,THE DC OF LOXTON WAIKERIE,MANQMA,B2,0.001895785,0.729721837,B2,65,A4,20,B3,15,3,100
21036,THE DC OF LOXTON WAIKERIE,LOXUCJ,H2,6.98E-05,0.045372205,H2,24.75,G1,20.25,A4,19.25,7,100
21040,MID MURRAY COUNCIL,TOWKNJ,A4,2.04E-05,0.03159932,A4,55,D2,20,C1,15,4,100
21041,THE DC OF LOXTON WAIKERIE,HOLRCE,B3,1.86E-05,0.016199233,B3,40,C1,30.1,B2,29.9,3,100
21051,THE DC OF LOXTON WAIKERIE,MANQOA,B2,2.24E-05,0.026667255,B2,48.75,H2,25,A4,15,4,100
21054,MID MURRAY COUNCIL,COHAKD,L1,3.26E-05,0.028739923,L1,55,K3,20,D1,15,4,100
21057,MID MURRAY COUNCIL,SEDIBE,A5,0.000606912,0.277529238,A5,100,None,0,None,0,1,100
21058,MID MURRAY COUNCIL,TOWKNJ,A4,0.00020726,0.179194098,A4,55,D2,20,C1,15,4,100
21060,THE DC OF LOXTON WAIKERIE,LOXSDA,C1,0.000252902,0.079321994,C1,35,A4,30,B2,15,5,100
21061,MID MURRAY COUNCIL,MURQMA,B2,0.000281315,0.101485654,B2,80,A4,20,None,0,2,100
21066,THE DC OF LOXTON WAIKERIE,LOXUCJ,H2,0.001049838,0.442047469,H2,24.75,G1,20.25,A4,19.25,7,100
21068,THE DC OF LOXTON WAIKERIE,HOLQMA,B2,0.000171995,0.078020219,B2,100,None,0,None,0,1,100
21076,MID MURRAY COUNCIL,COHETI,L1,0.000261005,0.131685813,L1,40,K3,30.1,D1,29.9,3,100
21085,THE DC OF LOXTON WAIKERIE,LOXUCJ,H2,9.48E-05,0.055752143,H2,24.75,G1,20.25,A4,19.25,7,100
21086,MID MURRAY COUNCIL,LMVSXII,A4,1.26E-05,0.017793991,A4,45,G1,35,H2,20,3,100
21089,MID MURRAY COUNCIL,COHAKD,L1,1.09E-05,0.016938456,L1,55,K3,20,D1,15,4,100
21090,MID MURRAY COUNCIL,LMVSXII,A4,6.83E-05,0.07347062,A4,45,G1,35,H2,20,3,100
21091,MID MURRAY COUNCIL,TOWKNB,A4,0.000323778,0.12105012,A4,55,D2,20,C1,15,4,100
21094,MID MURRAY COUNCIL,MURUMF,H2,0.000118345,0.0732664,H2,75,A4,13.75,C1,11.25,3,100
21095,MID MURRAY COUNCIL,MURUMJ,H2,4.36E-05,0.034528165,H2,45,A4,30.25,C1,24.75,3,100
21098,THE DC OF LOXTON WAIKERIE,HOLUMJ,H2,0.000122945,0.068649609,H2,45,A4,30.25,C1,24.75,3,100
21100,THE DC OF LOXTON WAIKERIE,MURUME,H2,5.09E-05,0.052411247,H2,85,A4,8.25,C1,6.75,3,100
21101,THE DC OF LOXTON WAIKERIE,HOLRCE,B3,6.23E-05,0.048854454,B3,40,C1,30.1,B2,29.9,3,100
21102,MID MURRAY COUNCIL,TOWKNH,A4,2.17E-05,0.020836109,A4,55,D2,20,C1,15,4,100
21105,THE DC OF LOXTON WAIKERIE,HOLQVA,A4,0.000209181,0.081819025,A4,42.75,B2,33.25,C1,19,4,100
21107,THE DC OF LOXTON WAIKERIE,HOLQMA,B2,0.000122519,0.057634974,B2,100,None,0,None,0,1,100
21108,THE DC OF LOXTON WAIKERIE,MANRCE,B3,0.000112542,0.08473076,B3,55,B2,45,None,0,2,100
21112,THE DC OF LOXTON WAIKERIE,HOLSaA,A4,0.000455065,0.156950191,A4,55,C1,45,None,0,2,100
21114,THE DC OF LOXTON WAIKERIE,LOXSDA,C1,0.000193206,0.105414539,C1,35,A4,30,B2,15,5,100
21118,THE DC OF LOXTON WAIKERIE,LOXSaL,A4,0.000313954,0.110080521,A4,100,None,0,None,0,1,100
21121,THE DC OF LOXTON WAIKERIE,LOXSDA,C1,8.31E-05,0.053912576,C1,35,A4,30,B2,15,5,100
21122,MID MURRAY COUNCIL,MURSgA,A4,0.00080257,0.228849895,A4,60,H2,25,C1,15,3,100
21127,THE DC OF LOXTON WAIKERIE,MANQOA,B2,0.000104425,0.074008628,B2,48.75,H2,25,A4,15,4,100
21136,THE DC OF LOXTON WAIKERIE,HOLUMJ,H2,0.00042197,0.168656838,H2,45,A4,30.25,C1,24.75,3,100
21146,THE DC OF LOXTON WAIKERIE,HOLSgB,A4,0.001034191,0.307712751,A4,41.25,C1,33.75,H2,25,3,100
21149,THE DC OF LOXTON WAIKERIE,HOLRCE,B3,0.000188455,0.112585934,B3,40,C1,30.1,B2,29.9,3,100
21155,THE DC OF LOXTON WAIKERIE,MURUME,H2,4.99E-05,0.043534041,H2,85,A4,8.25,C1,6.75,3,100
21157,THE DC OF LOXTON WAIKERIE,MURQOA,B2,0.001315589,0.365725197,B2,68,A4,17,H2,15,3,100
21162,THE DC OF LOXTON WAIKERIE,LOXSkB,A4,0.000409532,0.132258683,A4,75,G1,13.75,H2,11.25,3,100
21166,THE DC OF LOXTON WAIKERIE,HOLUMJ,H2,0.005046815,0.498063483,H2,45,A4,30.25,C1,24.75,3,100
21168,THE DC OF LOXTON WAIKERIE,MANQMA,B2,0.000685619,0.208589638,B2,65,A4,20,B3,15,3,100
21170,THE DC OF LOXTON WAIKERIE,HOLQVB,A4,0.000390667,0.150078951,A4,42.75,B2,33.25,C1,19,4,100
21173,THE DC OF LOXTON WAIKERIE,HOLUMJ,H2,0.000207234,0.072551479,H2,45,A4,30.25,C1,24.75,3,100
21176,MID MURRAY COUNCIL,MURQOA,B2,0.000418234,0.1100604,B2,68,A4,17,H2,15,3,100
21178,THE DC OF LOXTON WAIKERIE,LOXUCJ,H2,0.000219909,0.11950244,H2,24.75,G1,20.25,A4,19.25,7,100
21182,THE DC OF LOXTON WAIKERIE,MANRCE,B3,8.18E-05,0.038651289,B3,55,B2,45,None,0,2,100
21183,MID MURRAY COUNCIL,MURUMJ,H2,0.000250972,0.114439662,H2,45,A4,30.25,C1,24.75,3,100
21186,THE DC OF LOXTON WAIKERIE,MURQOA,B2,0.000439379,0.178773458,B2,68,A4,17,H2,15,3,100
21187,THE DC OF LOXTON WAIKERIE,MANSfB,A4,0.000378848,0.140467441,A4,50,B2,25,H2,25,3,100
21188,THE DC OF LOXTON WAIKERIE,LOXSkB,A4,0.001508686,0.387115823,A4,75,G1,13.75,H2,11.25,3,100
21189,MID MURRAY COUNCIL,MANQMA,B2,0.000380663,0.156691658,B2,65,A4,20,B3,15,3,100
21190,THE DC OF LOXTON WAIKERIE,LOXSkB,A4,2.05E-05,0.02038859,A4,75,G1,13.75,H2,11.25,3,100
21192,THE DC OF LOXTON WAIKERIE,HOLQMA,B2,9.54E-05,0.053770951,B2,100,None,0,None,0,1,100
21196,MID MURRAY COUNCIL,MRDQHE,B2,3.58E-05,0.040039517,B2,100,None,0,None,0,1,100
21197,MID MURRAY COUNCIL,COHAKD,L1,6.79E-05,0.046808121,L1,55,K3,20,D1,15,4,100
21198,THE DC OF LOXTON WAIKERIE,MANQOA,B2,0.000122695,0.069121732,B2,48.75,H2,25,A4,15,4,100
21205,MID MURRAY COUNCIL,LMVSXI,A4,9.97E-05,0.064724276,A4,45,G1,35,H2,20,3,100
21206,MID MURRAY COUNCIL,MRDQHE,B2,2.85E-05,0.024075095,B2,100,None,0,None,0,1,100
21207,MID MURRAY COUNCIL,MRDQHE,B2,2.58E-05,0.020602462,B2,100,None,0,None,0,1,100
21211,THE BERRI BARMERA COUNCIL,UMVXmA,E3,6.63E-05,0.044138138,E3,46.75,F2,38.25,WW,10,4,100
21213,THE DC OF LOXTON WAIKERIE,MURSgB,A4,0.00028909,0.10407982,A4,60,H2,25,C1,15,3,100
21214,MID MURRAY COUNCIL,LMVXg-,E3,9.81E-05,0.057171645,E3,39,H2,25,N3,15,5,100
21215,THE DC OF LOXTON WAIKERIE,MANRCE,B3,2.87E-05,0.019877931,B3,55,B2,45,None,0,2,100
21216,MID MURRAY COUNCIL,STOKOU,A4,0.000450825,0.087283765,A4,55,D4,20,A5,15,4,100
21219,THE DC OF LOXTON WAIKERIE,MANQMA,B2,0.000113501,0.053742613,B2,65,A4,20,B3,15,3,100
21223,THE DC OF LOXTON WAIKERIE,HOLUMI,H2,0.00010361,0.056283954,H2,45,A4,30.25,C1,24.75,3,100
21225,THE DC OF LOXTON WAIKERIE,LOXUCJ,H2,0.000688881,0.20553808,H2,24.75,G1,20.25,A4,19.25,7,100
21233,THE DC OF LOXTON WAIKERIE,HOLUMF,H2,0.000130697,0.094752778,H2,65,A4,19.25,C1,15.75,3,100
21234,THE DC OF LOXTON WAIKERIE,LOXUCJ,H2,0.000197091,0.081584136,H2,24.75,G1,20.25,A4,19.25,7,100
21236,THE DC OF LOXTON WAIKERIE,MANSdA,A4,0.00087857,0.171697315,A4,75,B2,25,None,0,2,100
21237,MID MURRAY COUNCIL,COHAKY,L1,5.22E-05,0.035117547,L1,55,K3,20,D1,15,4,100
21238,MID MURRAY COUNCIL,SEDIBE,A5,2.12E-05,0.019974218,A5,100,None,0,None,0,1,100
21239,THE DC OF LOXTON WAIKERIE,LOXSkB,A4,0.00198214,0.483520222,A4,75,G1,13.75,H2,11.25,3,100
21241,MID MURRAY COUNCIL,COHETC,L1,9.15E-05,0.062098229,L1,40,K3,30.1,D1,29.9,3,100
21243,THE DC OF LOXTON WAIKERIE,HOLQVA,A4,0.000115738,0.055635878,A4,42.75,B2,33.25,C1,19,4,100
21246,MID MURRAY COUNCIL,BLTQHE,B2,0.000207732,0.120807952,B2,80,A5,20,None,0,2,100
21249,THE DC OF LOXTON WAIKERIE,LOXSDA,C1,0.000241929,0.115988692,C1,35,A4,30,B2,15,5,100
21250,MID MURRAY COUNCIL,MRDQHE,B2,3.61E-05,0.032897269,B2,100,None,0,None,0,1,100
21257,THE DC OF LOXTON WAIKERIE,MANRCE,B3,6.97E-05,0.059601193,B3,55,B2,45,None,0,2,100
21261,THE DC OF LOXTON WAIKERIE,LOXSaB,A4,0.000291755,0.133019329,A4,100,None,0,None,0,1,100
21262,MID MURRAY COUNCIL,TOWKNB,A4,4.76E-05,0.031038648,A4,55,D2,20,C1,15,4,100
21264,THE DC OF LOXTON WAIKERIE,LOXSkB,A4,0.00017949,0.070677518,A4,75,G1,13.75,H2,11.25,3,100
21266,THE DC OF LOXTON WAIKERIE,MANSfB,A4,0.000807817,0.256497316,A4,50,B2,25,H2,25,3,100
21267,THE DC OF LOXTON WAIKERIE,LOXSDA,C1,7.59E-05,0.041113084,C1,35,A4,30,B2,15,5,100
21268,THE DC OF LOXTON WAIKERIE,MANQOA,B2,0.000279317,0.161137756,B2,48.75,H2,25,A4,15,4,100
21273,THE DC OF LOXTON WAIKERIE,LOXSDA,C1,0.000496948,0.206416455,C1,35,A4,30,B2,15,5,100
21275,MID MURRAY COUNCIL,MRDQHE,B2,1.31E-05,0.013354922,B2,100,None,0,None,0,1,100
21286,MID MURRAY COUNCIL,RATAgC,L1,8.82E-05,0.039861199,L1,35,K5,30,K4,20,4,100
21291,MID MURRAY COUNCIL,LMVSEC,A4,0.000101257,0.0579536,A4,45,G1,35,H2,20,3,100
21292,THE DC OF LOXTON WAIKERIE,HOLUMF,H2,2.62E-05,0.025425597,H2,65,A4,19.25,C1,15.75,3,100
21297,THE DC OF LOXTON WAIKERIE,MANQMA,B2,2.37E-05,0.019730306,B2,65,A4,20,B3,15,3,100
21298,MID MURRAY COUNCIL,MURUMF,H2,2.41E-05,0.022319542,H2,75,A4,13.75,C1,11.25,3,100
21300,THE DC OF LOXTON WAIKERIE,LOXSDA,C1,2.43E-05,0.019306007,C1,35,A4,30,B2,15,5,100
21305,MID MURRAY COUNCIL,LMVXh-,WW,0.000363206,0.11319909,WW,65,N3,20,E3,9.75,5,100
21306,MID MURRAY COUNCIL,MRDQHE,B2,2.34E-05,0.022662865,B2,100,None,0,None,0,1,100
21308,THE DC OF LOXTON WAIKERIE,MURUME,H2,7.04E-05,0.055665895,H2,85,A4,8.25,C1,6.75,3,100
21316,THE DC OF LOXTON WAIKERIE,LOXSkB,A4,6.27E-05,0.034178665,A4,75,G1,13.75,H2,11.25,3,100
21322,THE DC OF LOXTON WAIKERIE,LOXSDA,C1,0.000112017,0.045875244,C1,35,A4,30,B2,15,5,100
21325,THE DC OF LOXTON WAIKERIE,HOLUMI,H2,0.000199322,0.064798385,H2,45,A4,30.25,C1,24.75,3,100
21328,THE DC OF LOXTON WAIKERIE,LOXUCJ,H2,0.000356241,0.135929528,H2,24.75,G1,20.25,A4,19.25,7,100
21339,THE DC OF KAROONDA EAST MURRAY,MANRCE,B3,5.99E-05,0.043165752,B3,55,B2,45,None,0,2,100
21343,MID MURRAY COUNCIL,LMVXh-,WW,0.000254558,0.106078496,WW,65,N3,20,E3,9.75,5,100
21350,MID MURRAY COUNCIL,TOWKNJ,A4,1.62E-05,0.025985576,A4,55,D2,20,C1,15,4,100
21351,MID MURRAY COUNCIL,MRDQHE,B2,3.55E-05,0.036395996,B2,100,None,0,None,0,1,100
21353,THE DC OF LOXTON WAIKERIE,MANRCE,B3,9.17E-05,0.042635594,B3,55,B2,45,None,0,2,100
21354,MID MURRAY COUNCIL,COHAKD,L1,0.005673589,1.562909596,L1,55,K3,20,D1,15,4,100
21360,MID MURRAY COUNCIL,SEDIBE,A5,2.71E-05,0.028289438,A5,100,None,0,None,0,1,100
21363,THE DC OF LOXTON WAIKERIE,LOXSDA,C1,8.40E-05,0.044527417,C1,35,A4,30,B2,15,5,100
21364,MID MURRAY COUNCIL,TOWKNC,A4,3.12E-05,0.025605318,A4,55,D2,20,C1,15,4,100
21366,THE DC OF LOXTON WAIKERIE,LOXSaB,A4,0.000150657,0.07797022,A4,100,None,0,None,0,1,100
21369,MID MURRAY COUNCIL,MRDQHE,B2,1.36E-05,0.014651615,B2,100,None,0,None,0,1,100
21372,THE DC OF LOXTON WAIKERIE,LOXUCJ,H2,0.000738128,0.239554442,H2,24.75,G1,20.25,A4,19.25,7,100
21374,THE DC OF LOXTON WAIKERIE,LOXSDA,C1,6.90E-05,0.034204022,C1,35,A4,30,B2,15,5,100
21379,THE DC OF LOXTON WAIKERIE,LOXSDA,C1,0.000378563,0.13765752,C1,35,A4,30,B2,15,5,100
21383,MID MURRAY COUNCIL,SEDIBE,A5,4.38E-05,0.042966754,A5,100,None,0,None,0,1,100
21385,THE DC OF LOXTON WAIKERIE,LOXSDA,C1,0.000286927,0.103397013,C1,35,A4,30,B2,15,5,100
21386,THE DC OF LOXTON WAIKERIE,LOXSaB,A4,6.88E-05,0.035430465,A4,100,None,0,None,0,1,100
21387,THE DC OF LOXTON WAIKERIE,LOXSDA,C1,9.71E-05,0.041393831,C1,35,A4,30,B2,15,5,100
21388,MID MURRAY COUNCIL,MRDQHE,B2,1.21E-05,0.014099644,B2,100,None,0,None,0,1,100
21391,THE DC OF LOXTON WAIKERIE,MANRCE,B3,5.73E-05,0.048318807,B3,55,B2,45,None,0,2,100
21396,THE DC OF LOXTON WAIKERIE,MANQMA,B2,8.82E-05,0.058853974,B2,65,A4,20,B3,15,3,100
21399,MID MURRAY COUNCIL,SEDIBE,A5,0.000172617,0.107122557,A5,100,None,0,None,0,1,100
21402,THE DC OF LOXTON WAIKERIE,NOOSDP,A4,3.09E-05,0.027445737,A4,55,C1,45,None,0,2,100
21407,THE DC OF LOXTON WAIKERIE,MANRCE,B3,8.36E-05,0.058476797,B3,55,B2,45,None,0,2,100
21416,THE DC OF LOXTON WAIKERIE,LOXUCJ,H2,7.55E-05,0.042499706,H2,24.75,G1,20.25,A4,19.25,7,100
21420,MID MURRAY COUNCIL,SEDQHA,B2,6.81E-05,0.051433025,B2,80,B3,20,None,0,2,100
21422,THE DC OF LOXTON WAIKERIE,HOLQMA,B2,2.39E-05,0.028810951,B2,100,None,0,None,0,1,100
21423,MID MURRAY COUNCIL,MRDQHE,B2,0.000102081,0.068477716,B2,100,None,0,None,0,1,100
21425,THE DC OF LOXTON WAIKERIE,LOXSDA,C1,8.81E-05,0.049685127,C1,35,A4,30,B2,15,5,100
21429,MID MURRAY COUNCIL,BLTQHE,B2,0.00028766,0.083178855,B2,80,A5,20,None,0,2,100
21430,THE DC OF KAROONDA EAST MURRAY,MANRCE,B3,1.39E-05,0.017239354,B3,55,B2,45,None,0,2,100
21436,THE DC OF LOXTON WAIKERIE,BLTU-D,H2,3.90E-05,0.038910097,H2,100,None,0,None,0,1,100
21438,THE DC OF LOXTON WAIKERIE,LOXUCJ,H2,0.000405889,0.145390446,H2,24.75,G1,20.25,A4,19.25,7,100
21440,THE DC OF LOXTON WAIKERIE,LOXUCI,H2,0.000403915,0.125881668,H2,24.75,G1,20.25,A4,19.25,7,100
21442,THE DC OF LOXTON WAIKERIE,MANQMA,B2,0.000306962,0.112530824,B2,65,A4,20,B3,15,3,100
21444,THE DC OF LOXTON WAIKERIE,LOXSDA,C1,0.00030028,0.125223778,C1,35,A4,30,B2,15,5,100
21445,THE DC OF LOXTON WAIKERIE,LOXSDA,C1,0.00012386,0.05959641,C1,35,A4,30,B2,15,5,100
21454,THE DC OF LOXTON WAIKERIE,MANRCE,B3,6.97E-05,0.038370882,B3,55,B2,45,None,0,2,100
21457,THE DC OF LOXTON WAIKERIE,NOOSDP,A4,3.88E-05,0.026501622,A4,55,C1,45,None,0,2,100
21460,MID MURRAY COUNCIL,TOWQMB,A4,1.15E-05,0.017869987,A4,80,B2,20,None,0,2,100
21462,THE DC OF LOXTON WAIKERIE,MURQMA,B2,1.71E-05,0.021619068,B2,80,A4,20,None,0,2,100
21463,THE DC OF LOXTON WAIKERIE,LOXSDA,C1,8.21E-05,0.04627104,C1,35,A4,30,B2,15,5,100
21464,THE DC OF LOXTON WAIKERIE,NOOZJ-,N2,8.80E-07,0.003956825,N2,75,A8,25,None,0,2,100
21465,THE DC OF LOXTON WAIKERIE,MURQMA,B2,1.71E-05,0.018682865,B2,80,A4,20,None,0,2,100
21468,MID MURRAY COUNCIL,MANSdA,A4,8.93E-05,0.051728847,A4,75,B2,25,None,0,2,100
21470,MID MURRAY COUNCIL,TOWKNB,A4,0.000136912,0.058409651,A4,55,D2,20,C1,15,4,100
21473,MID MURRAY COUNCIL,MRDQHE,B2,2.83E-05,0.023058149,B2,100,None,0,None,0,1,100
21474,MID MURRAY COUNCIL,TOWKNA,A4,0.00021473,0.10704729,A4,55,D2,20,C1,15,4,100
21477,THE DC OF LOXTON WAIKERIE,MANQOA,B2,0.000368305,0.11374112,B2,48.75,H2,25,A4,15,4,100
21481,THE DC OF LOXTON WAIKERIE,LOXSDA,C1,0.000769875,0.197154014,C1,35,A4,30,B2,15,5,100
21485,THE DC OF LOXTON WAIKERIE,LOXSkB,A4,0.000158557,0.080127436,A4,75,G1,13.75,H2,11.25,3,100
21486,THE DC OF LOXTON WAIKERIE,LOXUCJ,H2,0.000177696,0.112255727,H2,24.75,G1,20.25,A4,19.25,7,100
21489,THE DC OF LOXTON WAIKERIE,MANUUI,B2,0.00042585,0.163002175,B2,55,H2,45,None,0,2,100
21490,MID MURRAY COUNCIL,TOWKNB,A4,0.000162013,0.062591252,A4,55,D2,20,C1,15,4,100
21491,THE DC OF LOXTON WAIKERIE,LOXSDA,C1,0.000113609,0.064671983,C1,35,A4,30,B2,15,5,100
21498,MID MURRAY COUNCIL,MURSgB,A4,2.80E-05,0.023502058,A4,60,H2,25,C1,15,3,100
21500,MID MURRAY COUNCIL,LMVSXII,A4,0.000154479,0.125448754,A4,45,G1,35,H2,20,3,100
21513,THE DC OF KAROONDA EAST MURRAY,MANQOA,B2,0.000224199,0.086750913,B2,48.75,H2,25,A4,15,4,100
21514,THE DC OF LOXTON WAIKERIE,LOXSkB,A4,0.000458565,0.160372056,A4,75,G1,13.75,H2,11.25,3,100
21515,THE DC OF LOXTON WAIKERIE,LOXSkB,A4,7.87E-05,0.038855228,A4,75,G1,13.75,H2,11.25,3,100
21516,THE DC OF LOXTON WAIKERIE,LOXUCJ,H2,0.00022093,0.087758117,H2,24.75,G1,20.25,A4,19.25,7,100
21519,THE DC OF LOXTON WAIKERIE,LOXSkB,A4,0.000153465,0.075960156,A4,75,G1,13.75,H2,11.25,3,100
21521,THE DC OF LOXTON WAIKERIE,LOXSkB,A4,6.63E-05,0.038930069,A4,75,G1,13.75,H2,11.25,3,100
21522,THE DC OF LOXTON WAIKERIE,LOXUCJ,H2,0.00028283,0.10277329,H2,24.75,G1,20.25,A4,19.25,7,100
21523,THE DC OF LOXTON WAIKERIE,MURQMA,B2,5.37E-05,0.030789466,B2,80,A4,20,None,0,2,100
21527,MID MURRAY COUNCIL,MRDQHE,B2,2.78E-05,0.027329357,B2,100,None,0,None,0,1,100
21529,THE DC OF LOXTON WAIKERIE,MANQMA,B2,0.000120145,0.05561641,B2,65,A4,20,B3,15,3,100
21531,MID MURRAY COUNCIL,MANQMA,B2,0.000145037,0.077070198,B2,65,A4,20,B3,15,3,100
21536,MID MURRAY COUNCIL,SEDQHA,B2,0.000146269,0.067561927,B2,80,B3,20,None,0,2,100
21537,MID MURRAY COUNCIL,SOMCSC,K3,1.81E-05,0.016068247,K3,35,L1,30,K1,20,4,100
21538,THE DC OF LOXTON WAIKERIE,MANRCE,B3,2.77E-05,0.022311852,B3,55,B2,45,None,0,2,100
21540,THE DC OF LOXTON WAIKERIE,MANRCE,B3,1.13E-05,0.01539802,B3,55,B2,45,None,0,2,100
21546,MID MURRAY COUNCIL,TOWQMB,A4,3.53E-05,0.027345332,A4,80,B2,20,None,0,2,100
21548,THE DC OF LOXTON WAIKERIE,MURUMI,H2,0.000477577,0.222506114,H2,45,A4,30.25,C1,24.75,3,100
21549,THE DC OF LOXTON WAIKERIE,LOXUCJ,H2,7.73E-05,0.058255304,H2,24.75,G1,20.25,A4,19.25,7,100
21553,MID MURRAY COUNCIL,SEDIBE,A5,6.63E-05,0.056218548,A5,100,None,0,None,0,1,100
21559,THE DC OF LOXTON WAIKERIE,MANQMA,B2,1.71E-05,0.016534634,B2,65,A4,20,B3,15,3,100
21564,THE DC OF LOXTON WAIKERIE,MANQMA,B2,1.62E-05,0.017913585,B2,65,A4,20,B3,15,3,100
21568,MID MURRAY COUNCIL,TOWKNC,A4,3.94E-05,0.02583001,A4,55,D2,20,C1,15,4,100
21572,THE DC OF LOXTON WAIKERIE,LOXUCI,H2,0.000352972,0.119422442,H2,24.75,G1,20.25,A4,19.25,7,100
21573,MID MURRAY COUNCIL,SOMLCe,F2,9.92E-05,0.116757104,F2,55,M1,45,None,0,2,100
21575,THE DC OF KAROONDA EAST MURRAY,BLTQHA,B2,0.003867194,0.501968929,B2,100,None,0,None,0,1,100
21577,THE DC OF LOXTON WAIKERIE,LOXSDA,C1,0.000304149,0.103666744,C1,35,A4,30,B2,15,5,100
21584,THE DC OF LOXTON WAIKERIE,LOXSDA,C1,7.69E-05,0.037075385,C1,35,A4,30,B2,15,5,100
21592,MID MURRAY COUNCIL,SOMCZC,K4,0.000133004,0.111764844,F2,24.75,K4,24.75,M1,20.25,5,100
21605,THE DC OF LOXTON WAIKERIE,MANRCE,B3,6.07E-05,0.042584836,B3,55,B2,45,None,0,2,100
21612,MID MURRAY COUNCIL,SEDQHA,B2,1.70E-05,0.017129283,B2,80,B3,20,None,0,2,100
21615,MID MURRAY COUNCIL,MRDQHE,B2,0.000127642,0.056845187,B2,100,None,0,None,0,1,100
21619,THE DC OF LOXTON WAIKERIE,HOLQMA,B2,0.000119361,0.066474887,B2,100,None,0,None,0,1,100
21622,MID MURRAY COUNCIL,SEDQHA,B2,9.96E-06,0.013384868,B2,80,B3,20,None,0,2,100
21623,THE DC OF LOXTON WAIKERIE,HOLQMA,B2,9.29E-06,0.011271405,B2,100,None,0,None,0,1,100
21624,THE DC OF KAROONDA EAST MURRAY,MANQMA,B2,0.020732822,4.971968089,B2,65,A4,20,B3,15,3,100
21628,MID MURRAY COUNCIL,MRDQHE,B2,4.04E-05,0.043761603,B2,100,None,0,None,0,1,100
21631,THE DC OF LOXTON WAIKERIE,MANQMA,B2,3.24E-05,0.025737479,B2,65,A4,20,B3,15,3,100
21632,MID MURRAY COUNCIL,MMKAnB,L1,1.18E-05,0.015519517,L1,45,K4,35,K5,20,3,100
21633,THE DC OF LOXTON WAIKERIE,MANU-D,H2,3.08E-05,0.030714586,H2,100,None,0,None,0,1,100
21641,THE DC OF LOXTON WAIKERIE,LOXSkB,A4,0.000169149,0.083576853,A4,75,G1,13.75,H2,11.25,3,100
21645,THE DC OF KAROONDA EAST MURRAY,MANQOA,B2,0.002879546,0.760683666,B2,48.75,H2,25,A4,15,4,100
21647,THE DC OF KAROONDA EAST MURRAY,MANRCE,B3,4.43E-05,0.03791507,B3,55,B2,45,None,0,2,100
21649,MID MURRAY COUNCIL,MRDQHE,B2,9.01E-06,0.012137951,B2,100,None,0,None,0,1,100
21650,MID MURRAY COUNCIL,COHAKD,L1,2.98E-05,0.027247862,L1,55,K3,20,D1,15,4,100
21651,MID MURRAY COUNCIL,SOMCSD,K3,9.97E-05,0.051712946,K3,35,L1,30,K1,20,4,100
21653,THE DC OF KAROONDA EAST MURRAY,MANU-D,H2,6.79E-05,0.055185721,H2,100,None,0,None,0,1,100
21665,MID MURRAY COUNCIL,SEDQHA,B2,6.03E-05,0.054123307,B2,80,B3,20,None,0,2,100
21676,MID MURRAY COUNCIL,SEDIBE,A5,5.22E-05,0.049198458,A5,100,None,0,None,0,1,100
21678,MID MURRAY COUNCIL,SEDQHA,B2,0.000115902,0.052456483,B2,80,B3,20,None,0,2,100
21679,MID MURRAY COUNCIL,SEDIBE,A5,2.35E-05,0.026491424,A5,100,None,0,None,0,1,100
21683,MID MURRAY COUNCIL,SOMETD,L1,6.85E-05,0.046486868,L1,80,D1,20,None,0,2,100
21689,MID MURRAY COUNCIL,MRDQHE,B2,2.38E-05,0.02363699,B2,100,None,0,None,0,1,100
21690,THE DC OF LOXTON WAIKERIE,LOXUCI,H2,0.005680036,1.168045042,H2,24.75,G1,20.25,A4,19.25,7,100
21693,MID MURRAY COUNCIL,COHAKD,L1,8.63E-05,0.063973959,L1,55,K3,20,D1,15,4,100
21694,MID MURRAY COUNCIL,SEDIBE,A5,0.000225686,0.158577446,A5,100,None,0,None,0,1,100
21695,THE DC OF LOXTON WAIKERIE,LOXUCJ,H2,0.000175746,0.080860937,H2,24.75,G1,20.25,A4,19.25,7,100
21702,MID MURRAY COUNCIL,MURUME,H2,8.50E-05,0.047582998,H2,85,A4,8.25,C1,6.75,3,100
21703,THE DC OF LOXTON WAIKERIE,MURUMJ,H2,0.000656035,0.189095394,H2,45,A4,30.25,C1,24.75,3,100
21708,THE DC OF LOXTON WAIKERIE,MANSdA,A4,0.000347522,0.160760097,A4,75,B2,25,None,0,2,100
21713,THE DC OF LOXTON WAIKERIE,LOXUCJ,H2,0.000903915,0.255788963,H2,24.75,G1,20.25,A4,19.25,7,100
21716,THE DC OF KAROONDA EAST MURRAY,MANQOA,B2,0.001138833,0.3707393,B2,48.75,H2,25,A4,15,4,100
21723,MID MURRAY COUNCIL,RATLCe,M1,4.10E-05,0.044032558,M1,55,F2,45,None,0,2,100
21727,MID MURRAY COUNCIL,LMVXg-,E3,1.63E-05,0.028764761,E3,39,H2,25,N3,15,5,100
21733,MID MURRAY COUNCIL,MMKCZM,K4,6.40E-05,0.053193595,K4,30.25,L1,24.75,F2,15.75,6,100
21738,MID MURRAY COUNCIL,BLTQHA,B2,0.002626695,0.395943174,B2,100,None,0,None,0,1,100
21739,THE DC OF LOXTON WAIKERIE,LOXUCJ,H2,0.000450234,0.177593803,H2,24.75,G1,20.25,A4,19.25,7,100
21745,THE DC OF KAROONDA EAST MURRAY,MANRCE,B3,2.75E-05,0.022929287,B3,55,B2,45,None,0,2,100
21746,THE DC OF LOXTON WAIKERIE,LOXSkB,A4,5.28E-05,0.035346055,A4,75,G1,13.75,H2,11.25,3,100
21748,THE DC OF KAROONDA EAST MURRAY,MANSdA,A4,7.79E-05,0.056786829,A4,75,B2,25,None,0,2,100
21749,MID MURRAY COUNCIL,TOWKNJ,A4,0.000144162,0.116426081,A4,55,D2,20,C1,15,4,100
21754,MID MURRAY COUNCIL,SEDSeB,A4,0.000621121,0.219178107,A4,45,B2,35,A5,20,3,100
21758,THE DC OF LOXTON WAIKERIE,LOXSDA,C1,0.000253604,0.13104926,C1,35,A4,30,B2,15,5,100
21761,THE DC OF KAROONDA EAST MURRAY,MANRCE,B3,6.21E-05,0.045085575,B3,55,B2,45,None,0,2,100
21763,THE DC OF LOXTON WAIKERIE,LOXSkB,A4,0.000395426,0.129379985,A4,75,G1,13.75,H2,11.25,3,100
21764,THE DC OF LOXTON WAIKERIE,MURQOA,B2,0.00030507,0.111452932,B2,68,A4,17,H2,15,3,100
21768,THE DC OF LOXTON WAIKERIE,LOXUCJ,H2,0.000160675,0.076552546,H2,24.75,G1,20.25,A4,19.25,7,100
21780,THE DC OF LOXTON WAIKERIE,HOLQMA,B2,3.52E-05,0.038493178,B2,100,None,0,None,0,1,100
21784,THE DC OF LOXTON WAIKERIE,LOXUCI,H2,0.000368053,0.153020907,H2,24.75,G1,20.25,A4,19.25,7,100
21786,THE DC OF LOXTON WAIKERIE,HOLQMA,B2,0.000289292,0.097425951,B2,100,None,0,None,0,1,100
21787,MID MURRAY COUNCIL,TOWQMB,A4,3.00E-05,0.028976452,A4,80,B2,20,None,0,2,100
21788,MID MURRAY COUNCIL,MMKAnB,L1,2.86E-05,0.023823288,L1,45,K4,35,K5,20,3,100
21795,MID MURRAY COUNCIL,MURUMJ,H2,0.001893189,0.390877404,H2,45,A4,30.25,C1,24.75,3,100
21799,MID MURRAY COUNCIL,SEDIBE,A5,2.10E-05,0.018887681,A5,100,None,0,None,0,1,100
21801,THE DC OF LOXTON WAIKERIE,MURSgA,A4,0.000159401,0.107796735,A4,60,H2,25,C1,15,3,100
21802,THE DC OF LOXTON WAIKERIE,LOXSaB,A4,0.000291779,0.13227616,A4,100,None,0,None,0,1,100
21803,MID MURRAY COUNCIL,SEDSeB,A4,2.95E-05,0.025873563,A4,45,B2,35,A5,20,3,100
21805,MID MURRAY COUNCIL,MMKAnB,L1,2.00E-05,0.021436058,L1,45,K4,35,K5,20,3,100
21807,THE DC OF LOXTON WAIKERIE,MANRCE,B3,0.000229883,0.146749082,B3,55,B2,45,None,0,2,100
21814,THE DC OF LOXTON WAIKERIE,HOLSgA,A4,0.000691034,0.157329923,A4,41.25,C1,33.75,H2,25,3,100
21820,MID MURRAY COUNCIL,MRDQHE,B2,2.22E-05,0.022532679,B2,100,None,0,None,0,1,100
21822,THE DC OF LOXTON WAIKERIE,NOOSDP,A4,3.07E-05,0.02665825,A4,55,C1,45,None,0,2,100
21828,THE DC OF LOXTON WAIKERIE,MURQMA,B2,2.70E-05,0.024117643,B2,80,A4,20,None,0,2,100
21842,THE DC OF LOXTON WAIKERIE,HOLQMA,B2,4.57E-05,0.035423128,B2,100,None,0,None,0,1,100
21844,THE DC OF LOXTON WAIKERIE,LOXSDA,C1,5.56E-05,0.035436878,C1,35,A4,30,B2,15,5,100
21847,THE DC OF LOXTON WAIKERIE,NOOZJ-,N2,5.38E-05,0.031074619,N2,75,A8,25,None,0,2,100
21850,THE DC OF LOXTON WAIKERIE,MANSdA,A4,9.76E-05,0.054384288,A4,75,B2,25,None,0,2,100
21857,THE DC OF LOXTON WAIKERIE,MANQMA,B2,0.000162966,0.075810912,B2,65,A4,20,B3,15,3,100
21861,THE DC OF LOXTON WAIKERIE,MANQMA,B2,3.05E-05,0.024906199,B2,65,A4,20,B3,15,3,100
21865,THE DC OF LOXTON WAIKERIE,LOXSDA,C1,0.000181326,0.075750348,C1,35,A4,30,B2,15,5,100
21866,MID MURRAY COUNCIL,TOWKNJ,A4,0.000183102,0.165115243,A4,55,D2,20,C1,15,4,100
21867,THE DC OF LOXTON WAIKERIE,NOOZJ-,N2,0.000127704,0.062376563,N2,75,A8,25,None,0,2,100
21869,THE DC OF LOXTON WAIKERIE,LOXSDA,C1,0.000603408,0.137303101,C1,35,A4,30,B2,15,5,100
21870,THE DC OF LOXTON WAIKERIE,MANQMA,B2,7.49E-05,0.056331144,B2,65,A4,20,B3,15,3,100
21873,THE DC OF LOXTON WAIKERIE,MANU-D,H2,9.79E-06,0.017250452,H2,100,None,0,None,0,1,100
21875,MID MURRAY COUNCIL,SEDSeB,A4,0.001552279,0.434001108,A4,45,B2,35,A5,20,3,100
21879,THE DC OF LOXTON WAIKERIE,LOXSDA,C1,4.29E-05,0.032798185,C1,35,A4,30,B2,15,5,100
21880,THE DC OF LOXTON WAIKERIE,LOXSkB,A4,0.000305154,0.094751354,A4,75,G1,13.75,H2,11.25,3,100
21886,THE DC OF LOXTON WAIKERIE,MANQMA,B2,3.57E-05,0.025313132,B2,65,A4,20,B3,15,3,100
21888,MID MURRAY COUNCIL,TOWQMB,A4,3.24E-05,0.02727829,A4,80,B2,20,None,0,2,100
21893,THE DC OF LOXTON WAIKERIE,LOXSDA,C1,3.69E-05,0.027833697,C1,35,A4,30,B2,15,5,100
21895,THE DC OF LOXTON WAIKERIE,LOXSDA,C1,6.06E-05,0.038432821,C1,35,A4,30,B2,15,5,100
21899,MID MURRAY COUNCIL,MRDQHE,B2,1.28E-05,0.013615863,B2,100,None,0,None,0,1,100
21901,THE DC OF LOXTON WAIKERIE,MANRCE,B3,0.00013284,0.05352938,B3,55,B2,45,None,0,2,100
21903,MID MURRAY COUNCIL,MRDQHE,B2,3.33E-05,0.02871053,B2,100,None,0,None,0,1,100
21905,MID MURRAY COUNCIL,MANSfB,A4,0.000342057,0.080814607,A4,50,B2,25,H2,25,3,100
21907,MID MURRAY COUNCIL,MRDQHE,B2,9.17E-06,0.012434905,B2,100,None,0,None,0,1,100
21909,THE DC OF LOXTON WAIKERIE,LOXSDA,C1,0.000101779,0.062597075,C1,35,A4,30,B2,15,5,100
21910,THE DC OF LOXTON WAIKERIE,LOXUCJ,H2,0.000114853,0.055729535,H2,24.75,G1,20.25,A4,19.25,7,100
21916,THE DC OF KAROONDA EAST MURRAY,MANU-D,H2,1.78E-05,0.023295094,H2,100,None,0,None,0,1,100
21921,THE DC OF KAROONDA EAST MURRAY,MANRCE,B3,5.69E-05,0.044615078,B3,55,B2,45,None,0,2,100
21923,THE DC OF LOXTON WAIKERIE,MURUMG,H2,0.000187809,0.079608817,H2,65,A4,19.25,C1,15.75,3,100
21933,THE DC OF LOXTON WAIKERIE,HOLUMI,H2,0.000294937,0.093807935,H2,45,A4,30.25,C1,24.75,3,100
21937,THE DC OF LOXTON WAIKERIE,MANRCE,B3,3.22E-05,0.024491354,B3,55,B2,45,None,0,2,100
21938,THE DC OF LOXTON WAIKERIE,LOXSDA,C1,6.67E-05,0.037822294,C1,35,A4,30,B2,15,5,100
21951,MID MURRAY COUNCIL,COHAKD,L1,6.86E-06,0.016853352,L1,55,K3,20,D1,15,4,100
21952,MID MURRAY COUNCIL,RATLCe,M1,1.53E-05,0.026475914,M1,55,F2,45,None,0,2,100
21953,THE DC OF LOXTON WAIKERIE,LOXSDA,C1,4.24E-05,0.028362228,C1,35,A4,30,B2,15,5,100
21957,THE DC OF LOXTON WAIKERIE,LOXSDA,C1,3.35E-05,0.030627298,C1,35,A4,30,B2,15,5,100
21960,MID MURRAY COUNCIL,SOMCZC,K4,0.000102401,0.054766211,F2,24.75,K4,24.75,M1,20.25,5,100
21961,MID MURRAY COUNCIL,TOWKNH,A4,2.90E-05,0.024277527,A4,55,D2,20,C1,15,4,100
21962,THE DC OF LOXTON WAIKERIE,MANRCE,B3,7.23E-05,0.043465077,B3,55,B2,45,None,0,2,100
21969,MID MURRAY COUNCIL,MRDQHE,B2,3.11E-05,0.023002468,B2,100,None,0,None,0,1,100
21971,THE DC OF KAROONDA EAST MURRAY,MANQMA,B2,0.005192058,1.191054282,B2,65,A4,20,B3,15,3,100
21980,THE DC OF LOXTON WAIKERIE,MANQOA,B2,0.000151557,0.115350033,B2,48.75,H2,25,A4,15,4,100
21982,THE DC OF LOXTON WAIKERIE,LOXSDA,C1,6.87E-05,0.042394003,C1,35,A4,30,B2,15,5,100
21984,MID MURRAY COUNCIL,SOMCZC,K4,3.40E-05,0.033385231,F2,24.75,K4,24.75,M1,20.25,5,100
21987,THE DC OF LOXTON WAIKERIE,MANSdA,A4,0.000149815,0.075149125,A4,75,B2,25,None,0,2,100
21989,MID MURRAY COUNCIL,MRDQHE,B2,1.59E-05,0.016965272,B2,100,None,0,None,0,1,100
21994,MID MURRAY COUNCIL,MRDQHE,B2,8.23E-06,0.01210399,B2,100,None,0,None,0,1,100
21996,THE DC OF LOXTON WAIKERIE,MANQOA,B2,0.000136737,0.107144069,B2,48.75,H2,25,A4,15,4,100
21997,THE DC OF LOXTON WAIKERIE,HOLUMJ,H2,0.003742084,0.85154999,H2,45,A4,30.25,C1,24.75,3,100
22004,MID MURRAY COUNCIL,SOMCZC,K4,6.57E-05,0.033125172,F2,24.75,K4,24.75,M1,20.25,5,100
22006,MID MURRAY COUNCIL,SEDQHA,B2,4.85E-05,0.03722639,B2,80,B3,20,None,0,2,100
22010,THE DC OF LOXTON WAIKERIE,HOLQMA,B2,8.40E-05,0.070074506,B2,100,None,0,None,0,1,100
22012,MID MURRAY COUNCIL,SOMAXC,K1,7.01E-06,0.01054438,K1,100,None,0,None,0,1,100
22013,THE DC OF LOXTON WAIKERIE,MURUMF,H2,3.84E-05,0.032579146,H2,75,A4,13.75,C1,11.25,3,100
22014,MID MURRAY COUNCIL,TOWKNJ,A4,4.73E-06,0.00949868,A4,55,D2,20,C1,15,4,100
22016,MID MURRAY COUNCIL,BLTQHB,B2,0.000882661,0.327235413,B2,100,None,0,None,0,1,100
22020,THE DC OF LOXTON WAIKERIE,MANRCE,B3,0.000117878,0.089681041,B3,55,B2,45,None,0,2,100
22022,THE DC OF LOXTON WAIKERIE,LOXSaB,A4,9.81E-05,0.049588468,A4,100,None,0,None,0,1,100
22027,MID MURRAY COUNCIL,MURSgA,A4,0.00037173,0.126197364,A4,60,H2,25,C1,15,3,100
22031,MID MURRAY COUNCIL,SEDSeB,A4,0.000227248,0.078696112,A4,45,B2,35,A5,20,3,100
22035,THE DC OF LOXTON WAIKERIE,LOXSDA,C1,4.16E-05,0.027457148,C1,35,A4,30,B2,15,5,100
22038,THE DC OF LOXTON WAIKERIE,MANRCE,B3,7.01E-05,0.042408783,B3,55,B2,45,None,0,2,100
22045,THE DC OF LOXTON WAIKERIE,LOXSDA,C1,0.000166541,0.068416985,C1,35,A4,30,B2,15,5,100
22046,THE DC OF LOXTON WAIKERIE,LOXUCI,H2,0.001595679,0.489249661,H2,24.75,G1,20.25,A4,19.25,7,100
22049,THE DC OF LOXTON WAIKERIE,MANSdA,A4,0.000103943,0.066826833,A4,75,B2,25,None,0,2,100
22058,THE DC OF LOXTON WAIKERIE,LOXUCJ,H2,0.000201599,0.073620995,H2,24.75,G1,20.25,A4,19.25,7,100
22059,MID MURRAY COUNCIL,SEDIBE,A5,1.46E-05,0.01618024,A5,100,None,0,None,0,1,100
22065,THE DC OF LOXTON WAIKERIE,LOXUCJ,H2,4.89E-05,0.03143655,H2,24.75,G1,20.25,A4,19.25,7,100
22072,THE DC OF KAROONDA EAST MURRAY,MANUUI,B2,0.000960152,0.398710543,B2,55,H2,45,None,0,2,100
22074,THE DC OF LOXTON WAIKERIE,MURUMF,H2,3.93E-05,0.031053194,H2,75,A4,13.75,C1,11.25,3,100
22075,MID MURRAY COUNCIL,MANQMA,B2,5.26E-05,0.049347587,B2,65,A4,20,B3,15,3,100
22079,MID MURRAY COUNCIL,MANQOA,B2,0.000178469,0.083258866,B2,48.75,H2,25,A4,15,4,100
22081,THE DC OF LOXTON WAIKERIE,LOXUCJ,H2,0.004995175,1.385285796,H2,24.75,G1,20.25,A4,19.25,7,100
22082,THE DC OF LOXTON WAIKERIE,LOXSDA,C1,7.09E-05,0.039852374,C1,35,A4,30,B2,15,5,100
22083,THE DC OF LOXTON WAIKERIE,MURQMA,B2,4.68E-05,0.031924555,B2,80,A4,20,None,0,2,100
22087,MID MURRAY COUNCIL,SEDIBE,A5,0.000135872,0.076399845,A5,100,None,0,None,0,1,100
22096,MID MURRAY COUNCIL,COHAKD,L1,0.000111444,0.061190173,L1,55,K3,20,D1,15,4,100
22097,MID MURRAY COUNCIL,COHLCe,F2,3.61E-05,0.054774993,F2,55,F1,45,None,0,2,100
22099,THE DC OF LOXTON WAIKERIE,MURUMF,H2,0.001336962,0.468092282,H2,75,A4,13.75,C1,11.25,3,100
22101,THE DC OF LOXTON WAIKERIE,LOXSkB,A4,7.45E-05,0.040949444,A4,75,G1,13.75,H2,11.25,3,100
22102,MID MURRAY COUNCIL,SOMAnC,L1,1.09E-05,0.013847505,L1,100,None,0,None,0,1,100
22104,THE DC OF LOXTON WAIKERIE,MANQOA,B2,0.001975015,0.652840563,B2,48.75,H2,25,A4,15,4,100
22105,MID MURRAY COUNCIL,MRDQHE,B2,3.22E-05,0.025926604,B2,100,None,0,None,0,1,100
22110,THE DC OF LOXTON WAIKERIE,MANQMA,B2,0.000653205,0.227149911,B2,65,A4,20,B3,15,3,100
22111,MID MURRAY COUNCIL,MRDQHE,B2,5.35E-05,0.033664722,B2,100,None,0,None,0,1,100
22112,MID MURRAY COUNCIL,COHAKD,L1,5.17E-05,0.04645251,L1,55,K3,20,D1,15,4,100
22113,MID MURRAY COUNCIL,SEDQHA,B2,2.30E-05,0.017750603,B2,80,B3,20,None,0,2,100
22119,MID MURRAY COUNCIL,MMKCZM,K4,4.07E-05,0.043869139,K4,30.25,L1,24.75,F2,15.75,6,100
22123,MID MURRAY COUNCIL,SEDIBE,A5,5.16E-05,0.031378728,A5,100,None,0,None,0,1,100
22128,MID MURRAY COUNCIL,TOWKNJ,A4,0.000139903,0.117238185,A4,55,D2,20,C1,15,4,100
22131,THE DC OF LOXTON WAIKERIE,HOLSaA,A4,0.000320645,0.123192603,A4,55,C1,45,None,0,2,100
22133,MID MURRAY COUNCIL,SEDQHA,B2,2.31E-05,0.021412292,B2,80,B3,20,None,0,2,100
22134,THE DC OF LOXTON WAIKERIE,LOXSkB,A4,0.000282296,0.090377652,A4,75,G1,13.75,H2,11.25,3,100
22136,THE DC OF LOXTON WAIKERIE,LOXSaB,A4,0.000292548,0.095856095,A4,100,None,0,None,0,1,100
22140,THE DC OF LOXTON WAIKERIE,LOXSDA,C1,0.000225419,0.090986083,C1,35,A4,30,B2,15,5,100
22142,THE DC OF LOXTON WAIKERIE,MANQMA,B2,0.000438421,0.187221617,B2,65,A4,20,B3,15,3,100
22148,MID MURRAY COUNCIL,SOMCZC,K4,0.000428074,0.189595087,F2,24.75,K4,24.75,M1,20.25,5,100
22153,MID MURRAY COUNCIL,SOMLCE,F2,0.000180774,0.166469704,F2,55,M1,45,None,0,2,100
22155,THE DC OF LOXTON WAIKERIE,LOXUCJ,H2,0.001134657,0.424140398,H2,24.75,G1,20.25,A4,19.25,7,100
22158,THE DC OF LOXTON WAIKERIE,LOXSDA,C1,6.41E-05,0.034759024,C1,35,A4,30,B2,15,5,100
22160,THE DC OF LOXTON WAIKERIE,LOXSkB,A4,0.00292755,0.759394794,A4,75,G1,13.75,H2,11.25,3,100
22161,MID MURRAY COUNCIL,MURSgA,A4,9.95E-05,0.041637574,A4,60,H2,25,C1,15,3,100
22163,THE DC OF LOXTON WAIKERIE,HOLQMA,B2,3.47E-05,0.030787257,B2,100,None,0,None,0,1,100
22164,THE DC OF LOXTON WAIKERIE,MURUMG,H2,0.00014368,0.055382753,H2,65,A4,19.25,C1,15.75,3,100
22168,MID MURRAY COUNCIL,TOWQMB,A4,7.92E-06,0.015288766,A4,80,B2,20,None,0,2,100
22170,THE DC OF LOXTON WAIKERIE,LOXUCJ,H2,0.00017705,0.085810325,H2,24.75,G1,20.25,A4,19.25,7,100
22174,THE DC OF LOXTON WAIKERIE,MANRCE,B3,3.40E-05,0.022999855,B3,55,B2,45,None,0,2,100
22177,MID MURRAY COUNCIL,SEDIBE,A5,2.00E-05,0.020617974,A5,100,None,0,None,0,1,100
22184,THE DC OF LOXTON WAIKERIE,MANRCE,B3,3.00E-05,0.027078685,B3,55,B2,45,None,0,2,100
22185,THE DC OF LOXTON WAIKERIE,HOLUMI,H2,0.000148517,0.069067911,H2,45,A4,30.25,C1,24.75,3,100
22186,MID MURRAY COUNCIL,RATAgC,L1,0.00022827,0.092279495,L1,35,K5,30,K4,20,4,100
22187,MID MURRAY COUNCIL,COHAKI,L1,0.000193354,0.062235107,L1,55,K3,20,D1,15,4,100
22190,THE DC OF LOXTON WAIKERIE,LOXSDA,C1,0.000309126,0.127037689,C1,35,A4,30,B2,15,5,100
22191,THE DC OF LOXTON WAIKERIE,LOXSDA,C1,0.000339655,0.143913453,C1,35,A4,30,B2,15,5,100
22192,MID MURRAY COUNCIL,MMKLCe,M1,6.37E-05,0.073386843,M1,35,F2,30,F1,20,4,100
22193,MID MURRAY COUNCIL,TOWKNB,A4,6.27E-05,0.043878243,A4,55,D2,20,C1,15,4,100
22197,MID MURRAY COUNCIL,MRDQHE,B2,1.55E-05,0.022858587,B2,100,None,0,None,0,1,100
22198,THE DC OF LOXTON WAIKERIE,LOXUCJ,H2,0.000908434,0.29673086,H2,24.75,G1,20.25,A4,19.25,7,100
22202,THE DC OF LOXTON WAIKERIE,LOXUCJ,H2,0.000422645,0.122086029,H2,24.75,G1,20.25,A4,19.25,7,100
22203,THE DC OF LOXTON WAIKERIE,LOXUCJ,H2,0.000263588,0.0923361,H2,24.75,G1,20.25,A4,19.25,7,100
22206,THE DC OF KAROONDA EAST MURRAY,MANQOA,B2,6.05E-05,0.06818348,B2,48.75,H2,25,A4,15,4,100
22209,MID MURRAY COUNCIL,COHAKD,L1,8.22E-06,0.015315105,L1,55,K3,20,D1,15,4,100
22211,MID MURRAY COUNCIL,LMVSXD,G1,0.000120595,0.059511403,G1,37.5,A4,33.75,H2,28.75,3,100
22215,THE DC OF LOXTON WAIKERIE,LOXSDA,C1,0.000292217,0.099264249,C1,35,A4,30,B2,15,5,100
22216,THE DC OF LOXTON WAIKERIE,LOXSkB,A4,0.000292215,0.128867128,A4,75,G1,13.75,H2,11.25,3,100
22217,MID MURRAY COUNCIL,SEDIBE,A5,3.03E-05,0.03433996,A5,100,None,0,None,0,1,100
22219,THE DC OF LOXTON WAIKERIE,MANUUI,B2,0.000165442,0.084942304,B2,55,H2,45,None,0,2,100
22221,THE DC OF LOXTON WAIKERIE,LOXSkB,A4,0.000230511,0.081657411,A4,75,G1,13.75,H2,11.25,3,100
22223,MID MURRAY COUNCIL,SOMCSD,K3,0.000506183,0.197790159,K3,35,L1,30,K1,20,4,100
22225,MID MURRAY COUNCIL,LMVXg-,E3,0.000190269,0.070515068,E3,39,H2,25,N3,15,5,100
22227,THE DC OF LOXTON WAIKERIE,MANU-D,H2,2.17E-05,0.028222154,H2,100,None,0,None,0,1,100
22230,MID MURRAY COUNCIL,MURUMJ,H2,7.56E-05,0.063307023,H2,45,A4,30.25,C1,24.75,3,100
22231,MID MURRAY COUNCIL,SOMLCe,F2,5.04E-05,0.050946175,F2,55,M1,45,None,0,2,100
22232,MID MURRAY COUNCIL,COHAKD,L1,2.42E-05,0.023203874,L1,55,K3,20,D1,15,4,100
22238,MID MURRAY COUNCIL,LMVXh-,WW,8.39E-05,0.047619861,WW,65,N3,20,E3,9.75,5,100
22242,THE DC OF LOXTON WAIKERIE,LOXSDA,C1,4.61E-05,0.032380177,C1,35,A4,30,B2,15,5,100
22243,THE DC OF LOXTON WAIKERIE,MANSfB,A4,0.004212579,0.811530542,A4,50,B2,25,H2,25,3,100
22244,THE DC OF LOXTON WAIKERIE,MURUME,H2,7.21E-05,0.054260106,H2,85,A4,8.25,C1,6.75,3,100
22253,THE DC OF LOXTON WAIKERIE,LOXUCI,H2,0.000284725,0.099367315,H2,24.75,G1,20.25,A4,19.25,7,100
22256,THE DC OF LOXTON WAIKERIE,NOOSDP,A4,0.000143365,0.0725812,A4,55,C1,45,None,0,2,100
22260,MID MURRAY COUNCIL,MURUMF,H2,6.17E-05,0.051032097,H2,75,A4,13.75,C1,11.25,3,100
22267,THE DC OF LOXTON WAIKERIE,LOXUCJ,H2,8.49E-05,0.057664347,H2,24.75,G1,20.25,A4,19.25,7,100
22270,THE DC OF LOXTON WAIKERIE,MANQMA,B2,3.05E-05,0.025825793,B2,65,A4,20,B3,15,3,100
22271,MID MURRAY COUNCIL,TOWQMB,A4,1.38E-05,0.017105353,A4,80,B2,20,None,0,2,100
22273,MID MURRAY COUNCIL,SEDQHA,B2,8.17E-06,0.010555487,B2,80,B3,20,None,0,2,100
22275,THE DC OF LOXTON WAIKERIE,HOLQMA,B2,1.17E-05,0.015748748,B2,100,None,0,None,0,1,100
22285,MID MURRAY COUNCIL,RATLCe,M1,2.43E-05,0.033464079,M1,55,F2,45,None,0,2,100
22287,THE DC OF LOXTON WAIKERIE,LOXSDA,C1,3.50E-05,0.025084905,C1,35,A4,30,B2,15,5,100
22289,THE DC OF LOXTON WAIKERIE,LOXSkB,A4,0.002764724,0.88970615,A4,75,G1,13.75,H2,11.25,3,100
22293,THE DC OF LOXTON WAIKERIE,LOXSkB,A4,0.000171596,0.064314723,A4,75,G1,13.75,H2,11.25,3,100
22294,THE DC OF LOXTON WAIKERIE,LOXUCI,H2,0.000468142,0.16643114,H2,24.75,G1,20.25,A4,19.25,7,100
22297,THE DC OF LOXTON WAIKERIE,LOXUCJ,H2,7.45E-05,0.050537036,H2,24.75,G1,20.25,A4,19.25,7,100
22298,MID MURRAY COUNCIL,RATLCe,M1,2.84E-05,0.035295242,M1,55,F2,45,None,0,2,100
22301,MID MURRAY COUNCIL,TOWQMB,A4,8.43E-06,0.019342316,A4,80,B2,20,None,0,2,100
22305,MID MURRAY COUNCIL,SOMCSD,K3,5.39E-06,0.008876516,K3,35,L1,30,K1,20,4,100
22307,MID MURRAY COUNCIL,COHETC,L1,2.35E-05,0.022086844,L1,40,K3,30.1,D1,29.9,3,100
22309,THE DC OF KAROONDA EAST MURRAY,MANQOA,B2,2.85E-05,0.024950208,B2,48.75,H2,25,A4,15,4,100
22310,MID MURRAY COUNCIL,SEDIBE,A5,2.46E-05,0.020513515,A5,100,None,0,None,0,1,100
22312,MID MURRAY COUNCIL,MRDQHE,B2,2.49E-05,0.018971661,B2,100,None,0,None,0,1,100
22314,THE DC OF LOXTON WAIKERIE,LOXSDA,C1,8.68E-05,0.040289045,C1,35,A4,30,B2,15,5,100
22316,MID MURRAY COUNCIL,SEDQHA,B2,4.47E-05,0.034548007,B2,80,B3,20,None,0,2,100
22318,THE DC OF LOXTON WAIKERIE,LOXSkB,A4,6.74E-05,0.039538211,A4,75,G1,13.75,H2,11.25,3,100
22323,MID MURRAY COUNCIL,SOMCZC,K4,0.000179894,0.110861263,F2,24.75,K4,24.75,M1,20.25,5,100
22324,MID MURRAY COUNCIL,COHETC,L1,0.000130808,0.056068237,L1,40,K3,30.1,D1,29.9,3,100
22326,MID MURRAY COUNCIL,MANQMA,B2,0.000492041,0.142891805,B2,65,A4,20,B3,15,3,100
22327,THE DC OF LOXTON WAIKERIE,MURUMF,H2,0.00067367,0.24157499,H2,75,A4,13.75,C1,11.25,3,100
22329,MID MURRAY COUNCIL,SOMCSC,K3,0.000235137,0.121831142,K3,35,L1,30,K1,20,4,100
22334,THE DC OF LOXTON WAIKERIE,HOLQMA,B2,1.87E-05,0.024199209,B2,100,None,0,None,0,1,100
22335,MID MURRAY COUNCIL,SEDIBE,A5,7.34E-05,0.041336795,A5,100,None,0,None,0,1,100
22337,THE DC OF LOXTON WAIKERIE,LOXSkB,A4,0.000303479,0.105049927,A4,75,G1,13.75,H2,11.25,3,100
22339,MID MURRAY COUNCIL,SEDQHA,B2,1.97E-05,0.019902257,B2,80,B3,20,None,0,2,100
22341,MID MURRAY COUNCIL,MMKCQD,K4,0.000212768,0.139388439,K4,35,L1,30,K5,15,5,100
22344,THE DC OF LOXTON WAIKERIE,HOLSaA,A4,0.000710497,0.15080704,A4,55,C1,45,None,0,2,100
22345,THE DC OF LOXTON WAIKERIE,LOXSDA,C1,8.09E-05,0.038397671,C1,35,A4,30,B2,15,5,100
22348,MID MURRAY COUNCIL,MURUMJ,H2,0.000323491,0.120670963,H2,45,A4,30.25,C1,24.75,3,100
22349,THE DC OF LOXTON WAIKERIE,LOXSkB,A4,0.000275684,0.125092987,A4,75,G1,13.75,H2,11.25,3,100
22353,THE DC OF LOXTON WAIKERIE,LOXSDA,C1,0.001062095,0.246895592,C1,35,A4,30,B2,15,5,100
22354,MID MURRAY COUNCIL,COHAKY,L1,0.000525473,0.314999274,L1,55,K3,20,D1,15,4,100
22357,THE DC OF LOXTON WAIKERIE,LOXSDA,C1,4.97E-05,0.034451332,C1,35,A4,30,B2,15,5,100
22358,THE DC OF LOXTON WAIKERIE,MANQMA,B2,5.49E-05,0.046857808,B2,65,A4,20,B3,15,3,100
22360,THE DC OF LOXTON WAIKERIE,LOXUCJ,H2,6.17E-05,0.048872567,H2,24.75,G1,20.25,A4,19.25,7,100
22366,MID MURRAY COUNCIL,SEDQHA,B2,2.89E-05,0.031641298,B2,80,B3,20,None,0,2,100
22367,THE DC OF LOXTON WAIKERIE,HOLUMJ,H2,0.000122973,0.067006578,H2,45,A4,30.25,C1,24.75,3,100
22368,THE DC OF LOXTON WAIKERIE,MANQMA,B2,0.00013714,0.090058344,B2,65,A4,20,B3,15,3,100
22369,MID MURRAY COUNCIL,COHAKD,L1,0.000158233,0.114512169,L1,55,K3,20,D1,15,4,100
22377,THE DC OF LOXTON WAIKERIE,HOLUMI,H2,0.000175482,0.120584217,H2,45,A4,30.25,C1,24.75,3,100
22379,THE DC OF LOXTON WAIKERIE,MANQMA,B2,4.98E-05,0.035465908,B2,65,A4,20,B3,15,3,100
22383,THE DC OF LOXTON WAIKERIE,BLTU-D,H2,2.00E-05,0.023985891,H2,100,None,0,None,0,1,100
22390,MID MURRAY COUNCIL,TOWKNC,A4,1.02E-05,0.013415947,A4,55,D2,20,C1,15,4,100
22391,MID MURRAY COUNCIL,LMVSEC,A4,0.000132352,0.083082895,A4,45,G1,35,H2,20,3,100
22405,THE DC OF LOXTON WAIKERIE,LOXUCI,H2,7.65E-05,0.066779541,H2,24.75,G1,20.25,A4,19.25,7,100
22406,THE DC OF LOXTON WAIKERIE,MURSgA,A4,0.000221772,0.107898177,A4,60,H2,25,C1,15,3,100
22416,MID MURRAY COUNCIL,COHAKD,L1,3.66E-05,0.028778317,L1,55,K3,20,D1,15,4,100
22423,THE DC OF LOXTON WAIKERIE,HOLQMA,B2,3.98E-05,0.041146522,B2,100,None,0,None,0,1,100
22425,THE DC OF LOXTON WAIKERIE,LOXSDA,C1,8.51E-05,0.049396765,C1,35,A4,30,B2,15,5,100
22427,THE DC OF LOXTON WAIKERIE,MANRCE,B3,3.40E-05,0.035254478,B3,55,B2,45,None,0,2,100
22434,THE DC OF LOXTON WAIKERIE,MANQMA,B2,0.000214963,0.104889816,B2,65,A4,20,B3,15,3,100
22435,THE DC OF LOXTON WAIKERIE,LOXSkB,A4,0.001288722,0.389638568,A4,75,G1,13.75,H2,11.25,3,100
22436,THE DC OF LOXTON WAIKERIE,LOXSkB,A4,0.001529059,0.41371555,A4,75,G1,13.75,H2,11.25,3,100
22449,THE DC OF LOXTON WAIKERIE,LOXSkB,A4,0.000571189,0.199118487,A4,75,G1,13.75,H2,11.25,3,100
22450,THE DC OF LOXTON WAIKERIE,LOXUCJ,H2,0.000714308,0.274967454,H2,24.75,G1,20.25,A4,19.25,7,100
22451,THE DC OF LOXTON WAIKERIE,HOLUMJ,H2,0.001731067,0.366579214,H2,45,A4,30.25,C1,24.75,3,100
22452,THE DC OF LOXTON WAIKERIE,MANU-D,H2,0.000160664,0.161963152,H2,100,None,0,None,0,1,100
22454,THE DC OF LOXTON WAIKERIE,MANU-D,H2,0.00010421,0.081656835,H2,100,None,0,None,0,1,100
22455,MID MURRAY COUNCIL,COHAKI,L1,0.000603779,0.146867475,L1,55,K3,20,D1,15,4,100
22457,MID MURRAY COUNCIL,TOWKNB,A4,0.000174567,0.069704358,A4,55,D2,20,C1,15,4,100
22459,THE DC OF LOXTON WAIKERIE,LOXSDA,C1,6.62E-05,0.032424624,C1,35,A4,30,B2,15,5,100
22469,MID MURRAY COUNCIL,COHAKD,L1,6.28E-05,0.059586282,L1,55,K3,20,D1,15,4,100
22473,MID MURRAY COUNCIL,TOWKNJ,A4,0.000287643,0.256158383,A4,55,D2,20,C1,15,4,100
22481,THE DC OF LOXTON WAIKERIE,NOOSkL,A4,0.00068874,0.213678948,A4,75,H2,25,None,0,2,100
22487,THE DC OF LOXTON WAIKERIE,LOXSDA,C1,7.61E-05,0.040939007,C1,35,A4,30,B2,15,5,100
22488,MID MURRAY COUNCIL,SOMCZC,K4,9.58E-05,0.067776267,F2,24.75,K4,24.75,M1,20.25,5,100
22489,THE DC OF LOXTON WAIKERIE,NOOZJ-,N2,4.03E-05,0.029695313,N2,75,A8,25,None,0,2,100
22493,THE DC OF LOXTON WAIKERIE,LOXSDA,C1,0.000675834,0.11436064,C1,35,A4,30,B2,15,5,100
22496,MID MURRAY COUNCIL,TOWKNB,A4,0.000187324,0.063568119,A4,55,D2,20,C1,15,4,100
22498,THE DC OF LOXTON WAIKERIE,LOXSkB,A4,0.000505742,0.142328179,A4,75,G1,13.75,H2,11.25,3,100
22500,MID MURRAY COUNCIL,SEDIBE,A5,0.0002034,0.144376484,A5,100,None,0,None,0,1,100
22505,MID MURRAY COUNCIL,COHAKD,L1,6.59E-05,0.04362986,L1,55,K3,20,D1,15,4,100
22520,MID MURRAY COUNCIL,COHAKC,L1,6.39E-05,0.050669171,L1,55,K3,20,D1,15,4,100
22525,THE DC OF KAROONDA EAST MURRAY,MANU-D,H2,2.16E-05,0.031966326,H2,100,None,0,None,0,1,100
22526,MID MURRAY COUNCIL,MRNSMH,A4,0.00017499,0.110380532,A4,65,B2,20,H2,15,3,100
22529,MID MURRAY COUNCIL,MRNUWK,H2,0.00098309,0.308137216,H2,55,M1,45,None,0,2,100
22531,MID MURRAY COUNCIL,SOMETD,L1,0.000130088,0.056826302,L1,80,D1,20,None,0,2,100
22536,MID MURRAY COUNCIL,TOWQMB,A4,6.12E-05,0.045331341,A4,80,B2,20,None,0,2,100
22538,THE DC OF LOXTON WAIKERIE,MANRCE,B3,2.28E-05,0.02310777,B3,55,B2,45,None,0,2,100
22544,THE DC OF LOXTON WAIKERIE,LOXSkB,A4,0.000929481,0.381117338,A4,75,G1,13.75,H2,11.25,3,100
22547,THE DC OF LOXTON WAIKERIE,WABSfA,A4,0.001033965,0.31115345,A4,26.25,H2,25,B2,22.5,6,100
22552,THE DC OF KAROONDA EAST MURRAY,MANU-D,H2,1.13E-05,0.016164243,H2,100,None,0,None,0,1,100
22554,THE DC OF LOXTON WAIKERIE,LOXSkB,A4,6.90E-05,0.040680054,A4,75,G1,13.75,H2,11.25,3,100
22556,THE DC OF KAROONDA EAST MURRAY,MANQOA,B2,2.54E-05,0.032154678,B2,48.75,H2,25,A4,15,4,100
22562,MID MURRAY COUNCIL,MRNSMH,A4,0.000368272,0.147149562,A4,65,B2,20,H2,15,3,100
22563,THE DC OF LOXTON WAIKERIE,LOXSeA,A4,0.000139082,0.055848373,A4,35,B2,30,C1,20,4,100
22564,MID MURRAY COUNCIL,MRNSMH,A4,0.000259294,0.143013351,A4,65,B2,20,H2,15,3,100
22568,THE DC OF KAROONDA EAST MURRAY,MANU-D,H2,2.59E-05,0.034880825,H2,100,None,0,None,0,1,100
22569,MID MURRAY COUNCIL,KUNHkA,C1,2.32E-05,0.019351282,C1,45,D2,35,G1,20,3,100
22570,THE DC OF LOXTON WAIKERIE,WABSdA,A4,3.13E-05,0.02611038,A4,35,B2,30,B3,15,5,100
22571,THE DC OF KAROONDA EAST MURRAY,HOLQMA,B2,0.00011721,0.08499041,B2,100,None,0,None,0,1,100
22572,THE DC OF LOXTON WAIKERIE,LOXSDA,C1,3.37E-05,0.023160034,C1,35,A4,30,B2,15,5,100
22576,THE DC OF KAROONDA EAST MURRAY,HOLRCE,B3,1.84E-05,0.017002034,B3,40,C1,30.1,B2,29.9,3,100
22579,MID MURRAY COUNCIL,KUNHqA,A4,8.13E-05,0.04317902,A4,35,C1,29.25,D2,22.75,4,100
22580,THE DC OF LOXTON WAIKERIE,WABSfA,A4,0.000186302,0.08973878,A4,26.25,H2,25,B2,22.5,6,100
22581,THE DC OF KAROONDA EAST MURRAY,KUNQJZ,B2,2.85E-05,0.028017256,B2,100,None,0,None,0,1,100
22582,MID MURRAY COUNCIL,KUNSkB,A4,0.00039265,0.129125134,A4,39,H2,25,C1,15.75,5,100
22584,THE DC OF KAROONDA EAST MURRAY,KUNHkA,C1,2.17E-05,0.020349091,C1,45,D2,35,G1,20,3,100
22585,THE DC OF LOXTON WAIKERIE,LOXSDA,C1,8.62E-05,0.050142379,C1,35,A4,30,B2,15,5,100
22587,MID MURRAY COUNCIL,AVAU-C,H2,1.38E-05,0.017119933,H2,80,G1,20,None,0,2,100
22589,MID MURRAY COUNCIL,LMVXh-,WW,0.000141418,0.065796708,WW,65,N3,20,E3,9.75,5,100
22591,THE DC OF LOXTON WAIKERIE,WABSdA,A4,3.15E-05,0.023397765,A4,35,B2,30,B3,15,5,100
22593,MID MURRAY COUNCIL,BLTQHA,B2,5.78E-05,0.038422957,B2,100,None,0,None,0,1,100
22594,THE DC OF KAROONDA EAST MURRAY,KUNHkA,C1,5.61E-05,0.046162212,C1,45,D2,35,G1,20,3,100
22596,THE DC OF LOXTON WAIKERIE,LOXUCI,H2,0.000152446,0.080084642,H2,24.75,G1,20.25,A4,19.25,7,100
22607,THE DC OF LOXTON WAIKERIE,LOXSDA,C1,0.000403206,0.157012124,C1,35,A4,30,B2,15,5,100
22611,THE DC OF LOXTON WAIKERIE,LOXUCI,H2,0.000620903,0.142766379,H2,24.75,G1,20.25,A4,19.25,7,100
22612,THE DC OF LOXTON WAIKERIE,LOXSkB,A4,0.000329485,0.148195684,A4,75,G1,13.75,H2,11.25,3,100
22613,MID MURRAY COUNCIL,MRNXHJ,M1,0.000412839,0.166479891,M1,75,H2,25,None,0,2,100
22614,THE DC OF KAROONDA EAST MURRAY,MANSdA,A4,0.000576077,0.226564125,A4,75,B2,25,None,0,2,100
22615,THE DC OF KAROONDA EAST MURRAY,MANQOA,B2,0.000351959,0.127149224,B2,48.75,H2,25,A4,15,4,100
22617,THE DC OF KAROONDA EAST MURRAY,WABUMI,H2,0.045466248,10.32625194,H2,35.75,A4,15.75,B2,13.5,7,100
22618,THE DC OF KAROONDA EAST MURRAY,MANRCE,B3,4.02E-05,0.030254276,B3,55,B2,45,None,0,2,100
22620,THE DC OF KAROONDA EAST MURRAY,MANRCE,B3,5.62E-05,0.049862369,B3,55,B2,45,None,0,2,100
22621,THE DC OF KAROONDA EAST MURRAY,MANU-D,H2,5.18E-06,0.011053442,H2,100,None,0,None,0,1,100
22623,MID MURRAY COUNCIL,MRDQHE,B2,1.28E-05,0.013554089,B2,100,None,0,None,0,1,100
22624,THE DC OF KAROONDA EAST MURRAY,MANU-D,H2,3.06E-05,0.035416034,H2,100,None,0,None,0,1,100
22627,THE DC OF LOXTON WAIKERIE,LOXSDA,C1,0.00012062,0.051713514,C1,35,A4,30,B2,15,5,100
22629,THE DC OF KAROONDA EAST MURRAY,MANU-D,H2,2.66E-05,0.028014973,H2,100,None,0,None,0,1,100
22631,THE DC OF KAROONDA EAST MURRAY,MANRCE,B3,1.97E-05,0.018167549,B3,55,B2,45,None,0,2,100
22632,THE DC OF KAROONDA EAST MURRAY,MANRCE,B3,1.36E-05,0.014605027,B3,55,B2,45,None,0,2,100
22639,MID MURRAY COUNCIL,BLHUUF,H2,5.39E-05,0.032386016,H2,85,B2,15,None,0,2,100
22641,THE DC OF LOXTON WAIKERIE,LOXZL-,A8,0.000115146,0.106849779,A8,100,None,0,None,0,1,100
22642,THE DC OF LOXTON WAIKERIE,LOXZJ-,N2,4.85E-05,0.046094084,N2,75,A8,25,None,0,2,100
22643,MID MURRAY COUNCIL,BLTQHA,B2,6.86E-05,0.039441786,B2,100,None,0,None,0,1,100
22644,MID MURRAY COUNCIL,AVAU-C,H2,2.74E-05,0.025383367,H2,80,G1,20,None,0,2,100
22647,THE DC OF LOXTON WAIKERIE,MANRCE,B3,1.93E-05,0.022135335,B3,55,B2,45,None,0,2,100
22648,THE DC OF LOXTON WAIKERIE,MANQMA,B2,0.000684633,0.163454376,B2,65,A4,20,B3,15,3,100
22649,THE DC OF LOXTON WAIKERIE,LOXSkB,A4,9.14E-05,0.050258397,A4,75,G1,13.75,H2,11.25,3,100
22650,THE DC OF KAROONDA EAST MURRAY,MANRCE,B3,2.65E-05,0.022324267,B3,55,B2,45,None,0,2,100
22651,THE DC OF LOXTON WAIKERIE,LOXUCJ,H2,3.96E-05,0.026286029,H2,24.75,G1,20.25,A4,19.25,7,100
22652,THE DC OF LOXTON WAIKERIE,LOXSDA,C1,2.52E-05,0.021350303,C1,35,A4,30,B2,15,5,100
22653,THE DC OF LOXTON WAIKERIE,LOXUCJ,H2,0.000511232,0.098046609,H2,24.75,G1,20.25,A4,19.25,7,100
22655,THE DC OF KAROONDA EAST MURRAY,HOLUMI,H2,0.000117964,0.048406816,H2,45,A4,30.25,C1,24.75,3,100
22656,MID MURRAY COUNCIL,COHETC,L1,5.69E-06,0.013214282,L1,40,K3,30.1,D1,29.9,3,100
22658,MID MURRAY COUNCIL,KUNUUJ,B2,0.000595157,0.209013599,B2,55,H2,45,None,0,2,100
22660,MID MURRAY COUNCIL,BLHUUF,H2,6.35E-05,0.036157007,H2,85,B2,15,None,0,2,100
22662,MID MURRAY COUNCIL,BLTQMB,B2,9.67E-05,0.05279222,B2,55,A4,45,None,0,2,100
22666,THE DC OF LOXTON WAIKERIE,LOXSDA,C1,0.000117518,0.07765294,C1,35,A4,30,B2,15,5,100
22669,THE DC OF LOXTON WAIKERIE,LOXUCJ,H2,2.78E-05,0.030612657,H2,24.75,G1,20.25,A4,19.25,7,100
22670,THE DC OF LOXTON WAIKERIE,LOXSDA,C1,2.21E-05,0.019217404,C1,35,A4,30,B2,15,5,100
22673,MID MURRAY COUNCIL,LMVSXII,A4,5.53E-05,0.058650432,A4,45,G1,35,H2,20,3,100
22676,THE DC OF KAROONDA EAST MURRAY,HOLUMI,H2,0.000407682,0.149319224,H2,45,A4,30.25,C1,24.75,3,100
22679,THE DC OF LOXTON WAIKERIE,LOXUCJ,H2,0.00011801,0.072201767,H2,24.75,G1,20.25,A4,19.25,7,100
22685,THE DC OF LOXTON WAIKERIE,LOXSDA,C1,0.00013478,0.063592092,C1,35,A4,30,B2,15,5,100
22687,THE DC OF LOXTON WAIKERIE,LOXUCI,H2,0.000844626,0.266516879,H2,24.75,G1,20.25,A4,19.25,7,100
22689,THE DC OF LOXTON WAIKERIE,WABSfA,A4,0.000343723,0.144601532,A4,26.25,H2,25,B2,22.5,6,100
22698,THE DC OF LOXTON WAIKERIE,MANU-D,H2,5.26E-05,0.050336547,H2,100,None,0,None,0,1,100
22699,THE DC OF KAROONDA EAST MURRAY,MANRCE,B3,6.85E-05,0.033913474,B3,55,B2,45,None,0,2,100
22700,MID MURRAY COUNCIL,LMVA-l,RR,5.05E-05,0.049187247,RR,100,None,0,None,0,1,100
22701,THE DC OF LOXTON WAIKERIE,MANRCE,B3,2.79E-05,0.021714448,B3,55,B2,45,None,0,2,100
22702,THE DC OF KAROONDA EAST MURRAY,MANSdA,A4,0.000212314,0.096328328,A4,75,B2,25,None,0,2,100
22704,THE DC OF LOXTON WAIKERIE,LOXSDA,C1,0.00015022,0.049106441,C1,35,A4,30,B2,15,5,100
22716,THE DC OF KAROONDA EAST MURRAY,MANRCE,B3,2.26E-05,0.018969665,B3,55,B2,45,None,0,2,100
22718,THE DC OF KAROONDA EAST MURRAY,MANU-D,H2,5.59E-05,0.069505838,H2,100,None,0,None,0,1,100
22720,THE DC OF LOXTON WAIKERIE,LOXSDA,C1,7.81E-05,0.057899721,C1,35,A4,30,B2,15,5,100
22722,THE DC OF LOXTON WAIKERIE,LOXSDA,C1,0.000220635,0.078057762,C1,35,A4,30,B2,15,5,100
22724,THE DC OF LOXTON WAIKERIE,LOXSkB,A4,4.29E-05,0.028742004,A4,75,G1,13.75,H2,11.25,3,100
22725,THE DC OF LOXTON WAIKERIE,MANSfB,A4,0.0008693,0.228521852,A4,50,B2,25,H2,25,3,100
22728,THE DC OF LOXTON WAIKERIE,WABUMI,H2,0.000148253,0.073127344,H2,35.75,A4,15.75,B2,13.5,7,100
22729,THE DC OF KAROONDA EAST MURRAY,MANRCE,B3,4.78E-05,0.02705032,B3,55,B2,45,None,0,2,100
22730,THE DC OF KAROONDA EAST MURRAY,KUNQJZ,B2,0.000382592,0.123902496,B2,100,None,0,None,0,1,100
22731,MID MURRAY COUNCIL,MRDQHE,B2,2.20E-05,0.018200507,B2,100,None,0,None,0,1,100
22732,THE DC OF KAROONDA EAST MURRAY,HOLRCE,B3,4.99E-05,0.029956574,B3,40,C1,30.1,B2,29.9,3,100
22741,MID MURRAY COUNCIL,AVAUAK,G1,1.97E-05,0.016822535,G1,55,H2,45,None,0,2,100
22743,THE DC OF LOXTON WAIKERIE,WABUMJ,H2,0.00048975,0.223879001,H2,29.25,A4,19.25,B2,16.5,7,100
22745,THE DC OF LOXTON WAIKERIE,HOLRCE,B3,5.71E-05,0.0340513,B3,40,C1,30.1,B2,29.9,3,100
22746,THE DC OF LOXTON WAIKERIE,WABSfB,A4,0.000212739,0.103789153,A4,26.25,H2,25,B2,22.5,6,100
22747,THE DC OF LOXTON WAIKERIE,LOXSDA,C1,0.000277462,0.121526072,C1,35,A4,30,B2,15,5,100
22749,THE DC OF LOXTON WAIKERIE,WABSdA,A4,2.84E-05,0.027573892,A4,35,B2,30,B3,15,5,100
22752,THE DC OF LOXTON WAIKERIE,LOXSDA,C1,0.002997555,0.455774935,C1,35,A4,30,B2,15,5,100
22753,THE DC OF LOXTON WAIKERIE,LOXSDA,C1,5.84E-05,0.0351849,C1,35,A4,30,B2,15,5,100
22754,THE DC OF LOXTON WAIKERIE,LOXSDA,C1,5.56E-05,0.037997133,C1,35,A4,30,B2,15,5,100
22755,THE DC OF KAROONDA EAST MURRAY,MANRCE,B3,1.41E-05,0.018161463,B3,55,B2,45,None,0,2,100
22756,THE DC OF LOXTON WAIKERIE,LOXZJ-,N2,2.02E-05,0.018473338,N2,75,A8,25,None,0,2,100
22759,THE DC OF KAROONDA EAST MURRAY,MANRCE,B3,2.36E-05,0.024225218,B3,55,B2,45,None,0,2,100
22760,MID MURRAY COUNCIL,LMVXg-,E3,6.30E-05,0.036836576,E3,39,H2,25,N3,15,5,100
22761,THE DC OF KAROONDA EAST MURRAY,MANU-D,H2,2.20E-05,0.031346597,H2,100,None,0,None,0,1,100
22762,MID MURRAY COUNCIL,MANU-D,H2,4.05E-05,0.046534166,H2,100,None,0,None,0,1,100
22764,MID MURRAY COUNCIL,LMVUrJ,E3,0.000116225,0.052651167,E3,35.75,G1,31.25,H2,24.75,4,100
22769,THE DC OF LOXTON WAIKERIE,HOLUMI,H2,0.000234115,0.124554903,H2,45,A4,30.25,C1,24.75,3,100
22770,THE DC OF KAROONDA EAST MURRAY,MANRCE,B3,2.42E-05,0.021740675,B3,55,B2,45,None,0,2,100
22782,MID MURRAY COUNCIL,LMVUrJ,E3,9.87E-05,0.057297367,E3,35.75,G1,31.25,H2,24.75,4,100
22784,MID MURRAY COUNCIL,MRNUWK,H2,0.000455873,0.228305921,H2,55,M1,45,None,0,2,100
22785,THE DC OF LOXTON WAIKERIE,LOXSkB,A4,0.000184811,0.082398847,A4,75,G1,13.75,H2,11.25,3,100
22788,THE DC OF LOXTON WAIKERIE,LOXSDA,C1,0.000756216,0.177647387,C1,35,A4,30,B2,15,5,100
22797,MID MURRAY COUNCIL,COHADD,B3,4.18E-05,0.047266389,B3,45,A2,35,K1,20,3,100
22799,MID MURRAY COUNCIL,COHADD,B3,0.000272801,0.204269684,B3,45,A2,35,K1,20,3,100
22801,THE DC OF LOXTON WAIKERIE,LOXUCJ,H2,8.16E-05,0.054549076,H2,24.75,G1,20.25,A4,19.25,7,100
22802,THE DC OF LOXTON WAIKERIE,WABSfB,A4,0.000684835,0.199473501,A4,26.25,H2,25,B2,22.5,6,100
22810,MID MURRAY COUNCIL,STNU-D,H2,1.87E-05,0.023091922,H2,55,G1,45,None,0,2,100
22811,THE DC OF KAROONDA EAST MURRAY,HOLSaA,A4,0.000124284,0.061685688,A4,55,C1,45,None,0,2,100
22813,THE DC OF KAROONDA EAST MURRAY,KUNHkA,C1,5.25E-05,0.026647869,C1,45,D2,35,G1,20,3,100
22814,MID MURRAY COUNCIL,KUNHkA,C1,6.05E-05,0.031651073,C1,45,D2,35,G1,20,3,100
22816,THE DC OF LOXTON WAIKERIE,WABUMF,H2,2.67E-05,0.039152207,H2,42.25,G3,13,A4,12.25,7,100
22817,THE DC OF LOXTON WAIKERIE,LOXUCI,H2,0.000131976,0.103168556,H2,24.75,G1,20.25,A4,19.25,7,100
22819,MID MURRAY COUNCIL,BLTQHA,B2,0.000523457,0.21401106,B2,100,None,0,None,0,1,100
22822,THE DC OF KAROONDA EAST MURRAY,KUNSkB,A4,0.000482898,0.139363826,A4,39,H2,25,C1,15.75,5,100
22828,THE DC OF LOXTON WAIKERIE,LOXSkB,A4,7.27E-05,0.042815357,A4,75,G1,13.75,H2,11.25,3,100
22831,THE DC OF LOXTON WAIKERIE,LOXSkB,A4,0.000711638,0.231070921,A4,75,G1,13.75,H2,11.25,3,100
22832,THE DC OF LOXTON WAIKERIE,LOXUCJ,H2,0.000665046,0.183985528,H2,24.75,G1,20.25,A4,19.25,7,100
22843,THE DC OF LOXTON WAIKERIE,LOXUCJ,H2,6.35E-05,0.043994025,H2,24.75,G1,20.25,A4,19.25,7,100
22845,THE DC OF LOXTON WAIKERIE,LOXUCJ,H2,0.001163172,0.295760952,H2,24.75,G1,20.25,A4,19.25,7,100
22846,THE DC OF LOXTON WAIKERIE,LOXSDA,C1,6.60E-05,0.037178507,C1,35,A4,30,B2,15,5,100
22858,THE DC OF KAROONDA EAST MURRAY,HOLUMJ,H2,5.56E-05,0.063089973,H2,45,A4,30.25,C1,24.75,3,100
22859,MID MURRAY COUNCIL,AVAQMB,B2,0.001193246,0.222178059,B2,80,B3,20,None,0,2,100
22861,MID MURRAY COUNCIL,AVAGJA,G1,6.66E-05,0.052057797,G1,45,D2,35,D3,20,3,100
22867,THE DC OF KAROONDA EAST MURRAY,HOLQOA,B2,0.000581909,0.200866198,B2,85,H2,15,None,0,2,100
22868,THE DC OF LOXTON WAIKERIE,LOXSDA,C1,7.75E-05,0.059393736,C1,35,A4,30,B2,15,5,100
22870,MID MURRAY COUNCIL,AVAGJA,G1,7.19E-05,0.051598828,G1,45,D2,35,D3,20,3,100
22872,THE DC OF LOXTON WAIKERIE,LOXUCJ,H2,9.88E-05,0.055463533,H2,24.75,G1,20.25,A4,19.25,7,100
22874,THE DC OF KAROONDA EAST MURRAY,HOLQOA,B2,0.000925074,0.269218596,B2,85,H2,15,None,0,2,100
22876,MID MURRAY COUNCIL,KUNUMJ,H2,0.000590925,0.206284821,H2,45,A4,35.75,G1,11,4,100
22878,THE DC OF LOXTON WAIKERIE,WABUMJ,H2,0.001280418,0.377283963,H2,29.25,A4,19.25,B2,16.5,7,100
22882,MID MURRAY COUNCIL,COHAKC,L1,5.73E-05,0.067851547,L1,55,K3,20,D1,15,4,100
22883,THE DC OF KAROONDA EAST MURRAY,MANRCE,B3,8.00E-05,0.041274154,B3,55,B2,45,None,0,2,100
22886,THE DC OF LOXTON WAIKERIE,WABSfA,A4,0.000118035,0.058304713,A4,26.25,H2,25,B2,22.5,6,100
22887,THE DC OF LOXTON WAIKERIE,HOLSaA,A4,0.00011925,0.088089663,A4,55,C1,45,None,0,2,100
22888,THE DC OF KAROONDA EAST MURRAY,MANRCE,B3,4.36E-05,0.030604404,B3,55,B2,45,None,0,2,100
22891,THE DC OF LOXTON WAIKERIE,WABUMI,H2,8.99E-05,0.06710727,H2,35.75,A4,15.75,B2,13.5,7,100
22893,MID MURRAY COUNCIL,AVAUAI,A4,0.000853603,0.255346232,A4,30.25,A5,24.75,H2,24.75,4,100
22894,THE DC OF KAROONDA EAST MURRAY,KUNSkB,A4,0.001984744,0.383607783,A4,39,H2,25,C1,15.75,5,100
22905,THE DC OF LOXTON WAIKERIE,WABUMI,H2,0.000548651,0.189236423,H2,35.75,A4,15.75,B2,13.5,7,100
22907,MID MURRAY COUNCIL,BLTQHA,B2,0.000414044,0.124062359,B2,100,None,0,None,0,1,100
22908,THE DC OF KAROONDA EAST MURRAY,KUNUMI,H2,0.000230258,0.131889869,H2,45,A4,35.75,G1,11,4,100
22911,THE DC OF KAROONDA EAST MURRAY,KUNUMJ,H2,0.000390555,0.112898336,H2,45,A4,35.75,G1,11,4,100
22916,THE DC OF KAROONDA EAST MURRAY,KUNHkA,C1,1.85E-05,0.01751002,C1,45,D2,35,G1,20,3,100
22917,THE DC OF KAROONDA EAST MURRAY,KUNQJZ,B2,2.58E-05,0.02582573,B2,100,None,0,None,0,1,100
22919,THE DC OF KAROONDA EAST MURRAY,HOLUMJ,H2,0.000143433,0.098117467,H2,45,A4,30.25,C1,24.75,3,100
22920,THE DC OF LOXTON WAIKERIE,HOLRCE,B3,2.96E-05,0.022336515,B3,40,C1,30.1,B2,29.9,3,100
22921,MID MURRAY COUNCIL,COHAKC,L1,5.09E-06,0.009930374,L1,55,K3,20,D1,15,4,100
22922,MID MURRAY COUNCIL,MRNSMB,A4,0.000429143,0.162092229,A4,65,B2,20,H2,15,3,100
22926,THE DC OF LOXTON WAIKERIE,WABSdA,A4,6.63E-05,0.052119663,A4,35,B2,30,B3,15,5,100
22927,THE DC OF LOXTON WAIKERIE,WABSdA,A4,2.79E-05,0.02145205,A4,35,B2,30,B3,15,5,100
22928,THE DC OF KAROONDA EAST MURRAY,KUNHkA,C1,5.31E-05,0.050556437,C1,45,D2,35,G1,20,3,100
22931,MID MURRAY COUNCIL,COHAKC,L1,1.79E-05,0.019826706,L1,55,K3,20,D1,15,4,100
22932,THE DC OF LOXTON WAIKERIE,WABUMF,H2,4.76E-05,0.047554453,H2,42.25,G3,13,A4,12.25,7,100
22933,MID MURRAY COUNCIL,SAUKYB,A3,5.76E-05,0.045563965,A3,55,C1,45,None,0,2,100
22934,THE DC OF LOXTON WAIKERIE,WABHgE,G1,7.07E-05,0.034823828,G1,35,B3,30,A4,20,4,100
22935,THE DC OF KAROONDA EAST MURRAY,HOLQMA,B2,6.51E-05,0.033256005,B2,100,None,0,None,0,1,100
22939,THE DC OF LOXTON WAIKERIE,WABSfA,A4,9.42E-05,0.046577841,A4,26.25,H2,25,B2,22.5,6,100
22940,MID MURRAY COUNCIL,BLTQHE,B2,4.01E-05,0.025641168,B2,80,A5,20,None,0,2,100
22941,MID MURRAY COUNCIL,LMVXg-,E3,4.32E-05,0.037506851,E3,39,H2,25,N3,15,5,100
22942,MID MURRAY COUNCIL,KUNUMJ,H2,0.000166607,0.088785503,H2,45,A4,35.75,G1,11,4,100
22953,THE DC OF KAROONDA EAST MURRAY,MANQOA,B2,0.000503026,0.287684063,B2,48.75,H2,25,A4,15,4,100
22955,THE DC OF KAROONDA EAST MURRAY,MANRCE,B3,0.000126861,0.054376127,B3,55,B2,45,None,0,2,100
22957,THE DC OF LOXTON WAIKERIE,LOXSDA,C1,8.86E-05,0.058031638,C1,35,A4,30,B2,15,5,100
22960,THE DC OF LOXTON WAIKERIE,WABSdA,A4,0.000161073,0.068769542,A4,35,B2,30,B3,15,5,100
22966,THE DC OF LOXTON WAIKERIE,LOXSDA,C1,0.000242678,0.076193693,C1,35,A4,30,B2,15,5,100
22969,THE DC OF KAROONDA EAST MURRAY,MANU-D,H2,3.53E-05,0.042698477,H2,100,None,0,None,0,1,100
22970,MID MURRAY COUNCIL,KUNQJZ,B2,2.40E-05,0.019307236,B2,100,None,0,None,0,1,100
22973,MID MURRAY COUNCIL,MANU-D,H2,1.40E-05,0.020135609,H2,100,None,0,None,0,1,100
22976,MID MURRAY COUNCIL,LMVA-l,RR,7.32E-05,0.06501772,RR,100,None,0,None,0,1,100
22978,MID MURRAY COUNCIL,LMVA-l,RR,4.53E-05,0.047741589,RR,100,None,0,None,0,1,100
22980,THE DC OF KAROONDA EAST MURRAY,HOLRCE,B3,0.000148001,0.071310567,B3,40,C1,30.1,B2,29.9,3,100
22985,THE DC OF LOXTON WAIKERIE,LOXUCJ,H2,4.43E-05,0.027492551,H2,24.75,G1,20.25,A4,19.25,7,100
22987,MID MURRAY COUNCIL,AVAUAI,A4,0.00126085,0.463805219,A4,30.25,A5,24.75,H2,24.75,4,100
22994,THE DC OF LOXTON WAIKERIE,LOXZJ-,N2,1.15E-05,0.013250427,N2,75,A8,25,None,0,2,100
22997,THE DC OF LOXTON WAIKERIE,WABUMI,H2,2.47E-05,0.03070359,H2,35.75,A4,15.75,B2,13.5,7,100
22999,THE DC OF KAROONDA EAST MURRAY,HOLUMI,H2,0.002683399,0.770989899,H2,45,A4,30.25,C1,24.75,3,100
23002,THE DC OF LOXTON WAIKERIE,LOXZL-,A8,2.60E-05,0.031392009,A8,100,None,0,None,0,1,100
23004,THE DC OF LOXTON WAIKERIE,WABSdA,A4,0.000112927,0.059956436,A4,35,B2,30,B3,15,5,100
23005,MID MURRAY COUNCIL,LMVSXD,G1,7.46E-05,0.075781836,G1,37.5,A4,33.75,H2,28.75,3,100
23006,THE DC OF KAROONDA EAST MURRAY,MANQMA,B2,3.38E-05,0.036260249,B2,65,A4,20,B3,15,3,100
23008,THE DC OF LOXTON WAIKERIE,WABSdA,A4,6.46E-05,0.049466725,A4,35,B2,30,B3,15,5,100
23009,THE DC OF LOXTON WAIKERIE,LOXSeA,A4,0.000103356,0.055885023,A4,35,B2,30,C1,20,4,100
23014,MID MURRAY COUNCIL,AVASVA,A4,5.29E-05,0.040381702,A4,55,A5,20,B2,15,4,100
23015,THE DC OF LOXTON WAIKERIE,WABUMJ,H2,0.000633288,0.247413542,H2,29.25,A4,19.25,B2,16.5,7,100
23016,THE DC OF KAROONDA EAST MURRAY,HOLUMJ,H2,0.00091807,0.22021894,H2,45,A4,30.25,C1,24.75,3,100
23017,THE DC OF LOXTON WAIKERIE,LOXSDP,C1,3.30E-05,0.024326163,C1,35,A4,30,B2,15,5,100
23018,THE DC OF LOXTON WAIKERIE,LOXSDA,C1,6.65E-05,0.041391708,C1,35,A4,30,B2,15,5,100
23020,THE DC OF LOXTON WAIKERIE,LOXSkB,A4,0.000216715,0.098770171,A4,75,G1,13.75,H2,11.25,3,100
23022,MID MURRAY COUNCIL,KUNUUJ,B2,0.000440155,0.133810265,B2,55,H2,45,None,0,2,100
23027,THE DC OF LOXTON WAIKERIE,LOXSkB,A4,0.000354218,0.150976073,A4,75,G1,13.75,H2,11.25,3,100
23030,MID MURRAY COUNCIL,TOWKNJ,A4,0.000123503,0.090656493,A4,55,D2,20,C1,15,4,100
23035,THE DC OF KAROONDA EAST MURRAY,MANRCE,B3,7.27E-06,0.009772806,B3,55,B2,45,None,0,2,100
23039,THE DC OF KAROONDA EAST MURRAY,MANQMA,B2,2.31E-05,0.026327141,B2,65,A4,20,B3,15,3,100
23047,MID MURRAY COUNCIL,MRNSMI,A4,5.20E-05,0.043121895,A4,45,B2,35,H2,20,3,100
23048,MID MURRAY COUNCIL,MRNSMH,A4,2.92E-05,0.028562531,A4,65,B2,20,H2,15,3,100
23053,THE DC OF KAROONDA EAST MURRAY,MANU-D,H2,4.02E-05,0.051808207,H2,100,None,0,None,0,1,100
23054,MID MURRAY COUNCIL,LMVXs-,N3,2.82E-05,0.03908367,N3,100,None,0,None,0,1,100
23055,MID MURRAY COUNCIL,MRNSMI,A4,3.32E-05,0.030760233,A4,45,B2,35,H2,20,3,100
23058,THE DC OF LOXTON WAIKERIE,LOXUCI,H2,7.86E-05,0.040476685,H2,24.75,G1,20.25,A4,19.25,7,100
23063,THE DC OF LOXTON WAIKERIE,MANQOA,B2,0.000280125,0.11072639,B2,48.75,H2,25,A4,15,4,100
23064,THE DC OF LOXTON WAIKERIE,LOXSkB,A4,0.001492041,0.506061184,A4,75,G1,13.75,H2,11.25,3,100
23069,MID MURRAY COUNCIL,KUNQJZ,B2,0.000186256,0.082990269,B2,100,None,0,None,0,1,100
23073,MID MURRAY COUNCIL,STNQMA,B2,0.007790002,1.331144852,B2,55,B3,45,None,0,2,100
23075,MID MURRAY COUNCIL,COHAKC,L1,1.75E-05,0.019389147,L1,55,K3,20,D1,15,4,100
23077,MID MURRAY COUNCIL,NAHSWE,G1,3.42E-05,0.023273837,G1,40,A4,30.1,B2,29.9,3,100
23078,MID MURRAY COUNCIL,MRNSMI,A4,6.42E-05,0.046369164,A4,45,B2,35,H2,20,3,100
23079,MID MURRAY COUNCIL,LMVXg-,E3,8.21E-05,0.05069411,E3,39,H2,25,N3,15,5,100
23082,MID MURRAY COUNCIL,MRDQHE,B2,7.64E-06,0.01118664,B2,100,None,0,None,0,1,100
23084,THE DC OF LOXTON WAIKERIE,LOXSDA,C1,0.00017426,0.094769897,C1,35,A4,30,B2,15,5,100
23087,THE DC OF LOXTON WAIKERIE,WABHgE,G1,0.000107799,0.046052698,G1,35,B3,30,A4,20,4,100
23091,THE DC OF LOXTON WAIKERIE,WABHgE,G1,0.00027004,0.128765108,G1,35,B3,30,A4,20,4,100
23092,MID MURRAY COUNCIL,SAUXJS,M1,0.000792437,0.45154919,M1,100,None,0,None,0,1,100
23094,THE DC OF LOXTON WAIKERIE,LOXSkB,A4,0.000151699,0.104562105,A4,75,G1,13.75,H2,11.25,3,100
23095,THE DC OF LOXTON WAIKERIE,WABSfB,A4,0.000115229,0.064704394,A4,26.25,H2,25,B2,22.5,6,100
23099,MID MURRAY COUNCIL,MRNSMI,A4,6.65E-05,0.03498153,A4,45,B2,35,H2,20,3,100
23100,MID MURRAY COUNCIL,LMVSXD,G1,0.000114846,0.070930463,G1,37.5,A4,33.75,H2,28.75,3,100
23101,MID MURRAY COUNCIL,LMVXg-,E3,6.81E-05,0.045972881,E3,39,H2,25,N3,15,5,100
23107,THE DC OF LOXTON WAIKERIE,LOXSDA,C1,4.59E-05,0.030302196,C1,35,A4,30,B2,15,5,100
23108,THE DC OF LOXTON WAIKERIE,MANRCE,B3,1.68E-05,0.021361939,B3,55,B2,45,None,0,2,100
23109,MID MURRAY COUNCIL,LMVSXII,A4,2.83E-05,0.033250153,A4,45,G1,35,H2,20,3,100
23110,THE DC OF KAROONDA EAST MURRAY,MANRCE,B3,3.41E-05,0.021842493,B3,55,B2,45,None,0,2,100
23112,THE DC OF LOXTON WAIKERIE,LOXSkB,A4,6.42E-05,0.036237463,A4,75,G1,13.75,H2,11.25,3,100
23113,MID MURRAY COUNCIL,MANU-D,H2,4.28E-05,0.041968046,H2,100,None,0,None,0,1,100
23114,THE DC OF KAROONDA EAST MURRAY,MANRCE,B3,5.56E-05,0.045072467,B3,55,B2,45,None,0,2,100
23117,THE DC OF LOXTON WAIKERIE,LOXSDA,C1,0.000137134,0.048575657,C1,35,A4,30,B2,15,5,100
23118,MID MURRAY COUNCIL,MRNXHJ,M1,6.28E-05,0.048355629,M1,75,H2,25,None,0,2,100
23120,THE DC OF KAROONDA EAST MURRAY,MANRCE,B3,7.34E-06,0.010907726,B3,55,B2,45,None,0,2,100
23122,THE DC OF KAROONDA EAST MURRAY,MANU-D,H2,1.95E-05,0.032946182,H2,100,None,0,None,0,1,100
23123,THE DC OF KAROONDA EAST MURRAY,MANSdA,A4,0.000155731,0.092487541,A4,75,B2,25,None,0,2,100
23127,MID MURRAY COUNCIL,LMVXg-,E3,8.39E-05,0.05041816,E3,39,H2,25,N3,15,5,100
23128,THE DC OF KAROONDA EAST MURRAY,MANQMA,B2,4.98E-05,0.049340812,B2,65,A4,20,B3,15,3,100
23133,MID MURRAY COUNCIL,AVASVA,A4,0.002268001,0.613261135,A4,55,A5,20,B2,15,4,100
23134,THE DC OF KAROONDA EAST MURRAY,HOLQMA,B2,0.001565238,0.527584945,B2,100,None,0,None,0,1,100
23137,THE DC OF KAROONDA EAST MURRAY,KUNHqA,A4,0.002326633,0.575922631,A4,35,C1,29.25,D2,22.75,4,100
23142,THE DC OF LOXTON WAIKERIE,MANRCE,B3,0.000161785,0.070546142,B3,55,B2,45,None,0,2,100
23143,THE DC OF LOXTON WAIKERIE,LOXSkB,A4,0.001608569,0.518997647,A4,75,G1,13.75,H2,11.25,3,100
23144,THE DC OF KAROONDA EAST MURRAY,MANQOA,B2,0.000334461,0.24176952,B2,48.75,H2,25,A4,15,4,100
23146,THE DC OF KAROONDA EAST MURRAY,HOLRCE,B3,2.27E-05,0.020925788,B3,40,C1,30.1,B2,29.9,3,100
23147,THE DC OF KAROONDA EAST MURRAY,MANRCE,B3,1.78E-05,0.019325959,B3,55,B2,45,None,0,2,100
23148,MID MURRAY COUNCIL,KUNSkB,A4,9.71E-05,0.044044726,A4,39,H2,25,C1,15.75,5,100
23150,THE DC OF LOXTON WAIKERIE,LOXSkB,A4,0.000110646,0.077949612,A4,75,G1,13.75,H2,11.25,3,100
23152,THE DC OF KAROONDA EAST MURRAY,MANQMA,B2,2.00E-05,0.019083711,B2,65,A4,20,B3,15,3,100
23153,THE DC OF KAROONDA EAST MURRAY,MANRCE,B3,4.65E-05,0.030925055,B3,55,B2,45,None,0,2,100
23159,THE DC OF LOXTON WAIKERIE,LOXSkB,A4,0.000413168,0.138589901,A4,75,G1,13.75,H2,11.25,3,100
23160,THE DC OF KAROONDA EAST MURRAY,MANQOA,B2,0.000175458,0.103768427,B2,48.75,H2,25,A4,15,4,100
23162,THE DC OF LOXTON WAIKERIE,LOXSDA,C1,0.000126224,0.059373665,C1,35,A4,30,B2,15,5,100
23167,THE DC OF LOXTON WAIKERIE,BLTU-D,H2,1.66E-05,0.02354302,H2,100,None,0,None,0,1,100
23170,THE DC OF LOXTON WAIKERIE,LOXSkB,A4,7.19E-05,0.034579528,A4,75,G1,13.75,H2,11.25,3,100
23178,THE DC OF LOXTON WAIKERIE,LOXSDA,C1,0.000110764,0.046888165,C1,35,A4,30,B2,15,5,100
23184,MID MURRAY COUNCIL,MRNXJS,M1,0.001141609,0.601375555,M1,100,None,0,None,0,1,100
23195,THE DC OF KAROONDA EAST MURRAY,HOLQOA,B2,5.59E-05,0.072084301,B2,85,H2,15,None,0,2,100
23203,THE DC OF LOXTON WAIKERIE,LOXSDA,C1,4.00E-05,0.029781732,C1,35,A4,30,B2,15,5,100
23205,THE DC OF KAROONDA EAST MURRAY,HOLUMJ,H2,0.000198934,0.140665439,H2,45,A4,30.25,C1,24.75,3,100
23216,MID MURRAY COUNCIL,TOWKNH,A4,2.32E-05,0.020106164,A4,55,D2,20,C1,15,4,100
23218,THE DC OF LOXTON WAIKERIE,LOXSkB,A4,6.62E-05,0.045965076,A4,75,G1,13.75,H2,11.25,3,100
23220,THE DC OF LOXTON WAIKERIE,MANRCE,B3,6.36E-05,0.047080444,B3,55,B2,45,None,0,2,100
23225,MID MURRAY COUNCIL,TOWKNA,A4,0.000230605,0.106648986,A4,55,D2,20,C1,15,4,100
23226,MID MURRAY COUNCIL,SEDIBE,A5,1.84E-05,0.018031025,A5,100,None,0,None,0,1,100
23229,MID MURRAY COUNCIL,BLTQHE,B2,1.24E-05,0.014365285,B2,80,A5,20,None,0,2,100
23230,THE DC OF LOXTON WAIKERIE,MANU-D,H2,6.44E-05,0.051964593,H2,100,None,0,None,0,1,100
23233,THE DC OF LOXTON WAIKERIE,WABUMJ,H2,0.000150824,0.070003807,H2,29.25,A4,19.25,B2,16.5,7,100
23236,MID MURRAY COUNCIL,SEDQHA,B2,3.18E-05,0.031622642,B2,80,B3,20,None,0,2,100
23238,THE DC OF KAROONDA EAST MURRAY,MANQOA,B2,7.13E-05,0.067529401,B2,48.75,H2,25,A4,15,4,100
23239,THE DC OF KAROONDA EAST MURRAY,MANQOA,B2,3.93E-05,0.037944593,B2,48.75,H2,25,A4,15,4,100
23240,THE DC OF LOXTON WAIKERIE,MANU-D,H2,3.05E-05,0.032778698,H2,100,None,0,None,0,1,100
23241,THE DC OF LOXTON WAIKERIE,MANRCE,B3,7.58E-05,0.034182196,B3,55,B2,45,None,0,2,100
23242,THE DC OF KAROONDA EAST MURRAY,MANUUJ,B2,5.49E-05,0.048568061,B2,55,H2,45,None,0,2,100
23246,THE DC OF KAROONDA EAST MURRAY,MANU-D,H2,4.35E-05,0.045067293,H2,100,None,0,None,0,1,100
23248,THE DC OF KAROONDA EAST MURRAY,MANQOA,B2,5.54E-05,0.053240001,B2,48.75,H2,25,A4,15,4,100
23250,THE DC OF LOXTON WAIKERIE,LOXSaB,A4,0.000537135,0.144950212,A4,100,None,0,None,0,1,100
23251,THE DC OF KAROONDA EAST MURRAY,MANQOA,B2,0.000182227,0.142447444,B2,48.75,H2,25,A4,15,4,100
23256,THE DC OF KAROONDA EAST MURRAY,MANRCE,B3,4.33E-05,0.031708269,B3,55,B2,45,None,0,2,100
23258,THE DC OF LOXTON WAIKERIE,LOXUCJ,H2,0.000487572,0.142878012,H2,24.75,G1,20.25,A4,19.25,7,100
23259,THE DC OF LOXTON WAIKERIE,HOLUMJ,H2,0.0016751,0.332988157,H2,45,A4,30.25,C1,24.75,3,100
23262,THE DC OF KAROONDA EAST MURRAY,MANRCE,B3,2.49E-05,0.021027575,B3,55,B2,45,None,0,2,100
23266,MID MURRAY COUNCIL,BLHEEC,A2,0.00020666,0.089078877,A2,80,H2,20,None,0,2,100
23267,MID MURRAY COUNCIL,COHAKY,L1,0.00015787,0.149915408,L1,55,K3,20,D1,15,4,100
23269,THE DC OF LOXTON WAIKERIE,LOXUCI,H2,0.000302082,0.126508357,H2,24.75,G1,20.25,A4,19.25,7,100
23271,MID MURRAY COUNCIL,MRNUWK,H2,0.000137646,0.152001915,H2,55,M1,45,None,0,2,100
23273,THE DC OF KAROONDA EAST MURRAY,MANU-D,H2,7.44E-05,0.058542746,H2,100,None,0,None,0,1,100
23274,THE DC OF KAROONDA EAST MURRAY,HOLQOA,B2,0.000162266,0.109515218,B2,85,H2,15,None,0,2,100
23276,MID MURRAY COUNCIL,AVAGJA,G1,8.36E-05,0.054556379,G1,45,D2,35,D3,20,3,100
23278,THE DC OF LOXTON WAIKERIE,LOXSDA,C1,5.58E-05,0.03561389,C1,35,A4,30,B2,15,5,100
23283,THE DC OF KAROONDA EAST MURRAY,HOLRCE,B3,0.000268015,0.147935033,B3,40,C1,30.1,B2,29.9,3,100
23290,THE DC OF LOXTON WAIKERIE,LOXSeA,A4,0.000561387,0.160623898,A4,35,B2,30,C1,20,4,100
23291,THE DC OF LOXTON WAIKERIE,LOXSDA,C1,0.000409139,0.120055056,C1,35,A4,30,B2,15,5,100
23293,THE DC OF KAROONDA EAST MURRAY,MANRCE,B3,3.15E-05,0.023820163,B3,55,B2,45,None,0,2,100
23295,THE DC OF LOXTON WAIKERIE,LOXUCJ,H2,7.57E-05,0.050088122,H2,24.75,G1,20.25,A4,19.25,7,100
23297,THE DC OF LOXTON WAIKERIE,LOXUCJ,H2,0.000196101,0.118361038,H2,24.75,G1,20.25,A4,19.25,7,100
23299,MID MURRAY COUNCIL,COHAKC,L1,8.51E-05,0.050615812,L1,55,K3,20,D1,15,4,100
23300,MID MURRAY COUNCIL,TOWKNB,A4,0.000777189,0.180552297,A4,55,D2,20,C1,15,4,100
23302,MID MURRAY COUNCIL,SEDQHA,B2,9.52E-05,0.048688916,B2,80,B3,20,None,0,2,100
23306,THE DC OF KAROONDA EAST MURRAY,MANQMA,B2,2.75E-05,0.02318444,B2,65,A4,20,B3,15,3,100
23309,THE DC OF LOXTON WAIKERIE,LOXUCJ,H2,0.000476653,0.173459813,H2,24.75,G1,20.25,A4,19.25,7,100
23311,MID MURRAY COUNCIL,TOWKNH,A4,0.000305799,0.079348869,A4,55,D2,20,C1,15,4,100
23313,THE DC OF KAROONDA EAST MURRAY,HOLQOA,B2,0.000157883,0.122591633,B2,85,H2,15,None,0,2,100
23318,THE DC OF KAROONDA EAST MURRAY,HOLUMJ,H2,0.003078387,1.034141785,H2,45,A4,30.25,C1,24.75,3,100
23319,THE DC OF KAROONDA EAST MURRAY,MANRCE,B3,1.44E-05,0.014834069,B3,55,B2,45,None,0,2,100
23320,THE DC OF LOXTON WAIKERIE,HOLUMI,H2,0.00020637,0.087685628,H2,45,A4,30.25,C1,24.75,3,100
23324,THE DC OF LOXTON WAIKERIE,MANQOA,B2,0.000706656,0.225338664,B2,48.75,H2,25,A4,15,4,100
23326,THE DC OF LOXTON WAIKERIE,WABUMJ,H2,0.000428287,0.128747166,H2,29.25,A4,19.25,B2,16.5,7,100
23328,THE DC OF LOXTON WAIKERIE,LOXUCJ,H2,0.001511825,0.416229278,H2,24.75,G1,20.25,A4,19.25,7,100
23330,THE DC OF KAROONDA EAST MURRAY,MANU-D,H2,2.37E-05,0.028364616,H2,100,None,0,None,0,1,100
23336,THE DC OF KAROONDA EAST MURRAY,MANU-D,H2,2.24E-05,0.035878276,H2,100,None,0,None,0,1,100
23337,THE DC OF LOXTON WAIKERIE,LOXSkB,A4,8.14E-05,0.035857268,A4,75,G1,13.75,H2,11.25,3,100
23338,THE DC OF LOXTON WAIKERIE,WABSfA,A4,0.000110513,0.070592046,A4,26.25,H2,25,B2,22.5,6,100
23340,THE DC OF LOXTON WAIKERIE,LOXSDA,C1,2.97E-05,0.025258563,C1,35,A4,30,B2,15,5,100
23344,MID MURRAY COUNCIL,LMVSXD,G1,2.66E-05,0.033967942,G1,37.5,A4,33.75,H2,28.75,3,100
23346,THE DC OF KAROONDA EAST MURRAY,MANRCE,B3,4.92E-05,0.026389628,B3,55,B2,45,None,0,2,100
23350,THE DC OF KAROONDA EAST MURRAY,MANUUJ,B2,5.04E-05,0.039600105,B2,55,H2,45,None,0,2,100
23352,MID MURRAY COUNCIL,AVAGJA,G1,5.56E-05,0.056640002,G1,45,D2,35,D3,20,3,100
23354,THE DC OF LOXTON WAIKERIE,WABSfA,A4,4.89E-05,0.036860719,A4,26.25,H2,25,B2,22.5,6,100
23363,THE DC OF KAROONDA EAST MURRAY,MANRCE,B3,2.62E-05,0.022232962,B3,55,B2,45,None,0,2,100
23365,THE DC OF LOXTON WAIKERIE,WABUMJ,H2,0.000114485,0.052334121,H2,29.25,A4,19.25,B2,16.5,7,100
23366,THE DC OF KAROONDA EAST MURRAY,MANQOA,B2,6.27E-05,0.041157274,B2,48.75,H2,25,A4,15,4,100
23370,MID MURRAY COUNCIL,AVAUAI,A4,0.000166876,0.091147844,A4,30.25,A5,24.75,H2,24.75,4,100
23371,THE DC OF KAROONDA EAST MURRAY,KUNHkA,C1,4.18E-05,0.031544435,C1,45,D2,35,G1,20,3,100
23372,THE DC OF KAROONDA EAST MURRAY,MANU-D,H2,1.70E-05,0.025846064,H2,100,None,0,None,0,1,100
23374,THE DC OF LOXTON WAIKERIE,LOXSDA,C1,0.000317937,0.11074445,C1,35,A4,30,B2,15,5,100
23377,THE DC OF KAROONDA EAST MURRAY,MANQMA,B2,0.000928029,0.358091494,B2,65,A4,20,B3,15,3,100
23380,THE DC OF LOXTON WAIKERIE,LOXUCI,H2,0.001495025,0.409974075,H2,24.75,G1,20.25,A4,19.25,7,100
23382,THE DC OF LOXTON WAIKERIE,LOXSDA,C1,0.00029932,0.136484616,C1,35,A4,30,B2,15,5,100
23385,THE DC OF LOXTON WAIKERIE,LOXSkB,A4,8.16E-05,0.043140899,A4,75,G1,13.75,H2,11.25,3,100
23386,THE DC OF LOXTON WAIKERIE,LOXSDA,C1,0.000311487,0.092171243,C1,35,A4,30,B2,15,5,100
23387,THE DC OF LOXTON WAIKERIE,LOXSDA,C1,4.30E-05,0.03139431,C1,35,A4,30,B2,15,5,100
23388,THE DC OF LOXTON WAIKERIE,LOXSDA,C1,3.48E-05,0.031146654,C1,35,A4,30,B2,15,5,100
23389,THE DC OF KAROONDA EAST MURRAY,MANU-D,H2,7.51E-05,0.068062085,H2,100,None,0,None,0,1,100
23391,THE DC OF KAROONDA EAST MURRAY,MANU-D,H2,2.50E-05,0.028739924,H2,100,None,0,None,0,1,100
23392,THE DC OF LOXTON WAIKERIE,LOXSkB,A4,0.002098377,0.653454005,A4,75,G1,13.75,H2,11.25,3,100
23394,THE DC OF KAROONDA EAST MURRAY,MANRCE,B3,2.27E-05,0.02070488,B3,55,B2,45,None,0,2,100
23396,THE DC OF LOXTON WAIKERIE,LOXZJ-,N2,1.11E-05,0.016892009,N2,75,A8,25,None,0,2,100
23400,THE DC OF KAROONDA EAST MURRAY,MANRCE,B3,4.00E-05,0.031965219,B3,55,B2,45,None,0,2,100
23403,THE DC OF KAROONDA EAST MURRAY,MANQOA,B2,0.000164339,0.076923307,B2,48.75,H2,25,A4,15,4,100
23406,MID MURRAY COUNCIL,LMVXh-,WW,0.000569158,0.22322287,WW,65,N3,20,E3,9.75,5,100
23417,MID MURRAY COUNCIL,MRNXHT,M1,0.000103876,0.068358614,M1,80,M3,20,None,0,2,100
23419,MID MURRAY COUNCIL,MRNXHJ,M1,3.24E-05,0.030685234,M1,75,H2,25,None,0,2,100
23420,THE DC OF KAROONDA EAST MURRAY,MANU-D,H2,1.51E-05,0.022412381,H2,100,None,0,None,0,1,100
23421,THE DC OF KAROONDA EAST MURRAY,HOLUMI,H2,0.000125627,0.087153215,H2,45,A4,30.25,C1,24.75,3,100
23423,MID MURRAY COUNCIL,BLHA-n,RR,7.08E-05,0.033627525,RR,55,L1,45,None,0,2,100
23430,THE DC OF LOXTON WAIKERIE,MANRCE,B3,4.05E-05,0.040565071,B3,55,B2,45,None,0,2,100
23433,THE DC OF LOXTON WAIKERIE,LOXSDA,C1,5.43E-05,0.029970132,C1,35,A4,30,B2,15,5,100
23434,THE DC OF KAROONDA EAST MURRAY,MANUUJ,B2,0.00016733,0.137864393,B2,55,H2,45,None,0,2,100
23436,THE DC OF KAROONDA EAST MURRAY,MANU-D,H2,3.65E-05,0.043031997,H2,100,None,0,None,0,1,100
23438,THE DC OF KAROONDA EAST MURRAY,MANQOA,B2,3.06E-05,0.029843208,B2,48.75,H2,25,A4,15,4,100
23440,MID MURRAY COUNCIL,AVAUAK,G1,0.000354849,0.112401906,G1,55,H2,45,None,0,2,100
23441,MID MURRAY COUNCIL,LMVXs-,N3,4.02E-05,0.044744495,N3,100,None,0,None,0,1,100
23444,THE DC OF KAROONDA EAST MURRAY,KUNHkA,C1,3.58E-05,0.025222914,C1,45,D2,35,G1,20,3,100
23446,MID MURRAY COUNCIL,AVAGJA,G1,9.01E-05,0.061488808,G1,45,D2,35,D3,20,3,100
23449,THE DC OF KAROONDA EAST MURRAY,KUNUMI,H2,8.58E-05,0.056743866,H2,45,A4,35.75,G1,11,4,100
23450,THE DC OF KAROONDA EAST MURRAY,KUNSkB,A4,0.000353884,0.128905032,A4,39,H2,25,C1,15.75,5,100
23451,MID MURRAY COUNCIL,SAUKYB,A3,0.000267347,0.085046365,A3,55,C1,45,None,0,2,100
23456,MID MURRAY COUNCIL,MRNSMII,A4,0.001106308,0.334628985,A4,45,B2,35,H2,20,3,100
23459,THE DC OF KAROONDA EAST MURRAY,MANQOA,B2,0.000104324,0.070566549,B2,48.75,H2,25,A4,15,4,100
23461,MID MURRAY COUNCIL,COHAKY,L1,0.000211825,0.153284173,L1,55,K3,20,D1,15,4,100
23467,THE DC OF LOXTON WAIKERIE,LOXSDA,C1,4.84E-05,0.035280185,C1,35,A4,30,B2,15,5,100
23473,THE DC OF KAROONDA EAST MURRAY,MANU-D,H2,1.17E-05,0.015851971,H2,100,None,0,None,0,1,100
23475,THE DC OF KAROONDA EAST MURRAY,MANQMA,B2,3.51E-05,0.035537016,B2,65,A4,20,B3,15,3,100
23479,MID MURRAY COUNCIL,COHAKC,L1,4.92E-05,0.041844811,L1,55,K3,20,D1,15,4,100
23482,THE DC OF KAROONDA EAST MURRAY,MANSdA,A4,0.000171219,0.076850753,A4,75,B2,25,None,0,2,100
23484,THE DC OF LOXTON WAIKERIE,LOXSDA,C1,9.07E-05,0.043250089,C1,35,A4,30,B2,15,5,100
23486,THE DC OF KAROONDA EAST MURRAY,MANU-D,H2,0.000103254,0.101289342,H2,100,None,0,None,0,1,100
23490,THE DC OF LOXTON WAIKERIE,MANRCE,B3,3.84E-05,0.03788175,B3,55,B2,45,None,0,2,100
23493,THE DC OF LOXTON WAIKERIE,HOLSgA,A4,0.000418623,0.142300556,A4,41.25,C1,33.75,H2,25,3,100
23495,THE DC OF LOXTON WAIKERIE,WABUCJ,A4,0.000876662,0.23574039,A4,55,H2,36,G3,9,3,100
23496,MID MURRAY COUNCIL,AVASVA,A4,0.003099675,0.577144018,A4,55,A5,20,B2,15,4,100
23498,THE DC OF LOXTON WAIKERIE,LOXSDA,C1,8.58E-05,0.047130596,C1,35,A4,30,B2,15,5,100
23503,MID MURRAY COUNCIL,COHAKC,L1,2.37E-05,0.025981465,L1,55,K3,20,D1,15,4,100
23505,THE DC OF KAROONDA EAST MURRAY,HOLRCE,B3,3.81E-05,0.025480103,B3,40,C1,30.1,B2,29.9,3,100
23506,THE DC OF KAROONDA EAST MURRAY,HOLUMI,H2,0.000670276,0.249853032,H2,45,A4,30.25,C1,24.75,3,100
23508,THE DC OF LOXTON WAIKERIE,LOXUCJ,H2,9.66E-05,0.070283497,H2,24.75,G1,20.25,A4,19.25,7,100
23510,THE DC OF KAROONDA EAST MURRAY,KUNUUJ,B2,0.001828089,0.576309017,B2,55,H2,45,None,0,2,100
23512,THE DC OF LOXTON WAIKERIE,WABUMI,H2,0.00039435,0.220791086,H2,35.75,A4,15.75,B2,13.5,7,100
23514,MID MURRAY COUNCIL,NAHSUB,A4,0.002065176,0.353820511,A4,41.25,B2,33.75,H2,25,3,100
23515,THE DC OF LOXTON WAIKERIE,MANRCE,B3,9.96E-05,0.066583936,B3,55,B2,45,None,0,2,100
23519,THE DC OF LOXTON WAIKERIE,LOXSkB,A4,6.12E-05,0.03672805,A4,75,G1,13.75,H2,11.25,3,100
23523,THE DC OF KAROONDA EAST MURRAY,MANRCE,B3,2.73E-05,0.029460147,B3,55,B2,45,None,0,2,100
23526,THE DC OF LOXTON WAIKERIE,LOXUCJ,H2,0.000178458,0.093572944,H2,24.75,G1,20.25,A4,19.25,7,100
23528,THE DC OF LOXTON WAIKERIE,LOXSDA,C1,6.31E-05,0.035703499,C1,35,A4,30,B2,15,5,100
23529,THE DC OF KAROONDA EAST MURRAY,MANUUI,B2,0.000154215,0.076495159,B2,55,H2,45,None,0,2,100
23530,MID MURRAY COUNCIL,LMVXh-,WW,7.80E-05,0.058649887,WW,65,N3,20,E3,9.75,5,100
23534,MID MURRAY COUNCIL,SEDIBE,A5,4.03E-05,0.03227867,A5,100,None,0,None,0,1,100
23536,THE DC OF KAROONDA EAST MURRAY,MANRCE,B3,3.18E-05,0.029522215,B3,55,B2,45,None,0,2,100
23538,MID MURRAY COUNCIL,LMVXv-,N3,0.000107628,0.09164968,N3,75,WW,25,None,0,2,100
23539,MID MURRAY COUNCIL,TOWKNH,A4,3.76E-05,0.025499892,A4,55,D2,20,C1,15,4,100
23548,THE DC OF KAROONDA EAST MURRAY,HOLRCE,B3,0.000105732,0.050312914,B3,40,C1,30.1,B2,29.9,3,100
23550,MID MURRAY COUNCIL,MRNXHJ,M1,0.000182551,0.105420115,M1,75,H2,25,None,0,2,100
23552,THE DC OF KAROONDA EAST MURRAY,MANQMA,B2,0.000217133,0.105931754,B2,65,A4,20,B3,15,3,100
23555,THE DC OF LOXTON WAIKERIE,LOXSDA,C1,0.001605282,0.547011579,C1,35,A4,30,B2,15,5,100
23557,THE DC OF KAROONDA EAST MURRAY,HOLQOA,B2,0.000513576,0.227544295,B2,85,H2,15,None,0,2,100
23559,THE DC OF LOXTON WAIKERIE,MANQMA,B2,0.000925097,0.309440797,B2,65,A4,20,B3,15,3,100
23561,THE DC OF LOXTON WAIKERIE,LOXSDA,C1,0.000319277,0.125681277,C1,35,A4,30,B2,15,5,100
23562,THE DC OF LOXTON WAIKERIE,HOLQMA,B2,0.000263625,0.128539986,B2,100,None,0,None,0,1,100
23564,THE DC OF KAROONDA EAST MURRAY,HOLQOA,B2,0.000393221,0.152075451,B2,85,H2,15,None,0,2,100
23565,MID MURRAY COUNCIL,BLTQOA,B2,0.000656338,0.247366867,B2,85,H2,15,None,0,2,100
23569,THE DC OF LOXTON WAIKERIE,LOXSkB,A4,0.000121673,0.083446969,A4,75,G1,13.75,H2,11.25,3,100
23578,THE DC OF LOXTON WAIKERIE,MANRCE,B3,1.14E-05,0.012692871,B3,55,B2,45,None,0,2,100
23579,THE DC OF LOXTON WAIKERIE,LOXSDA,C1,0.000165454,0.055230546,C1,35,A4,30,B2,15,5,100
23580,MID MURRAY COUNCIL,TOWKNB,A4,0.000182282,0.098605566,A4,55,D2,20,C1,15,4,100
23585,MID MURRAY COUNCIL,LMVXh-,WW,2.58E-05,0.0257515,WW,65,N3,20,E3,9.75,5,100
23586,THE DC OF KAROONDA EAST MURRAY,MANSdA,A4,3.93E-05,0.030028204,A4,75,B2,25,None,0,2,100
23587,THE DC OF LOXTON WAIKERIE,HOLQOA,B2,0.000655745,0.158036138,B2,85,H2,15,None,0,2,100
23588,THE DC OF LOXTON WAIKERIE,LOXSDA,C1,0.000154109,0.050792382,C1,35,A4,30,B2,15,5,100
23596,THE DC OF KAROONDA EAST MURRAY,MANU-D,H2,0.000118647,0.121851479,H2,100,None,0,None,0,1,100
23598,MID MURRAY COUNCIL,TOWKNJ,A4,0.000135056,0.097702929,A4,55,D2,20,C1,15,4,100
23599,MID MURRAY COUNCIL,BLHQaB,B2,0.001307758,0.338435587,B2,60,H2,25,A2,15,3,100
23601,MID MURRAY COUNCIL,MRDQOA,B2,0.000847406,0.162024029,B2,85,H2,15,None,0,2,100
23603,THE DC OF KAROONDA EAST MURRAY,HOLRCE,B3,0.00011079,0.064951735,B3,40,C1,30.1,B2,29.9,3,100
23605,THE DC OF LOXTON WAIKERIE,LOXSDA,C1,0.000162519,0.080857408,C1,35,A4,30,B2,15,5,100
23607,THE DC OF LOXTON WAIKERIE,WABUMI,H2,0.000167699,0.081320158,H2,35.75,A4,15.75,B2,13.5,7,100
23612,THE DC OF LOXTON WAIKERIE,LOXUCI,H2,0.000188946,0.073752518,H2,24.75,G1,20.25,A4,19.25,7,100
23613,THE DC OF KAROONDA EAST MURRAY,HOLQMA,B2,0.000662647,0.288597672,B2,100,None,0,None,0,1,100
23614,MID MURRAY COUNCIL,MRDQHA,B2,0.000449346,0.126075274,B2,100,None,0,None,0,1,100
23615,THE DC OF KAROONDA EAST MURRAY,HOLQOA,B2,0.000229633,0.145151053,B2,85,H2,15,None,0,2,100
23617,THE DC OF KAROONDA EAST MURRAY,KUNQJZ,B2,2.49E-05,0.021430258,B2,100,None,0,None,0,1,100
23618,THE DC OF KAROONDA EAST MURRAY,HOLRCE,B3,3.18E-05,0.026274237,B3,40,C1,30.1,B2,29.9,3,100
23621,THE DC OF LOXTON WAIKERIE,HOLUMI,H2,6.53E-05,0.05854052,H2,45,A4,30.25,C1,24.75,3,100
23622,THE DC OF LOXTON WAIKERIE,LOXSDA,C1,7.24E-05,0.048851334,C1,35,A4,30,B2,15,5,100
23626,THE DC OF LOXTON WAIKERIE,LOXSkB,A4,5.12E-05,0.037509943,A4,75,G1,13.75,H2,11.25,3,100
23628,THE DC OF LOXTON WAIKERIE,LOXSDA,C1,0.000115826,0.056193336,C1,35,A4,30,B2,15,5,100
23629,MID MURRAY COUNCIL,COHLZH,M1,0.000117548,0.092573954,M1,55.25,F1,17,F2,12.75,6,100
23630,MID MURRAY COUNCIL,RATAgu,L1,0.00090794,0.210519962,L1,100,None,0,None,0,1,100
23633,MID MURRAY COUNCIL,RATAgD,L1,0.000108693,0.109687624,L1,55,K5,20,K4,15,4,100
23635,THE DC OF LOXTON WAIKERIE,HOLSaA,A4,4.93E-05,0.033061805,A4,55,C1,45,None,0,2,100
23637,MID MURRAY COUNCIL,MURUME,H2,0.000202682,0.130135889,H2,85,A4,8.25,C1,6.75,3,100
23638,MID MURRAY COUNCIL,LMVXh-,WW,0.000207818,0.086731813,WW,65,N3,20,E3,9.75,5,100
23639,MID MURRAY COUNCIL,KUNHkA,C1,2.20E-05,0.023434395,C1,45,D2,35,G1,20,3,100
23640,MID MURRAY COUNCIL,KUNHkA,C1,1.69E-05,0.01742302,C1,45,D2,35,G1,20,3,100
23643,MID MURRAY COUNCIL,SAUXHJ,M1,8.70E-05,0.059815419,M1,60,H2,25,A3,15,3,100
23645,MID MURRAY COUNCIL,KUNSkB,A4,0.000373102,0.124798713,A4,39,H2,25,C1,15.75,5,100
23647,MID MURRAY COUNCIL,STNU-D,H2,8.17E-05,0.080476325,H2,55,G1,45,None,0,2,100
23648,THE DC OF KAROONDA EAST MURRAY,KUNHkA,C1,1.39E-05,0.015000722,C1,45,D2,35,G1,20,3,100
23651,THE DC OF LOXTON WAIKERIE,WABUMI,H2,0.009075097,1.380613218,H2,35.75,A4,15.75,B2,13.5,7,100
23652,THE DC OF LOXTON WAIKERIE,LOXSkB,A4,6.47E-05,0.034169918,A4,75,G1,13.75,H2,11.25,3,100
23654,THE DC OF LOXTON WAIKERIE,WABUMF,H2,2.47E-05,0.03083981,H2,42.25,G3,13,A4,12.25,7,100
23659,THE DC OF KAROONDA EAST MURRAY,KUNHkA,C1,1.06E-05,0.012645984,C1,45,D2,35,G1,20,3,100
23666,MID MURRAY COUNCIL,SAUUSG,H2,0.00010197,0.065873018,H2,75,M1,25,None,0,2,100
23669,THE DC OF KAROONDA EAST MURRAY,KUNHqA,A4,7.05E-05,0.044849049,A4,35,C1,29.25,D2,22.75,4,100
23670,THE DC OF KAROONDA EAST MURRAY,WABHgE,G1,1.73E-05,0.018386106,G1,35,B3,30,A4,20,4,100
23673,MID MURRAY COUNCIL,MURSgB,A4,0.000376465,0.179483663,A4,60,H2,25,C1,15,3,100
23679,MID MURRAY COUNCIL,STNSWE,A4,2.46E-05,0.026532144,A4,35,D2,30,B2,20,4,100
23680,THE DC OF KAROONDA EAST MURRAY,BANScB,A4,0.002346687,0.869030074,A4,48.75,H2,25,B2,15,4,100
23684,THE DC OF LOXTON WAIKERIE,LOXSDA,C1,0.000534367,0.174471027,C1,35,A4,30,B2,15,5,100
23686,THE DC OF KAROONDA EAST MURRAY,KUNHqA,A4,4.27E-05,0.04677884,A4,35,C1,29.25,D2,22.75,4,100
23688,THE DC OF LOXTON WAIKERIE,LOXSkB,A4,0.000165939,0.069540494,A4,75,G1,13.75,H2,11.25,3,100
23691,MID MURRAY COUNCIL,STNSWE,A4,1.95E-05,0.02318618,A4,35,D2,30,B2,20,4,100
23694,THE DC OF KAROONDA EAST MURRAY,KUNUMG,H2,0.000291542,0.141467951,H2,65,A4,22.75,G1,7,4,100
23696,THE DC OF KAROONDA EAST MURRAY,KUNUMF,H2,0.000292135,0.12273908,H2,65,A4,22.75,G1,7,4,100
23705,MID MURRAY COUNCIL,LMVSXD,G1,6.83E-05,0.054187186,G1,37.5,A4,33.75,H2,28.75,3,100
23706,MID MURRAY COUNCIL,KUNUUJ,B2,0.000164105,0.071471164,B2,55,H2,45,None,0,2,100
23708,THE DC OF KAROONDA EAST MURRAY,KUNHkA,C1,1.89E-05,0.020684378,C1,45,D2,35,G1,20,3,100
23710,THE DC OF LOXTON WAIKERIE,WABSfB,A4,4.71E-05,0.031657256,A4,26.25,H2,25,B2,22.5,6,100
23712,MID MURRAY COUNCIL,SAUSGC,A4,0.000247876,0.146883784,A4,85,H2,15,None,0,2,100
23715,THE DC OF LOXTON WAIKERIE,LOXSDP,C1,0.000131992,0.060964378,C1,35,A4,30,B2,15,5,100
23716,THE DC OF LOXTON WAIKERIE,WABSdA,A4,0.000161363,0.065937169,A4,35,B2,30,B3,15,5,100
23721,THE DC OF KAROONDA EAST MURRAY,WABHgE,G1,0.000318135,0.147373005,G1,35,B3,30,A4,20,4,100
23722,THE DC OF KAROONDA EAST MURRAY,WABUMF,H2,6.95E-05,0.063089426,H2,42.25,G3,13,A4,12.25,7,100
23729,THE DC OF LOXTON WAIKERIE,WABUMF,H2,4.54E-05,0.051646682,H2,42.25,G3,13,A4,12.25,7,100
23734,THE DC OF KAROONDA EAST MURRAY,KUNSkB,A4,0.00018225,0.080401051,A4,39,H2,25,C1,15.75,5,100
23744,THE DC OF KAROONDA EAST MURRAY,KUNHqA,A4,0.000246082,0.137605141,A4,35,C1,29.25,D2,22.75,4,100
23745,MID MURRAY COUNCIL,COHAKC,L1,6.94E-06,0.011934189,L1,55,K3,20,D1,15,4,100
23748,MID MURRAY COUNCIL,NOBSYB,A4,0.000379221,0.110575884,A4,46.5,C1,38.5,G1,8.25,4,100
23751,THE DC OF LOXTON WAIKERIE,LOXSDA,C1,0.000157853,0.07164143,C1,35,A4,30,B2,15,5,100
23755,THE DC OF LOXTON WAIKERIE,WABSfB,A4,0.000134645,0.090520792,A4,26.25,H2,25,B2,22.5,6,100
23756,THE DC OF KAROONDA EAST MURRAY,KUNUMG,H2,0.000547361,0.201254508,H2,65,A4,22.75,G1,7,4,100
23757,MID MURRAY COUNCIL,MURUMF,H2,0.001346851,0.360094818,H2,75,A4,13.75,C1,11.25,3,100
23762,THE DC OF KAROONDA EAST MURRAY,KUNUMF,H2,0.000259243,0.183486348,H2,65,A4,22.75,G1,7,4,100
23763,THE DC OF LOXTON WAIKERIE,WABSdA,A4,0.000205575,0.091876328,A4,35,B2,30,B3,15,5,100
23765,THE DC OF LOXTON WAIKERIE,WABSfB,A4,0.000218598,0.141284744,A4,26.25,H2,25,B2,22.5,6,100
23766,THE DC OF KAROONDA EAST MURRAY,WABUMI,H2,5.74E-05,0.058797351,H2,35.75,A4,15.75,B2,13.5,7,100
23770,MID MURRAY COUNCIL,SAUUIm,H2,0.000228822,0.095100062,H2,55,A4,45,None,0,2,100
23771,THE DC OF LOXTON WAIKERIE,LOXUCI,H2,0.000135151,0.101970963,H2,24.75,G1,20.25,A4,19.25,7,100
23774,THE DC OF KAROONDA EAST MURRAY,KUNUUJ,B2,0.001497586,0.38808372,B2,55,H2,45,None,0,2,100
23775,THE DC OF KAROONDA EAST MURRAY,WABSfA,A4,0.000197049,0.103957411,A4,26.25,H2,25,B2,22.5,6,100
23776,THE DC OF KAROONDA EAST MURRAY,KUNHqA,A4,9.62E-05,0.058573147,A4,35,C1,29.25,D2,22.75,4,100
23778,MID MURRAY COUNCIL,COHETI,L1,4.71E-05,0.032222922,L1,40,K3,30.1,D1,29.9,3,100
23780,THE DC OF LOXTON WAIKERIE,WABSfB,A4,0.000293221,0.121319457,A4,26.25,H2,25,B2,22.5,6,100
23781,MID MURRAY COUNCIL,COHLZH,M1,8.27E-05,0.072091215,M1,55.25,F1,17,F2,12.75,6,100
23782,THE DC OF KAROONDA EAST MURRAY,KUNSkB,A4,0.000505387,0.199053513,A4,39,H2,25,C1,15.75,5,100
23783,THE DC OF KAROONDA EAST MURRAY,KUNUUJ,B2,0.000639893,0.189444423,B2,55,H2,45,None,0,2,100
23785,MID MURRAY COUNCIL,BANQOZ,B2,2.41E-05,0.0200478,B2,75,H2,25,None,0,2,100
23786,MID MURRAY COUNCIL,BANQOZ,B2,1.91E-05,0.016738466,B2,75,H2,25,None,0,2,100
23789,MID MURRAY COUNCIL,SAUSSI,A4,0.000924492,0.327473614,A4,80,B8,20,None,0,2,100
23791,THE DC OF KAROONDA EAST MURRAY,KUNUMJ,H2,0.001056266,0.220979877,H2,45,A4,35.75,G1,11,4,100
23794,MID MURRAY COUNCIL,COHLVE,M1,4.35E-05,0.049350461,M1,65,F1,20,F2,15,3,100
23799,MID MURRAY COUNCIL,BANScB,A4,0.000112582,0.074286187,A4,48.75,H2,25,B2,15,4,100
23802,THE DC OF LOXTON WAIKERIE,WABSfB,A4,0.000116009,0.065371239,A4,26.25,H2,25,B2,22.5,6,100
23805,THE DC OF LOXTON WAIKERIE,WABHgE,G1,1.26E-05,0.014747741,G1,35,B3,30,A4,20,4,100
23807,THE DC OF LOXTON WAIKERIE,WABHgE,G1,8.23E-05,0.052942494,G1,35,B3,30,A4,20,4,100
23809,MID MURRAY COUNCIL,BANRCA,B3,6.75E-05,0.041214839,B3,80,B2,20,None,0,2,100
23810,THE DC OF LOXTON WAIKERIE,WABSfA,A4,0.000631742,0.296710343,A4,26.25,H2,25,B2,22.5,6,100
23813,THE DC OF LOXTON WAIKERIE,LOXUCJ,H2,0.000256785,0.108232576,H2,24.75,G1,20.25,A4,19.25,7,100
23814,THE DC OF LOXTON WAIKERIE,WABHgE,G1,0.000313277,0.137015471,G1,35,B3,30,A4,20,4,100
23818,MID MURRAY COUNCIL,MURSgA,A4,0.000118679,0.080147785,A4,60,H2,25,C1,15,3,100
23824,THE DC OF KAROONDA EAST MURRAY,MURUME,H2,0.000466286,0.137867644,H2,85,A4,8.25,C1,6.75,3,100
23825,MID MURRAY COUNCIL,NAHSWE,G1,0.000879374,0.290988943,G1,40,A4,30.1,B2,29.9,3,100
23828,THE DC OF KAROONDA EAST MURRAY,HOLQOA,B2,0.000157067,0.069069952,B2,85,H2,15,None,0,2,100
23830,MID MURRAY COUNCIL,COHAKC,L1,0.0001552,0.091685534,L1,55,K3,20,D1,15,4,100
23834,THE DC OF KAROONDA EAST MURRAY,KUNHkA,C1,0.000139231,0.07437,C1,45,D2,35,G1,20,3,100
23835,THE DC OF LOXTON WAIKERIE,WABSfA,A4,3.22E-05,0.024078782,A4,26.25,H2,25,B2,22.5,6,100
23836,MID MURRAY COUNCIL,MURUME,H2,9.84E-05,0.063355641,H2,85,A4,8.25,C1,6.75,3,100
23838,MID MURRAY COUNCIL,SAUSGC,A4,0.000140645,0.06265109,A4,85,H2,15,None,0,2,100
23840,MID MURRAY COUNCIL,BANQOZ,B2,8.29E-06,0.011296531,B2,75,H2,25,None,0,2,100
23841,MID MURRAY COUNCIL,COHAKD,L1,1.73E-05,0.017144853,L1,55,K3,20,D1,15,4,100
23842,THE DC OF LOXTON WAIKERIE,WABSfA,A4,3.03E-05,0.02509414,A4,26.25,H2,25,B2,22.5,6,100
23844,MID MURRAY COUNCIL,LMVSXC,G1,0.000188134,0.070756398,G1,37.5,A4,33.75,H2,28.75,3,100
23846,MID MURRAY COUNCIL,BANRCE,B3,3.06E-05,0.023470613,B3,80,B2,20,None,0,2,100
23847,MID MURRAY COUNCIL,NAHSWE,G1,1.45E-05,0.014610039,G1,40,A4,30.1,B2,29.9,3,100
23851,MID MURRAY COUNCIL,COHAKI,L1,0.000788645,0.304604381,L1,55,K3,20,D1,15,4,100
23853,THE DC OF LOXTON WAIKERIE,WABUMF,H2,2.04E-05,0.026677811,H2,42.25,G3,13,A4,12.25,7,100
23858,MID MURRAY COUNCIL,NAHQHA,B2,8.60E-05,0.044111201,B2,100,None,0,None,0,1,100
23863,MID MURRAY COUNCIL,BANScG,A4,3.12E-05,0.021298199,A4,55.25,B2,17,H2,15,4,100
23868,MID MURRAY COUNCIL,RATLVO,M1,2.79E-05,0.034302871,M1,55,F2,45,None,0,2,100
23869,MID MURRAY COUNCIL,BANQJZ,B2,8.82E-06,0.010867751,B2,100,None,0,None,0,1,100
23871,THE DC OF LOXTON WAIKERIE,WABSfA,A4,0.000147014,0.058118281,A4,26.25,H2,25,B2,22.5,6,100
23875,THE DC OF KAROONDA EAST MURRAY,BANScB,A4,0.000128519,0.068018876,A4,48.75,H2,25,B2,15,4,100
23876,MID MURRAY COUNCIL,RATAgu,L1,1.19E-05,0.015953494,L1,100,None,0,None,0,1,100
23878,THE DC OF KAROONDA EAST MURRAY,BANRBA,B3,0.000432566,0.163673429,B3,60,H2,25,B2,15,3,100
23880,MID MURRAY COUNCIL,BANUMf,H2,0.000298914,0.116584474,H2,45,B3,22,A4,16.555,4,100
23884,MID MURRAY COUNCIL,NOBGCB,G3,0.000818408,0.261021383,G3,29.75,G4,25.5,G1,17,6,100
23886,MID MURRAY COUNCIL,NAHSWE,G1,1.62E-05,0.016531538,G1,40,A4,30.1,B2,29.9,3,100
23887,THE DC OF LOXTON WAIKERIE,WABQJA,B2,6.39E-05,0.069433402,B2,100,None,0,None,0,1,100
23892,MID MURRAY COUNCIL,KUNSkB,A4,0.000592356,0.126171708,A4,39,H2,25,C1,15.75,5,100
23894,THE DC OF KAROONDA EAST MURRAY,HOLUMJ,H2,0.000356311,0.157655158,H2,45,A4,30.25,C1,24.75,3,100
23900,MID MURRAY COUNCIL,BANScB,A4,0.000136496,0.058478203,A4,48.75,H2,25,B2,15,4,100
23901,THE DC OF KAROONDA EAST MURRAY,KUNUMJ,H2,6.44E-05,0.038717033,H2,45,A4,35.75,G1,11,4,100
23902,MID MURRAY COUNCIL,MURSgA,A4,2.79E-05,0.025276926,A4,60,H2,25,C1,15,3,100
23903,MID MURRAY COUNCIL,MURUMF,H2,6.07E-05,0.039522539,H2,75,A4,13.75,C1,11.25,3,100
23908,THE DC OF KAROONDA EAST MURRAY,KUNUMJ,H2,0.000132286,0.06609454,H2,45,A4,35.75,G1,11,4,100
23909,MID MURRAY COUNCIL,AVAU-C,H2,7.56E-05,0.069558596,H2,80,G1,20,None,0,2,100
23913,MID MURRAY COUNCIL,LMVSXD,G1,2.59E-05,0.025567672,G1,37.5,A4,33.75,H2,28.75,3,100
23915,THE DC OF KAROONDA EAST MURRAY,KUNSkB,A4,0.000108767,0.047054417,A4,39,H2,25,C1,15.75,5,100
23917,THE DC OF KAROONDA EAST MURRAY,WABHgE,G1,2.22E-05,0.024772314,G1,35,B3,30,A4,20,4,100
23920,THE DC OF LOXTON WAIKERIE,WABUMF,H2,4.15E-05,0.028981914,H2,42.25,G3,13,A4,12.25,7,100
23922,MID MURRAY COUNCIL,MIDJKA,D5,0.00063088,0.242517476,D5,35,A4,30,M4,15,5,100
23924,THE DC OF LOXTON WAIKERIE,WABUMF,H2,4.87E-05,0.058729153,H2,42.25,G3,13,A4,12.25,7,100
23926,MID MURRAY COUNCIL,MURQMA,B2,1.56E-05,0.016180539,B2,80,A4,20,None,0,2,100
23928,MID MURRAY COUNCIL,LMVXg-,E3,1.81E-05,0.018629218,E3,39,H2,25,N3,15,5,100
23936,MID MURRAY COUNCIL,TUNCQD,K4,6.94E-05,0.040667139,K4,35,L1,30,K5,20,4,100
23937,THE DC OF LOXTON WAIKERIE,LOXSkB,A4,0.000682597,0.217813238,A4,75,G1,13.75,H2,11.25,3,100
23938,MID MURRAY COUNCIL,NOBGCB,G3,0.000149108,0.075047761,G3,29.75,G4,25.5,G1,17,6,100
23941,MID MURRAY COUNCIL,SAUSGC,A4,0.000443861,0.201652876,A4,85,H2,15,None,0,2,100
23942,MID MURRAY COUNCIL,BANQOZ,B2,2.08E-05,0.021181462,B2,75,H2,25,None,0,2,100
23945,MID MURRAY COUNCIL,BANQJZ,B2,6.70E-05,0.043527225,B2,100,None,0,None,0,1,100
23947,MID MURRAY COUNCIL,RIDQHB,B2,0.003330617,0.786487032,B2,80,A4,20,None,0,2,100
23948,MID MURRAY COUNCIL,BANUMf,H2,0.000312909,0.101551402,H2,45,B3,22,A4,16.555,4,100
23950,THE DC OF LOXTON WAIKERIE,WABUMF,H2,3.41E-05,0.031337172,H2,42.25,G3,13,A4,12.25,7,100
23951,THE DC OF KAROONDA EAST MURRAY,BANQJA,B2,9.34E-05,0.045869687,B2,100,None,0,None,0,1,100
23953,THE DC OF LOXTON WAIKERIE,WABHgE,G1,6.58E-05,0.033020356,G1,35,B3,30,A4,20,4,100
23954,MID MURRAY COUNCIL,NAHQHA,B2,7.24E-05,0.036427898,B2,100,None,0,None,0,1,100
23956,MID MURRAY COUNCIL,NAHQHA,B2,4.19E-05,0.029031499,B2,100,None,0,None,0,1,100
23961,THE DC OF LOXTON WAIKERIE,LOXSDA,C1,0.000256839,0.095884053,C1,35,A4,30,B2,15,5,100
23964,MID MURRAY COUNCIL,BANRCA,B3,3.69E-05,0.027377898,B3,80,B2,20,None,0,2,100
23970,MID MURRAY COUNCIL,MURQMA,B2,2.02E-05,0.017550227,B2,80,A4,20,None,0,2,100
23976,THE DC OF KAROONDA EAST MURRAY,WABQJA,B2,5.69E-05,0.055365869,B2,100,None,0,None,0,1,100
23977,MID MURRAY COUNCIL,LMVSEC,A4,8.95E-05,0.056220258,A4,45,G1,35,H2,20,3,100
23978,THE DC OF KAROONDA EAST MURRAY,WABSfA,A4,8.19E-05,0.05537266,A4,26.25,H2,25,B2,22.5,6,100
23982,MID MURRAY COUNCIL,STNU-D,H2,3.47E-05,0.033782378,H2,55,G1,45,None,0,2,100
23984,THE DC OF LOXTON WAIKERIE,LOXUCJ,H2,7.03E-05,0.083328798,H2,24.75,G1,20.25,A4,19.25,7,100
23986,MID MURRAY COUNCIL,STNSWE,A4,7.40E-05,0.041751551,A4,35,D2,30,B2,20,4,100
23992,THE DC OF KAROONDA EAST MURRAY,KUNHkA,C1,4.81E-05,0.043088453,C1,45,D2,35,G1,20,3,100
23996,MID MURRAY COUNCIL,LMVUrJ,E3,7.66E-05,0.044931874,E3,35.75,G1,31.25,H2,24.75,4,100
23998,THE DC OF LOXTON WAIKERIE,WABUMF,H2,3.04E-05,0.032555834,H2,42.25,G3,13,A4,12.25,7,100
23999,THE DC OF LOXTON WAIKERIE,LOXUCI,H2,0.000259956,0.105330023,H2,24.75,G1,20.25,A4,19.25,7,100
24007,MID MURRAY COUNCIL,STNU-D,H2,2.12E-05,0.024533548,H2,55,G1,45,None,0,2,100
24011,MID MURRAY COUNCIL,STNU-D,H2,4.59E-05,0.044671455,H2,55,G1,45,None,0,2,100
24012,MID MURRAY COUNCIL,NOBHEE,D5,0.000830486,0.369159745,D5,80,A4,20,None,0,2,100
24013,THE DC OF KAROONDA EAST MURRAY,KUNUMJ,H2,0.00078281,0.301141942,H2,45,A4,35.75,G1,11,4,100
24014,MID MURRAY COUNCIL,RATAgC,L1,0.000488029,0.210967587,L1,35,K5,30,K4,20,4,100
24018,THE DC OF KAROONDA EAST MURRAY,WABHgE,G1,0.000140695,0.08121479,G1,35,B3,30,A4,20,4,100
24019,THE DC OF KAROONDA EAST MURRAY,WABSdA,A4,0.000103507,0.044696278,A4,35,B2,30,B3,15,5,100
24020,THE DC OF KAROONDA EAST MURRAY,KUNHkA,C1,0.00010599,0.051464653,C1,45,D2,35,G1,20,3,100
24025,MID MURRAY COUNCIL,LMVSXII,A4,0.00018054,0.090455953,A4,45,G1,35,H2,20,3,100
24027,THE DC OF LOXTON WAIKERIE,WABQcA,B2,0.000230265,0.1257691,B2,75,H2,25,None,0,2,100
24029,THE DC OF KAROONDA EAST MURRAY,WABSdA,A4,0.000531602,0.234539071,A4,35,B2,30,B3,15,5,100
24034,THE DC OF KAROONDA EAST MURRAY,KUNUMJ,H2,0.000778652,0.199538107,H2,45,A4,35.75,G1,11,4,100
24035,MID MURRAY COUNCIL,MURUMJ,H2,5.91E-05,0.037164942,H2,45,A4,30.25,C1,24.75,3,100
24038,THE DC OF LOXTON WAIKERIE,LOXSkB,A4,7.05E-05,0.046964713,A4,75,G1,13.75,H2,11.25,3,100
24039,MID MURRAY COUNCIL,MURSgA,A4,9.15E-05,0.039509796,A4,60,H2,25,C1,15,3,100
24040,THE DC OF KAROONDA EAST MURRAY,KUNUMF,H2,0.001736011,0.696126268,H2,65,A4,22.75,G1,7,4,100
24041,THE DC OF KAROONDA EAST MURRAY,WABUMF,H2,7.69E-05,0.081577307,H2,42.25,G3,13,A4,12.25,7,100
24045,THE DC OF LOXTON WAIKERIE,LOXSkB,A4,0.000959072,0.357106861,A4,75,G1,13.75,H2,11.25,3,100
24047,MID MURRAY COUNCIL,LMVSXII,A4,9.39E-05,0.075532067,A4,45,G1,35,H2,20,3,100
24049,THE DC OF KAROONDA EAST MURRAY,HOLQOA,B2,0.000494485,0.194713885,B2,85,H2,15,None,0,2,100
24050,THE DC OF LOXTON WAIKERIE,WABSfA,A4,5.87E-05,0.045076848,A4,26.25,H2,25,B2,22.5,6,100
24054,MID MURRAY COUNCIL,NAHSUB,A4,0.001931349,0.371553728,A4,41.25,B2,33.75,H2,25,3,100
24056,THE DC OF LOXTON WAIKERIE,LOXSDA,C1,0.000100877,0.055557792,C1,35,A4,30,B2,15,5,100
24057,MID MURRAY COUNCIL,MURUMF,H2,0.000405901,0.141308011,H2,75,A4,13.75,C1,11.25,3,100
24063,THE DC OF KAROONDA EAST MURRAY,BANRBA,B3,0.001283107,0.367278269,B3,60,H2,25,B2,15,3,100
24065,MID MURRAY COUNCIL,COHADD,B3,0.000302081,0.112901004,B3,45,A2,35,K1,20,3,100
24068,MID MURRAY COUNCIL,BORLVe,M1,7.72E-05,0.099698678,M1,100,None,0,None,0,1,100
24069,THE DC OF LOXTON WAIKERIE,WABSdA,A4,6.50E-05,0.045661552,A4,35,B2,30,B3,15,5,100
24071,THE DC OF KAROONDA EAST MURRAY,WABSfA,A4,0.000121825,0.077825969,A4,26.25,H2,25,B2,22.5,6,100
24072,MID MURRAY COUNCIL,RATAgu,L1,5.01E-05,0.038991533,L1,100,None,0,None,0,1,100
24073,THE DC OF KAROONDA EAST MURRAY,WABHgE,G1,0.000117537,0.079654129,G1,35,B3,30,A4,20,4,100
24074,THE DC OF KAROONDA EAST MURRAY,KUNHkA,C1,0.000136908,0.085516198,C1,45,D2,35,G1,20,3,100
24075,THE DC OF LOXTON WAIKERIE,WABSdA,A4,0.000865046,0.238019435,A4,35,B2,30,B3,15,5,100
24076,MID MURRAY COUNCIL,SAUSGC,A4,9.53E-05,0.058729609,A4,85,H2,15,None,0,2,100
24077,THE DC OF LOXTON WAIKERIE,WABSfA,A4,2.60E-05,0.021530799,A4,26.25,H2,25,B2,22.5,6,100
24079,THE DC OF KAROONDA EAST MURRAY,KUNUMG,H2,0.001578161,0.455526083,H2,65,A4,22.75,G1,7,4,100
24080,THE DC OF KAROONDA EAST MURRAY,WABUMF,H2,0.000161749,0.111620024,H2,42.25,G3,13,A4,12.25,7,100
24082,MID MURRAY COUNCIL,BANQOZ,B2,2.23E-05,0.020527247,B2,75,H2,25,None,0,2,100
24085,THE DC OF KAROONDA EAST MURRAY,WABSfA,A4,8.71E-05,0.071498447,A4,26.25,H2,25,B2,22.5,6,100
24086,THE DC OF KAROONDA EAST MURRAY,KUNHqA,A4,8.10E-05,0.065430447,A4,35,C1,29.25,D2,22.75,4,100
24089,MID MURRAY COUNCIL,LMVXs-,N3,0.000156366,0.075775621,N3,100,None,0,None,0,1,100
24091,MID MURRAY COUNCIL,BANScB,A4,0.000105814,0.056638603,A4,48.75,H2,25,B2,15,4,100
24093,THE DC OF KAROONDA EAST MURRAY,BANRBA,B3,0.000420309,0.094900297,B3,60,H2,25,B2,15,3,100
24095,MID MURRAY COUNCIL,BANRCA,B3,7.89E-05,0.043572456,B3,80,B2,20,None,0,2,100
24096,THE DC OF KAROONDA EAST MURRAY,BANRCE,B3,3.52E-05,0.025663563,B3,80,B2,20,None,0,2,100
24100,THE DC OF LOXTON WAIKERIE,LOXSkB,A4,4.93E-05,0.045598123,A4,75,G1,13.75,H2,11.25,3,100
24103,THE DC OF KAROONDA EAST MURRAY,HOLQMA,B2,0.00021239,0.073459127,B2,100,None,0,None,0,1,100
24112,THE DC OF LOXTON WAIKERIE,WABSdA,A4,3.09E-05,0.026869448,A4,35,B2,30,B3,15,5,100
24113,MID MURRAY COUNCIL,MURUMF,H2,0.000176443,0.093032089,H2,75,A4,13.75,C1,11.25,3,100
24116,MID MURRAY COUNCIL,NAHSWE,G1,0.000430292,0.18128875,G1,40,A4,30.1,B2,29.9,3,100
24117,THE DC OF KAROONDA EAST MURRAY,WABUMJ,H2,0.000365432,0.152304224,H2,29.25,A4,19.25,B2,16.5,7,100
24120,MID MURRAY COUNCIL,NOBGCB,G3,0.000719123,0.180293702,G3,29.75,G4,25.5,G1,17,6,100
24127,THE DC OF LOXTON WAIKERIE,WABUMJ,H2,0.000347325,0.144032347,H2,29.25,A4,19.25,B2,16.5,7,100
24128,THE DC OF KAROONDA EAST MURRAY,KUNHqA,A4,6.49E-05,0.046287255,A4,35,C1,29.25,D2,22.75,4,100
24129,MID MURRAY COUNCIL,COHETI,L1,7.25E-05,0.035765088,L1,40,K3,30.1,D1,29.9,3,100
24140,THE DC OF KAROONDA EAST MURRAY,WABSdA,A4,0.00025027,0.151362666,A4,35,B2,30,B3,15,5,100
24143,THE DC OF KAROONDA EAST MURRAY,WABSfA,A4,0.000193534,0.098393398,A4,26.25,H2,25,B2,22.5,6,100
24144,MID MURRAY COUNCIL,BORAnD,L1,0.000114699,0.068503228,L1,80,K4,20,None,0,2,100
24147,MID MURRAY COUNCIL,BANRBA,B3,0.000231985,0.083331742,B3,60,H2,25,B2,15,3,100
24148,THE DC OF LOXTON WAIKERIE,WABHgE,G1,0.000110263,0.064918977,G1,35,B3,30,A4,20,4,100
24149,THE DC OF LOXTON WAIKERIE,WABSfA,A4,0.000256515,0.069117098,A4,26.25,H2,25,B2,22.5,6,100
24151,THE DC OF KAROONDA EAST MURRAY,KUNSkB,A4,0.000225661,0.092445928,A4,39,H2,25,C1,15.75,5,100
24152,THE DC OF LOXTON WAIKERIE,WABSfB,A4,0.000107192,0.053245043,A4,26.25,H2,25,B2,22.5,6,100
24156,THE DC OF LOXTON WAIKERIE,LOXSkB,A4,0.000100128,0.052274324,A4,75,G1,13.75,H2,11.25,3,100
24161,MID MURRAY COUNCIL,SAUXHJ,M1,0.000249445,0.12323375,M1,60,H2,25,A3,15,3,100
24164,THE DC OF LOXTON WAIKERIE,WABUMF,H2,6.71E-05,0.038584739,H2,42.25,G3,13,A4,12.25,7,100
24168,MID MURRAY COUNCIL,MIDJKC,D5,0.000358775,0.138003352,D5,35,A4,30,M4,15,5,100
24169,MID MURRAY COUNCIL,STNU-D,H2,1.76E-05,0.024326501,H2,55,G1,45,None,0,2,100
24172,THE DC OF KAROONDA EAST MURRAY,WABUMI,H2,0.000101317,0.106362585,H2,35.75,A4,15.75,B2,13.5,7,100
24177,THE DC OF KAROONDA EAST MURRAY,KUNUMJ,H2,0.000929203,0.264017758,H2,45,A4,35.75,G1,11,4,100
24178,THE DC OF LOXTON WAIKERIE,WABSfB,A4,0.000276049,0.128138099,A4,26.25,H2,25,B2,22.5,6,100
24179,THE DC OF LOXTON WAIKERIE,LOXSDA,C1,7.95E-05,0.058236313,C1,35,A4,30,B2,15,5,100
24180,MID MURRAY COUNCIL,BANUMf,H2,0.000259911,0.099537315,H2,45,B3,22,A4,16.555,4,100
24182,THE DC OF LOXTON WAIKERIE,WABSfB,A4,3.36E-05,0.023196077,A4,26.25,H2,25,B2,22.5,6,100
24184,THE DC OF LOXTON WAIKERIE,WABSdA,A4,4.11E-05,0.03033734,A4,35,B2,30,B3,15,5,100
24185,THE DC OF LOXTON WAIKERIE,LOXUCI,H2,8.58E-05,0.062851317,H2,24.75,G1,20.25,A4,19.25,7,100
24189,THE DC OF LOXTON WAIKERIE,WABUMJ,H2,0.00024867,0.127447143,H2,29.25,A4,19.25,B2,16.5,7,100
24194,MID MURRAY COUNCIL,NAHSWE,G1,2.57E-05,0.019296732,G1,40,A4,30.1,B2,29.9,3,100
24199,THE DC OF KAROONDA EAST MURRAY,WABSfB,A4,0.000132635,0.072366053,A4,26.25,H2,25,B2,22.5,6,100
24200,THE DC OF LOXTON WAIKERIE,WABSdA,A4,5.64E-05,0.049666518,A4,35,B2,30,B3,15,5,100
24201,THE DC OF KAROONDA EAST MURRAY,KUNHkA,C1,3.85E-05,0.028896074,C1,45,D2,35,G1,20,3,100
24203,THE DC OF KAROONDA EAST MURRAY,KUNHkA,C1,4.40E-05,0.038975256,C1,45,D2,35,G1,20,3,100
24205,THE DC OF KAROONDA EAST MURRAY,KUNHkA,C1,1.92E-05,0.021515102,C1,45,D2,35,G1,20,3,100
24206,THE DC OF KAROONDA EAST MURRAY,WABSdA,A4,0.000131992,0.075300687,A4,35,B2,30,B3,15,5,100
24207,MID MURRAY COUNCIL,BANQOZ,B2,3.28E-05,0.024083847,B2,75,H2,25,None,0,2,100
24209,THE DC OF KAROONDA EAST MURRAY,HOLQMA,B2,0.000717244,0.246838595,B2,100,None,0,None,0,1,100
24211,THE DC OF KAROONDA EAST MURRAY,KUNUMG,H2,0.002006728,0.514385184,H2,65,A4,22.75,G1,7,4,100
24216,THE DC OF LOXTON WAIKERIE,WABSdA,A4,2.45E-05,0.021209459,A4,35,B2,30,B3,15,5,100
24217,MID MURRAY COUNCIL,MRNSMB,A4,0.000197903,0.112611997,A4,65,B2,20,H2,15,3,100
24221,THE DC OF LOXTON WAIKERIE,LOXSkB,A4,0.000536612,0.154720396,A4,75,G1,13.75,H2,11.25,3,100
24222,THE DC OF KAROONDA EAST MURRAY,MURUMF,H2,0.000691218,0.215756301,H2,75,A4,13.75,C1,11.25,3,100
24223,THE DC OF LOXTON WAIKERIE,WABUMI,H2,0.002379808,0.441923443,H2,35.75,A4,15.75,B2,13.5,7,100
24224,MID MURRAY COUNCIL,SAUXHJ,M1,0.000253687,0.082841706,M1,60,H2,25,A3,15,3,100
24231,THE DC OF LOXTON WAIKERIE,WABSfB,A4,7.15E-05,0.040540087,A4,26.25,H2,25,B2,22.5,6,100
24235,THE DC OF KAROONDA EAST MURRAY,WABSdA,A4,7.57E-05,0.048690022,A4,35,B2,30,B3,15,5,100
24236,MID MURRAY COUNCIL,MURUME,H2,2.81E-05,0.032892093,H2,85,A4,8.25,C1,6.75,3,100
24237,THE DC OF KAROONDA EAST MURRAY,KUNHkA,C1,7.88E-05,0.038509137,C1,45,D2,35,G1,20,3,100
24239,THE DC OF KAROONDA EAST MURRAY,KUNHqA,A4,0.000200036,0.086511895,A4,35,C1,29.25,D2,22.75,4,100
24240,MID MURRAY COUNCIL,AVAUAI,A4,4.04E-05,0.031681181,A4,30.25,A5,24.75,H2,24.75,4,100
24245,MID MURRAY COUNCIL,LMVA-l,RR,4.73E-05,0.041561567,RR,100,None,0,None,0,1,100
24246,MID MURRAY COUNCIL,NAHSUB,A4,3.66E-05,0.031356956,A4,41.25,B2,33.75,H2,25,3,100
24248,MID MURRAY COUNCIL,STNSWE,A4,2.67E-05,0.021988153,A4,35,D2,30,B2,20,4,100
24251,MID MURRAY COUNCIL,STNU-D,H2,4.27E-05,0.041965372,H2,55,G1,45,None,0,2,100
24252,MID MURRAY COUNCIL,LMVSXC,G1,0.000234952,0.085950852,G1,37.5,A4,33.75,H2,28.75,3,100
24253,THE DC OF KAROONDA EAST MURRAY,KUNHkA,C1,0.00016979,0.090321783,C1,45,D2,35,G1,20,3,100
24255,THE DC OF LOXTON WAIKERIE,WABSdA,A4,8.54E-05,0.060331678,A4,35,B2,30,B3,15,5,100
24257,MID MURRAY COUNCIL,MURSgA,A4,0.000143434,0.070862628,A4,60,H2,25,C1,15,3,100
24260,THE DC OF KAROONDA EAST MURRAY,KUNHqA,A4,4.22E-05,0.03700021,A4,35,C1,29.25,D2,22.75,4,100
24262,MID MURRAY COUNCIL,BANRCA,B3,0.00015506,0.073415883,B3,80,B2,20,None,0,2,100
24263,THE DC OF KAROONDA EAST MURRAY,KUNHqA,A4,5.74E-05,0.039423598,A4,35,C1,29.25,D2,22.75,4,100
24264,MID MURRAY COUNCIL,COHAKL,L1,7.08E-05,0.064473075,L1,55,K3,20,D1,15,4,100
24266,THE DC OF KAROONDA EAST MURRAY,KUNUMF,H2,0.000101963,0.066263881,H2,65,A4,22.75,G1,7,4,100
24267,THE DC OF KAROONDA EAST MURRAY,WABUMF,H2,0.000784346,0.327826996,H2,42.25,G3,13,A4,12.25,7,100
24268,MID MURRAY COUNCIL,TUNAnC,L1,0.000581535,0.183471927,L1,55,K5,20,K3,15,4,100
24271,THE DC OF LOXTON WAIKERIE,WABQJA,B2,0.000168307,0.094819096,B2,100,None,0,None,0,1,100
24274,THE DC OF KAROONDA EAST MURRAY,HOLUMJ,H2,0.000664297,0.277393044,H2,45,A4,30.25,C1,24.75,3,100
24275,THE DC OF KAROONDA EAST MURRAY,HOLSaA,A4,0.00022606,0.106965489,A4,55,C1,45,None,0,2,100
24281,THE DC OF LOXTON WAIKERIE,LOXUCJ,H2,0.000122723,0.052005033,H2,24.75,G1,20.25,A4,19.25,7,100
24282,THE DC OF LOXTON WAIKERIE,WABUMJ,H2,0.000310665,0.096964571,H2,29.25,A4,19.25,B2,16.5,7,100
24284,THE DC OF KAROONDA EAST MURRAY,KUNHkA,C1,3.40E-05,0.022107022,C1,45,D2,35,G1,20,3,100
24285,THE DC OF KAROONDA EAST MURRAY,HOLRCE,B3,2.47E-05,0.024883944,B3,40,C1,30.1,B2,29.9,3,100
24291,MID MURRAY COUNCIL,AVAGJA,G1,8.03E-05,0.06026015,G1,45,D2,35,D3,20,3,100
24295,THE DC OF KAROONDA EAST MURRAY,KUNSkB,A4,0.000288992,0.102190899,A4,39,H2,25,C1,15.75,5,100
24298,THE DC OF KAROONDA EAST MURRAY,WABSdA,A4,3.38E-05,0.034001365,A4,35,B2,30,B3,15,5,100
24304,THE DC OF KAROONDA EAST MURRAY,KUNUMJ,H2,0.000323059,0.101054346,H2,45,A4,35.75,G1,11,4,100
24310,THE DC OF LOXTON WAIKERIE,LOXSkB,A4,5.79E-05,0.040557011,A4,75,G1,13.75,H2,11.25,3,100
24311,MID MURRAY COUNCIL,MURUMG,H2,0.000185314,0.098453982,H2,65,A4,19.25,C1,15.75,3,100
24312,MID MURRAY COUNCIL,JUTCVC,K4,1.83E-05,0.017546284,K4,40,L1,30.1,K5,29.9,3,100
24314,THE DC OF LOXTON WAIKERIE,WABUMF,H2,3.69E-05,0.040380829,H2,42.25,G3,13,A4,12.25,7,100
24315,THE DC OF LOXTON WAIKERIE,LOXUCI,H2,1.84E-05,0.019002261,H2,24.75,G1,20.25,A4,19.25,7,100
24317,THE DC OF KAROONDA EAST MURRAY,MURSgA,A4,4.78E-05,0.032535308,A4,60,H2,25,C1,15,3,100
24319,MID MURRAY COUNCIL,COHADD,B3,5.37E-05,0.033384095,B3,45,A2,35,K1,20,3,100
24322,MID MURRAY COUNCIL,AVAUAI,A4,3.96E-05,0.025340253,A4,30.25,A5,24.75,H2,24.75,4,100
24324,THE DC OF LOXTON WAIKERIE,LOXUCI,H2,3.50E-05,0.049025605,H2,24.75,G1,20.25,A4,19.25,7,100
24325,MID MURRAY COUNCIL,COHLZH,M1,1.83E-05,0.017200838,M1,55.25,F1,17,F2,12.75,6,100
24328,MID MURRAY COUNCIL,NAHSWE,G1,5.19E-05,0.035085866,G1,40,A4,30.1,B2,29.9,3,100
24331,MID MURRAY COUNCIL,BANUMf,H2,0.001874293,0.410727942,H2,45,B3,22,A4,16.555,4,100
24332,THE DC OF KAROONDA EAST MURRAY,WABSfB,A4,0.000418822,0.184537705,A4,26.25,H2,25,B2,22.5,6,100
24333,THE DC OF KAROONDA EAST MURRAY,WABSfA,A4,0.000225837,0.179043267,A4,26.25,H2,25,B2,22.5,6,100
24335,MID MURRAY COUNCIL,MIDJKB,D5,0.000524094,0.134628409,D5,35,A4,30,M4,15,5,100
24336,THE DC OF KAROONDA EAST MURRAY,KUNSkB,A4,0.001115666,0.284766998,A4,39,H2,25,C1,15.75,5,100
24337,THE DC OF KAROONDA EAST MURRAY,WABQJA,B2,0.000254298,0.108869218,B2,100,None,0,None,0,1,100
24340,MID MURRAY COUNCIL,BANRCA,B3,0.000158047,0.056898372,B3,80,B2,20,None,0,2,100
24341,MID MURRAY COUNCIL,BANQJZ,B2,4.86E-05,0.036193872,B2,100,None,0,None,0,1,100
24345,MID MURRAY COUNCIL,NAHSWE,G1,6.44E-05,0.044596483,G1,40,A4,30.1,B2,29.9,3,100
24346,MID MURRAY COUNCIL,BLTQMB,B2,0.000931258,0.233104274,B2,55,A4,45,None,0,2,100
24347,MID MURRAY COUNCIL,BLTQHA,B2,0.000196861,0.107290342,B2,100,None,0,None,0,1,100
24348,MID MURRAY COUNCIL,SAUSGH,A4,0.000504951,0.209472382,A4,85,H2,15,None,0,2,100
24350,MID MURRAY COUNCIL,COHAKC,L1,9.95E-05,0.063293854,L1,55,K3,20,D1,15,4,100
24352,MID MURRAY COUNCIL,SAUKYG,A3,0.000264865,0.076711475,A3,55,C1,45,None,0,2,100
24353,THE DC OF KAROONDA EAST MURRAY,KUNUMG,H2,5.30E-05,0.04126479,H2,65,A4,22.75,G1,7,4,100
24354,MID MURRAY COUNCIL,COHAKD,L1,2.18E-05,0.02365648,L1,55,K3,20,D1,15,4,100
24357,MID MURRAY COUNCIL,STNU-D,H2,3.04E-05,0.037565291,H2,55,G1,45,None,0,2,100
24358,MID MURRAY COUNCIL,KUNHkA,C1,3.83E-05,0.037272988,C1,45,D2,35,G1,20,3,100
24362,MID MURRAY COUNCIL,AVAU-C,H2,6.61E-06,0.012171538,H2,80,G1,20,None,0,2,100
24363,THE DC OF KAROONDA EAST MURRAY,KUNHkA,C1,3.35E-05,0.026662023,C1,45,D2,35,G1,20,3,100
24367,THE DC OF LOXTON WAIKERIE,LOXSkB,A4,3.84E-05,0.025873663,A4,75,G1,13.75,H2,11.25,3,100
24368,THE DC OF KAROONDA EAST MURRAY,KUNUMF,H2,6.29E-05,0.045061427,H2,65,A4,22.75,G1,7,4,100
24369,MID MURRAY COUNCIL,NAHSUB,A4,0.004002964,0.779820362,A4,41.25,B2,33.75,H2,25,3,100
24370,THE DC OF LOXTON WAIKERIE,LOXSDA,C1,6.44E-05,0.035829261,C1,35,A4,30,B2,15,5,100
24371,MID MURRAY COUNCIL,BLTQHE,B2,4.58E-05,0.02799458,B2,80,A5,20,None,0,2,100
24373,THE DC OF LOXTON WAIKERIE,WABSfA,A4,3.12E-05,0.029842235,A4,26.25,H2,25,B2,22.5,6,100
24375,MID MURRAY COUNCIL,BLTQHE,B2,4.77E-05,0.029204142,B2,80,A5,20,None,0,2,100
24376,MID MURRAY COUNCIL,MURUME,H2,2.96E-05,0.028533773,H2,85,A4,8.25,C1,6.75,3,100
24380,THE DC OF KAROONDA EAST MURRAY,KUNHkA,C1,2.39E-05,0.021622104,C1,45,D2,35,G1,20,3,100
24382,THE DC OF LOXTON WAIKERIE,LOXSDA,C1,4.55E-05,0.031656982,C1,35,A4,30,B2,15,5,100
24385,MID MURRAY COUNCIL,STNSWE,A4,3.68E-05,0.031232316,A4,35,D2,30,B2,20,4,100
24386,THE DC OF KAROONDA EAST MURRAY,KUNSkB,A4,2.71E-05,0.02378352,A4,39,H2,25,C1,15.75,5,100
24387,MID MURRAY COUNCIL,JUTLVH,M1,5.36E-05,0.041879307,M1,80,F2,20,None,0,2,100
24388,THE DC OF LOXTON WAIKERIE,LOXSDA,C1,0.000119324,0.08328249,C1,35,A4,30,B2,15,5,100
24389,THE DC OF KAROONDA EAST MURRAY,WABHgE,G1,9.62E-05,0.063271193,G1,35,B3,30,A4,20,4,100
24391,MID MURRAY COUNCIL,SAUSGC,A4,5.52E-05,0.072742961,A4,85,H2,15,None,0,2,100
24394,THE DC OF KAROONDA EAST MURRAY,KUNHkA,C1,0.00010014,0.055187835,C1,45,D2,35,G1,20,3,100
24396,THE DC OF LOXTON WAIKERIE,WABSfA,A4,0.000101048,0.070360649,A4,26.25,H2,25,B2,22.5,6,100
24397,MID MURRAY COUNCIL,COHAgC,K4,2.36E-05,0.02661077,K4,55,L1,45,None,0,2,100
24400,THE DC OF LOXTON WAIKERIE,WABSfA,A4,4.71E-05,0.036224266,A4,26.25,H2,25,B2,22.5,6,100
24402,THE DC OF LOXTON WAIKERIE,WABSdA,A4,8.67E-05,0.048376714,A4,35,B2,30,B3,15,5,100
24403,THE DC OF LOXTON WAIKERIE,LOXSDA,C1,0.000111178,0.047355165,C1,35,A4,30,B2,15,5,100
24404,MID MURRAY COUNCIL,NAHQHA,B2,0.000308847,0.134309964,B2,100,None,0,None,0,1,100
24406,THE DC OF KAROONDA EAST MURRAY,KUNSkB,A4,0.000394283,0.224866486,A4,39,H2,25,C1,15.75,5,100
24407,THE DC OF LOXTON WAIKERIE,WABHgE,G1,0.000751605,0.324826716,G1,35,B3,30,A4,20,4,100
24411,THE DC OF LOXTON WAIKERIE,LOXUCJ,H2,0.000131589,0.081281982,H2,24.75,G1,20.25,A4,19.25,7,100
24415,MID MURRAY COUNCIL,NOBGCB,G3,0.000951118,0.190494613,G3,29.75,G4,25.5,G1,17,6,100
24416,MID MURRAY COUNCIL,LMVSXI,A4,0.000420155,0.161425668,A4,45,G1,35,H2,20,3,100
24418,MID MURRAY COUNCIL,RATLVO,M1,1.39E-05,0.027724565,M1,55,F2,45,None,0,2,100
24420,THE DC OF LOXTON WAIKERIE,LOXSDA,C1,0.000329019,0.096187171,C1,35,A4,30,B2,15,5,100
24421,THE DC OF LOXTON WAIKERIE,WABSdA,A4,0.000139178,0.087614955,A4,35,B2,30,B3,15,5,100
24424,THE DC OF LOXTON WAIKERIE,WABSfB,A4,0.000426367,0.122404933,A4,26.25,H2,25,B2,22.5,6,100
24429,MID MURRAY COUNCIL,LMVA-l,RR,5.55E-05,0.064768268,RR,100,None,0,None,0,1,100
24430,THE DC OF KAROONDA EAST MURRAY,KUNHkA,C1,0.000326066,0.186984929,C1,45,D2,35,G1,20,3,100
24431,MID MURRAY COUNCIL,NAHSMH,A4,0.000165864,0.065644944,A4,65,B2,20,H2,15,3,100
24432,THE DC OF KAROONDA EAST MURRAY,HOLQMA,B2,0.000810353,0.370486794,B2,100,None,0,None,0,1,100
24433,MID MURRAY COUNCIL,MURUMF,H2,0.000672199,0.226449431,H2,75,A4,13.75,C1,11.25,3,100
24436,THE DC OF LOXTON WAIKERIE,LOXSkB,A4,0.000988833,0.36703408,A4,75,G1,13.75,H2,11.25,3,100
24440,THE DC OF LOXTON WAIKERIE,WABUMF,H2,0.000113208,0.095652775,H2,42.25,G3,13,A4,12.25,7,100
24441,MID MURRAY COUNCIL,NAHSWE,G1,3.14E-05,0.02188256,G1,40,A4,30.1,B2,29.9,3,100
24442,THE DC OF KAROONDA EAST MURRAY,WABSfA,A4,0.000274122,0.119224062,A4,26.25,H2,25,B2,22.5,6,100
24462,THE DC OF LOXTON WAIKERIE,WABSdA,A4,0.000131921,0.084876215,A4,35,B2,30,B3,15,5,100
24464,THE DC OF KAROONDA EAST MURRAY,WABSdA,A4,0.000101928,0.07466648,A4,35,B2,30,B3,15,5,100
24465,THE DC OF KAROONDA EAST MURRAY,WABSdA,A4,0.000250629,0.179662718,A4,35,B2,30,B3,15,5,100
24466,MID MURRAY COUNCIL,NAHSWE,G1,6.80E-05,0.054495197,G1,40,A4,30.1,B2,29.9,3,100
24468,THE DC OF KAROONDA EAST MURRAY,BANRCA,B3,0.000431432,0.17067659,B3,80,B2,20,None,0,2,100
24469,THE DC OF KAROONDA EAST MURRAY,WABUMJ,H2,0.000152469,0.05747439,H2,29.25,A4,19.25,B2,16.5,7,100
24471,MID MURRAY COUNCIL,BANQJZ,B2,7.55E-06,0.010931553,B2,100,None,0,None,0,1,100
24472,MID MURRAY COUNCIL,BANQOZ,B2,1.08E-05,0.013258667,B2,75,H2,25,None,0,2,100
24473,THE DC OF LOXTON WAIKERIE,WABUMI,H2,5.79E-05,0.059524817,H2,35.75,A4,15.75,B2,13.5,7,100
24476,THE DC OF KAROONDA EAST MURRAY,KUNHqA,A4,5.36E-05,0.038398327,A4,35,C1,29.25,D2,22.75,4,100
24480,MID MURRAY COUNCIL,KUNHqA,A4,0.000931632,0.192811128,A4,35,C1,29.25,D2,22.75,4,100
24481,MID MURRAY COUNCIL,COHAKC,L1,2.75E-05,0.037351907,L1,55,K3,20,D1,15,4,100
24483,MID MURRAY COUNCIL,JUTLVe,M1,3.87E-05,0.063394987,M1,80,F2,20,None,0,2,100
24484,THE DC OF KAROONDA EAST MURRAY,HOLQOA,B2,0.000567075,0.196847653,B2,85,H2,15,None,0,2,100
24485,THE DC OF LOXTON WAIKERIE,LOXSDA,C1,0.000156703,0.079409714,C1,35,A4,30,B2,15,5,100
24488,MID MURRAY COUNCIL,NAHSWE,G1,0.000232349,0.119003166,G1,40,A4,30.1,B2,29.9,3,100
24491,THE DC OF LOXTON WAIKERIE,LOXSkB,A4,0.000310931,0.107041545,A4,75,G1,13.75,H2,11.25,3,100
24492,MID MURRAY COUNCIL,NOBSYB,A4,0.001360651,0.250212133,A4,46.5,C1,38.5,G1,8.25,4,100
24493,THE DC OF LOXTON WAIKERIE,WABSfA,A4,3.99E-05,0.031232753,A4,26.25,H2,25,B2,22.5,6,100
24495,THE DC OF KAROONDA EAST MURRAY,KUNSkB,A4,0.000266762,0.0989633,A4,39,H2,25,C1,15.75,5,100
24496,THE DC OF KAROONDA EAST MURRAY,KUNHqA,A4,7.63E-05,0.038735443,A4,35,C1,29.25,D2,22.75,4,100
24497,THE DC OF KAROONDA EAST MURRAY,WABQcA,B2,0.000790726,0.360278803,B2,75,H2,25,None,0,2,100
24503,THE DC OF LOXTON WAIKERIE,WABSdA,A4,0.000277397,0.157447618,A4,35,B2,30,B3,15,5,100
24504,THE DC OF LOXTON WAIKERIE,WABUMF,H2,9.58E-05,0.10182029,H2,42.25,G3,13,A4,12.25,7,100
24505,MID MURRAY COUNCIL,STNSUB,B2,0.000799044,0.163854578,B2,36.25,A4,27.5,H2,13.75,5,100
24507,THE DC OF KAROONDA EAST MURRAY,WABQJA,B2,0.000101911,0.058635778,B2,100,None,0,None,0,1,100
24516,THE DC OF LOXTON WAIKERIE,WABSdA,A4,3.01E-05,0.026882166,A4,35,B2,30,B3,15,5,100
24518,THE DC OF KAROONDA EAST MURRAY,WABSdA,A4,2.70E-05,0.021035413,A4,35,B2,30,B3,15,5,100
24519,MID MURRAY COUNCIL,BANRCA,B3,3.88E-05,0.02492129,B3,80,B2,20,None,0,2,100
24522,THE DC OF KAROONDA EAST MURRAY,KUNUMI,H2,7.35E-05,0.049883025,H2,45,A4,35.75,G1,11,4,100
24523,THE DC OF KAROONDA EAST MURRAY,KUNUMG,H2,0.00017181,0.062973492,H2,65,A4,22.75,G1,7,4,100
24525,THE DC OF LOXTON WAIKERIE,WABUMF,H2,5.18E-05,0.065931347,H2,42.25,G3,13,A4,12.25,7,100
24529,THE DC OF KAROONDA EAST MURRAY,KUNHkA,C1,4.13E-05,0.032816048,C1,45,D2,35,G1,20,3,100
24530,MID MURRAY COUNCIL,NAHSWE,G1,0.000101693,0.047334304,G1,40,A4,30.1,B2,29.9,3,100
24531,THE DC OF LOXTON WAIKERIE,WABSfB,A4,4.53E-05,0.027446993,A4,26.25,H2,25,B2,22.5,6,100
24532,MID MURRAY COUNCIL,NAHQHE,B2,0.000105236,0.042359041,B2,100,None,0,None,0,1,100
24534,THE DC OF KAROONDA EAST MURRAY,WABHgE,G1,2.36E-05,0.019766297,G1,35,B3,30,A4,20,4,100
24535,MID MURRAY COUNCIL,NAHSWE,G1,0.000213751,0.080670112,G1,40,A4,30.1,B2,29.9,3,100
24538,THE DC OF KAROONDA EAST MURRAY,KUNHkA,C1,0.000128502,0.096745357,C1,45,D2,35,G1,20,3,100
24541,THE DC OF LOXTON WAIKERIE,WABUMJ,H2,0.000110986,0.072878105,H2,29.25,A4,19.25,B2,16.5,7,100
24544,THE DC OF LOXTON WAIKERIE,WABSfB,A4,5.87E-05,0.044864618,A4,26.25,H2,25,B2,22.5,6,100
24546,MID MURRAY COUNCIL,NAHSUB,A4,3.82E-05,0.039108748,A4,41.25,B2,33.75,H2,25,3,100
24548,MID MURRAY COUNCIL,BANQOZ,B2,1.28E-05,0.014508402,B2,75,H2,25,None,0,2,100
24554,THE DC OF LOXTON WAIKERIE,LOXSDA,C1,0.0001717,0.062008019,C1,35,A4,30,B2,15,5,100
24555,THE DC OF KAROONDA EAST MURRAY,KUNUMG,H2,0.000175699,0.103337435,H2,65,A4,22.75,G1,7,4,100
24558,THE DC OF LOXTON WAIKERIE,LOXSDA,C1,0.00088372,0.361253796,C1,35,A4,30,B2,15,5,100
24576,MID MURRAY COUNCIL,MURUMG,H2,0.00055529,0.166900083,H2,65,A4,19.25,C1,15.75,3,100
24577,MID MURRAY COUNCIL,MURUMG,H2,0.00033639,0.122524037,H2,65,A4,19.25,C1,15.75,3,100
24578,THE DC OF LOXTON WAIKERIE,LOXSDP,C1,5.91E-05,0.050742807,C1,35,A4,30,B2,15,5,100
24581,THE DC OF KAROONDA EAST MURRAY,KUNHqA,A4,0.000375143,0.122700985,A4,35,C1,29.25,D2,22.75,4,100
24582,MID MURRAY COUNCIL,MURSgA,A4,4.45E-05,0.037488905,A4,60,H2,25,C1,15,3,100
24587,MID MURRAY COUNCIL,LMVSXII,A4,7.85E-05,0.071540716,A4,45,G1,35,H2,20,3,100
24591,THE DC OF LOXTON WAIKERIE,WABUMF,H2,2.75E-05,0.026696903,H2,42.25,G3,13,A4,12.25,7,100
24592,MID MURRAY COUNCIL,LMVSEC,A4,0.00014027,0.087475579,A4,45,G1,35,H2,20,3,100
24595,MID MURRAY COUNCIL,LMVXh-,WW,0.00028064,0.115300977,WW,65,N3,20,E3,9.75,5,100
24600,THE DC OF KAROONDA EAST MURRAY,WABSdA,A4,7.72E-05,0.037581569,A4,35,B2,30,B3,15,5,100
24609,THE DC OF LOXTON WAIKERIE,WABSfA,A4,2.40E-05,0.019629283,A4,26.25,H2,25,B2,22.5,6,100
24610,THE DC OF LOXTON WAIKERIE,WABSdA,A4,2.61E-05,0.026798897,A4,35,B2,30,B3,15,5,100
24612,THE DC OF KAROONDA EAST MURRAY,KUNHkA,C1,6.08E-05,0.042747467,C1,45,D2,35,G1,20,3,100
24613,MID MURRAY COUNCIL,LMVSXII,A4,2.12E-05,0.022149462,A4,45,G1,35,H2,20,3,100
24614,THE DC OF LOXTON WAIKERIE,WABSdA,A4,0.000116801,0.049312606,A4,35,B2,30,B3,15,5,100
24616,THE DC OF KAROONDA EAST MURRAY,BANRCA,B3,0.000362965,0.170215532,B3,80,B2,20,None,0,2,100
24619,THE DC OF KAROONDA EAST MURRAY,KUNHqA,A4,0.000242101,0.164146742,A4,35,C1,29.25,D2,22.75,4,100
24620,MID MURRAY COUNCIL,BANScB,A4,0.001992378,0.516074672,A4,48.75,H2,25,B2,15,4,100
24626,THE DC OF KAROONDA EAST MURRAY,KUNHqA,A4,0.002354264,0.89537607,A4,35,C1,29.25,D2,22.75,4,100
24630,MID MURRAY COUNCIL,JUTAgC,L1,0.000202546,0.11909445,L1,55,K3,45,None,0,2,100
24633,THE DC OF LOXTON WAIKERIE,LOXUCI,H2,0.000138217,0.069910279,H2,24.75,G1,20.25,A4,19.25,7,100
24634,THE DC OF KAROONDA EAST MURRAY,KUNUMI,H2,0.001092518,0.38227879,H2,45,A4,35.75,G1,11,4,100
24636,THE DC OF KAROONDA EAST MURRAY,KUNQJZ,B2,1.61E-05,0.015017054,B2,100,None,0,None,0,1,100
24637,MID MURRAY COUNCIL,LMVSEC,A4,5.81E-05,0.046387128,A4,45,G1,35,H2,20,3,100
24639,MID MURRAY COUNCIL,LMVXh-,WW,0.000156139,0.089975617,WW,65,N3,20,E3,9.75,5,100
24644,MID MURRAY COUNCIL,MURQMA,B2,1.88E-05,0.019822948,B2,80,A4,20,None,0,2,100
24649,THE DC OF KAROONDA EAST MURRAY,KUNHkA,C1,2.77E-05,0.024190073,C1,45,D2,35,G1,20,3,100
24651,THE DC OF KAROONDA EAST MURRAY,KUNHqA,A4,0.000157813,0.073196956,A4,35,C1,29.25,D2,22.75,4,100
24652,THE DC OF LOXTON WAIKERIE,WABSfA,A4,6.81E-05,0.043889146,A4,26.25,H2,25,B2,22.5,6,100
24654,MID MURRAY COUNCIL,MURUMF,H2,7.90E-05,0.040834017,H2,75,A4,13.75,C1,11.25,3,100
24657,THE DC OF LOXTON WAIKERIE,WABSdA,A4,7.19E-05,0.038646118,A4,35,B2,30,B3,15,5,100
24658,THE DC OF LOXTON WAIKERIE,LOXSDA,C1,9.83E-05,0.047030841,C1,35,A4,30,B2,15,5,100
24659,THE DC OF KAROONDA EAST MURRAY,WABSdA,A4,6.89E-05,0.06938976,A4,35,B2,30,B3,15,5,100
24661,MID MURRAY COUNCIL,MURUME,H2,4.05E-05,0.027483997,H2,85,A4,8.25,C1,6.75,3,100
24662,MID MURRAY COUNCIL,STNU-D,H2,2.10E-05,0.028593413,H2,55,G1,45,None,0,2,100
24668,MID MURRAY COUNCIL,RATAgu,L1,1.37E-05,0.014125743,L1,100,None,0,None,0,1,100
24672,MID MURRAY COUNCIL,BANQOZ,B2,4.26E-05,0.027646383,B2,75,H2,25,None,0,2,100
24673,THE DC OF LOXTON WAIKERIE,WABSfA,A4,3.96E-05,0.026147215,A4,26.25,H2,25,B2,22.5,6,100
24674,THE DC OF KAROONDA EAST MURRAY,KUNUUJ,B2,0.00102939,0.277524755,B2,55,H2,45,None,0,2,100
24677,THE DC OF LOXTON WAIKERIE,WABSdA,A4,0.000133195,0.056744946,A4,35,B2,30,B3,15,5,100
24678,THE DC OF LOXTON WAIKERIE,LOXSkB,A4,0.000895137,0.342449266,A4,75,G1,13.75,H2,11.25,3,100
24679,THE DC OF LOXTON WAIKERIE,WABSfB,A4,0.000145204,0.082449453,A4,26.25,H2,25,B2,22.5,6,100
24680,THE DC OF LOXTON WAIKERIE,WABQJA,B2,0.000127961,0.071960563,B2,100,None,0,None,0,1,100
24681,MID MURRAY COUNCIL,COHETC,L1,5.21E-05,0.044188066,L1,40,K3,30.1,D1,29.9,3,100
24682,THE DC OF LOXTON WAIKERIE,LOXUCJ,H2,0.000344756,0.104017765,H2,24.75,G1,20.25,A4,19.25,7,100
24684,THE DC OF KAROONDA EAST MURRAY,WABSdA,A4,0.000279199,0.248507352,A4,35,B2,30,B3,15,5,100
24685,THE DC OF KAROONDA EAST MURRAY,MINUNF,H2,3.28E-05,0.03491475,H2,65,G2,19.25,C1,7,5,100
24686,THE DC OF LOXTON WAIKERIE,HALUNF,H2,3.18E-05,0.037519658,H2,65,C1,12.25,G2,10.5,5,100
24688,MID MURRAY COUNCIL,SAUXJS,M1,4.24E-05,0.05398254,M1,100,None,0,None,0,1,100
24691,MID MURRAY COUNCIL,LMVSXII,A4,0.000237097,0.144469362,A4,45,G1,35,H2,20,3,100
24695,THE DC OF KAROONDA EAST MURRAY,MINUNE,H2,0.0001434,0.093174657,H2,65,G2,19.25,C1,7,5,100
24696,THE DC OF LOXTON WAIKERIE,MINQOB,B2,4.24E-05,0.032816829,B2,41.25,A4,33.75,H2,25,3,100
24699,THE DC OF KAROONDA EAST MURRAY,HALQOZ,B2,0.000594211,0.191741459,B2,41.25,B3,33.75,H2,25,3,100
24701,THE DC OF KAROONDA EAST MURRAY,WABSfA,A4,0.000175744,0.098425973,A4,26.25,H2,25,B2,22.5,6,100
24704,MID MURRAY COUNCIL,BANScB,A4,0.000115153,0.049383936,A4,48.75,H2,25,B2,15,4,100
24706,THE DC OF LOXTON WAIKERIE,HALUNF,H2,0.000263465,0.129346299,H2,65,C1,12.25,G2,10.5,5,100
24708,THE DC OF KAROONDA EAST MURRAY,BANRCA,B3,0.000479773,0.184292698,B3,80,B2,20,None,0,2,100
24709,MID MURRAY COUNCIL,BORAnD,L1,0.000196276,0.109726888,L1,80,K4,20,None,0,2,100
24711,MID MURRAY COUNCIL,RIDIVE,A5,0.000420301,0.174308098,A5,40,A4,30.1,D2,29.9,3,100
24712,MID MURRAY COUNCIL,TUNCQD,K4,0.000418296,0.159900039,K4,35,L1,30,K5,20,4,100
24713,THE DC OF LOXTON WAIKERIE,KEKOAH,H3,0.000101206,0.074338059,H3,36,G2,24.75,G1,19.25,5,100
24714,THE DC OF KAROONDA EAST MURRAY,WABUMF,H2,9.45E-05,0.084752257,H2,42.25,G3,13,A4,12.25,7,100
24715,MID MURRAY COUNCIL,BANRCE,B3,4.86E-05,0.027604126,B3,80,B2,20,None,0,2,100
24716,THE DC OF LOXTON WAIKERIE,MINUNE,H2,3.68E-05,0.028332303,H2,65,G2,19.25,C1,7,5,100
24717,THE DC OF KAROONDA EAST MURRAY,BANRCA,B3,6.58E-05,0.037402469,B3,80,B2,20,None,0,2,100
24718,MID MURRAY COUNCIL,NOBSYB,A4,0.000214162,0.086394232,A4,46.5,C1,38.5,G1,8.25,4,100
24722,THE DC OF LOXTON WAIKERIE,HALOAE,H3,2.45E-05,0.031248242,H3,75,G2,25,None,0,2,100
24723,MID MURRAY COUNCIL,BANQJZ,B2,9.32E-05,0.049335088,B2,100,None,0,None,0,1,100
24724,MID MURRAY COUNCIL,RIDIVE,A5,2.25E-05,0.023176567,A5,40,A4,30.1,D2,29.9,3,100
24725,THE DC OF KAROONDA EAST MURRAY,BANUUJ,B2,0.000154315,0.055000822,B2,55,H2,45,None,0,2,100
24727,MID MURRAY COUNCIL,BANRCE,B3,3.35E-05,0.022132249,B3,80,B2,20,None,0,2,100
24729,MID MURRAY COUNCIL,RIDQHE,B2,7.10E-05,0.043403805,B2,80,A4,20,None,0,2,100
24731,THE DC OF KAROONDA EAST MURRAY,HALUNI,H2,5.96E-05,0.053056787,H2,45,C1,19.25,G2,16.5,5,100
24733,THE DC OF KAROONDA EAST MURRAY,BANRCE,B3,2.98E-05,0.022797189,B3,80,B2,20,None,0,2,100
24737,THE DC OF KAROONDA EAST MURRAY,BANRCE,B3,4.84E-05,0.032184995,B3,80,B2,20,None,0,2,100
24738,THE DC OF KAROONDA EAST MURRAY,MANU-D,H2,1.45E-05,0.016646538,H2,100,None,0,None,0,1,100
24739,THE DC OF KAROONDA EAST MURRAY,MANRCE,B3,1.81E-05,0.015486669,B3,55,B2,45,None,0,2,100
24741,MID MURRAY COUNCIL,REEAKB,C2,2.29E-05,0.022101568,C2,55,L1,45,None,0,2,100
24742,MID MURRAY COUNCIL,LMVSXI,A4,7.23E-05,0.036826848,A4,45,G1,35,H2,20,3,100
24743,THE DC OF KAROONDA EAST MURRAY,MINUNF,H2,3.84E-05,0.031394497,H2,65,G2,19.25,C1,7,5,100
24746,THE DC OF LOXTON WAIKERIE,MINQJB,B2,9.17E-05,0.049002056,B2,55,A4,45,None,0,2,100
24747,THE DC OF LOXTON WAIKERIE,HALQOZ,B2,2.15E-05,0.020324687,B2,41.25,B3,33.75,H2,25,3,100
24753,THE DC OF KAROONDA EAST MURRAY,BANQJA,B2,6.43E-05,0.036090008,B2,100,None,0,None,0,1,100
24754,THE DC OF LOXTON WAIKERIE,MINUUG,H2,0.00011068,0.083162179,H2,65,B2,15.75,A4,12.25,4,100
24756,THE DC OF KAROONDA EAST MURRAY,MANRCE,B3,4.32E-05,0.024082656,B3,55,B2,45,None,0,2,100
24757,THE DC OF KAROONDA EAST MURRAY,MANRCE,B3,8.10E-06,0.010399396,B3,55,B2,45,None,0,2,100
24760,THE DC OF LOXTON WAIKERIE,MINUNG,H2,0.000275276,0.142659585,H2,65,G2,19.25,C1,7,5,100
24761,THE DC OF LOXTON WAIKERIE,HALHgE,C1,8.38E-06,0.013116091,C1,80,B2,20,None,0,2,100
24763,THE DC OF LOXTON WAIKERIE,HALUNK,H2,9.66E-05,0.089961318,H2,55,C1,15.75,G2,13.5,5,100
24764,THE DC OF LOXTON WAIKERIE,MINUNE,H2,0.000382539,0.236141204,H2,65,G2,19.25,C1,7,5,100
24769,THE DC OF LOXTON WAIKERIE,HALUNF,H2,0.000116345,0.097258003,H2,65,C1,12.25,G2,10.5,5,100
24771,MID MURRAY COUNCIL,LMVXh-,WW,0.000173007,0.091965555,WW,65,N3,20,E3,9.75,5,100
24774,THE DC OF LOXTON WAIKERIE,HALUNK,H2,0.000422619,0.11648022,H2,55,C1,15.75,G2,13.5,5,100
24775,THE DC OF KAROONDA EAST MURRAY,HALHqA,C1,0.000437384,0.169559433,C1,55,D3,20,G2,15,4,100
24776,THE DC OF KAROONDA EAST MURRAY,BANScB,A4,0.000229231,0.119070457,A4,48.75,H2,25,B2,15,4,100
24778,MID MURRAY COUNCIL,STNSWE,A4,9.12E-05,0.052627611,A4,35,D2,30,B2,20,4,100
24779,MID MURRAY COUNCIL,SAUXHJ,M1,0.000187425,0.129785732,M1,60,H2,25,A3,15,3,100
24782,THE DC OF LOXTON WAIKERIE,WABHgE,G1,0.000236038,0.107160627,G1,35,B3,30,A4,20,4,100
24785,THE DC OF LOXTON WAIKERIE,WABSdA,A4,0.000126945,0.071546868,A4,35,B2,30,B3,15,5,100
24786,THE DC OF LOXTON WAIKERIE,KEKOAE,H3,0.002241668,0.458891391,H3,60,H2,15,G2,11.25,5,100
24790,MID MURRAY COUNCIL,TUNACB,C2,1.56E-05,0.01702954,C2,55,D1,45,None,0,2,100
24791,MID MURRAY COUNCIL,TUNAnC,L1,1.65E-05,0.018510111,L1,55,K5,20,K3,15,4,100
24792,MID MURRAY COUNCIL,RIDUUK,H2,8.83E-05,0.044504074,H2,55,B2,45,None,0,2,100
24793,THE DC OF LOXTON WAIKERIE,MINGtA,G2,2.93E-05,0.024243089,G2,41.25,H2,25,G1,15,5,100
24794,THE DC OF LOXTON WAIKERIE,MINUNG,H2,3.42E-05,0.027184653,H2,65,G2,19.25,C1,7,5,100
24796,THE DC OF LOXTON WAIKERIE,HALOAE,H3,5.65E-05,0.054262184,H3,75,G2,25,None,0,2,100
24798,THE DC OF LOXTON WAIKERIE,MINUNE,H2,4.77E-05,0.041767478,H2,65,G2,19.25,C1,7,5,100
24799,THE DC OF KAROONDA EAST MURRAY,BANUMF,H2,9.42E-05,0.054795351,H2,65,B3,14,A4,10.535,4,100
24802,THE DC OF KAROONDA EAST MURRAY,BANRCA,B3,2.38E-05,0.02341021,B3,80,B2,20,None,0,2,100
24805,THE DC OF LOXTON WAIKERIE,MINQOB,B2,1.01E-05,0.013464877,B2,41.25,A4,33.75,H2,25,3,100
24806,MID MURRAY COUNCIL,LMVSEC,A4,3.80E-05,0.03185387,A4,45,G1,35,H2,20,3,100
24807,THE DC OF KAROONDA EAST MURRAY,HALHqA,C1,0.001531109,0.538274701,C1,55,D3,20,G2,15,4,100
24810,THE DC OF LOXTON WAIKERIE,MINUNF,H2,7.01E-05,0.065971213,H2,65,G2,19.25,C1,7,5,100
24811,THE DC OF KAROONDA EAST MURRAY,HALUNF,H2,0.00037522,0.125586278,H2,65,C1,12.25,G2,10.5,5,100
24814,THE DC OF KAROONDA EAST MURRAY,KEKOAE,H3,0.000428085,0.104542996,H3,60,H2,15,G2,11.25,5,100
24815,THE DC OF LOXTON WAIKERIE,KEKOAE,H3,0.000105355,0.053664162,H3,60,H2,15,G2,11.25,5,100
24816,MID MURRAY COUNCIL,REEEFC,A2,8.01E-05,0.046478442,A2,65,C2,20,L1,15,3,100
24818,THE DC OF KAROONDA EAST MURRAY,HALUNI,H2,6.22E-05,0.050927362,H2,45,C1,19.25,G2,16.5,5,100
24819,THE DC OF LOXTON WAIKERIE,MINGtA,G2,0.000284829,0.135601737,G2,41.25,H2,25,G1,15,5,100
24820,THE DC OF LOXTON WAIKERIE,MINGtA,G2,0.000120993,0.083548002,G2,41.25,H2,25,G1,15,5,100
24821,MID MURRAY COUNCIL,MANQMA,B2,0.001465397,0.280765677,B2,65,A4,20,B3,15,3,100
24824,MID MURRAY COUNCIL,TUNAnY,L1,0.000219465,0.099076886,L1,55,K5,20,K3,15,4,100
24825,THE DC OF LOXTON WAIKERIE,HALHqA,C1,0.0001973,0.125400871,C1,55,D3,20,G2,15,4,100
24826,THE DC OF KAROONDA EAST MURRAY,HALQOZ,B2,0.000405678,0.174408059,B2,41.25,B3,33.75,H2,25,3,100
24827,THE DC OF LOXTON WAIKERIE,MINGtA,G2,0.000175054,0.08478144,G2,41.25,H2,25,G1,15,5,100
24829,THE DC OF LOXTON WAIKERIE,MINUNE,H2,0.000656443,0.462468763,H2,65,G2,19.25,C1,7,5,100
24833,MID MURRAY COUNCIL,PUNJKJ,M4,0.000145736,0.113885666,M4,40,A3,30.1,M1,29.9,3,100
24835,THE DC OF LOXTON WAIKERIE,HALHgE,C1,5.62E-05,0.044455961,C1,80,B2,20,None,0,2,100
24837,THE DC OF LOXTON WAIKERIE,HALUNK,H2,6.02E-05,0.045294149,H2,55,C1,15.75,G2,13.5,5,100
24838,THE DC OF LOXTON WAIKERIE,MINUUG,H2,2.63E-05,0.030506806,H2,65,B2,15.75,A4,12.25,4,100
24839,THE DC OF KAROONDA EAST MURRAY,HALUNK,H2,0.00029164,0.149246215,H2,55,C1,15.75,G2,13.5,5,100
24845,THE DC OF LOXTON WAIKERIE,WABSdA,A4,2.55E-05,0.0243586,A4,35,B2,30,B3,15,5,100
24847,THE DC OF KAROONDA EAST MURRAY,WABUMF,H2,2.17E-05,0.027466735,H2,42.25,G3,13,A4,12.25,7,100
24848,THE DC OF KAROONDA EAST MURRAY,BANQJZ,B2,9.55E-06,0.012507043,B2,100,None,0,None,0,1,100
24849,THE DC OF LOXTON WAIKERIE,HALHqA,C1,7.17E-05,0.038444629,C1,55,D3,20,G2,15,4,100
24852,THE DC OF KAROONDA EAST MURRAY,BANRCE,B3,8.49E-05,0.048430391,B3,80,B2,20,None,0,2,100
24853,THE DC OF KAROONDA EAST MURRAY,BANRCE,B3,0.000102109,0.03831002,B3,80,B2,20,None,0,2,100
24855,THE DC OF LOXTON WAIKERIE,WABUMF,H2,4.31E-05,0.029915823,H2,42.25,G3,13,A4,12.25,7,100
24856,MID MURRAY COUNCIL,NAHQHA,B2,2.97E-05,0.021104742,B2,100,None,0,None,0,1,100
24858,THE DC OF LOXTON WAIKERIE,WABSdA,A4,4.64E-05,0.03696716,A4,35,B2,30,B3,15,5,100
24860,THE DC OF KAROONDA EAST MURRAY,BANQOZ,B2,4.70E-05,0.032856924,B2,75,H2,25,None,0,2,100
24861,THE DC OF LOXTON WAIKERIE,HALUNI,H2,6.08E-05,0.045435337,H2,45,C1,19.25,G2,16.5,5,100
24869,THE DC OF KAROONDA EAST MURRAY,WABUMF,H2,2.79E-05,0.03067772,H2,42.25,G3,13,A4,12.25,7,100
24870,THE DC OF KAROONDA EAST MURRAY,WABUMF,H2,1.98E-05,0.022734137,H2,42.25,G3,13,A4,12.25,7,100
24871,MID MURRAY COUNCIL,MPLLTe,F2,3.46E-05,0.03673591,F2,35,F1,30,M1,20,4,100
24872,MID MURRAY COUNCIL,HOHLTe,F2,2.22E-05,0.03387244,F2,35,F1,30,M1,20,4,100
24874,THE DC OF LOXTON WAIKERIE,MINUNF,H2,0.0002446,0.193424536,H2,65,G2,19.25,C1,7,5,100
24876,MID MURRAY COUNCIL,TUNAmC,K4,0.000183276,0.11100399,K4,35,L1,30,K5,20,4,100
24879,THE DC OF KAROONDA EAST MURRAY,HALQOZ,B2,0.000763466,0.331574001,B2,41.25,B3,33.75,H2,25,3,100
24881,THE DC OF LOXTON WAIKERIE,HALUNF,H2,0.000170823,0.078839702,H2,65,C1,12.25,G2,10.5,5,100
24882,MID MURRAY COUNCIL,APAHFA,D3,0.000835709,0.153320598,D3,80,D7,20,None,0,2,100
24885,MID MURRAY COUNCIL,HOHBqD,K2,3.43E-05,0.029805115,K2,35,K3,30,L1,15,5,100
24886,MID MURRAY COUNCIL,HOHAoI,K2,0.000241795,0.116743049,K2,35,L1,30,K4,15,5,100
24887,THE DC OF KAROONDA EAST MURRAY,KUNHkA,C1,4.28E-05,0.034206002,C1,45,D2,35,G1,20,3,100
24888,THE DC OF LOXTON WAIKERIE,HALOAE,H3,4.81E-05,0.04046513,H3,75,G2,25,None,0,2,100
24889,MID MURRAY COUNCIL,SAUSSH,A4,9.31E-05,0.046336203,A4,80,B8,20,None,0,2,100
24890,THE DC OF KAROONDA EAST MURRAY,KUNSkB,A4,0.001552962,0.474591519,A4,39,H2,25,C1,15.75,5,100
24891,THE DC OF LOXTON WAIKERIE,MINUNE,H2,8.97E-05,0.083716612,H2,65,G2,19.25,C1,7,5,100
24892,THE DC OF KAROONDA EAST MURRAY,MINGtA,G2,0.000116545,0.063041814,G2,41.25,H2,25,G1,15,5,100
24897,MID MURRAY COUNCIL,REEAgB,L1,2.97E-06,0.006279669,L1,55,C2,45,None,0,2,100
24898,THE DC OF KAROONDA EAST MURRAY,HALHqA,C1,3.87E-05,0.024399313,C1,55,D3,20,G2,15,4,100
24899,MID MURRAY COUNCIL,MANSfB,A4,0.000151407,0.051568933,A4,50,B2,25,H2,25,3,100
24900,THE DC OF KAROONDA EAST MURRAY,KUNHkA,C1,1.67E-05,0.015411433,C1,45,D2,35,G1,20,3,100
24901,THE DC OF LOXTON WAIKERIE,HALQOZ,B2,2.60E-05,0.024073858,B2,41.25,B3,33.75,H2,25,3,100
24902,THE DC OF LOXTON WAIKERIE,MINUNE,H2,3.86E-05,0.038088425,H2,65,G2,19.25,C1,7,5,100
24905,THE DC OF KAROONDA EAST MURRAY,MANRCE,B3,4.89E-06,0.009124333,B3,55,B2,45,None,0,2,100
24906,MID MURRAY COUNCIL,LMVA-l,RR,0.000327037,0.229156256,RR,100,None,0,None,0,1,100
24910,THE DC OF KAROONDA EAST MURRAY,KUNHkA,C1,1.50E-05,0.014556048,C1,45,D2,35,G1,20,3,100
24912,THE DC OF KAROONDA EAST MURRAY,MANRCE,B3,1.00E-05,0.011586103,B3,55,B2,45,None,0,2,100
24915,THE DC OF KAROONDA EAST MURRAY,HALHqA,C1,0.004079956,1.327983606,C1,55,D3,20,G2,15,4,100
24917,THE DC OF LOXTON WAIKERIE,MINQOB,B2,0.000152548,0.074278601,B2,41.25,A4,33.75,H2,25,3,100
24918,THE DC OF KAROONDA EAST MURRAY,MANRCE,B3,1.24E-05,0.01288662,B3,55,B2,45,None,0,2,100
24920,THE DC OF KAROONDA EAST MURRAY,MINUNF,H2,4.64E-05,0.033677844,H2,65,G2,19.25,C1,7,5,100
24922,MID MURRAY COUNCIL,MANSdA,A4,4.14E-05,0.030516098,A4,75,B2,25,None,0,2,100
24925,MID MURRAY COUNCIL,NAHQHA,B2,1.79E-05,0.019345038,B2,100,None,0,None,0,1,100
24927,THE DC OF KAROONDA EAST MURRAY,BANRCA,B3,0.000238392,0.128745879,B3,80,B2,20,None,0,2,100
24931,MID MURRAY COUNCIL,SAUSGC,A4,9.48E-05,0.070981684,A4,85,H2,15,None,0,2,100
24936,THE DC OF LOXTON WAIKERIE,WABSdA,A4,3.52E-05,0.029852473,A4,35,B2,30,B3,15,5,100
24937,THE DC OF KAROONDA EAST MURRAY,KUNHkA,C1,1.74E-05,0.018932716,C1,45,D2,35,G1,20,3,100
24939,THE DC OF KAROONDA EAST MURRAY,BANUMf,H2,0.000124649,0.053542092,H2,45,B3,22,A4,16.555,4,100
24942,THE DC OF KAROONDA EAST MURRAY,BANUUJ,B2,5.19E-05,0.032439258,B2,55,H2,45,None,0,2,100
24945,THE DC OF KAROONDA EAST MURRAY,WABUMJ,H2,0.000145239,0.071776408,H2,29.25,A4,19.25,B2,16.5,7,100
24946,MID MURRAY COUNCIL,TUNLVe,M1,4.89E-05,0.066541505,M1,45,F2,35,G3,20,3,100
24950,THE DC OF LOXTON WAIKERIE,MINUNE,H2,7.20E-05,0.071545879,H2,65,G2,19.25,C1,7,5,100
24951,MID MURRAY COUNCIL,SAUSSI,A4,0.00019365,0.0830905,A4,80,B8,20,None,0,2,100
24952,THE DC OF LOXTON WAIKERIE,HALQOZ,B2,0.000272458,0.111370147,B2,41.25,B3,33.75,H2,25,3,100
24957,THE DC OF LOXTON WAIKERIE,HALUNF,H2,1.71E-05,0.019584345,H2,65,C1,12.25,G2,10.5,5,100
24958,MID MURRAY COUNCIL,TUNAnC,L1,3.79E-05,0.034185017,L1,55,K5,20,K3,15,4,100
24959,THE DC OF LOXTON WAIKERIE,MINUUJ,H2,3.36E-05,0.028541361,H2,45,B2,24.75,A4,19.25,4,100
24960,THE DC OF LOXTON WAIKERIE,MINGtA,G2,0.00018482,0.098119151,G2,41.25,H2,25,G1,15,5,100
24961,MID MURRAY COUNCIL,BANScG,A4,0.00055544,0.125217407,A4,55.25,B2,17,H2,15,4,100
24962,THE DC OF KAROONDA EAST MURRAY,HALHqA,C1,0.001018854,0.325243947,C1,55,D3,20,G2,15,4,100
24963,THE DC OF KAROONDA EAST MURRAY,HALOAE,H3,9.21E-05,0.074782904,H3,75,G2,25,None,0,2,100
24964,THE DC OF LOXTON WAIKERIE,MINUUG,H2,0.000147157,0.093982888,H2,65,B2,15.75,A4,12.25,4,100
24965,THE DC OF LOXTON WAIKERIE,MINQOB,B2,2.13E-05,0.01906309,B2,41.25,A4,33.75,H2,25,3,100
24966,MID MURRAY COUNCIL,REEJUH,D2,0.00033189,0.165455813,D2,55,C3,20,M4,15,4,100
24967,MID MURRAY COUNCIL,SAUSSI,A4,0.000367646,0.217188037,A4,80,B8,20,None,0,2,100
24968,THE DC OF LOXTON WAIKERIE,MINQOB,B2,9.35E-05,0.057849185,B2,41.25,A4,33.75,H2,25,3,100
24970,THE DC OF LOXTON WAIKERIE,HALHqA,C1,6.49E-05,0.037948237,C1,55,D3,20,G2,15,4,100
24972,THE DC OF KAROONDA EAST MURRAY,MINUNJ,H2,0.000267529,0.163916435,H2,45,G2,30.25,C1,11,5,100
24973,THE DC OF LOXTON WAIKERIE,MINUNF,H2,7.82E-05,0.056281907,H2,65,G2,19.25,C1,7,5,100
24975,THE DC OF LOXTON WAIKERIE,MINUUJ,H2,0.000101774,0.06845984,H2,45,B2,24.75,A4,19.25,4,100
24976,THE DC OF KAROONDA EAST MURRAY,KUNHqA,A4,0.000165329,0.093123871,A4,35,C1,29.25,D2,22.75,4,100
24977,THE DC OF KAROONDA EAST MURRAY,HALUNK,H2,0.000232942,0.106435256,H2,55,C1,15.75,G2,13.5,5,100
24979,THE DC OF LOXTON WAIKERIE,HALHgE,C1,5.70E-05,0.044009197,C1,80,B2,20,None,0,2,100
24980,MID MURRAY COUNCIL,LMVSXII,A4,0.000146385,0.093650098,A4,45,G1,35,H2,20,3,100
24981,MID MURRAY COUNCIL,LMVXv-,N3,0.00010438,0.090559791,N3,75,WW,25,None,0,2,100
24982,MID MURRAY COUNCIL,LMVSXII,A4,1.57E-05,0.016911864,A4,45,G1,35,H2,20,3,100
24989,MID MURRAY COUNCIL,HOHLTe,F2,0.000300712,0.269891305,F2,35,F1,30,M1,20,4,100
24993,MID MURRAY COUNCIL,SAUSSH,A4,6.63E-05,0.041780365,A4,80,B8,20,None,0,2,100
24997,THE DC OF LOXTON WAIKERIE,MINUUJ,H2,6.38E-05,0.036583396,H2,45,B2,24.75,A4,19.25,4,100
25000,THE DC OF LOXTON WAIKERIE,HALUNF,H2,5.76E-05,0.038636787,H2,65,C1,12.25,G2,10.5,5,100
25008,MID MURRAY COUNCIL,BANRBA,B3,6.58E-05,0.044174128,B3,60,H2,25,B2,15,3,100
25010,THE DC OF LOXTON WAIKERIE,HALUNF,H2,0.000277679,0.107540784,H2,65,C1,12.25,G2,10.5,5,100
25013,MID MURRAY COUNCIL,MIDJKC,D5,9.72E-05,0.048096773,D5,35,A4,30,M4,15,5,100
25014,THE DC OF LOXTON WAIKERIE,WABUMJ,H2,0.000246123,0.077308655,H2,29.25,A4,19.25,B2,16.5,7,100
25015,THE DC OF LOXTON WAIKERIE,KEKOAG,H3,5.03E-05,0.040581083,H3,52,G2,15.75,H2,13,5,100
25016,THE DC OF LOXTON WAIKERIE,HALUNK,H2,6.86E-05,0.038552107,H2,55,C1,15.75,G2,13.5,5,100
25017,MID MURRAY COUNCIL,APAHTB,D5,0.002079353,0.265138469,D5,75,H2,25,None,0,2,100
25019,THE DC OF LOXTON WAIKERIE,HALUNK,H2,0.000178888,0.083439492,H2,55,C1,15.75,G2,13.5,5,100
25020,THE DC OF LOXTON WAIKERIE,MINUNJ,H2,0.000106084,0.058039335,H2,45,G2,30.25,C1,11,5,100
25022,MID MURRAY COUNCIL,BANQJZ,B2,0.000103906,0.064840451,B2,100,None,0,None,0,1,100
25025,THE DC OF KAROONDA EAST MURRAY,BANRCE,B3,4.82E-05,0.0338185,B3,80,B2,20,None,0,2,100
25026,MID MURRAY COUNCIL,PUNGQC,H2,0.000198748,0.1149002,H2,40,A4,20,D2,20,6,100
25030,THE DC OF LOXTON WAIKERIE,HALHqA,C1,0.000343994,0.096368694,C1,55,D3,20,G2,15,4,100
25032,THE DC OF KAROONDA EAST MURRAY,BANQJA,B2,3.06E-05,0.023112911,B2,100,None,0,None,0,1,100
25033,THE DC OF KAROONDA EAST MURRAY,MANQMA,B2,0.013794334,2.296460504,B2,65,A4,20,B3,15,3,100
25036,MID MURRAY COUNCIL,TUNLVe,M1,9.50E-05,0.112154503,M1,45,F2,35,G3,20,3,100
25037,THE DC OF KAROONDA EAST MURRAY,HALUNF,H2,2.89E-05,0.036086572,H2,65,C1,12.25,G2,10.5,5,100
25038,THE DC OF KAROONDA EAST MURRAY,BANQOZ,B2,7.38E-05,0.053761412,B2,75,H2,25,None,0,2,100
25041,MID MURRAY COUNCIL,MANQHE,B2,1.29E-05,0.013428081,B2,100,None,0,None,0,1,100
25042,THE DC OF LOXTON WAIKERIE,HALUNF,H2,1.47E-05,0.020120181,H2,65,C1,12.25,G2,10.5,5,100
25043,THE DC OF KAROONDA EAST MURRAY,MANRCE,B3,3.13E-05,0.021120246,B3,55,B2,45,None,0,2,100
25045,MID MURRAY COUNCIL,NARAKD,L1,0.000703484,0.495763775,L1,55,C2,20,D1,15,4,100
25046,THE DC OF KAROONDA EAST MURRAY,KUNHkA,C1,2.67E-05,0.020436669,C1,45,D2,35,G1,20,3,100
25053,THE DC OF KAROONDA EAST MURRAY,KUNHqA,A4,4.32E-05,0.030907369,A4,35,C1,29.25,D2,22.75,4,100
25054,THE DC OF LOXTON WAIKERIE,MINUUJ,H2,5.52E-05,0.034881285,H2,45,B2,24.75,A4,19.25,4,100
25056,THE DC OF KAROONDA EAST MURRAY,BANQJZ,B2,1.90E-05,0.016411176,B2,100,None,0,None,0,1,100
25062,THE DC OF LOXTON WAIKERIE,MINUNJ,H2,0.000162873,0.088937569,H2,45,G2,30.25,C1,11,5,100
25063,THE DC OF LOXTON WAIKERIE,KEKOAE,H3,0.001291649,0.372423662,H3,60,H2,15,G2,11.25,5,100
25067,THE DC OF KAROONDA EAST MURRAY,BANQOZ,B2,0.000229688,0.111493375,B2,75,H2,25,None,0,2,100
25068,THE DC OF KAROONDA EAST MURRAY,MINGtA,G2,0.00030048,0.123092415,G2,41.25,H2,25,G1,15,5,100
25070,THE DC OF LOXTON WAIKERIE,MINUUJ,H2,0.000101546,0.065372567,H2,45,B2,24.75,A4,19.25,4,100
25072,THE DC OF LOXTON WAIKERIE,MINUNE,H2,0.000100143,0.090741178,H2,65,G2,19.25,C1,7,5,100
25073,THE DC OF KAROONDA EAST MURRAY,MINUNJ,H2,0.000286851,0.122023304,H2,45,G2,30.25,C1,11,5,100
25074,THE DC OF KAROONDA EAST MURRAY,MANRCE,B3,1.67E-05,0.015624496,B3,55,B2,45,None,0,2,100
25076,THE DC OF KAROONDA EAST MURRAY,KUNHqA,A4,3.13E-05,0.036793232,A4,35,C1,29.25,D2,22.75,4,100
25078,MID MURRAY COUNCIL,TUNLUe,F2,0.00015133,0.145724616,F2,45,M1,35,G3,20,3,100
25079,THE DC OF KAROONDA EAST MURRAY,BANRCE,B3,3.59E-05,0.027163767,B3,80,B2,20,None,0,2,100
25082,MID MURRAY COUNCIL,NOBGCB,G3,3.18E-05,0.023457398,G3,29.75,G4,25.5,G1,17,6,100
25083,THE DC OF LOXTON WAIKERIE,MINUNJ,H2,0.000461587,0.170689075,H2,45,G2,30.25,C1,11,5,100
25084,MID MURRAY COUNCIL,COHAgC,K4,0.000293671,0.082239257,K4,55,L1,45,None,0,2,100
25086,MID MURRAY COUNCIL,BANRCE,B3,6.07E-05,0.033603132,B3,80,B2,20,None,0,2,100
25087,MID MURRAY COUNCIL,RIDQHE,B2,1.43E-05,0.014250822,B2,80,A4,20,None,0,2,100
25091,THE DC OF KAROONDA EAST MURRAY,WABUMF,H2,1.85E-05,0.022714879,H2,42.25,G3,13,A4,12.25,7,100
25093,THE DC OF LOXTON WAIKERIE,HALHqA,C1,0.002895448,0.645765407,C1,55,D3,20,G2,15,4,100
25096,THE DC OF LOXTON WAIKERIE,MINUNF,H2,4.27E-05,0.033492863,H2,65,G2,19.25,C1,7,5,100
25097,MID MURRAY COUNCIL,SAUSSH,A4,0.000120035,0.069981361,A4,80,B8,20,None,0,2,100
25098,MID MURRAY COUNCIL,RIDQHE,B2,1.99E-05,0.016136944,B2,80,A4,20,None,0,2,100
25099,THE DC OF LOXTON WAIKERIE,HALHgE,C1,5.80E-05,0.037029724,C1,80,B2,20,None,0,2,100
25100,THE DC OF KAROONDA EAST MURRAY,BANQJZ,B2,8.73E-06,0.012140672,B2,100,None,0,None,0,1,100
25101,THE DC OF KAROONDA EAST MURRAY,BANRCA,B3,7.47E-05,0.047604476,B3,80,B2,20,None,0,2,100
25102,THE DC OF KAROONDA EAST MURRAY,BANRCA,B3,0.000101272,0.066984912,B3,80,B2,20,None,0,2,100
25105,THE DC OF KAROONDA EAST MURRAY,WABUMF,H2,4.92E-05,0.04286356,H2,42.25,G3,13,A4,12.25,7,100
25107,MID MURRAY COUNCIL,RIDQHA,B2,3.53E-05,0.023547742,B2,80,A4,20,None,0,2,100
25108,THE DC OF LOXTON WAIKERIE,MINQOB,B2,7.05E-06,0.01072182,B2,41.25,A4,33.75,H2,25,3,100
25109,THE DC OF KAROONDA EAST MURRAY,BANRCA,B3,8.23E-05,0.045886219,B3,80,B2,20,None,0,2,100
25112,MID MURRAY COUNCIL,LMVSXD,G1,4.85E-05,0.045661585,G1,37.5,A4,33.75,H2,28.75,3,100
25113,MID MURRAY COUNCIL,LMVSXC,G1,0.000123564,0.055388695,G1,37.5,A4,33.75,H2,28.75,3,100
25115,THE DC OF LOXTON WAIKERIE,HALHgE,C1,4.23E-05,0.025232476,C1,80,B2,20,None,0,2,100
25117,THE DC OF KAROONDA EAST MURRAY,KUNHkA,C1,2.35E-05,0.020751354,C1,45,D2,35,G1,20,3,100
25119,THE DC OF KAROONDA EAST MURRAY,HALUNK,H2,7.09E-06,0.012158301,H2,55,C1,15.75,G2,13.5,5,100
25122,THE DC OF KAROONDA EAST MURRAY,HALHqA,C1,4.19E-05,0.036398986,C1,55,D3,20,G2,15,4,100
25123,THE DC OF LOXTON WAIKERIE,MINUUG,H2,3.26E-05,0.030438096,H2,65,B2,15.75,A4,12.25,4,100
25126,THE DC OF LOXTON WAIKERIE,HALRFZ,B3,4.46E-05,0.040762395,B3,80,B2,20,None,0,2,100
25130,THE DC OF KAROONDA EAST MURRAY,BANQJZ,B2,1.52E-05,0.015493481,B2,100,None,0,None,0,1,100
25134,THE DC OF LOXTON WAIKERIE,MINGtA,G2,3.90E-05,0.027402452,G2,41.25,H2,25,G1,15,5,100
25135,THE DC OF KAROONDA EAST MURRAY,HALHgE,C1,5.51E-05,0.038159659,C1,80,B2,20,None,0,2,100
25139,MID MURRAY COUNCIL,APAEgC,A2,3.60E-05,0.028141905,A2,100,None,0,None,0,1,100
25140,THE DC OF LOXTON WAIKERIE,MINQJB,B2,7.59E-05,0.040272039,B2,55,A4,45,None,0,2,100
25141,THE DC OF LOXTON WAIKERIE,MINQOB,B2,0.000103627,0.08786257,B2,41.25,A4,33.75,H2,25,3,100
25142,THE DC OF LOXTON WAIKERIE,HALUNK,H2,0.000112574,0.09000983,H2,55,C1,15.75,G2,13.5,5,100
25144,MID MURRAY COUNCIL,PUNGQC,H2,0.001927179,0.269335111,H2,40,A4,20,D2,20,6,100
25145,THE DC OF KAROONDA EAST MURRAY,MINUNJ,H2,0.000105739,0.071301571,H2,45,G2,30.25,C1,11,5,100
25147,MID MURRAY COUNCIL,TUNCQD,K4,4.47E-05,0.02850897,K4,35,L1,30,K5,20,4,100
25148,THE DC OF LOXTON WAIKERIE,MINUNJ,H2,0.000143788,0.076659358,H2,45,G2,30.25,C1,11,5,100
25151,THE DC OF KAROONDA EAST MURRAY,MANSfB,A4,0.000145271,0.102658856,A4,50,B2,25,H2,25,3,100
25152,THE DC OF LOXTON WAIKERIE,MINUUG,H2,2.99E-05,0.032981054,H2,65,B2,15.75,A4,12.25,4,100
25153,THE DC OF KAROONDA EAST MURRAY,HALUNI,H2,0.000109541,0.089156232,H2,45,C1,19.25,G2,16.5,5,100
25157,MID MURRAY COUNCIL,LMVXg-,E3,0.000206844,0.100252719,E3,39,H2,25,N3,15,5,100
25160,MID MURRAY COUNCIL,LMVSXII,A4,0.000388237,0.187421134,A4,45,G1,35,H2,20,3,100
25161,MID MURRAY COUNCIL,NOBSYB,A4,0.000209173,0.093973764,A4,46.5,C1,38.5,G1,8.25,4,100
25164,THE DC OF LOXTON WAIKERIE,WABUMI,H2,6.29E-05,0.051727106,H2,35.75,A4,15.75,B2,13.5,7,100
25165,THE DC OF KAROONDA EAST MURRAY,KUNSkB,A4,0.000482875,0.185599031,A4,39,H2,25,C1,15.75,5,100
25169,MID MURRAY COUNCIL,COHLVE,M1,3.08E-05,0.050964974,M1,65,F1,20,F2,15,3,100
25172,MID MURRAY COUNCIL,RIDIVE,A5,4.77E-05,0.0464494,A5,40,A4,30.1,D2,29.9,3,100
25173,THE DC OF LOXTON WAIKERIE,WABSdA,A4,7.97E-05,0.054010238,A4,35,B2,30,B3,15,5,100
25178,MID MURRAY COUNCIL,PUNQMZ,B2,2.93E-05,0.023927491,B2,100,None,0,None,0,1,100
25181,THE DC OF KAROONDA EAST MURRAY,BANUUJ,B2,0.000172157,0.057705189,B2,55,H2,45,None,0,2,100
25183,THE DC OF LOXTON WAIKERIE,MINUNF,H2,5.57E-05,0.043027959,H2,65,G2,19.25,C1,7,5,100
25184,MID MURRAY COUNCIL,SAUSSH,A4,7.46E-05,0.041145921,A4,80,B8,20,None,0,2,100
25186,THE DC OF LOXTON WAIKERIE,HALHgE,C1,0.000199512,0.129782153,C1,80,B2,20,None,0,2,100
25187,THE DC OF LOXTON WAIKERIE,MINUNG,H2,0.00010516,0.057720205,H2,65,G2,19.25,C1,7,5,100
25190,THE DC OF KAROONDA EAST MURRAY,HALQOZ,B2,0.000267184,0.107485915,B2,41.25,B3,33.75,H2,25,3,100
25191,THE DC OF LOXTON WAIKERIE,HALRFZ,B3,5.05E-05,0.032732361,B3,80,B2,20,None,0,2,100
25193,MID MURRAY COUNCIL,HOHAoI,K2,0.000438353,0.181178596,K2,35,L1,30,K4,15,5,100
25194,MID MURRAY COUNCIL,RIDQHA,B2,3.95E-05,0.033578329,B2,80,A4,20,None,0,2,100
25195,MID MURRAY COUNCIL,RATAgD,L1,0.00035471,0.154627333,L1,55,K5,20,K4,15,4,100
25196,THE DC OF KAROONDA EAST MURRAY,HALOAE,H3,1.56E-05,0.01939076,H3,75,G2,25,None,0,2,100
25198,THE DC OF KAROONDA EAST MURRAY,BANUMF,H2,4.58E-05,0.039311461,H2,65,B3,14,A4,10.535,4,100
25199,THE DC OF KAROONDA EAST MURRAY,HALUNK,H2,8.57E-05,0.057696714,H2,55,C1,15.75,G2,13.5,5,100
25200,MID MURRAY COUNCIL,LMVSXI,A4,0.00020298,0.112957546,A4,45,G1,35,H2,20,3,100
25201,THE DC OF LOXTON WAIKERIE,HALUNK,H2,0.000121197,0.064253208,H2,55,C1,15.75,G2,13.5,5,100
25202,THE DC OF KAROONDA EAST MURRAY,HALOAE,H3,0.000395546,0.258337705,H3,75,G2,25,None,0,2,100
25203,MID MURRAY COUNCIL,HOHBqI,K2,0.000299247,0.124940502,K2,35,K3,30,L1,15,5,100
25205,MID MURRAY COUNCIL,MANQMA,B2,0.000358807,0.101483326,B2,65,A4,20,B3,15,3,100
25207,THE DC OF KAROONDA EAST MURRAY,KUNUMG,H2,0.000885421,0.152859684,H2,65,A4,22.75,G1,7,4,100
25209,MID MURRAY COUNCIL,MANQHE,B2,2.51E-05,0.0203613,B2,100,None,0,None,0,1,100
25213,THE DC OF LOXTON WAIKERIE,HALUNF,H2,1.56E-05,0.015258535,H2,65,C1,12.25,G2,10.5,5,100
25218,THE DC OF KAROONDA EAST MURRAY,HALUNK,H2,4.47E-05,0.028001364,H2,55,C1,15.75,G2,13.5,5,100
25220,THE DC OF KAROONDA EAST MURRAY,MANRCE,B3,1.75E-05,0.016810364,B3,55,B2,45,None,0,2,100
25223,THE DC OF LOXTON WAIKERIE,MINHtA,D3,0.000167249,0.101764469,D3,35,C1,30,G2,15,5,100
25224,THE DC OF KAROONDA EAST MURRAY,MINUNF,H2,0.000127547,0.101288988,H2,65,G2,19.25,C1,7,5,100
25227,MID MURRAY COUNCIL,HOHBqD,K2,2.30E-05,0.026092201,K2,35,K3,30,L1,15,5,100
25228,MID MURRAY COUNCIL,LMVXh-,WW,0.000479325,0.186412195,WW,65,N3,20,E3,9.75,5,100
25232,THE DC OF KAROONDA EAST MURRAY,KUNUUJ,B2,0.000225721,0.088357359,B2,55,H2,45,None,0,2,100
25233,THE DC OF KAROONDA EAST MURRAY,BANRCA,B3,0.00020531,0.131300541,B3,80,B2,20,None,0,2,100
25234,THE DC OF KAROONDA EAST MURRAY,WABUMF,H2,3.22E-05,0.037269087,H2,42.25,G3,13,A4,12.25,7,100
25235,THE DC OF LOXTON WAIKERIE,HALHqA,C1,0.000174055,0.107178159,C1,55,D3,20,G2,15,4,100
25238,MID MURRAY COUNCIL,BANQJZ,B2,5.11E-05,0.032103428,B2,100,None,0,None,0,1,100
25240,THE DC OF LOXTON WAIKERIE,WABUMI,H2,0.000175196,0.09521244,H2,35.75,A4,15.75,B2,13.5,7,100
25242,THE DC OF LOXTON WAIKERIE,WABQJA,B2,3.17E-05,0.029822403,B2,100,None,0,None,0,1,100
25245,THE DC OF KAROONDA EAST MURRAY,BANScB,A4,6.67E-05,0.050019438,A4,48.75,H2,25,B2,15,4,100
25248,THE DC OF KAROONDA EAST MURRAY,KUNHkA,C1,3.41E-05,0.025645262,C1,45,D2,35,G1,20,3,100
25249,THE DC OF KAROONDA EAST MURRAY,BANRCE,B3,4.95E-05,0.029053863,B3,80,B2,20,None,0,2,100
25250,MID MURRAY COUNCIL,RIDQJB,A4,6.33E-05,0.0404797,A4,55,B2,45,None,0,2,100
25252,MID MURRAY COUNCIL,RIDUUK,H2,4.35E-05,0.028348917,H2,55,B2,45,None,0,2,100
25253,MID MURRAY COUNCIL,LMVXh-,WW,0.000143095,0.077840911,WW,65,N3,20,E3,9.75,5,100
25256,MID MURRAY COUNCIL,SAUSGC,A4,0.000209945,0.123655641,A4,85,H2,15,None,0,2,100
25260,THE DC OF KAROONDA EAST MURRAY,KUNHqA,A4,4.46E-05,0.025851814,A4,35,C1,29.25,D2,22.75,4,100
25261,THE DC OF LOXTON WAIKERIE,HALHqA,C1,0.000440444,0.226229067,C1,55,D3,20,G2,15,4,100
25262,MID MURRAY COUNCIL,BORAnD,L1,3.50E-05,0.042221534,L1,80,K4,20,None,0,2,100
25263,THE DC OF KAROONDA EAST MURRAY,KUNUMI,H2,0.000216448,0.13004053,H2,45,A4,35.75,G1,11,4,100
25267,MID MURRAY COUNCIL,PUNGQC,H2,0.00194408,0.257131081,H2,40,A4,20,D2,20,6,100
25269,THE DC OF LOXTON WAIKERIE,MINQOB,B2,6.00E-05,0.038261398,B2,41.25,A4,33.75,H2,25,3,100
25273,THE DC OF LOXTON WAIKERIE,HALUNF,H2,7.15E-05,0.070808977,H2,65,C1,12.25,G2,10.5,5,100
25274,THE DC OF LOXTON WAIKERIE,HALUNF,H2,5.05E-05,0.03203511,H2,65,C1,12.25,G2,10.5,5,100
25275,THE DC OF KAROONDA EAST MURRAY,HALOAE,H3,9.79E-06,0.01273533,H3,75,G2,25,None,0,2,100
25278,THE DC OF KAROONDA EAST MURRAY,BANRCA,B3,0.00018084,0.108607175,B3,80,B2,20,None,0,2,100
25280,MID MURRAY COUNCIL,SAUSSH,A4,9.21E-05,0.060110036,A4,80,B8,20,None,0,2,100
25281,THE DC OF LOXTON WAIKERIE,HALUNK,H2,0.000158085,0.055065803,H2,55,C1,15.75,G2,13.5,5,100
25283,MID MURRAY COUNCIL,REEJUJ,D2,8.48E-05,0.073332945,D2,55,C3,20,M4,15,4,100
25284,THE DC OF LOXTON WAIKERIE,HALQOZ,B2,0.000109105,0.07016217,B2,41.25,B3,33.75,H2,25,3,100
25285,MID MURRAY COUNCIL,LMVSEC,A4,3.69E-05,0.027534202,A4,45,G1,35,H2,20,3,100
25287,MID MURRAY COUNCIL,BURQMB,B2,0.000272695,0.132492707,B2,65,B3,20,A4,15,3,100
25293,THE DC OF KAROONDA EAST MURRAY,HALHqA,C1,0.000108144,0.065398823,C1,55,D3,20,G2,15,4,100
25295,THE DC OF LOXTON WAIKERIE,MINQOB,B2,0.000493045,0.156619379,B2,41.25,A4,33.75,H2,25,3,100
25296,THE DC OF LOXTON WAIKERIE,MINQOB,B2,6.62E-05,0.045464691,B2,41.25,A4,33.75,H2,25,3,100
25301,MID MURRAY COUNCIL,BLTQMB,B2,0.000119218,0.042028412,B2,55,A4,45,None,0,2,100
25302,MID MURRAY COUNCIL,BANRCE,B3,8.43E-05,0.046618682,B3,80,B2,20,None,0,2,100
25304,THE DC OF KAROONDA EAST MURRAY,KUNHkA,C1,2.26E-05,0.018888837,C1,45,D2,35,G1,20,3,100
25306,THE DC OF KAROONDA EAST MURRAY,KUNHqA,A4,0.000197206,0.091260022,A4,35,C1,29.25,D2,22.75,4,100
25308,MID MURRAY COUNCIL,LMVA-l,RR,8.28E-05,0.081876198,RR,100,None,0,None,0,1,100
25314,THE DC OF LOXTON WAIKERIE,HALQOZ,B2,0.000350742,0.220486209,B2,41.25,B3,33.75,H2,25,3,100
25317,THE DC OF KAROONDA EAST MURRAY,BANRBA,B3,0.000580315,0.206755705,B3,60,H2,25,B2,15,3,100
25320,MID MURRAY COUNCIL,RATAgu,L1,0.000164186,0.059221433,L1,100,None,0,None,0,1,100
25321,THE DC OF LOXTON WAIKERIE,WABUMF,H2,0.000253856,0.118394496,H2,42.25,G3,13,A4,12.25,7,100
25322,MID MURRAY COUNCIL,TUNCQD,K4,0.000293073,0.117765277,K4,35,L1,30,K5,20,4,100
25324,MID MURRAY COUNCIL,MPLCOD,K4,2.77E-05,0.024089978,K4,35,K5,30,L1,20,4,100
25327,MID MURRAY COUNCIL,TUNAgu,L1,4.20E-05,0.044675327,L1,100,None,0,None,0,1,100
25331,MID MURRAY COUNCIL,APAHHB,D2,7.07E-05,0.038306946,D2,35.75,A4,35,C1,29.25,3,100
25333,THE DC OF KAROONDA EAST MURRAY,KUNUMJ,H2,0.001142101,0.315175308,H2,45,A4,35.75,G1,11,4,100
25335,MID MURRAY COUNCIL,TUNLUe,F2,7.33E-05,0.080548689,F2,45,M1,35,G3,20,3,100
25336,MID MURRAY COUNCIL,APAHHB,D2,0.000906935,0.196124108,D2,35.75,A4,35,C1,29.25,3,100
25337,MID MURRAY COUNCIL,PUNULf,H2,0.000160611,0.059109801,H2,45,G1,19.25,A4,16.5,5,100
25338,MID MURRAY COUNCIL,REEEFC,A2,1.90E-05,0.01998809,A2,65,C2,20,L1,15,3,100
25340,THE DC OF LOXTON WAIKERIE,HALHqA,C1,0.000140736,0.070518962,C1,55,D3,20,G2,15,4,100
25343,THE DC OF KAROONDA EAST MURRAY,WABSfA,A4,9.03E-05,0.075258142,A4,26.25,H2,25,B2,22.5,6,100
25347,THE DC OF LOXTON WAIKERIE,WABQJA,B2,8.71E-05,0.051379767,B2,100,None,0,None,0,1,100
25352,THE DC OF LOXTON WAIKERIE,WABQJA,B2,3.89E-05,0.028979161,B2,100,None,0,None,0,1,100
25354,THE DC OF KAROONDA EAST MURRAY,BANUUJ,B2,9.04E-05,0.048816499,B2,55,H2,45,None,0,2,100
25355,MID MURRAY COUNCIL,NAHQHA,B2,0.000128468,0.047610692,B2,100,None,0,None,0,1,100
25357,MID MURRAY COUNCIL,STNSWE,A4,3.59E-05,0.032299489,A4,35,D2,30,B2,20,4,100
25360,THE DC OF LOXTON WAIKERIE,WABHgE,G1,5.66E-05,0.047410227,G1,35,B3,30,A4,20,4,100
25361,THE DC OF LOXTON WAIKERIE,WABSdA,A4,3.88E-05,0.033413447,A4,35,B2,30,B3,15,5,100
25363,MID MURRAY COUNCIL,LMVSXD,G1,7.93E-05,0.045446349,G1,37.5,A4,33.75,H2,28.75,3,100
25366,THE DC OF KAROONDA EAST MURRAY,WABSfA,A4,0.000121669,0.07857807,A4,26.25,H2,25,B2,22.5,6,100
25368,MID MURRAY COUNCIL,RATAgv,L1,0.000103265,0.061507377,L1,100,None,0,None,0,1,100
25370,THE DC OF LOXTON WAIKERIE,WABUMF,H2,3.39E-05,0.036641127,H2,42.25,G3,13,A4,12.25,7,100
25371,THE DC OF KAROONDA EAST MURRAY,WABSdA,A4,7.62E-05,0.062730091,A4,35,B2,30,B3,15,5,100
25372,MID MURRAY COUNCIL,BLTQHA,B2,0.002127606,0.359303134,B2,100,None,0,None,0,1,100
25373,THE DC OF KAROONDA EAST MURRAY,KUNUMG,H2,0.001035281,0.320463944,H2,65,A4,22.75,G1,7,4,100
25375,MID MURRAY COUNCIL,TUNLVe,M1,2.99E-05,0.03876123,M1,45,F2,35,G3,20,3,100
25384,THE DC OF LOXTON WAIKERIE,MINUNF,H2,0.000251367,0.130899421,H2,65,G2,19.25,C1,7,5,100
25386,MID MURRAY COUNCIL,BLTQMB,B2,0.000225249,0.084630223,B2,55,A4,45,None,0,2,100
25387,THE DC OF LOXTON WAIKERIE,KEKOAE,H3,0.000461188,0.167108868,H3,60,H2,15,G2,11.25,5,100
25390,THE DC OF LOXTON WAIKERIE,MINUNE,H2,0.00020109,0.124446781,H2,65,G2,19.25,C1,7,5,100
25393,MID MURRAY COUNCIL,TUNAnC,L1,5.94E-05,0.0545597,L1,55,K5,20,K3,15,4,100
25394,THE DC OF LOXTON WAIKERIE,HALUNF,H2,4.71E-05,0.038406202,H2,65,C1,12.25,G2,10.5,5,100
25396,MID MURRAY COUNCIL,RIDUUK,H2,2.05E-05,0.019923554,H2,55,B2,45,None,0,2,100
25398,THE DC OF LOXTON WAIKERIE,HALUNF,H2,2.49E-05,0.023219882,H2,65,C1,12.25,G2,10.5,5,100
25399,THE DC OF LOXTON WAIKERIE,HALUNK,H2,2.95E-05,0.030298661,H2,55,C1,15.75,G2,13.5,5,100
25400,THE DC OF LOXTON WAIKERIE,HALUNK,H2,4.21E-05,0.036851083,H2,55,C1,15.75,G2,13.5,5,100
25401,THE DC OF LOXTON WAIKERIE,MINGtA,G2,5.23E-05,0.029941101,G2,41.25,H2,25,G1,15,5,100
25404,MID MURRAY COUNCIL,LMVSXC,G1,4.85E-05,0.035192776,G1,37.5,A4,33.75,H2,28.75,3,100
25405,THE DC OF KAROONDA EAST MURRAY,KUNHkA,C1,8.24E-05,0.039540017,C1,45,D2,35,G1,20,3,100
25408,THE DC OF KAROONDA EAST MURRAY,HALUNK,H2,1.05E-05,0.014757419,H2,55,C1,15.75,G2,13.5,5,100
25411,THE DC OF LOXTON WAIKERIE,HALUNK,H2,7.64E-05,0.035109116,H2,55,C1,15.75,G2,13.5,5,100
25412,THE DC OF LOXTON WAIKERIE,HALHqA,C1,0.00022106,0.070694967,C1,55,D3,20,G2,15,4,100
25413,THE DC OF KAROONDA EAST MURRAY,BANUUJ,B2,0.000135394,0.088618512,B2,55,H2,45,None,0,2,100
25414,THE DC OF LOXTON WAIKERIE,HALQJZ,B2,0.000153839,0.061328276,B2,55,B3,45,None,0,2,100
25415,THE DC OF KAROONDA EAST MURRAY,BANUMF,H2,5.83E-05,0.044182636,H2,65,B3,14,A4,10.535,4,100
25416,THE DC OF KAROONDA EAST MURRAY,BANUMf,H2,4.06E-05,0.031099723,H2,45,B3,22,A4,16.555,4,100
25419,THE DC OF KAROONDA EAST MURRAY,HALQOZ,B2,2.82E-05,0.026913926,B2,41.25,B3,33.75,H2,25,3,100
25421,THE DC OF LOXTON WAIKERIE,MINHtA,D3,5.64E-05,0.038593815,D3,35,C1,30,G2,15,5,100
25425,THE DC OF KAROONDA EAST MURRAY,KUNHqA,A4,0.000115234,0.076501573,A4,35,C1,29.25,D2,22.75,4,100
25428,THE DC OF KAROONDA EAST MURRAY,WABSdA,A4,0.000215043,0.10329546,A4,35,B2,30,B3,15,5,100
25429,THE DC OF LOXTON WAIKERIE,WABSfB,A4,0.000241691,0.1078325,A4,26.25,H2,25,B2,22.5,6,100
25433,THE DC OF KAROONDA EAST MURRAY,BANUUJ,B2,0.001347562,0.331343482,B2,55,H2,45,None,0,2,100
25435,THE DC OF KAROONDA EAST MURRAY,WABHgE,G1,3.98E-05,0.025903123,G1,35,B3,30,A4,20,4,100
25436,MID MURRAY COUNCIL,SAUXHJ,M1,0.000209973,0.117015594,M1,60,H2,25,A3,15,3,100
25437,MID MURRAY COUNCIL,TUNCQD,K4,0.000134444,0.052014889,K4,35,L1,30,K5,20,4,100
25438,THE DC OF KAROONDA EAST MURRAY,WABSfA,A4,0.000145891,0.075706168,A4,26.25,H2,25,B2,22.5,6,100
25439,THE DC OF KAROONDA EAST MURRAY,WABUMF,H2,2.27E-05,0.021230049,H2,42.25,G3,13,A4,12.25,7,100
25441,THE DC OF KAROONDA EAST MURRAY,WABSdA,A4,5.45E-05,0.039865735,A4,35,B2,30,B3,15,5,100
25442,MID MURRAY COUNCIL,BANQJZ,B2,1.14E-05,0.016110177,B2,100,None,0,None,0,1,100
25446,MID MURRAY COUNCIL,NOBGCB,G3,9.81E-05,0.076606001,G3,29.75,G4,25.5,G1,17,6,100
25449,MID MURRAY COUNCIL,BANQJZ,B2,0.00030365,0.166581015,B2,100,None,0,None,0,1,100
25450,THE DC OF LOXTON WAIKERIE,HALUNK,H2,0.000387906,0.183820735,H2,55,C1,15.75,G2,13.5,5,100
25451,THE DC OF KAROONDA EAST MURRAY,WABSfA,A4,0.000280794,0.180208431,A4,26.25,H2,25,B2,22.5,6,100
25455,THE DC OF LOXTON WAIKERIE,MINUNF,H2,7.34E-05,0.044453697,H2,65,G2,19.25,C1,7,5,100
25456,THE DC OF LOXTON WAIKERIE,HALUNK,H2,0.000169221,0.067889177,H2,55,C1,15.75,G2,13.5,5,100
25458,THE DC OF KAROONDA EAST MURRAY,KUNQJZ,B2,3.28E-05,0.032645526,B2,100,None,0,None,0,1,100
25459,THE DC OF LOXTON WAIKERIE,MINUUJ,H2,6.89E-05,0.052913686,H2,45,B2,24.75,A4,19.25,4,100
25461,MID MURRAY COUNCIL,RIDUUK,H2,5.10E-05,0.030229951,H2,55,B2,45,None,0,2,100
25464,THE DC OF KAROONDA EAST MURRAY,KUNHkA,C1,2.92E-05,0.020121693,C1,45,D2,35,G1,20,3,100
25465,MID MURRAY COUNCIL,TUNAmC,K4,0.000672089,0.279729582,K4,35,L1,30,K5,20,4,100
25466,THE DC OF LOXTON WAIKERIE,HALHgE,C1,5.78E-05,0.043849743,C1,80,B2,20,None,0,2,100
25472,THE DC OF KAROONDA EAST MURRAY,MANU-D,H2,1.85E-05,0.017719355,H2,100,None,0,None,0,1,100
25473,THE DC OF LOXTON WAIKERIE,HALRFZ,B3,0.001918757,0.587925219,B3,80,B2,20,None,0,2,100
25474,THE DC OF LOXTON WAIKERIE,HALUNK,H2,5.81E-05,0.040435543,H2,55,C1,15.75,G2,13.5,5,100
25475,THE DC OF KAROONDA EAST MURRAY,HALUNI,H2,8.87E-05,0.058477309,H2,45,C1,19.25,G2,16.5,5,100
25476,THE DC OF LOXTON WAIKERIE,MINQOB,B2,9.55E-05,0.066286219,B2,41.25,A4,33.75,H2,25,3,100
25478,THE DC OF LOXTON WAIKERIE,HALQOZ,B2,0.00012863,0.051912883,B2,41.25,B3,33.75,H2,25,3,100
25480,THE DC OF KAROONDA EAST MURRAY,HALHgE,C1,5.57E-05,0.04177354,C1,80,B2,20,None,0,2,100
25481,THE DC OF KAROONDA EAST MURRAY,KUNHkA,C1,2.89E-05,0.021142593,C1,45,D2,35,G1,20,3,100
25483,MID MURRAY COUNCIL,NAHQHE,B2,2.38E-05,0.018828257,B2,100,None,0,None,0,1,100
25489,MID MURRAY COUNCIL,MANSdA,A4,6.09E-05,0.029981069,A4,75,B2,25,None,0,2,100
25495,THE DC OF LOXTON WAIKERIE,HALQJZ,B2,8.75E-05,0.059137565,B2,55,B3,45,None,0,2,100
25497,THE DC OF KAROONDA EAST MURRAY,BANRCE,B3,7.51E-05,0.03622981,B3,80,B2,20,None,0,2,100
25499,MID MURRAY COUNCIL,BURQMB,B2,3.47E-05,0.02251173,B2,65,B3,20,A4,15,3,100
25501,MID MURRAY COUNCIL,LMVSXII,A4,0.000176553,0.119203639,A4,45,G1,35,H2,20,3,100
25502,THE DC OF LOXTON WAIKERIE,WABSfB,A4,0.000242581,0.111985249,A4,26.25,H2,25,B2,22.5,6,100
25506,MID MURRAY COUNCIL,BANRCA,B3,0.000331272,0.161850243,B3,80,B2,20,None,0,2,100
25515,THE DC OF LOXTON WAIKERIE,WABUMF,H2,6.00E-05,0.048844304,H2,42.25,G3,13,A4,12.25,7,100
25516,THE DC OF KAROONDA EAST MURRAY,KUNUMG,H2,0.000137422,0.063951166,H2,65,A4,22.75,G1,7,4,100
25517,MID MURRAY COUNCIL,TUNLVO,M1,7.92E-05,0.122877029,M1,45,F2,35,G3,20,3,100
25518,THE DC OF LOXTON WAIKERIE,HALUNF,H2,9.88E-05,0.075888185,H2,65,C1,12.25,G2,10.5,5,100
25520,THE DC OF LOXTON WAIKERIE,HALQOZ,B2,0.000700549,0.253419594,B2,41.25,B3,33.75,H2,25,3,100
25524,THE DC OF KAROONDA EAST MURRAY,BANScB,A4,0.000313247,0.128619328,A4,48.75,H2,25,B2,15,4,100
25531,THE DC OF KAROONDA EAST MURRAY,WABSdA,A4,2.07E-05,0.020935329,A4,35,B2,30,B3,15,5,100
25532,THE DC OF KAROONDA EAST MURRAY,WABUMF,H2,2.06E-05,0.022524339,H2,42.25,G3,13,A4,12.25,7,100
25533,MID MURRAY COUNCIL,BANUMf,H2,0.000101923,0.05045602,H2,45,B3,22,A4,16.555,4,100
25534,THE DC OF LOXTON WAIKERIE,HALOAE,H3,4.05E-05,0.044674856,H3,75,G2,25,None,0,2,100
25535,MID MURRAY COUNCIL,SAUSGC,A4,9.89E-05,0.057561431,A4,85,H2,15,None,0,2,100
25536,MID MURRAY COUNCIL,MPLLTe,F2,1.17E-05,0.014896229,F2,35,F1,30,M1,20,4,100
25539,MID MURRAY COUNCIL,LMVXh-,WW,0.00015488,0.084452384,WW,65,N3,20,E3,9.75,5,100
25544,THE DC OF KAROONDA EAST MURRAY,BANRCE,B3,5.02E-05,0.030710652,B3,80,B2,20,None,0,2,100
25545,MID MURRAY COUNCIL,NAHSUB,A4,0.002104368,0.462237376,A4,41.25,B2,33.75,H2,25,3,100
25547,MID MURRAY COUNCIL,TUNCQD,K4,0.000134378,0.060785218,K4,35,L1,30,K5,20,4,100
25549,THE DC OF KAROONDA EAST MURRAY,BANScB,A4,0.000401079,0.193476803,A4,48.75,H2,25,B2,15,4,100
25552,THE DC OF LOXTON WAIKERIE,MINUNG,H2,8.00E-05,0.049876286,H2,65,G2,19.25,C1,7,5,100
25554,THE DC OF LOXTON WAIKERIE,HALUNK,H2,0.000253151,0.125534879,H2,55,C1,15.75,G2,13.5,5,100
25556,THE DC OF LOXTON WAIKERIE,MINUNF,H2,3.39E-05,0.048888969,H2,65,G2,19.25,C1,7,5,100
25558,MID MURRAY COUNCIL,TUNCQD,K4,0.000183151,0.0854185,K4,35,L1,30,K5,20,4,100
25560,THE DC OF LOXTON WAIKERIE,MINUNJ,H2,4.21E-05,0.032266714,H2,45,G2,30.25,C1,11,5,100
25562,THE DC OF LOXTON WAIKERIE,HALHqA,C1,0.000206509,0.097407107,C1,55,D3,20,G2,15,4,100
25563,MID MURRAY COUNCIL,BURQcB,B2,0.001415159,0.367185841,B2,41.25,H2,25,A4,15,5,100
25564,THE DC OF KAROONDA EAST MURRAY,MINUNE,H2,0.000220967,0.143087311,H2,65,G2,19.25,C1,7,5,100
25566,THE DC OF LOXTON WAIKERIE,KEKOAE,H3,0.000269684,0.094896467,H3,60,H2,15,G2,11.25,5,100
25568,MID MURRAY COUNCIL,NOBSYB,A4,0.000136688,0.07950628,A4,46.5,C1,38.5,G1,8.25,4,100
25571,THE DC OF KAROONDA EAST MURRAY,BANRCE,B3,0.000104505,0.050153177,B3,80,B2,20,None,0,2,100
25573,THE DC OF KAROONDA EAST MURRAY,WABUMJ,H2,0.000446293,0.175396722,H2,29.25,A4,19.25,B2,16.5,7,100
25577,MID MURRAY COUNCIL,COHLVE,M1,6.04E-05,0.088011662,M1,65,F1,20,F2,15,3,100
25579,THE DC OF KAROONDA EAST MURRAY,WABSdA,A4,6.43E-05,0.053184744,A4,35,B2,30,B3,15,5,100
25580,THE DC OF LOXTON WAIKERIE,WABHgE,G1,4.05E-05,0.027685503,G1,35,B3,30,A4,20,4,100
25581,THE DC OF LOXTON WAIKERIE,HALUNI,H2,5.81E-05,0.046215781,H2,45,C1,19.25,G2,16.5,5,100
25582,THE DC OF KAROONDA EAST MURRAY,KUNUMJ,H2,0.000122483,0.051921471,H2,45,A4,35.75,G1,11,4,100
25583,MID MURRAY COUNCIL,RIDQHA,B2,0.000520045,0.164111067,B2,80,A4,20,None,0,2,100
25584,MID MURRAY COUNCIL,NOBHEE,D5,7.82E-05,0.072235722,D5,80,A4,20,None,0,2,100
25585,MID MURRAY COUNCIL,TUNACB,C2,4.23E-06,0.007638705,C2,55,D1,45,None,0,2,100
25589,MID MURRAY COUNCIL,SAUSSH,A4,5.76E-05,0.035620446,A4,80,B8,20,None,0,2,100
25590,THE DC OF LOXTON WAIKERIE,WABUMF,H2,7.11E-05,0.047728412,H2,42.25,G3,13,A4,12.25,7,100
25591,MID MURRAY COUNCIL,RIDIVE,A5,0.000102174,0.066367261,A5,40,A4,30.1,D2,29.9,3,100
25592,MID MURRAY COUNCIL,RIDIVE,A5,5.55E-05,0.044635716,A5,40,A4,30.1,D2,29.9,3,100
25594,THE DC OF LOXTON WAIKERIE,MINGtA,G2,1.63E-05,0.017170314,G2,41.25,H2,25,G1,15,5,100
25595,THE DC OF LOXTON WAIKERIE,WABUMF,H2,3.36E-05,0.039364503,H2,42.25,G3,13,A4,12.25,7,100
25597,THE DC OF KAROONDA EAST MURRAY,WABUMI,H2,0.000100469,0.051153192,H2,35.75,A4,15.75,B2,13.5,7,100
25598,THE DC OF KAROONDA EAST MURRAY,HALOAE,H3,6.07E-05,0.0619103,H3,75,G2,25,None,0,2,100
25599,MID MURRAY COUNCIL,PUNQMZ,B2,5.74E-05,0.036007701,B2,100,None,0,None,0,1,100
25600,THE DC OF LOXTON WAIKERIE,KEKOAE,H3,4.46E-05,0.028714239,H3,60,H2,15,G2,11.25,5,100
25602,THE DC OF KAROONDA EAST MURRAY,BANQOZ,B2,8.51E-05,0.053518493,B2,75,H2,25,None,0,2,100
25604,THE DC OF KAROONDA EAST MURRAY,KUNUMF,H2,0.000398526,0.128772576,H2,65,A4,22.75,G1,7,4,100
25605,THE DC OF LOXTON WAIKERIE,HALUNF,H2,4.04E-05,0.042965214,H2,65,C1,12.25,G2,10.5,5,100
25608,THE DC OF LOXTON WAIKERIE,HALUNK,H2,0.000183763,0.112023394,H2,55,C1,15.75,G2,13.5,5,100
25609,THE DC OF KAROONDA EAST MURRAY,KUNUUJ,B2,0.001011778,0.339724825,B2,55,H2,45,None,0,2,100
25610,MID MURRAY COUNCIL,APAGCB,G4,6.74E-05,0.039212897,G4,80,H2,20,None,0,2,100
25611,THE DC OF LOXTON WAIKERIE,HALUNK,H2,0.000109044,0.058693306,H2,55,C1,15.75,G2,13.5,5,100
25613,THE DC OF KAROONDA EAST MURRAY,HALO-A,H3,0.000101303,0.083748387,H3,100,None,0,None,0,1,100
25614,MID MURRAY COUNCIL,RIDQHA,B2,0.000112208,0.071781029,B2,80,A4,20,None,0,2,100
25617,THE DC OF KAROONDA EAST MURRAY,HALOAE,H3,0.000509851,0.281537868,H3,75,G2,25,None,0,2,100
25621,THE DC OF KAROONDA EAST MURRAY,KUNUUJ,B2,0.000205783,0.072972476,B2,55,H2,45,None,0,2,100
25623,THE DC OF LOXTON WAIKERIE,MINUNF,H2,2.42E-05,0.034049109,H2,65,G2,19.25,C1,7,5,100
25624,THE DC OF LOXTON WAIKERIE,HALHqA,C1,0.00027815,0.106205275,C1,55,D3,20,G2,15,4,100
25625,THE DC OF LOXTON WAIKERIE,HALUNF,H2,8.47E-05,0.067807339,H2,65,C1,12.25,G2,10.5,5,100
25627,THE DC OF LOXTON WAIKERIE,MINHtA,D3,4.67E-05,0.032430392,D3,35,C1,30,G2,15,5,100
25629,THE DC OF LOXTON WAIKERIE,MINQJB,B2,0.00020677,0.089499771,B2,55,A4,45,None,0,2,100
25637,THE DC OF LOXTON WAIKERIE,WABHgE,G1,5.95E-05,0.036710668,G1,35,B3,30,A4,20,4,100
25638,THE DC OF LOXTON WAIKERIE,WABUMJ,H2,0.000155269,0.079832996,H2,29.25,A4,19.25,B2,16.5,7,100
25640,MID MURRAY COUNCIL,BANRCA,B3,7.32E-05,0.045856224,B3,80,B2,20,None,0,2,100
25641,THE DC OF LOXTON WAIKERIE,WABSdA,A4,0.000104225,0.050917713,A4,35,B2,30,B3,15,5,100
25643,MID MURRAY COUNCIL,LMVSXD,G1,8.74E-05,0.045389166,G1,37.5,A4,33.75,H2,28.75,3,100
25644,MID MURRAY COUNCIL,BANQJZ,B2,2.77E-05,0.023160919,B2,100,None,0,None,0,1,100
25645,MID MURRAY COUNCIL,TUNAnC,L1,0.003198305,0.892611756,L1,55,K5,20,K3,15,4,100
25646,THE DC OF LOXTON WAIKERIE,HALUNF,H2,6.98E-05,0.062909137,H2,65,C1,12.25,G2,10.5,5,100
25648,THE DC OF LOXTON WAIKERIE,WABUMJ,H2,0.002293859,0.826519419,H2,29.25,A4,19.25,B2,16.5,7,100
25650,THE DC OF LOXTON WAIKERIE,HALOAE,H3,0.000101991,0.05779793,H3,75,G2,25,None,0,2,100
25652,MID MURRAY COUNCIL,SAUUSG,H2,0.00017267,0.091851581,H2,75,M1,25,None,0,2,100
25654,THE DC OF KAROONDA EAST MURRAY,BANQOZ,B2,3.24E-05,0.032557334,B2,75,H2,25,None,0,2,100
25657,THE DC OF LOXTON WAIKERIE,WABUMF,H2,2.89E-05,0.041067861,H2,42.25,G3,13,A4,12.25,7,100
25659,THE DC OF LOXTON WAIKERIE,HALHqA,C1,0.000160207,0.062419345,C1,55,D3,20,G2,15,4,100
25660,THE DC OF LOXTON WAIKERIE,MINUNF,H2,0.000134295,0.075174476,H2,65,G2,19.25,C1,7,5,100
25661,THE DC OF KAROONDA EAST MURRAY,KUNSkB,A4,0.000127781,0.06147765,A4,39,H2,25,C1,15.75,5,100
25662,MID MURRAY COUNCIL,BANScG,A4,0.000998826,0.159897342,A4,55.25,B2,17,H2,15,4,100
25664,THE DC OF LOXTON WAIKERIE,HALQOZ,B2,0.000337171,0.107919286,B2,41.25,B3,33.75,H2,25,3,100
25666,THE DC OF LOXTON WAIKERIE,WABUMF,H2,6.75E-05,0.037669262,H2,42.25,G3,13,A4,12.25,7,100
25670,THE DC OF KAROONDA EAST MURRAY,BANScB,A4,0.001397046,0.540924286,A4,48.75,H2,25,B2,15,4,100
25672,THE DC OF KAROONDA EAST MURRAY,BANQJA,B2,0.000113532,0.054326251,B2,100,None,0,None,0,1,100
25673,MID MURRAY COUNCIL,REEEFI,A2,2.63E-05,0.034014816,A2,65,C2,20,L1,15,3,100
25675,MID MURRAY COUNCIL,HOHLTe,F2,7.72E-05,0.113767629,F2,35,F1,30,M1,20,4,100
25676,THE DC OF LOXTON WAIKERIE,HALQOZ,B2,6.24E-05,0.035196977,B2,41.25,B3,33.75,H2,25,3,100
25677,THE DC OF LOXTON WAIKERIE,MINGtA,G2,9.47E-05,0.055073939,G2,41.25,H2,25,G1,15,5,100
25678,MID MURRAY COUNCIL,APAHTB,D5,0.000100732,0.062044938,D5,75,H2,25,None,0,2,100
25680,MID MURRAY COUNCIL,APAJKJ,D2,0.000139449,0.1100972,D2,45,A4,35,M4,20,3,100
25682,MID MURRAY COUNCIL,TUNLVO,M1,7.68E-06,0.016195483,M1,45,F2,35,G3,20,3,100
25684,THE DC OF LOXTON WAIKERIE,HALUNK,H2,4.55E-05,0.030247639,H2,55,C1,15.75,G2,13.5,5,100
25687,MID MURRAY COUNCIL,TUNAgv,L1,4.99E-05,0.050656556,L1,100,None,0,None,0,1,100
25688,THE DC OF LOXTON WAIKERIE,HALHgE,C1,7.32E-05,0.052088784,C1,80,B2,20,None,0,2,100
25690,THE DC OF LOXTON WAIKERIE,HALQJZ,B2,0.000134396,0.070921948,B2,55,B3,45,None,0,2,100
25691,THE DC OF LOXTON WAIKERIE,MINGtA,G2,8.78E-05,0.054234001,G2,41.25,H2,25,G1,15,5,100
25693,THE DC OF LOXTON WAIKERIE,MINUNJ,H2,5.23E-05,0.04222388,H2,45,G2,30.25,C1,11,5,100
25694,THE DC OF LOXTON WAIKERIE,MINQOB,B2,0.000130228,0.08082967,B2,41.25,A4,33.75,H2,25,3,100
25695,THE DC OF KAROONDA EAST MURRAY,MANU-D,H2,1.74E-05,0.0189928,H2,100,None,0,None,0,1,100
25696,THE DC OF LOXTON WAIKERIE,MINQOB,B2,3.32E-05,0.028957047,B2,41.25,A4,33.75,H2,25,3,100
25697,MID MURRAY COUNCIL,LMVSXII,A4,0.000109379,0.064021577,A4,45,G1,35,H2,20,3,100
25698,THE DC OF KAROONDA EAST MURRAY,KUNHkA,C1,4.05E-05,0.025005382,C1,45,D2,35,G1,20,3,100
25709,MID MURRAY COUNCIL,MIDJKB,D5,0.00094371,0.306741913,D5,35,A4,30,M4,15,5,100
25710,THE DC OF LOXTON WAIKERIE,WABUMJ,H2,6.83E-05,0.041981306,H2,29.25,A4,19.25,B2,16.5,7,100
25714,THE DC OF LOXTON WAIKERIE,HALHqA,C1,0.000178351,0.084661383,C1,55,D3,20,G2,15,4,100
25715,THE DC OF KAROONDA EAST MURRAY,WABUMF,H2,0.0001472,0.07965305,H2,42.25,G3,13,A4,12.25,7,100
25717,MID MURRAY COUNCIL,SAUXJS,M1,0.000396224,0.291322426,M1,100,None,0,None,0,1,100
25718,THE DC OF LOXTON WAIKERIE,WABSfA,A4,5.92E-05,0.036569768,A4,26.25,H2,25,B2,22.5,6,100
25719,MID MURRAY COUNCIL,TUNAmC,K4,0.000119672,0.077466866,K4,35,L1,30,K5,20,4,100
25721,THE DC OF KAROONDA EAST MURRAY,WABHgE,G1,0.000310145,0.195669171,G1,35,B3,30,A4,20,4,100
25723,MID MURRAY COUNCIL,HOHLTe,F2,1.82E-05,0.024132164,F2,35,F1,30,M1,20,4,100
25724,MID MURRAY COUNCIL,TUNACB,C2,1.50E-05,0.018729052,C2,55,D1,45,None,0,2,100
25726,THE DC OF KAROONDA EAST MURRAY,WABUMJ,H2,0.000760098,0.251931112,H2,29.25,A4,19.25,B2,16.5,7,100
25728,MID MURRAY COUNCIL,TUNLVe,M1,1.92E-05,0.025613412,M1,45,F2,35,G3,20,3,100
25729,MID MURRAY COUNCIL,COHLVE,M1,1.51E-05,0.025908562,M1,65,F1,20,F2,15,3,100
25732,THE DC OF KAROONDA EAST MURRAY,HALUNK,H2,0.000188729,0.114744509,H2,55,C1,15.75,G2,13.5,5,100
25733,THE DC OF KAROONDA EAST MURRAY,WABUMF,H2,0.000152012,0.078162488,H2,42.25,G3,13,A4,12.25,7,100
25735,MID MURRAY COUNCIL,COHETI,L1,6.53E-05,0.046847132,L1,40,K3,30.1,D1,29.9,3,100
25736,MID MURRAY COUNCIL,SAUSSH,A4,0.000270094,0.124287409,A4,80,B8,20,None,0,2,100
25737,THE DC OF LOXTON WAIKERIE,HALUNK,H2,0.000198193,0.076412525,H2,55,C1,15.75,G2,13.5,5,100
25738,THE DC OF KAROONDA EAST MURRAY,HALHqA,C1,0.001666838,0.419369754,C1,55,D3,20,G2,15,4,100
25742,THE DC OF KAROONDA EAST MURRAY,HALHqA,C1,3.57E-05,0.039432419,C1,55,D3,20,G2,15,4,100
25743,THE DC OF LOXTON WAIKERIE,HALOAE,H3,0.00012662,0.111999832,H3,75,G2,25,None,0,2,100
25744,THE DC OF LOXTON WAIKERIE,KEKOAE,H3,0.001261893,0.362436437,H3,60,H2,15,G2,11.25,5,100
25746,THE DC OF KAROONDA EAST MURRAY,KUNQJZ,B2,1.47E-05,0.015231999,B2,100,None,0,None,0,1,100
25747,MID MURRAY COUNCIL,BURQMB,B2,1.83E-05,0.016067295,B2,65,B3,20,A4,15,3,100
25748,THE DC OF KAROONDA EAST MURRAY,MANU-D,H2,6.93E-06,0.011816018,H2,100,None,0,None,0,1,100
25749,THE DC OF LOXTON WAIKERIE,MINUNF,H2,2.99E-05,0.035041307,H2,65,G2,19.25,C1,7,5,100
25751,MID MURRAY COUNCIL,LMVSEC,A4,0.000125526,0.08201804,A4,45,G1,35,H2,20,3,100
25753,MID MURRAY COUNCIL,LMVSXI,A4,4.98E-05,0.035047873,A4,45,G1,35,H2,20,3,100
25754,THE DC OF LOXTON WAIKERIE,HALHqA,C1,7.42E-05,0.046285317,C1,55,D3,20,G2,15,4,100
25757,MID MURRAY COUNCIL,SAUSSH,A4,5.53E-05,0.036889074,A4,80,B8,20,None,0,2,100
25758,THE DC OF KAROONDA EAST MURRAY,KUNHkA,C1,2.80E-05,0.028637015,C1,45,D2,35,G1,20,3,100
25761,MID MURRAY COUNCIL,REEAgB,L1,3.30E-06,0.00734253,L1,55,C2,45,None,0,2,100
25768,THE DC OF KAROONDA EAST MURRAY,KUNHkA,C1,0.00015114,0.072010887,C1,45,D2,35,G1,20,3,100
25770,THE DC OF LOXTON WAIKERIE,MINHtA,D3,7.79E-05,0.058034283,D3,35,C1,30,G2,15,5,100
25773,THE DC OF KAROONDA EAST MURRAY,MANU-D,H2,1.16E-05,0.016517802,H2,100,None,0,None,0,1,100
25779,THE DC OF KAROONDA EAST MURRAY,KUNHqA,A4,0.000317115,0.133246099,A4,35,C1,29.25,D2,22.75,4,100
25782,THE DC OF KAROONDA EAST MURRAY,WABUMF,H2,4.54E-05,0.052547797,H2,42.25,G3,13,A4,12.25,7,100
25785,MID MURRAY COUNCIL,PUNGQC,H2,0.00052583,0.130631178,H2,40,A4,20,D2,20,6,100
25786,MID MURRAY COUNCIL,TUNACB,C2,0.000106764,0.053809053,C2,55,D1,45,None,0,2,100
25789,MID MURRAY COUNCIL,BORETD,L1,5.66E-05,0.044945306,L1,55,M1,45,None,0,2,100
25796,THE DC OF LOXTON WAIKERIE,MINHtA,D3,0.000410922,0.128372931,D3,35,C1,30,G2,15,5,100
25797,MID MURRAY COUNCIL,HOHBqI,K2,0.000167943,0.055470951,K2,35,K3,30,L1,15,5,100
25800,THE DC OF KAROONDA EAST MURRAY,HALOAE,H3,0.000463558,0.398147033,H3,75,G2,25,None,0,2,100
25802,THE DC OF LOXTON WAIKERIE,MINUNE,H2,0.000116468,0.084133171,H2,65,G2,19.25,C1,7,5,100
25803,MID MURRAY COUNCIL,RIDIVE,A5,0.000361294,0.1047039,A5,40,A4,30.1,D2,29.9,3,100
25810,THE DC OF KAROONDA EAST MURRAY,BANRCE,B3,2.98E-05,0.020448737,B3,80,B2,20,None,0,2,100
25811,THE DC OF KAROONDA EAST MURRAY,HALUNK,H2,4.59E-05,0.030563383,H2,55,C1,15.75,G2,13.5,5,100
25813,MID MURRAY COUNCIL,RIDIVE,A5,2.25E-05,0.026384797,A5,40,A4,30.1,D2,29.9,3,100
25818,MID MURRAY COUNCIL,SAUXJS,M1,5.83E-05,0.053483128,M1,100,None,0,None,0,1,100
25819,MID MURRAY COUNCIL,REEAgB,L1,2.55E-05,0.024337495,L1,55,C2,45,None,0,2,100
25822,MID MURRAY COUNCIL,ROCCUD,K3,6.34E-05,0.041702778,K3,55,K5,45,None,0,2,100
25823,MID MURRAY COUNCIL,REEKXC,M1,0.000266669,0.1101619,M1,65,A3,20,M4,15,3,100
25825,MID MURRAY COUNCIL,TUNLUe,F2,0.000113454,0.103138169,F2,45,M1,35,G3,20,3,100
25826,THE DC OF LOXTON WAIKERIE,HALUNF,H2,7.02E-05,0.063632278,H2,65,C1,12.25,G2,10.5,5,100
25830,MID MURRAY COUNCIL,TUNCPD,L1,6.74E-05,0.03734601,L1,80,K5,20,None,0,2,100
25831,THE DC OF KAROONDA EAST MURRAY,MINGtA,G2,0.000190736,0.134415061,G2,41.25,H2,25,G1,15,5,100
25833,THE DC OF LOXTON WAIKERIE,MINUUJ,H2,0.000495864,0.213288789,H2,45,B2,24.75,A4,19.25,4,100
25834,THE DC OF LOXTON WAIKERIE,MINUNF,H2,8.57E-05,0.071661317,H2,65,G2,19.25,C1,7,5,100
25835,THE DC OF LOXTON WAIKERIE,MINQJB,B2,7.17E-05,0.062499448,B2,55,A4,45,None,0,2,100
25836,THE DC OF LOXTON WAIKERIE,MINQOB,B2,0.000204467,0.107111082,B2,41.25,A4,33.75,H2,25,3,100
25839,THE DC OF LOXTON WAIKERIE,MINUNJ,H2,0.001025432,0.461514663,H2,45,G2,30.25,C1,11,5,100
25840,THE DC OF LOXTON WAIKERIE,MINUNF,H2,1.63E-05,0.015835826,H2,65,G2,19.25,C1,7,5,100
25845,MID MURRAY COUNCIL,MANU-D,H2,1.93E-05,0.02246531,H2,100,None,0,None,0,1,100
25849,THE DC OF KAROONDA EAST MURRAY,HALQOZ,B2,1.18E-05,0.016619042,B2,41.25,B3,33.75,H2,25,3,100
25853,THE DC OF KAROONDA EAST MURRAY,BANQOZ,B2,2.55E-05,0.018885165,B2,75,H2,25,None,0,2,100
25854,THE DC OF LOXTON WAIKERIE,HALHgE,C1,5.37E-05,0.042596406,C1,80,B2,20,None,0,2,100
25857,THE DC OF LOXTON WAIKERIE,MINHtA,D3,5.62E-05,0.039540707,D3,35,C1,30,G2,15,5,100
25860,MID MURRAY COUNCIL,MANRCE,B3,2.59E-05,0.025764392,B3,55,B2,45,None,0,2,100
25861,MID MURRAY COUNCIL,LMVXs-,N3,2.98E-05,0.051697223,N3,100,None,0,None,0,1,100
25862,MID MURRAY COUNCIL,TUNAnI,L1,0.000893425,0.217941665,L1,55,K5,20,K3,15,4,100
25865,THE DC OF LOXTON WAIKERIE,MINUNJ,H2,7.22E-05,0.048992976,H2,45,G2,30.25,C1,11,5,100
25868,THE DC OF KAROONDA EAST MURRAY,MINUNJ,H2,0.000197884,0.133516132,H2,45,G2,30.25,C1,11,5,100
25870,THE DC OF KAROONDA EAST MURRAY,MINGtA,G2,0.000117653,0.051115864,G2,41.25,H2,25,G1,15,5,100
25872,THE DC OF KAROONDA EAST MURRAY,HALUNF,H2,6.97E-06,0.011941292,H2,65,C1,12.25,G2,10.5,5,100
25875,THE DC OF LOXTON WAIKERIE,MINGtA,G2,4.24E-05,0.029272764,G2,41.25,H2,25,G1,15,5,100
25883,MID MURRAY COUNCIL,HOHAoC,K2,2.86E-05,0.025851205,K2,35,L1,30,K4,15,5,100
25894,THE DC OF LOXTON WAIKERIE,MINUNJ,H2,6.01E-05,0.042497319,H2,45,G2,30.25,C1,11,5,100
25896,THE DC OF KAROONDA EAST MURRAY,MANRCE,B3,2.18E-05,0.028079493,B3,55,B2,45,None,0,2,100
25898,THE DC OF LOXTON WAIKERIE,MINHtA,D3,9.45E-05,0.054765148,D3,35,C1,30,G2,15,5,100
25901,THE DC OF KAROONDA EAST MURRAY,BANRBA,B3,0.000313536,0.117126598,B3,60,H2,25,B2,15,3,100
25904,THE DC OF KAROONDA EAST MURRAY,KUNHqA,A4,5.91E-05,0.045504724,A4,35,C1,29.25,D2,22.75,4,100
25907,MID MURRAY COUNCIL,ROCLWe,G3,5.32E-05,0.076206155,G3,55,M1,20,G2,15,4,100
25908,THE DC OF LOXTON WAIKERIE,MINGtA,G2,4.23E-05,0.036677419,G2,41.25,H2,25,G1,15,5,100
25921,MID MURRAY COUNCIL,LMVSXI,A4,0.000348647,0.127552086,A4,45,G1,35,H2,20,3,100
25924,MID MURRAY COUNCIL,LMVSEC,A4,9.89E-05,0.059145312,A4,45,G1,35,H2,20,3,100
25937,THE DC OF LOXTON WAIKERIE,MINUNG,H2,0.000231086,0.128074966,H2,65,G2,19.25,C1,7,5,100
25940,THE DC OF LOXTON WAIKERIE,MINUNG,H2,0.000106607,0.084008337,H2,65,G2,19.25,C1,7,5,100
25941,THE DC OF KAROONDA EAST MURRAY,MINHtA,D3,0.000225622,0.124187903,D3,35,C1,30,G2,15,5,100
25946,THE DC OF KAROONDA EAST MURRAY,HALUNK,H2,9.26E-05,0.059774876,H2,55,C1,15.75,G2,13.5,5,100
25947,MID MURRAY COUNCIL,MPLLTe,F2,5.00E-05,0.083468802,F2,35,F1,30,M1,20,4,100
25948,THE DC OF KAROONDA EAST MURRAY,KUNUMJ,H2,0.000385118,0.111547508,H2,45,A4,35.75,G1,11,4,100
25949,MID MURRAY COUNCIL,REEEFC,A2,0.000121036,0.057332061,A2,65,C2,20,L1,15,3,100
25950,MID MURRAY COUNCIL,LMVUDo,H2,0.000123712,0.052846084,H2,46.25,G1,42.5,A4,11.25,3,100
25952,THE DC OF LOXTON WAIKERIE,MINUNF,H2,1.15E-05,0.017311285,H2,65,G2,19.25,C1,7,5,100
25955,THE DC OF LOXTON WAIKERIE,MINUNF,H2,3.54E-05,0.038047981,H2,65,G2,19.25,C1,7,5,100
25957,THE DC OF KAROONDA EAST MURRAY,KUNUUJ,B2,0.000994758,0.283549064,B2,55,H2,45,None,0,2,100
25959,THE DC OF KAROONDA EAST MURRAY,KEKOAE,H3,0.000741353,0.314062046,H3,60,H2,15,G2,11.25,5,100
25962,THE DC OF LOXTON WAIKERIE,MINUUJ,H2,6.45E-05,0.040313551,H2,45,B2,24.75,A4,19.25,4,100
25963,THE DC OF KAROONDA EAST MURRAY,MANU-D,H2,1.40E-05,0.017974686,H2,100,None,0,None,0,1,100
25970,THE DC OF LOXTON WAIKERIE,HALUNK,H2,5.22E-05,0.038283482,H2,55,C1,15.75,G2,13.5,5,100
25973,MID MURRAY COUNCIL,LMVXg-,E3,6.33E-05,0.063031287,E3,39,H2,25,N3,15,5,100
25976,THE DC OF LOXTON WAIKERIE,HALOAE,H3,3.64E-05,0.028346467,H3,75,G2,25,None,0,2,100
25977,THE DC OF LOXTON WAIKERIE,MINUNF,H2,6.23E-05,0.064455391,H2,65,G2,19.25,C1,7,5,100
25978,MID MURRAY COUNCIL,LMVA-l,RR,0.000584945,0.440240294,RR,100,None,0,None,0,1,100
25980,THE DC OF LOXTON WAIKERIE,HALQJZ,B2,0.000127758,0.090043351,B2,55,B3,45,None,0,2,100
25982,MID MURRAY COUNCIL,APAHHB,D2,0.000882374,0.241178585,D2,35.75,A4,35,C1,29.25,3,100
25983,THE DC OF LOXTON WAIKERIE,MINUNJ,H2,3.97E-05,0.041025236,H2,45,G2,30.25,C1,11,5,100
25984,THE DC OF LOXTON WAIKERIE,MINGtA,G2,0.000123644,0.071933885,G2,41.25,H2,25,G1,15,5,100
25986,THE DC OF LOXTON WAIKERIE,MINGtA,G2,0.000232349,0.088035476,G2,41.25,H2,25,G1,15,5,100
25989,THE DC OF LOXTON WAIKERIE,MINUUJ,H2,6.82E-05,0.04879447,H2,45,B2,24.75,A4,19.25,4,100
25993,THE DC OF KAROONDA EAST MURRAY,MANU-D,H2,1.62E-05,0.019283192,H2,100,None,0,None,0,1,100
25994,MID MURRAY COUNCIL,MPLCOD,K4,7.80E-06,0.01175031,K4,35,K5,30,L1,20,4,100
25998,MID MURRAY COUNCIL,LMVXg-,E3,3.59E-05,0.044103505,E3,39,H2,25,N3,15,5,100
25999,THE DC OF KAROONDA EAST MURRAY,MANRCE,B3,1.52E-05,0.01773015,B3,55,B2,45,None,0,2,100
26000,THE DC OF KAROONDA EAST MURRAY,MANRCE,B3,7.72E-06,0.010186722,B3,55,B2,45,None,0,2,100
26003,THE DC OF KAROONDA EAST MURRAY,HALO-A,H3,7.41E-05,0.069728166,H3,100,None,0,None,0,1,100
26008,THE DC OF LOXTON WAIKERIE,HALHgE,C1,2.73E-05,0.023586941,C1,80,B2,20,None,0,2,100
26010,MID MURRAY COUNCIL,LMVXv-,N3,8.68E-05,0.078553302,N3,75,WW,25,None,0,2,100
26012,THE DC OF KAROONDA EAST MURRAY,MANRCE,B3,3.61E-05,0.025190581,B3,55,B2,45,None,0,2,100
26015,MID MURRAY COUNCIL,LMVSEC,A4,8.79E-05,0.045741239,A4,45,G1,35,H2,20,3,100
26016,THE DC OF LOXTON WAIKERIE,MINQOB,B2,5.26E-05,0.033212913,B2,41.25,A4,33.75,H2,25,3,100
26022,THE DC OF KAROONDA EAST MURRAY,KUNQJZ,B2,0.000209324,0.132700182,B2,100,None,0,None,0,1,100
26024,MID MURRAY COUNCIL,TUNFdZ,J2,3.90E-05,0.04977704,J2,55,M3,45,None,0,2,100
26027,MID MURRAY COUNCIL,HOHFdD,J2,1.32E-05,0.017797515,J2,55,K1,45,None,0,2,100
26029,THE DC OF KAROONDA EAST MURRAY,SADHkA,D2,8.28E-05,0.038739553,D2,65,A4,20,C1,15,3,100
26031,THE DC OF KAROONDA EAST MURRAY,KUNQJZ,B2,4.77E-05,0.030456583,B2,100,None,0,None,0,1,100
26035,THE DC OF KAROONDA EAST MURRAY,KUNUUJ,B2,0.000111553,0.048777588,B2,55,H2,45,None,0,2,100
26037,MID MURRAY COUNCIL,REEAKB,C2,0.000247482,0.18258049,C2,55,L1,45,None,0,2,100
26038,THE DC OF KAROONDA EAST MURRAY,KUNSkB,A4,0.000131306,0.061962214,A4,39,H2,25,C1,15.75,5,100
26041,THE DC OF KAROONDA EAST MURRAY,SADSUB,A4,0.003214644,1.457066355,A4,60,H2,25,C1,15,3,100
26044,THE DC OF LOXTON WAIKERIE,MINQOB,B2,9.29E-05,0.044588609,B2,41.25,A4,33.75,H2,25,3,100
26048,THE DC OF KAROONDA EAST MURRAY,MANU-D,H2,1.47E-05,0.019445434,H2,100,None,0,None,0,1,100
26050,THE DC OF KAROONDA EAST MURRAY,KUNSkB,A4,6.06E-05,0.041487835,A4,39,H2,25,C1,15.75,5,100
26052,THE DC OF KAROONDA EAST MURRAY,MINUNF,H2,3.90E-05,0.039158888,H2,65,G2,19.25,C1,7,5,100
26056,MID MURRAY COUNCIL,BURSgC,A4,0.000557293,0.125653286,A4,65,H2,20,C1,15,3,100
26058,THE DC OF LOXTON WAIKERIE,MINUNJ,H2,0.000101137,0.068099308,H2,45,G2,30.25,C1,11,5,100
26060,THE DC OF KAROONDA EAST MURRAY,MINUNE,H2,0.000205656,0.13958802,H2,65,G2,19.25,C1,7,5,100
26063,THE DC OF LOXTON WAIKERIE,MINUNJ,H2,0.000189192,0.102276279,H2,45,G2,30.25,C1,11,5,100
26064,THE DC OF LOXTON WAIKERIE,MINUNJ,H2,4.35E-05,0.034476829,H2,45,G2,30.25,C1,11,5,100
26065,THE DC OF KAROONDA EAST MURRAY,BANScB,A4,3.42E-05,0.036615881,A4,48.75,H2,25,B2,15,4,100
26068,THE DC OF LOXTON WAIKERIE,MINHtA,D3,0.000159571,0.074884265,D3,35,C1,30,G2,15,5,100
26070,THE DC OF LOXTON WAIKERIE,MINUNF,H2,0.000168505,0.097939324,H2,65,G2,19.25,C1,7,5,100
26072,THE DC OF KAROONDA EAST MURRAY,MANU-D,H2,8.35E-05,0.082482022,H2,100,None,0,None,0,1,100
26074,THE DC OF LOXTON WAIKERIE,MINUNJ,H2,3.96E-05,0.031478594,H2,45,G2,30.25,C1,11,5,100
26077,MID MURRAY COUNCIL,BURQMB,B2,5.04E-05,0.034784716,B2,65,B3,20,A4,15,3,100
26083,MID MURRAY COUNCIL,TUNAnY,L1,3.25E-05,0.026659303,L1,55,K5,20,K3,15,4,100
26086,MID MURRAY COUNCIL,MPLCOD,K4,0.000101305,0.051011817,K4,35,K5,30,L1,20,4,100
26087,THE DC OF LOXTON WAIKERIE,MINHtA,D3,7.71E-05,0.047128184,D3,35,C1,30,G2,15,5,100
26090,MID MURRAY COUNCIL,NARDtZ,L1,3.81E-05,0.035031976,L1,55,D1,45,None,0,2,100
26092,THE DC OF LOXTON WAIKERIE,MINUNF,H2,0.000110359,0.080690746,H2,65,G2,19.25,C1,7,5,100
26095,THE DC OF LOXTON WAIKERIE,MINUNE,H2,0.000163894,0.140709479,H2,65,G2,19.25,C1,7,5,100
26098,THE DC OF LOXTON WAIKERIE,MINUNE,H2,2.47E-05,0.024819958,H2,65,G2,19.25,C1,7,5,100
26099,THE DC OF LOXTON WAIKERIE,MINUNG,H2,7.42E-05,0.057736753,H2,65,G2,19.25,C1,7,5,100
26101,MID MURRAY COUNCIL,BURQMB,B2,0.00017233,0.076050728,B2,65,B3,20,A4,15,3,100
26102,THE DC OF LOXTON WAIKERIE,MINGtA,G2,0.00034744,0.155301497,G2,41.25,H2,25,G1,15,5,100
26105,THE DC OF LOXTON WAIKERIE,MINUNF,H2,7.93E-05,0.076987214,H2,65,G2,19.25,C1,7,5,100
26106,THE DC OF LOXTON WAIKERIE,HALRFZ,B3,9.57E-05,0.053743982,B3,80,B2,20,None,0,2,100
26107,THE DC OF LOXTON WAIKERIE,MINUUJ,H2,4.48E-05,0.052205719,H2,45,B2,24.75,A4,19.25,4,100
26109,THE DC OF LOXTON WAIKERIE,MINUNH,H2,0.000364884,0.211328327,H2,45,G2,30.25,C1,11,5,100
26110,THE DC OF KAROONDA EAST MURRAY,MINUNF,H2,2.94E-05,0.033125241,H2,65,G2,19.25,C1,7,5,100
26120,MID MURRAY COUNCIL,LMVSEC,A4,4.16E-05,0.035421462,A4,45,G1,35,H2,20,3,100
26122,THE DC OF KAROONDA EAST MURRAY,MINUNJ,H2,0.000197145,0.081003878,H2,45,G2,30.25,C1,11,5,100
26125,THE DC OF KAROONDA EAST MURRAY,HALUNF,H2,4.22E-05,0.03559631,H2,65,C1,12.25,G2,10.5,5,100
26128,THE DC OF LOXTON WAIKERIE,KEKOAI,H3,0.000169044,0.066668721,H3,36,G2,24.75,G1,19.25,5,100
26129,THE DC OF KAROONDA EAST MURRAY,BURQMB,B2,9.26E-05,0.048407755,B2,65,B3,20,A4,15,3,100
26133,THE DC OF KAROONDA EAST MURRAY,MINUNE,H2,0.000357468,0.202452873,H2,65,G2,19.25,C1,7,5,100
26135,THE DC OF LOXTON WAIKERIE,MINUUJ,H2,8.39E-05,0.054462072,H2,45,B2,24.75,A4,19.25,4,100
26136,MID MURRAY COUNCIL,REEAKB,C2,5.83E-05,0.055002008,C2,55,L1,45,None,0,2,100
26139,THE DC OF KAROONDA EAST MURRAY,HALUNK,H2,8.92E-05,0.07272812,H2,55,C1,15.75,G2,13.5,5,100
26140,MID MURRAY COUNCIL,MANRCE,B3,1.07E-05,0.013152382,B3,55,B2,45,None,0,2,100
26142,MID MURRAY COUNCIL,LMVSXD,G1,0.000135302,0.084145814,G1,37.5,A4,33.75,H2,28.75,3,100
26147,THE DC OF LOXTON WAIKERIE,MINUNE,H2,0.000153554,0.108235331,H2,65,G2,19.25,C1,7,5,100
26148,THE DC OF LOXTON WAIKERIE,MINUUJ,H2,2.43E-05,0.026080758,H2,45,B2,24.75,A4,19.25,4,100
26149,MID MURRAY COUNCIL,MANSdA,A4,6.77E-05,0.03838908,A4,75,B2,25,None,0,2,100
26150,THE DC OF KAROONDA EAST MURRAY,MINUNF,H2,0.000755407,0.201731164,H2,65,G2,19.25,C1,7,5,100
26153,MID MURRAY COUNCIL,LMVSXI,A4,0.000107591,0.050471167,A4,45,G1,35,H2,20,3,100
26155,THE DC OF KAROONDA EAST MURRAY,MINUNF,H2,4.37E-05,0.033834736,H2,65,G2,19.25,C1,7,5,100
26156,THE DC OF LOXTON WAIKERIE,MINGtA,G2,9.62E-05,0.066539156,G2,41.25,H2,25,G1,15,5,100
26158,THE DC OF LOXTON WAIKERIE,MINUNJ,H2,0.000337443,0.189462116,H2,45,G2,30.25,C1,11,5,100
26164,THE DC OF LOXTON WAIKERIE,MINUNG,H2,3.83E-05,0.033664181,H2,65,G2,19.25,C1,7,5,100
26165,THE DC OF LOXTON WAIKERIE,MINQJB,B2,4.48E-05,0.030918909,B2,55,A4,45,None,0,2,100
26171,THE DC OF KAROONDA EAST MURRAY,HALUNK,H2,4.84E-05,0.042260255,H2,55,C1,15.75,G2,13.5,5,100
26175,MID MURRAY COUNCIL,PUNQMZ,B2,5.70E-05,0.042572861,B2,100,None,0,None,0,1,100
26177,MID MURRAY COUNCIL,BURQMB,B2,9.71E-06,0.01381279,B2,65,B3,20,A4,15,3,100
26178,MID MURRAY COUNCIL,LMVXh-,WW,0.000107668,0.066065113,WW,65,N3,20,E3,9.75,5,100
26185,THE DC OF KAROONDA EAST MURRAY,MANU-D,H2,2.94E-05,0.031594397,H2,100,None,0,None,0,1,100
26186,MID MURRAY COUNCIL,LMVXh-,WW,4.74E-05,0.045904935,WW,65,N3,20,E3,9.75,5,100
26192,THE DC OF KAROONDA EAST MURRAY,HALUNI,H2,0.000336616,0.175217223,H2,45,C1,19.25,G2,16.5,5,100
26193,MID MURRAY COUNCIL,REEKXJ,M1,0.000176606,0.150313295,M1,65,A3,20,M4,15,3,100
26195,MID MURRAY COUNCIL,HOHLTe,F2,6.77E-05,0.075621619,F2,35,F1,30,M1,20,4,100
26196,THE DC OF KAROONDA EAST MURRAY,MANSfB,A4,0.000106575,0.098169498,A4,50,B2,25,H2,25,3,100
26197,THE DC OF LOXTON WAIKERIE,MINUNE,H2,0.000247812,0.094912562,H2,65,G2,19.25,C1,7,5,100
26198,THE DC OF LOXTON WAIKERIE,MINHtA,D3,0.000161912,0.079015856,D3,35,C1,30,G2,15,5,100
26202,MID MURRAY COUNCIL,BLTQHA,B2,0.000292127,0.087976759,B2,100,None,0,None,0,1,100
26204,THE DC OF LOXTON WAIKERIE,MINUUI,H2,8.66E-05,0.059450518,H2,45,B2,24.75,A4,19.25,4,100
26206,MID MURRAY COUNCIL,NAHSWE,G1,6.99E-05,0.044745618,G1,40,A4,30.1,B2,29.9,3,100
26216,THE DC OF KAROONDA EAST MURRAY,BANQOZ,B2,1.36E-05,0.014410798,B2,75,H2,25,None,0,2,100
26218,MID MURRAY COUNCIL,BURUJb,H2,0.000196573,0.088728419,H2,65,B2,15.75,A4,12.25,4,100
26219,MID MURRAY COUNCIL,LMVSXII,A4,0.000105456,0.04174125,A4,45,G1,35,H2,20,3,100
26220,THE DC OF LOXTON WAIKERIE,MINUUG,H2,8.05E-05,0.05523161,H2,65,B2,15.75,A4,12.25,4,100
26223,THE DC OF LOXTON WAIKERIE,MINUNF,H2,1.95E-05,0.023735417,H2,65,G2,19.25,C1,7,5,100
26225,MID MURRAY COUNCIL,LMVXs-,N3,0.000119415,0.081291111,N3,100,None,0,None,0,1,100
26227,THE DC OF LOXTON WAIKERIE,MINUNJ,H2,3.19E-05,0.028772281,H2,45,G2,30.25,C1,11,5,100
26228,THE DC OF KAROONDA EAST MURRAY,MINUNJ,H2,0.000109275,0.080249533,H2,45,G2,30.25,C1,11,5,100
26230,THE DC OF KAROONDA EAST MURRAY,KUNUMF,H2,0.000237998,0.086631778,H2,65,A4,22.75,G1,7,4,100
26232,THE DC OF LOXTON WAIKERIE,MINGtA,G2,7.51E-05,0.065400668,G2,41.25,H2,25,G1,15,5,100
26234,MID MURRAY COUNCIL,HOHBqD,K2,0.000203835,0.108658969,K2,35,K3,30,L1,15,5,100
26236,MID MURRAY COUNCIL,SAUSSI,A4,0.000294084,0.161116808,A4,80,B8,20,None,0,2,100
26237,MID MURRAY COUNCIL,HOHAoC,K2,1.50E-05,0.023015863,K2,35,L1,30,K4,15,5,100
26242,THE DC OF KAROONDA EAST MURRAY,MANSfB,A4,4.38E-05,0.03187567,A4,50,B2,25,H2,25,3,100
26248,THE DC OF LOXTON WAIKERIE,MINUUG,H2,0.000104304,0.055622122,H2,65,B2,15.75,A4,12.25,4,100
26251,THE DC OF KAROONDA EAST MURRAY,MANRCE,B3,3.62E-05,0.027164851,B3,55,B2,45,None,0,2,100
26257,THE DC OF KAROONDA EAST MURRAY,MANU-D,H2,9.69E-06,0.016761767,H2,100,None,0,None,0,1,100
26261,MID MURRAY COUNCIL,LMVSXC,G1,9.61E-05,0.054573851,G1,37.5,A4,33.75,H2,28.75,3,100
26263,THE DC OF KAROONDA EAST MURRAY,MINGtA,G2,0.000380023,0.174892386,G2,41.25,H2,25,G1,15,5,100
26264,THE DC OF KAROONDA EAST MURRAY,HALUNK,H2,3.34E-05,0.035833829,H2,55,C1,15.75,G2,13.5,5,100
26267,THE DC OF KAROONDA EAST MURRAY,KUNSkB,A4,0.000212859,0.091523392,A4,39,H2,25,C1,15.75,5,100
26274,THE DC OF LOXTON WAIKERIE,MINUNG,H2,9.44E-05,0.07219694,H2,65,G2,19.25,C1,7,5,100
26276,THE DC OF LOXTON WAIKERIE,MINUUJ,H2,0.000349009,0.199545065,H2,45,B2,24.75,A4,19.25,4,100
26277,THE DC OF KAROONDA EAST MURRAY,KUNHkA,C1,0.000100848,0.062685155,C1,45,D2,35,G1,20,3,100
26278,MID MURRAY COUNCIL,NARAKC,L1,0.000109361,0.048492209,L1,55,C2,20,D1,15,4,100
26281,MID MURRAY COUNCIL,MANU-D,H2,1.53E-05,0.018028429,H2,100,None,0,None,0,1,100
26282,THE DC OF LOXTON WAIKERIE,MINQOB,B2,4.28E-05,0.027504117,B2,41.25,A4,33.75,H2,25,3,100
26285,THE DC OF KAROONDA EAST MURRAY,MINUNJ,H2,0.002289708,0.76649885,H2,45,G2,30.25,C1,11,5,100
26291,THE DC OF KAROONDA EAST MURRAY,MINUNE,H2,0.000523634,0.278293709,H2,65,G2,19.25,C1,7,5,100
26292,MID MURRAY COUNCIL,LMVSXD,G1,4.30E-05,0.033337002,G1,37.5,A4,33.75,H2,28.75,3,100
26296,THE DC OF KAROONDA EAST MURRAY,HALUNI,H2,3.30E-05,0.026586018,H2,45,C1,19.25,G2,16.5,5,100
26298,THE DC OF LOXTON WAIKERIE,MINUUJ,H2,0.00039661,0.114733047,H2,45,B2,24.75,A4,19.25,4,100
26301,MID MURRAY COUNCIL,NARAKC,L1,2.10E-05,0.019554558,L1,55,C2,20,D1,15,4,100
26303,THE DC OF LOXTON WAIKERIE,MINUUI,H2,0.00017779,0.074742461,H2,45,B2,24.75,A4,19.25,4,100
26304,THE DC OF LOXTON WAIKERIE,MINUNF,H2,8.16E-05,0.068153992,H2,65,G2,19.25,C1,7,5,100
26308,MID MURRAY COUNCIL,NAHU-B,H2,3.82E-05,0.029489272,H2,100,None,0,None,0,1,100
26310,MID MURRAY COUNCIL,BURQcB,B2,4.06E-05,0.033036573,B2,41.25,H2,25,A4,15,5,100
26311,THE DC OF LOXTON WAIKERIE,MINUNF,H2,4.46E-05,0.046750527,H2,65,G2,19.25,C1,7,5,100
26315,THE DC OF KAROONDA EAST MURRAY,MINGtA,G2,9.94E-05,0.054941667,G2,41.25,H2,25,G1,15,5,100
26317,MID MURRAY COUNCIL,ROCLWe,G3,3.23E-05,0.038046452,G3,55,M1,20,G2,15,4,100
26318,THE DC OF LOXTON WAIKERIE,KEKOAF,H3,0.000369113,0.10698332,H3,52,G2,15.75,H2,13,5,100
26319,THE DC OF LOXTON WAIKERIE,MINUNJ,H2,7.56E-05,0.05625047,H2,45,G2,30.25,C1,11,5,100
26320,THE DC OF LOXTON WAIKERIE,MINUNE,H2,0.000203949,0.115965616,H2,65,G2,19.25,C1,7,5,100
26325,THE DC OF KAROONDA EAST MURRAY,MINUNJ,H2,5.49E-05,0.032915366,H2,45,G2,30.25,C1,11,5,100
26326,THE DC OF LOXTON WAIKERIE,KEKOAE,H3,0.000919478,0.322862477,H3,60,H2,15,G2,11.25,5,100
26328,THE DC OF LOXTON WAIKERIE,MINUNG,H2,1.80E-05,0.020672999,H2,65,G2,19.25,C1,7,5,100
26329,THE DC OF LOXTON WAIKERIE,MINHtA,D3,4.43E-05,0.036966221,D3,35,C1,30,G2,15,5,100
26332,THE DC OF KAROONDA EAST MURRAY,KUNQJZ,B2,0.000130429,0.085242234,B2,100,None,0,None,0,1,100
26338,THE DC OF LOXTON WAIKERIE,MINUNF,H2,4.39E-05,0.040862084,H2,65,G2,19.25,C1,7,5,100
26339,THE DC OF LOXTON WAIKERIE,MINUNF,H2,3.71E-05,0.046395941,H2,65,G2,19.25,C1,7,5,100
26345,THE DC OF KAROONDA EAST MURRAY,KUNQJZ,B2,8.85E-05,0.050682079,B2,100,None,0,None,0,1,100
26349,MID MURRAY COUNCIL,BURQcB,B2,6.90E-05,0.050747461,B2,41.25,H2,25,A4,15,5,100
26350,MID MURRAY COUNCIL,ROCLWe,G3,3.80E-05,0.032356156,G3,55,M1,20,G2,15,4,100
26351,THE DC OF KAROONDA EAST MURRAY,MANQMA,B2,7.08E-05,0.054000412,B2,65,A4,20,B3,15,3,100
26353,MID MURRAY COUNCIL,LMVSXD,G1,0.000137849,0.075454254,G1,37.5,A4,33.75,H2,28.75,3,100
26354,THE DC OF KAROONDA EAST MURRAY,SADUJc,H2,0.000132635,0.054958348,H2,65,A4,14,D2,10.535,4,100
26356,THE DC OF LOXTON WAIKERIE,MINHtA,D3,0.000184413,0.09762711,D3,35,C1,30,G2,15,5,100
26357,THE DC OF LOXTON WAIKERIE,MINHtA,D3,6.47E-05,0.03913587,D3,35,C1,30,G2,15,5,100
26358,MID MURRAY COUNCIL,MANU-D,H2,3.79E-05,0.026074833,H2,100,None,0,None,0,1,100
26359,THE DC OF KAROONDA EAST MURRAY,MINUNF,H2,5.65E-05,0.034572287,H2,65,G2,19.25,C1,7,5,100
26362,THE DC OF LOXTON WAIKERIE,HALUNF,H2,6.28E-05,0.051520787,H2,65,C1,12.25,G2,10.5,5,100
26366,MID MURRAY COUNCIL,REEKXJ,M1,7.03E-05,0.059321401,M1,65,A3,20,M4,15,3,100
26370,THE DC OF LOXTON WAIKERIE,MINUNF,H2,2.60E-05,0.028805571,H2,65,G2,19.25,C1,7,5,100
26374,THE DC OF KAROONDA EAST MURRAY,BANScB,A4,0.000178934,0.086926486,A4,48.75,H2,25,B2,15,4,100
26379,THE DC OF KAROONDA EAST MURRAY,MANRCE,B3,4.29E-06,0.007618143,B3,55,B2,45,None,0,2,100
26380,MID MURRAY COUNCIL,LMVSEC,A4,3.44E-05,0.042448361,A4,45,G1,35,H2,20,3,100
26381,MID MURRAY COUNCIL,LMVSXII,A4,0.000201855,0.085562436,A4,45,G1,35,H2,20,3,100
26385,MID MURRAY COUNCIL,LMVSXII,A4,3.90E-05,0.034688058,A4,45,G1,35,H2,20,3,100
26392,THE DC OF KAROONDA EAST MURRAY,MANRCE,B3,1.09E-05,0.011980812,B3,55,B2,45,None,0,2,100
26399,THE DC OF KAROONDA EAST MURRAY,MANRCE,B3,2.80E-05,0.01952656,B3,55,B2,45,None,0,2,100
26400,THE DC OF LOXTON WAIKERIE,MINHtA,D3,5.64E-05,0.03175268,D3,35,C1,30,G2,15,5,100
26401,MID MURRAY COUNCIL,MPLLTe,F2,6.42E-06,0.013186405,F2,35,F1,30,M1,20,4,100
26404,THE DC OF KAROONDA EAST MURRAY,MINHtA,D3,0.000777862,0.28061656,D3,35,C1,30,G2,15,5,100
26405,MID MURRAY COUNCIL,LMVSXD,G1,0.000242623,0.115575793,G1,37.5,A4,33.75,H2,28.75,3,100
26406,MID MURRAY COUNCIL,ROCAiC,K3,0.000393853,0.170785952,K3,40,L1,30.1,K5,29.9,3,100
26409,THE DC OF KAROONDA EAST MURRAY,LMVSEC,A4,0.000152034,0.059432685,A4,45,G1,35,H2,20,3,100
26410,THE DC OF LOXTON WAIKERIE,MINUNF,H2,0.000114179,0.110382678,H2,65,G2,19.25,C1,7,5,100
26411,MID MURRAY COUNCIL,REEEFC,A2,0.000148179,0.119358905,A2,65,C2,20,L1,15,3,100
26412,THE DC OF KAROONDA EAST MURRAY,BURQcB,B2,0.001313206,0.252089602,B2,41.25,H2,25,A4,15,5,100
26413,MID MURRAY COUNCIL,MPLCOD,K4,4.83E-05,0.039805697,K4,35,K5,30,L1,20,4,100
26414,THE DC OF LOXTON WAIKERIE,MINUUJ,H2,9.92E-05,0.078115469,H2,45,B2,24.75,A4,19.25,4,100
26415,MID MURRAY COUNCIL,ROCCUD,K3,0.000374364,0.156435302,K3,55,K5,45,None,0,2,100
26418,THE DC OF KAROONDA EAST MURRAY,SADHkA,D2,6.26E-05,0.034973321,D2,65,A4,20,C1,15,3,100
26422,THE DC OF LOXTON WAIKERIE,KEKOAE,H3,0.000673287,0.249871168,H3,60,H2,15,G2,11.25,5,100
26423,THE DC OF LOXTON WAIKERIE,MINGtA,G2,5.20E-05,0.042791228,G2,41.25,H2,25,G1,15,5,100
26426,THE DC OF LOXTON WAIKERIE,MINHtA,D3,7.54E-05,0.042832505,D3,35,C1,30,G2,15,5,100
26427,THE DC OF KAROONDA EAST MURRAY,MINUNJ,H2,0.000102146,0.059985623,H2,45,G2,30.25,C1,11,5,100
26428,THE DC OF KAROONDA EAST MURRAY,BANScB,A4,0.000725446,0.274400905,A4,48.75,H2,25,B2,15,4,100
26429,THE DC OF LOXTON WAIKERIE,MINHtA,D3,0.000194073,0.10650524,D3,35,C1,30,G2,15,5,100
26432,THE DC OF LOXTON WAIKERIE,MINHtA,D3,6.52E-05,0.04008274,D3,35,C1,30,G2,15,5,100
26433,THE DC OF KAROONDA EAST MURRAY,KUNQJZ,B2,0.00015898,0.102584352,B2,100,None,0,None,0,1,100
26434,MID MURRAY COUNCIL,MPLCOD,K4,2.20E-05,0.019494421,K4,35,K5,30,L1,20,4,100
26436,THE DC OF KAROONDA EAST MURRAY,BANRBA,B3,0.000399102,0.182071113,B3,60,H2,25,B2,15,3,100
26438,THE DC OF LOXTON WAIKERIE,HALUNK,H2,9.50E-05,0.053502391,H2,55,C1,15.75,G2,13.5,5,100
26440,THE DC OF LOXTON WAIKERIE,MINQOB,B2,0.000159555,0.067684225,B2,41.25,A4,33.75,H2,25,3,100
26443,MID MURRAY COUNCIL,REEEFC,A2,5.17E-05,0.0309345,A2,65,C2,20,L1,15,3,100
26444,MID MURRAY COUNCIL,REEAKB,C2,0.000150896,0.108756895,C2,55,L1,45,None,0,2,100
26446,MID MURRAY COUNCIL,TUNFdZ,J2,2.81E-05,0.030165357,J2,55,M3,45,None,0,2,100
26447,THE DC OF LOXTON WAIKERIE,KEKOAE,H3,0.000541403,0.169340094,H3,60,H2,15,G2,11.25,5,100
26449,MID MURRAY COUNCIL,BURQMB,B2,6.78E-05,0.048044181,B2,65,B3,20,A4,15,3,100
26453,THE DC OF LOXTON WAIKERIE,MINUNF,H2,1.85E-05,0.032070795,H2,65,G2,19.25,C1,7,5,100
26457,THE DC OF KAROONDA EAST MURRAY,MINUNF,H2,0.000405095,0.140586372,H2,65,G2,19.25,C1,7,5,100
26458,MID MURRAY COUNCIL,REEAgB,L1,0.000127037,0.084296799,L1,55,C2,45,None,0,2,100
26459,THE DC OF LOXTON WAIKERIE,HALUNK,H2,0.000104332,0.081537533,H2,55,C1,15.75,G2,13.5,5,100
26462,THE DC OF KAROONDA EAST MURRAY,MINUNF,H2,0.00019621,0.122373093,H2,65,G2,19.25,C1,7,5,100
26463,THE DC OF LOXTON WAIKERIE,HALOAE,H3,0.000191066,0.09133176,H3,75,G2,25,None,0,2,100
26464,MID MURRAY COUNCIL,LMVUDp,H2,4.24E-05,0.026766891,H2,42.75,G1,41.5,A4,15.75,3,100
26466,THE DC OF LOXTON WAIKERIE,MINQOB,B2,0.000107235,0.064783231,B2,41.25,A4,33.75,H2,25,3,100
26471,MID MURRAY COUNCIL,RATETI,L1,3.75E-05,0.033188981,L1,40,K3,30.1,D1,29.9,3,100
26472,THE DC OF LOXTON WAIKERIE,MINQOB,B2,0.000336942,0.181188638,B2,41.25,A4,33.75,H2,25,3,100
26475,MID MURRAY COUNCIL,TUNAnY,L1,0.000162859,0.09950645,L1,55,K5,20,K3,15,4,100
26478,THE DC OF LOXTON WAIKERIE,MINUNF,H2,3.21E-05,0.026234335,H2,65,G2,19.25,C1,7,5,100
26479,MID MURRAY COUNCIL,REEEFC,A2,0.000283928,0.141676653,A2,65,C2,20,L1,15,3,100
26480,MID MURRAY COUNCIL,HOHBqD,K2,6.73E-05,0.077018039,K2,35,K3,30,L1,15,5,100
26489,MID MURRAY COUNCIL,MANRCE,B3,9.84E-06,0.011799638,B3,55,B2,45,None,0,2,100
26490,THE DC OF KAROONDA EAST MURRAY,BURQcB,B2,0.021595828,4.332813675,B2,41.25,H2,25,A4,15,5,100
26493,THE DC OF LOXTON WAIKERIE,MINUNF,H2,1.96E-05,0.028452568,H2,65,G2,19.25,C1,7,5,100
26494,THE DC OF KAROONDA EAST MURRAY,BANQOZ,B2,2.66E-05,0.034587786,B2,75,H2,25,None,0,2,100
26501,THE DC OF KAROONDA EAST MURRAY,MANU-D,H2,2.23E-05,0.025140671,H2,100,None,0,None,0,1,100
26503,THE DC OF KAROONDA EAST MURRAY,MANU-D,H2,5.22E-05,0.042561132,H2,100,None,0,None,0,1,100
26506,MID MURRAY COUNCIL,TUNAnY,L1,0.000512491,0.26627892,L1,55,K5,20,K3,15,4,100
26509,MID MURRAY COUNCIL,LMVSXII,A4,7.25E-05,0.045403691,A4,45,G1,35,H2,20,3,100
26511,THE DC OF LOXTON WAIKERIE,KEKOAE,H3,0.001476641,0.450562677,H3,60,H2,15,G2,11.25,5,100
26512,THE DC OF KAROONDA EAST MURRAY,LMVSXD,G1,0.000145388,0.076849056,G1,37.5,A4,33.75,H2,28.75,3,100
26513,MID MURRAY COUNCIL,PUNGQC,H2,0.001398198,0.292919199,H2,40,A4,20,D2,20,6,100
26515,THE DC OF LOXTON WAIKERIE,MINUNE,H2,4.67E-05,0.05890218,H2,65,G2,19.25,C1,7,5,100
26517,MID MURRAY COUNCIL,HOHFdD,J2,3.35E-05,0.041091958,J2,55,K1,45,None,0,2,100
26520,THE DC OF LOXTON WAIKERIE,MINUNF,H2,8.23E-05,0.058374577,H2,65,G2,19.25,C1,7,5,100
26523,MID MURRAY COUNCIL,PUNJKE,M4,0.000187054,0.149368885,M4,40,A3,30.1,M1,29.9,3,100
26529,MID MURRAY COUNCIL,NAHU-B,H2,1.61E-05,0.022491293,H2,100,None,0,None,0,1,100
26531,THE DC OF LOXTON WAIKERIE,MINUNE,H2,2.81E-05,0.037171117,H2,65,G2,19.25,C1,7,5,100
26533,THE DC OF KAROONDA EAST MURRAY,KUNHkA,C1,6.88E-05,0.044951798,C1,45,D2,35,G1,20,3,100
26534,THE DC OF KAROONDA EAST MURRAY,MANRCE,B3,3.11E-05,0.023852827,B3,55,B2,45,None,0,2,100
26540,THE DC OF KAROONDA EAST MURRAY,LMVSXD,G1,2.62E-05,0.035699067,G1,37.5,A4,33.75,H2,28.75,3,100
26541,THE DC OF KAROONDA EAST MURRAY,MANRCE,B3,1.24E-05,0.015887008,B3,55,B2,45,None,0,2,100
26544,THE DC OF KAROONDA EAST MURRAY,KUNHkA,C1,3.03E-05,0.029469405,C1,45,D2,35,G1,20,3,100
26546,THE DC OF LOXTON WAIKERIE,MINGtA,G2,7.00E-05,0.044503818,G2,41.25,H2,25,G1,15,5,100
26551,THE DC OF KAROONDA EAST MURRAY,KUNQJZ,B2,6.15E-05,0.034033472,B2,100,None,0,None,0,1,100
26552,THE DC OF LOXTON WAIKERIE,MINUNF,H2,4.41E-05,0.040106146,H2,65,G2,19.25,C1,7,5,100
26553,THE DC OF KAROONDA EAST MURRAY,MANU-D,H2,1.72E-05,0.022964626,H2,100,None,0,None,0,1,100
26555,MID MURRAY COUNCIL,APAQMB,B2,4.71E-05,0.030041201,B2,100,None,0,None,0,1,100
26564,THE DC OF LOXTON WAIKERIE,MINUUG,H2,8.38E-05,0.045060829,H2,65,B2,15.75,A4,12.25,4,100
26566,THE DC OF KAROONDA EAST MURRAY,BANUMF,H2,0.000309221,0.155069258,H2,65,B3,14,A4,10.535,4,100
26568,MID MURRAY COUNCIL,LMVXh-,WW,0.000263872,0.125593369,WW,65,N3,20,E3,9.75,5,100
26569,THE DC OF LOXTON WAIKERIE,MINUUI,H2,8.27E-05,0.064315879,H2,45,B2,24.75,A4,19.25,4,100
26572,THE DC OF KAROONDA EAST MURRAY,HALUNK,H2,1.75E-05,0.017774253,H2,55,C1,15.75,G2,13.5,5,100
26573,MID MURRAY COUNCIL,NARKXE,M1,1.88E-05,0.028313226,M1,55,M4,45,None,0,2,100
26574,THE DC OF LOXTON WAIKERIE,MINUNE,H2,2.74E-05,0.024934443,H2,65,G2,19.25,C1,7,5,100
26580,THE DC OF KAROONDA EAST MURRAY,BANQOZ,B2,1.18E-05,0.014921798,B2,75,H2,25,None,0,2,100
26581,MID MURRAY COUNCIL,MANRCE,B3,1.93E-05,0.017494134,B3,55,B2,45,None,0,2,100
26584,THE DC OF KAROONDA EAST MURRAY,HALUNK,H2,2.18E-05,0.028150543,H2,55,C1,15.75,G2,13.5,5,100
26590,MID MURRAY COUNCIL,BURQME,B2,0.000356584,0.125986087,B2,65,B3,20,A4,15,3,100
26594,MID MURRAY COUNCIL,LMVXg-,E3,9.49E-05,0.05729387,E3,39,H2,25,N3,15,5,100
26596,MID MURRAY COUNCIL,LMVXh-,WW,0.000212738,0.10584445,WW,65,N3,20,E3,9.75,5,100
26597,MID MURRAY COUNCIL,NARAKC,L1,0.000268827,0.13468381,L1,55,C2,20,D1,15,4,100
26598,MID MURRAY COUNCIL,MPLLTe,F2,1.29E-05,0.02096207,F2,35,F1,30,M1,20,4,100
26599,THE DC OF LOXTON WAIKERIE,MINHtA,D3,0.000162773,0.082855718,D3,35,C1,30,G2,15,5,100
26602,MID MURRAY COUNCIL,LMVSEC,A4,5.24E-05,0.036613477,A4,45,G1,35,H2,20,3,100
26606,THE DC OF LOXTON WAIKERIE,KEKOAE,H3,0.00028442,0.138826665,H3,60,H2,15,G2,11.25,5,100
26608,THE DC OF KAROONDA EAST MURRAY,BURSgC,A4,0.004018396,0.549368891,A4,65,H2,20,C1,15,3,100
26612,THE DC OF KAROONDA EAST MURRAY,MANU-D,H2,3.42E-05,0.037832232,H2,100,None,0,None,0,1,100
26617,THE DC OF LOXTON WAIKERIE,MINUNF,H2,0.000107889,0.064865666,H2,65,G2,19.25,C1,7,5,100
26620,THE DC OF LOXTON WAIKERIE,MINUNF,H2,4.94E-05,0.037093315,H2,65,G2,19.25,C1,7,5,100
26624,THE DC OF LOXTON WAIKERIE,MINUNF,H2,1.77E-05,0.022630291,H2,65,G2,19.25,C1,7,5,100
26625,THE DC OF LOXTON WAIKERIE,MINUUG,H2,0.000143023,0.074810037,H2,65,B2,15.75,A4,12.25,4,100
26626,MID MURRAY COUNCIL,TUNLUe,F2,5.14E-05,0.071522992,F2,45,M1,35,G3,20,3,100
26627,THE DC OF LOXTON WAIKERIE,MINUUJ,H2,0.000258657,0.091179203,H2,45,B2,24.75,A4,19.25,4,100
26628,THE DC OF LOXTON WAIKERIE,MINUNE,H2,0.000261105,0.140749109,H2,65,G2,19.25,C1,7,5,100
26630,MID MURRAY COUNCIL,SAUXHJ,M1,2.90E-05,0.033912067,M1,60,H2,25,A3,15,3,100
26634,THE DC OF LOXTON WAIKERIE,MINQOB,B2,0.000114307,0.063023355,B2,41.25,A4,33.75,H2,25,3,100
26637,THE DC OF LOXTON WAIKERIE,HALHgE,C1,6.34E-05,0.048865716,C1,80,B2,20,None,0,2,100
26638,THE DC OF LOXTON WAIKERIE,MINGtA,G2,3.69E-05,0.033084872,G2,41.25,H2,25,G1,15,5,100
26640,THE DC OF LOXTON WAIKERIE,MINQOB,B2,0.000214405,0.11636262,B2,41.25,A4,33.75,H2,25,3,100
26647,THE DC OF LOXTON WAIKERIE,MINUNG,H2,7.36E-05,0.059474831,H2,65,G2,19.25,C1,7,5,100
26648,THE DC OF KAROONDA EAST MURRAY,HALUNI,H2,3.34E-05,0.031772359,H2,45,C1,19.25,G2,16.5,5,100
26649,THE DC OF LOXTON WAIKERIE,MINUNF,H2,0.000390495,0.228060879,H2,65,G2,19.25,C1,7,5,100
26651,THE DC OF LOXTON WAIKERIE,MINUUJ,H2,0.001045841,0.415971085,H2,45,B2,24.75,A4,19.25,4,100
26653,THE DC OF KAROONDA EAST MURRAY,HALO-A,H3,6.08E-05,0.062251881,H3,100,None,0,None,0,1,100
26654,THE DC OF KAROONDA EAST MURRAY,MINUNE,H2,0.000382545,0.210524521,H2,65,G2,19.25,C1,7,5,100
26658,THE DC OF KAROONDA EAST MURRAY,KUNQJZ,B2,4.84E-05,0.027606093,B2,100,None,0,None,0,1,100
26664,THE DC OF KAROONDA EAST MURRAY,MANRCE,B3,4.36E-05,0.025860623,B3,55,B2,45,None,0,2,100
26666,THE DC OF KAROONDA EAST MURRAY,BANQOZ,B2,1.06E-05,0.013832171,B2,75,H2,25,None,0,2,100
26668,MID MURRAY COUNCIL,LMVSXC,G1,2.77E-05,0.025573204,G1,37.5,A4,33.75,H2,28.75,3,100
26670,MID MURRAY COUNCIL,HOHFdD,J2,1.45E-05,0.018403734,J2,55,K1,45,None,0,2,100
26672,THE DC OF KAROONDA EAST MURRAY,MINUNE,H2,1.73E-05,0.016998848,H2,65,G2,19.25,C1,7,5,100
26678,THE DC OF KAROONDA EAST MURRAY,HALUNK,H2,9.68E-06,0.014497678,H2,55,C1,15.75,G2,13.5,5,100
26679,THE DC OF KAROONDA EAST MURRAY,MANSfB,A4,9.59E-05,0.063162479,A4,50,B2,25,H2,25,3,100
26687,THE DC OF LOXTON WAIKERIE,HALUNK,H2,0.000115432,0.046208732,H2,55,C1,15.75,G2,13.5,5,100
26689,MID MURRAY COUNCIL,ROCLWe,G3,1.37E-05,0.019186764,G3,55,M1,20,G2,15,4,100
26691,THE DC OF LOXTON WAIKERIE,MINUNH,H2,0.000202482,0.113356796,H2,45,G2,30.25,C1,11,5,100
26694,THE DC OF KAROONDA EAST MURRAY,MINGtA,G2,0.000467886,0.163913068,G2,41.25,H2,25,G1,15,5,100
26695,MID MURRAY COUNCIL,REEEgC,A2,0.000192856,0.11180195,A2,100,None,0,None,0,1,100
26696,THE DC OF LOXTON WAIKERIE,MINQOB,B2,0.000155207,0.104879701,B2,41.25,A4,33.75,H2,25,3,100
26699,THE DC OF KAROONDA EAST MURRAY,KUNSkB,A4,8.60E-05,0.061354934,A4,39,H2,25,C1,15.75,5,100
26701,MID MURRAY COUNCIL,ROCAiC,K3,6.85E-05,0.051779173,K3,40,L1,30.1,K5,29.9,3,100
26703,MID MURRAY COUNCIL,MANRCE,B3,1.48E-05,0.014359821,B3,55,B2,45,None,0,2,100
26704,THE DC OF KAROONDA EAST MURRAY,MINUNJ,H2,3.50E-05,0.033260668,H2,45,G2,30.25,C1,11,5,100
26706,MID MURRAY COUNCIL,LMVSEC,A4,6.64E-05,0.044940123,A4,45,G1,35,H2,20,3,100
26710,THE DC OF KAROONDA EAST MURRAY,HALUNK,H2,1.33E-05,0.016539238,H2,55,C1,15.75,G2,13.5,5,100
26712,MID MURRAY COUNCIL,LMVSEC,A4,5.78E-05,0.041720753,A4,45,G1,35,H2,20,3,100
26717,THE DC OF KAROONDA EAST MURRAY,BANRBA,B3,9.07E-05,0.050835078,B3,60,H2,25,B2,15,3,100
26722,MID MURRAY COUNCIL,LMVSXC,G1,0.00012482,0.057226287,G1,37.5,A4,33.75,H2,28.75,3,100
26723,THE DC OF KAROONDA EAST MURRAY,MANU-D,H2,1.42E-05,0.018637162,H2,100,None,0,None,0,1,100
26724,MID MURRAY COUNCIL,MANU-D,H2,2.65E-05,0.026176224,H2,100,None,0,None,0,1,100
26726,THE DC OF LOXTON WAIKERIE,MINUUJ,H2,5.56E-05,0.038420088,H2,45,B2,24.75,A4,19.25,4,100
26727,MID MURRAY COUNCIL,REEEFC,A2,3.83E-05,0.029845479,A2,65,C2,20,L1,15,3,100
26731,THE DC OF LOXTON WAIKERIE,MINUNJ,H2,9.19E-05,0.043668625,H2,45,G2,30.25,C1,11,5,100
26733,THE DC OF KAROONDA EAST MURRAY,MINUNJ,H2,0.000412397,0.187783394,H2,45,G2,30.25,C1,11,5,100
26734,MID MURRAY COUNCIL,MANRCE,B3,8.58E-06,0.010633931,B3,55,B2,45,None,0,2,100
26739,MID MURRAY COUNCIL,HOHAoC,K2,2.25E-05,0.018200019,K2,35,L1,30,K4,15,5,100
26740,THE DC OF KAROONDA EAST MURRAY,KUNHkA,C1,2.67E-05,0.01921497,C1,45,D2,35,G1,20,3,100
26742,THE DC OF LOXTON WAIKERIE,MINHtA,D3,0.000196005,0.093928928,D3,35,C1,30,G2,15,5,100
26744,MID MURRAY COUNCIL,LMVA-l,RR,3.45E-05,0.037062057,RR,100,None,0,None,0,1,100
26747,THE DC OF LOXTON WAIKERIE,MINGtA,G2,0.000291346,0.133538722,G2,41.25,H2,25,G1,15,5,100
26749,MID MURRAY COUNCIL,HOHFdD,J2,3.58E-05,0.032599822,J2,55,K1,45,None,0,2,100
26750,THE DC OF KAROONDA EAST MURRAY,MANRCE,B3,5.28E-05,0.04113767,B3,55,B2,45,None,0,2,100
26751,THE DC OF LOXTON WAIKERIE,MINUNF,H2,1.48E-05,0.016360841,H2,65,G2,19.25,C1,7,5,100
26753,THE DC OF KAROONDA EAST MURRAY,MANRCE,B3,2.49E-05,0.019202376,B3,55,B2,45,None,0,2,100
26755,MID MURRAY COUNCIL,LMVXh-,WW,0.000122301,0.082758434,WW,65,N3,20,E3,9.75,5,100
26762,THE DC OF LOXTON WAIKERIE,MINHtA,D3,5.97E-05,0.047493636,D3,35,C1,30,G2,15,5,100
26763,THE DC OF LOXTON WAIKERIE,MINHtA,D3,0.000185897,0.08025174,D3,35,C1,30,G2,15,5,100
26764,MID MURRAY COUNCIL,REEJUC,D2,0.000230825,0.08981008,D2,55,C3,20,M4,15,4,100
26765,THE DC OF LOXTON WAIKERIE,MINUNJ,H2,0.000497289,0.196821674,H2,45,G2,30.25,C1,11,5,100
26768,THE DC OF LOXTON WAIKERIE,MINUNG,H2,5.18E-05,0.043746087,H2,65,G2,19.25,C1,7,5,100
26773,MID MURRAY COUNCIL,REEEFC,A2,0.000346102,0.123743671,A2,65,C2,20,L1,15,3,100
26775,MID MURRAY COUNCIL,HOHBqI,K2,0.000120489,0.107156553,K2,35,K3,30,L1,15,5,100
26779,MID MURRAY COUNCIL,TUNAnC,L1,0.000250035,0.15912592,L1,55,K5,20,K3,15,4,100
26781,THE DC OF KAROONDA EAST MURRAY,SADHkA,D2,0.00012697,0.05304022,D2,65,A4,20,C1,15,3,100
26782,THE DC OF LOXTON WAIKERIE,KEKGlB,G2,3.38E-05,0.036580543,G2,33.75,G1,26.25,H3,20,5,100
26787,THE DC OF KAROONDA EAST MURRAY,HALOAE,H3,3.63E-05,0.035862409,H3,75,G2,25,None,0,2,100
26788,THE DC OF KAROONDA EAST MURRAY,BANRCA,B3,0.000253699,0.110654951,B3,80,B2,20,None,0,2,100
26789,THE DC OF KAROONDA EAST MURRAY,HALUNK,H2,0.000183064,0.111770422,H2,55,C1,15.75,G2,13.5,5,100
26790,THE DC OF KAROONDA EAST MURRAY,MINUNF,H2,0.000104517,0.106850341,H2,65,G2,19.25,C1,7,5,100
26791,THE DC OF LOXTON WAIKERIE,MINUUG,H2,4.75E-05,0.036201173,H2,65,B2,15.75,A4,12.25,4,100
26793,THE DC OF LOXTON WAIKERIE,MINUNE,H2,8.27E-05,0.062112084,H2,65,G2,19.25,C1,7,5,100
26799,THE DC OF KAROONDA EAST MURRAY,HALHqA,C1,2.79E-05,0.025390166,C1,55,D3,20,G2,15,4,100
26800,THE DC OF LOXTON WAIKERIE,MINUNJ,H2,0.00022778,0.104236494,H2,45,G2,30.25,C1,11,5,100
26801,THE DC OF LOXTON WAIKERIE,MINQOB,B2,0.000356773,0.158965647,B2,41.25,A4,33.75,H2,25,3,100
26804,THE DC OF KAROONDA EAST MURRAY,HALUNK,H2,9.95E-05,0.060412974,H2,55,C1,15.75,G2,13.5,5,100
26805,THE DC OF LOXTON WAIKERIE,MINGtA,G2,4.36E-05,0.02781759,G2,41.25,H2,25,G1,15,5,100
26807,THE DC OF LOXTON WAIKERIE,MINHtA,D3,4.47E-05,0.029930269,D3,35,C1,30,G2,15,5,100
26816,MID MURRAY COUNCIL,LMVSXI,A4,6.48E-05,0.059126236,A4,45,G1,35,H2,20,3,100
26818,THE DC OF KAROONDA EAST MURRAY,MANSfB,A4,9.69E-05,0.048572801,A4,50,B2,25,H2,25,3,100
26819,THE DC OF LOXTON WAIKERIE,MINUNF,H2,1.09E-05,0.015899167,H2,65,G2,19.25,C1,7,5,100
26824,MID MURRAY COUNCIL,HOHFdD,J2,1.32E-05,0.016338301,J2,55,K1,45,None,0,2,100
26826,THE DC OF KAROONDA EAST MURRAY,MANRCE,B3,3.49E-05,0.022769942,B3,55,B2,45,None,0,2,100
26827,THE DC OF LOXTON WAIKERIE,MINUNG,H2,0.000154391,0.139826731,H2,65,G2,19.25,C1,7,5,100
26828,THE DC OF LOXTON WAIKERIE,MINQJB,B2,7.12E-05,0.046726467,B2,55,A4,45,None,0,2,100
26833,THE DC OF KAROONDA EAST MURRAY,HALUNK,H2,7.67E-05,0.071904265,H2,55,C1,15.75,G2,13.5,5,100
26836,THE DC OF KAROONDA EAST MURRAY,HALUNK,H2,0.000205008,0.097919959,H2,55,C1,15.75,G2,13.5,5,100
26840,MID MURRAY COUNCIL,MPLLTe,F2,1.06E-05,0.018231236,F2,35,F1,30,M1,20,4,100
26842,THE DC OF LOXTON WAIKERIE,MINHtA,D3,5.70E-05,0.040076698,D3,35,C1,30,G2,15,5,100
26843,THE DC OF LOXTON WAIKERIE,MINUNG,H2,6.49E-05,0.069420951,H2,65,G2,19.25,C1,7,5,100
26849,THE DC OF KAROONDA EAST MURRAY,MANQOA,B2,0.000283614,0.145144816,B2,48.75,H2,25,A4,15,4,100
26851,THE DC OF KAROONDA EAST MURRAY,KUNHkA,C1,4.13E-05,0.03619846,C1,45,D2,35,G1,20,3,100
26854,THE DC OF KAROONDA EAST MURRAY,KUNHkA,C1,9.14E-05,0.044555526,C1,45,D2,35,G1,20,3,100
26856,THE DC OF LOXTON WAIKERIE,HALHqA,C1,7.88E-05,0.041149899,C1,55,D3,20,G2,15,4,100
26858,MID MURRAY COUNCIL,MBEAKe,L1,0.000841898,0.351352125,L1,65,K3,20,D1,15,3,100
26860,THE DC OF LOXTON WAIKERIE,MINUNG,H2,1.82E-05,0.023621543,H2,65,G2,19.25,C1,7,5,100
26865,MID MURRAY COUNCIL,LMVSEC,A4,5.72E-05,0.046939211,A4,45,G1,35,H2,20,3,100
26866,THE DC OF LOXTON WAIKERIE,MINHtA,D3,0.000148644,0.073527261,D3,35,C1,30,G2,15,5,100
26867,THE DC OF LOXTON WAIKERIE,HALUNK,H2,0.00019751,0.07467392,H2,55,C1,15.75,G2,13.5,5,100
26869,MID MURRAY COUNCIL,APAJKA,D2,0.000188994,0.060981119,D2,45,A4,35,M4,20,3,100
26870,MID MURRAY COUNCIL,TUNLVe,M1,1.97E-05,0.024729623,M1,45,F2,35,G3,20,3,100
26871,THE DC OF LOXTON WAIKERIE,MINUNF,H2,9.68E-05,0.047395221,H2,65,G2,19.25,C1,7,5,100
26873,THE DC OF KAROONDA EAST MURRAY,LMVXh-,WW,0.000237482,0.09895349,WW,65,N3,20,E3,9.75,5,100
26875,THE DC OF KAROONDA EAST MURRAY,MINGtA,G2,0.000313197,0.151959362,G2,41.25,H2,25,G1,15,5,100
26877,MID MURRAY COUNCIL,LMVA-l,RR,0.000152269,0.148568957,RR,100,None,0,None,0,1,100
26879,MID MURRAY COUNCIL,LMVXh-,WW,0.000170264,0.082530405,WW,65,N3,20,E3,9.75,5,100
26884,THE DC OF KAROONDA EAST MURRAY,BANRCA,B3,7.14E-05,0.051619445,B3,80,B2,20,None,0,2,100
26887,MID MURRAY COUNCIL,TUNCQD,K4,0.00112167,0.290645299,K4,35,L1,30,K5,20,4,100
26894,THE DC OF KAROONDA EAST MURRAY,MINUNJ,H2,0.000133772,0.079554006,H2,45,G2,30.25,C1,11,5,100
26899,THE DC OF LOXTON WAIKERIE,MINUNJ,H2,7.69E-05,0.039420922,H2,45,G2,30.25,C1,11,5,100
26901,THE DC OF KAROONDA EAST MURRAY,MANSfB,A4,0.000171095,0.075617306,A4,50,B2,25,H2,25,3,100
26902,THE DC OF KAROONDA EAST MURRAY,BANUMf,H2,0.000105916,0.043941615,H2,45,B3,22,A4,16.555,4,100
26903,THE DC OF KAROONDA EAST MURRAY,HALHqA,C1,6.47E-05,0.040417554,C1,55,D3,20,G2,15,4,100
26905,MID MURRAY COUNCIL,LMVSXI,A4,0.000248655,0.108812504,A4,45,G1,35,H2,20,3,100
26910,THE DC OF KAROONDA EAST MURRAY,MINGtA,G2,0.000496437,0.1610969,G2,41.25,H2,25,G1,15,5,100
26914,THE DC OF KAROONDA EAST MURRAY,MINUNE,H2,0.000126309,0.126799825,H2,65,G2,19.25,C1,7,5,100
26915,THE DC OF LOXTON WAIKERIE,MINHtA,D3,0.000298903,0.16004876,D3,35,C1,30,G2,15,5,100
26920,THE DC OF KAROONDA EAST MURRAY,MANRCE,B3,6.09E-06,0.009298041,B3,55,B2,45,None,0,2,100
26924,MID MURRAY COUNCIL,LMVSEC,A4,4.63E-05,0.04370695,A4,45,G1,35,H2,20,3,100
26928,MID MURRAY COUNCIL,LMVA-l,RR,1.82E-05,0.023523375,RR,100,None,0,None,0,1,100
26930,MID MURRAY COUNCIL,LMVXh-,WW,0.000177245,0.077052276,WW,65,N3,20,E3,9.75,5,100
26932,MID MURRAY COUNCIL,ROCLWe,G3,0.001023092,0.649492374,G3,55,M1,20,G2,15,4,100
26934,THE DC OF KAROONDA EAST MURRAY,KUNSkB,A4,0.000161982,0.132653223,A4,39,H2,25,C1,15.75,5,100
26935,THE DC OF KAROONDA EAST MURRAY,KUNQJZ,B2,2.91E-05,0.027337783,B2,100,None,0,None,0,1,100
26938,THE DC OF KAROONDA EAST MURRAY,KUNHkA,C1,3.40E-05,0.027788642,C1,45,D2,35,G1,20,3,100
26940,THE DC OF KAROONDA EAST MURRAY,MANU-D,H2,3.16E-05,0.035638707,H2,100,None,0,None,0,1,100
26942,MID MURRAY COUNCIL,LMVXh-,WW,0.000131642,0.070619171,WW,65,N3,20,E3,9.75,5,100
26944,THE DC OF KAROONDA EAST MURRAY,MANU-D,H2,4.85E-05,0.056433897,H2,100,None,0,None,0,1,100
26949,MID MURRAY COUNCIL,REEJUB,D2,5.21E-05,0.038003446,D2,55,C3,20,M4,15,4,100
26950,THE DC OF LOXTON WAIKERIE,MINHtA,D3,0.000133728,0.065332772,D3,35,C1,30,G2,15,5,100
26953,MID MURRAY COUNCIL,APAJKE,D2,0.000189234,0.169636717,D2,45,A4,35,M4,20,3,100
26954,THE DC OF KAROONDA EAST MURRAY,MINHtA,D3,0.000358969,0.20386842,D3,35,C1,30,G2,15,5,100
26956,MID MURRAY COUNCIL,TUNLUe,F2,2.85E-05,0.040053977,F2,45,M1,35,G3,20,3,100
26958,THE DC OF LOXTON WAIKERIE,MINHtA,D3,2.81E-05,0.027749169,D3,35,C1,30,G2,15,5,100
26962,THE DC OF KAROONDA EAST MURRAY,HALUNF,H2,9.35E-05,0.062892324,H2,65,C1,12.25,G2,10.5,5,100
26963,THE DC OF LOXTON WAIKERIE,HALHqA,C1,6.92E-05,0.040829095,C1,55,D3,20,G2,15,4,100
26968,THE DC OF LOXTON WAIKERIE,MINUNG,H2,0.000153583,0.124876741,H2,65,G2,19.25,C1,7,5,100
26971,THE DC OF LOXTON WAIKERIE,HALQJZ,B2,7.19E-05,0.052946174,B2,55,B3,45,None,0,2,100
26976,THE DC OF LOXTON WAIKERIE,MINUUJ,H2,9.94E-05,0.053074728,H2,45,B2,24.75,A4,19.25,4,100
26978,THE DC OF LOXTON WAIKERIE,MINUNF,H2,2.57E-05,0.035345938,H2,65,G2,19.25,C1,7,5,100
26979,THE DC OF KAROONDA EAST MURRAY,BANQOZ,B2,1.05E-05,0.016061511,B2,75,H2,25,None,0,2,100
26981,MID MURRAY COUNCIL,LMVSXI,A4,0.000316925,0.116288477,A4,45,G1,35,H2,20,3,100
26982,THE DC OF LOXTON WAIKERIE,MINUNJ,H2,9.42E-05,0.062076692,H2,45,G2,30.25,C1,11,5,100
26983,MID MURRAY COUNCIL,MBEAKC,L1,8.17E-05,0.07576452,L1,65,K3,20,D1,15,3,100
26986,THE DC OF LOXTON WAIKERIE,MINUNF,H2,2.60E-05,0.024923601,H2,65,G2,19.25,C1,7,5,100
26988,THE DC OF LOXTON WAIKERIE,MINUNJ,H2,5.34E-05,0.055597954,H2,45,G2,30.25,C1,11,5,100
26989,THE DC OF KAROONDA EAST MURRAY,KUNUUJ,B2,0.001375985,0.356693099,B2,55,H2,45,None,0,2,100
26993,THE DC OF LOXTON WAIKERIE,MINQJB,B2,0.000110402,0.07335536,B2,55,A4,45,None,0,2,100
26994,THE DC OF LOXTON WAIKERIE,MINGtA,G2,9.40E-05,0.045841079,G2,41.25,H2,25,G1,15,5,100
26996,THE DC OF KAROONDA EAST MURRAY,MANU-D,H2,2.66E-05,0.036691194,H2,100,None,0,None,0,1,100
26997,THE DC OF LOXTON WAIKERIE,HALUNK,H2,3.90E-05,0.028455437,H2,55,C1,15.75,G2,13.5,5,100
26998,THE DC OF KAROONDA EAST MURRAY,MANU-D,H2,2.51E-05,0.026670727,H2,100,None,0,None,0,1,100
27001,THE DC OF KAROONDA EAST MURRAY,MANRCE,B3,1.78E-05,0.015295911,B3,55,B2,45,None,0,2,100
27002,THE DC OF KAROONDA EAST MURRAY,MINUNF,H2,1.89E-05,0.03058887,H2,65,G2,19.25,C1,7,5,100
27004,MID MURRAY COUNCIL,NAHU-B,H2,6.80E-05,0.043890611,H2,100,None,0,None,0,1,100
27005,THE DC OF KAROONDA EAST MURRAY,MANQOA,B2,4.89E-05,0.040975013,B2,48.75,H2,25,A4,15,4,100
27009,MID MURRAY COUNCIL,NAHSMH,A4,0.000121508,0.08873726,A4,65,B2,20,H2,15,3,100
27011,THE DC OF KAROONDA EAST MURRAY,KEKOAE,H3,0.000412722,0.12461437,H3,60,H2,15,G2,11.25,5,100
27012,THE RURAL CITY OF MURRAY BRIDGE,MBEAKC,L1,5.66E-05,0.035424618,L1,65,K3,20,D1,15,3,100
27013,THE RURAL CITY OF MURRAY BRIDGE,DIHETI,L1,0.000306977,0.146754312,L1,65,D1,20,K3,15,3,100
27015,MID MURRAY COUNCIL,ROCLWe,G3,0.000100771,0.102141495,G3,55,M1,20,G2,15,4,100
27016,THE DC OF KAROONDA EAST MURRAY,KUNQJZ,B2,2.54E-05,0.021555632,B2,100,None,0,None,0,1,100
27027,THE DC OF LOXTON WAIKERIE,BILOAF,H3,7.52E-05,0.049105553,H3,35.75,H2,29.25,G2,19.25,6,100
27030,THE DC OF LOXTON WAIKERIE,BILOAF,H3,0.001406917,0.491267804,H3,35.75,H2,29.25,G2,19.25,6,100
27033,THE DC OF KAROONDA EAST MURRAY,MINUNF,H2,6.69E-06,0.012510215,H2,65,G2,19.25,C1,7,5,100
27034,THE DC OF LOXTON WAIKERIE,MINUNF,H2,4.20E-05,0.037790063,H2,65,G2,19.25,C1,7,5,100
27037,THE DC OF KAROONDA EAST MURRAY,KUNHkA,C1,5.87E-05,0.035680838,C1,45,D2,35,G1,20,3,100
27040,THE DC OF KAROONDA EAST MURRAY,KUNSkB,A4,3.37E-05,0.029805662,A4,39,H2,25,C1,15.75,5,100
27044,THE DC OF KAROONDA EAST MURRAY,MINUNF,H2,1.48E-05,0.018423043,H2,65,G2,19.25,C1,7,5,100
27049,MID MURRAY COUNCIL,BURUJf,H2,0.000953582,0.146273401,H2,45,B2,24.75,A4,19.25,4,100
27051,THE DC OF KAROONDA EAST MURRAY,BILOAG,H3,0.006224392,1.514204676,H3,35.75,H2,29.25,G2,19.25,6,100
27058,THE DC OF LOXTON WAIKERIE,MINUUJ,H2,0.000151957,0.059920114,H2,45,B2,24.75,A4,19.25,4,100
27063,MID MURRAY COUNCIL,NARAKD,L1,3.35E-05,0.0369551,L1,55,C2,20,D1,15,4,100
27064,THE DC OF KAROONDA EAST MURRAY,MINUNF,H2,5.74E-05,0.068221371,H2,65,G2,19.25,C1,7,5,100
27071,THE DC OF KAROONDA EAST MURRAY,SADHpA,D2,5.62E-05,0.037149235,D2,48.75,H2,25,A4,15,4,100
27072,MID MURRAY COUNCIL,ROCLWe,G3,1.55E-05,0.020711427,G3,55,M1,20,G2,15,4,100
27074,THE DC OF KAROONDA EAST MURRAY,SADUJf,H2,0.000184835,0.067486024,H2,45,A4,22,D2,16.555,4,100
27087,THE DC OF KAROONDA EAST MURRAY,MINHtA,D3,0.000130389,0.064900151,D3,35,C1,30,G2,15,5,100
27088,MID MURRAY COUNCIL,LMVSXC,G1,0.001163539,0.298086044,G1,37.5,A4,33.75,H2,28.75,3,100
27089,THE DC OF KAROONDA EAST MURRAY,SADUJb,H2,3.84E-05,0.041346175,H2,65,A4,14,D2,10.535,4,100
27092,THE DC OF LOXTON WAIKERIE,MINUNJ,H2,5.65E-05,0.044172771,H2,45,G2,30.25,C1,11,5,100
27096,THE DC OF KAROONDA EAST MURRAY,SADQOZ,B2,5.05E-05,0.039867237,B2,60,H2,25,A4,15,3,100
27099,MID MURRAY COUNCIL,LMVXg-,E3,3.29E-05,0.049706348,E3,39,H2,25,N3,15,5,100
27109,THE DC OF LOXTON WAIKERIE,BILOAG,H3,8.18E-05,0.064537167,H3,35.75,H2,29.25,G2,19.25,6,100
27117,MID MURRAY COUNCIL,DIHALI,L1,0.001593215,0.570515093,L1,65,D1,20,C2,15,3,100
27122,MID MURRAY COUNCIL,LMVXi-,E3,0.000334986,0.117303084,E3,65,G1,20,M2,15,3,100
27127,THE DC OF KAROONDA EAST MURRAY,BILOAJ,G2,0.000528163,0.116281838,G2,30.25,H3,24.75,H2,20.25,6,100
27128,THE DC OF KAROONDA EAST MURRAY,BILOAG,H3,3.74E-05,0.03942795,H3,35.75,H2,29.25,G2,19.25,6,100
27129,THE DC OF LOXTON WAIKERIE,MINUUG,H2,4.29E-05,0.041815512,H2,65,B2,15.75,A4,12.25,4,100
27130,THE DC OF KAROONDA EAST MURRAY,MINUNF,H2,0.000153314,0.09458934,H2,65,G2,19.25,C1,7,5,100
27131,THE DC OF KAROONDA EAST MURRAY,MINUNJ,H2,0.00018093,0.08323719,H2,45,G2,30.25,C1,11,5,100
27132,THE DC OF LOXTON WAIKERIE,MINUUG,H2,5.12E-05,0.054329421,H2,65,B2,15.75,A4,12.25,4,100
27134,THE DC OF KAROONDA EAST MURRAY,SADQJZ,B2,0.000393861,0.212517461,B2,80,A4,20,None,0,2,100
27138,THE DC OF KAROONDA EAST MURRAY,KUNQJZ,B2,0.000167792,0.082105889,B2,100,None,0,None,0,1,100
27139,THE DC OF KAROONDA EAST MURRAY,SADQJZ,B2,9.06E-05,0.051548669,B2,80,A4,20,None,0,2,100
27140,THE DC OF KAROONDA EAST MURRAY,SADQJZ,B2,5.18E-05,0.032207758,B2,80,A4,20,None,0,2,100
27150,THE DC OF LOXTON WAIKERIE,KEKOAE,H3,8.29E-05,0.05549395,H3,60,H2,15,G2,11.25,5,100
27152,THE DC OF KAROONDA EAST MURRAY,SADHkA,D2,3.42E-05,0.021958519,D2,65,A4,20,C1,15,3,100
27153,MID MURRAY COUNCIL,LMVXi-,E3,0.000239458,0.099169277,E3,65,G1,20,M2,15,3,100
27155,MID MURRAY COUNCIL,NARKXC,M1,1.58E-05,0.016526013,M1,55,M4,45,None,0,2,100
27159,MID MURRAY COUNCIL,TUNFdZ,J2,1.47E-05,0.020791302,J2,55,M3,45,None,0,2,100
27160,THE DC OF KAROONDA EAST MURRAY,SADUJc,H2,8.36E-05,0.061792623,H2,65,A4,14,D2,10.535,4,100
27165,THE DC OF LOXTON WAIKERIE,MINUNF,H2,9.71E-05,0.049843512,H2,65,G2,19.25,C1,7,5,100
27175,MID MURRAY COUNCIL,LMVUDs,G1,0.000382575,0.17785102,G1,40.5,H2,39.25,A4,20.25,3,100
27180,THE DC OF KAROONDA EAST MURRAY,BILOAJ,G2,0.000622262,0.249610426,G2,30.25,H3,24.75,H2,20.25,6,100
27181,THE DC OF KAROONDA EAST MURRAY,SADHpA,D2,0.000282365,0.137159092,D2,48.75,H2,25,A4,15,4,100
27186,THE DC OF KAROONDA EAST MURRAY,BILOAF,H3,0.000365679,0.200378146,H3,35.75,H2,29.25,G2,19.25,6,100
27190,THE DC OF KAROONDA EAST MURRAY,SADHpA,D2,0.000634105,0.27934858,D2,48.75,H2,25,A4,15,4,100
27191,THE DC OF KAROONDA EAST MURRAY,SADHpA,D2,7.10E-05,0.061223943,D2,48.75,H2,25,A4,15,4,100
27197,THE DC OF LOXTON WAIKERIE,MINUNJ,H2,0.000593254,0.249183166,H2,45,G2,30.25,C1,11,5,100
27198,MID MURRAY COUNCIL,HOHAoI,K2,0.000366904,0.187892708,K2,35,L1,30,K4,15,5,100
27200,THE DC OF KAROONDA EAST MURRAY,KUNHkA,C1,0.00015094,0.087935371,C1,45,D2,35,G1,20,3,100
27202,MID MURRAY COUNCIL,PUNJKE,M4,4.81E-05,0.037486727,M4,40,A3,30.1,M1,29.9,3,100
27203,THE DC OF KAROONDA EAST MURRAY,SADHpA,D2,0.000104047,0.085063654,D2,48.75,H2,25,A4,15,4,100
27206,MID MURRAY COUNCIL,ROCAiC,K3,5.77E-05,0.051169847,K3,40,L1,30.1,K5,29.9,3,100
27213,THE DC OF LOXTON WAIKERIE,BILGhA,G2,8.05E-05,0.052409847,G2,32.5,D3,25,H3,13.75,6,100
27219,THE DC OF KAROONDA EAST MURRAY,SADQOZ,B2,0.00023347,0.124176907,B2,60,H2,25,A4,15,3,100
27220,THE DC OF LOXTON WAIKERIE,BILOAF,H3,0.000195314,0.080343294,H3,35.75,H2,29.25,G2,19.25,6,100
27221,THE DC OF KAROONDA EAST MURRAY,MINUNJ,H2,0.000986262,0.325220815,H2,45,G2,30.25,C1,11,5,100
27223,MID MURRAY COUNCIL,ROCCUC,K3,2.64E-05,0.021381664,K3,55,K5,45,None,0,2,100
27224,MID MURRAY COUNCIL,BURQMB,B2,3.52E-05,0.041610252,B2,65,B3,20,A4,15,3,100
27225,THE DC OF KAROONDA EAST MURRAY,SADUJf,H2,0.000987301,0.278104622,H2,45,A4,22,D2,16.555,4,100
27230,THE DC OF LOXTON WAIKERIE,MINUNG,H2,0.000401976,0.199676504,H2,65,G2,19.25,C1,7,5,100
27235,THE RURAL CITY OF MURRAY BRIDGE,DIHALC,L1,0.000154743,0.067638388,L1,65,D1,20,C2,15,3,100
27237,THE DC OF KAROONDA EAST MURRAY,SADHpA,D2,9.27E-05,0.064089754,D2,48.75,H2,25,A4,15,4,100
27240,MID MURRAY COUNCIL,ROCCUI,K3,7.41E-05,0.037956924,K3,55,K5,45,None,0,2,100
27241,THE DC OF LOXTON WAIKERIE,BILOAG,H3,0.000456865,0.269721451,H3,35.75,H2,29.25,G2,19.25,6,100
27242,THE DC OF LOXTON WAIKERIE,BILOAG,H3,7.99E-05,0.039506838,H3,35.75,H2,29.25,G2,19.25,6,100
27243,THE DC OF LOXTON WAIKERIE,BILOAG,H3,0.000496639,0.255042241,H3,35.75,H2,29.25,G2,19.25,6,100
27246,MID MURRAY COUNCIL,BURUJc,H2,0.000136364,0.06992436,H2,65,B2,15.75,A4,12.25,4,100
27247,MID MURRAY COUNCIL,ROCLWe,G3,2.29E-05,0.034943478,G3,55,M1,20,G2,15,4,100
27258,THE DC OF LOXTON WAIKERIE,BILOAF,H3,0.000311398,0.113111752,H3,35.75,H2,29.25,G2,19.25,6,100
27260,THE DC OF KAROONDA EAST MURRAY,MINUNF,H2,0.000127588,0.084467047,H2,65,G2,19.25,C1,7,5,100
27262,THE DC OF KAROONDA EAST MURRAY,SADHpA,D2,0.000148873,0.073406817,D2,48.75,H2,25,A4,15,4,100
27263,MID MURRAY COUNCIL,PALKXB,C1,0.001268163,0.327572771,C1,35,G1,30,A4,20,4,100
27264,THE DC OF KAROONDA EAST MURRAY,SADHkA,D2,5.23E-05,0.034593005,D2,65,A4,20,C1,15,3,100
27270,MID MURRAY COUNCIL,REEAgB,L1,2.50E-05,0.026182394,L1,55,C2,45,None,0,2,100
27274,THE DC OF KAROONDA EAST MURRAY,KUNQJZ,B2,9.19E-05,0.060400882,B2,100,None,0,None,0,1,100
27280,THE DC OF KAROONDA EAST MURRAY,MINUNJ,H2,9.77E-05,0.065137298,H2,45,G2,30.25,C1,11,5,100
27285,THE DC OF LOXTON WAIKERIE,BILOAG,H3,0.000189891,0.121250552,H3,35.75,H2,29.25,G2,19.25,6,100
27286,THE DC OF KAROONDA EAST MURRAY,BILOAF,H3,0.00029264,0.203588107,H3,35.75,H2,29.25,G2,19.25,6,100
27289,MID MURRAY COUNCIL,NARKXJ,M1,8.41E-05,0.101431459,M1,55,M4,45,None,0,2,100
27291,THE DC OF LOXTON WAIKERIE,BILOAI,G2,0.000135056,0.082897956,G2,30.25,H3,24.75,H2,20.25,6,100
27296,MID MURRAY COUNCIL,LMVSXD,G1,4.18E-05,0.039935756,G1,37.5,A4,33.75,H2,28.75,3,100
27298,THE DC OF KAROONDA EAST MURRAY,KUNSkB,A4,0.000129101,0.082761031,A4,39,H2,25,C1,15.75,5,100
27302,THE DC OF KAROONDA EAST MURRAY,MINUNJ,H2,1.78E-05,0.021393768,H2,45,G2,30.25,C1,11,5,100
27303,MID MURRAY COUNCIL,BURQMB,B2,1.60E-05,0.016755741,B2,65,B3,20,A4,15,3,100
27304,THE DC OF KAROONDA EAST MURRAY,KUNQJZ,B2,1.12E-05,0.012285451,B2,100,None,0,None,0,1,100
27311,THE DC OF KAROONDA EAST MURRAY,SADQOZ,B2,1.15E-05,0.013758224,B2,60,H2,25,A4,15,3,100
27312,MID MURRAY COUNCIL,BURUJc,H2,4.02E-05,0.034237161,H2,65,B2,15.75,A4,12.25,4,100
27314,MID MURRAY COUNCIL,BURQMB,B2,3.20E-05,0.024168107,B2,65,B3,20,A4,15,3,100
27317,THE DC OF LOXTON WAIKERIE,BILOAG,H3,6.71E-05,0.042832052,H3,35.75,H2,29.25,G2,19.25,6,100
27319,THE DC OF KAROONDA EAST MURRAY,SADQOZ,B2,5.91E-05,0.049080461,B2,60,H2,25,A4,15,3,100
27323,THE DC OF LOXTON WAIKERIE,BILHaA,D3,5.40E-05,0.034641501,D3,65,G3,20,G2,15,3,100
27328,THE DC OF KAROONDA EAST MURRAY,MINUNF,H2,6.49E-05,0.0478843,H2,65,G2,19.25,C1,7,5,100
27330,THE DC OF LOXTON WAIKERIE,MINUNJ,H2,0.000730693,0.241756341,H2,45,G2,30.25,C1,11,5,100
27332,THE DC OF LOXTON WAIKERIE,BILOAJ,G2,0.000194886,0.096791611,G2,30.25,H3,24.75,H2,20.25,6,100
27334,MID MURRAY COUNCIL,LMVSXI,A4,0.000266769,0.131300799,A4,45,G1,35,H2,20,3,100
27339,THE DC OF KAROONDA EAST MURRAY,KEKOAE,H3,0.0141454,3.452255536,H3,60,H2,15,G2,11.25,5,100
27343,THE DC OF LOXTON WAIKERIE,MINUNE,H2,6.85E-05,0.058458459,H2,65,G2,19.25,C1,7,5,100
27346,MID MURRAY COUNCIL,BURQMB,B2,5.43E-05,0.04424428,B2,65,B3,20,A4,15,3,100
27348,THE DC OF KAROONDA EAST MURRAY,KUNHkA,C1,3.93E-05,0.029071123,C1,45,D2,35,G1,20,3,100
27354,THE DC OF KAROONDA EAST MURRAY,MINUNF,H2,9.15E-06,0.012981224,H2,65,G2,19.25,C1,7,5,100
27356,THE DC OF LOXTON WAIKERIE,MINGtA,G2,8.07E-05,0.056921332,G2,41.25,H2,25,G1,15,5,100
27357,THE DC OF KAROONDA EAST MURRAY,SADQJZ,B2,3.93E-05,0.0332372,B2,80,A4,20,None,0,2,100
27364,MID MURRAY COUNCIL,LMVSXII,A4,0.000113781,0.04372828,A4,45,G1,35,H2,20,3,100
27368,MID MURRAY COUNCIL,LMVSXC,G1,0.000179236,0.062649935,G1,37.5,A4,33.75,H2,28.75,3,100
27370,THE DC OF LOXTON WAIKERIE,MINGtA,G2,8.33E-05,0.046380995,G2,41.25,H2,25,G1,15,5,100
27373,THE DC OF LOXTON WAIKERIE,MINUNG,H2,0.000111856,0.080999981,H2,65,G2,19.25,C1,7,5,100
27374,MID MURRAY COUNCIL,PALKXA,C1,0.000213643,0.082726514,C1,35,G1,30,A4,20,4,100
27385,THE DC OF LOXTON WAIKERIE,MINUNJ,H2,8.60E-05,0.051922942,H2,45,G2,30.25,C1,11,5,100
27387,THE DC OF LOXTON WAIKERIE,MINGtA,G2,8.47E-05,0.03981191,G2,41.25,H2,25,G1,15,5,100
27390,THE DC OF KAROONDA EAST MURRAY,KUNQJZ,B2,1.36E-05,0.015255088,B2,100,None,0,None,0,1,100
27392,THE DC OF LOXTON WAIKERIE,BILOAF,H3,0.000190514,0.078167316,H3,35.75,H2,29.25,G2,19.25,6,100
27394,MID MURRAY COUNCIL,DIHALI,L1,5.59E-05,0.041888576,L1,65,D1,20,C2,15,3,100
27401,THE DC OF KAROONDA EAST MURRAY,BILOAJ,G2,0.000431312,0.162557141,G2,30.25,H3,24.75,H2,20.25,6,100
27406,THE DC OF KAROONDA EAST MURRAY,MINGtA,G2,0.000599651,0.207993132,G2,41.25,H2,25,G1,15,5,100
27408,THE DC OF LOXTON WAIKERIE,KEKOAE,H3,0.00060117,0.203779645,H3,60,H2,15,G2,11.25,5,100
27410,THE DC OF KAROONDA EAST MURRAY,BILOAF,H3,0.000279755,0.096934071,H3,35.75,H2,29.25,G2,19.25,6,100
27414,THE DC OF LOXTON WAIKERIE,MINUNE,H2,3.82E-05,0.032274024,H2,65,G2,19.25,C1,7,5,100
27416,THE DC OF KAROONDA EAST MURRAY,MINUNE,H2,0.000108548,0.086089778,H2,65,G2,19.25,C1,7,5,100
27418,THE DC OF KAROONDA EAST MURRAY,MINUNF,H2,0.000298525,0.163533275,H2,65,G2,19.25,C1,7,5,100
27420,THE DC OF KAROONDA EAST MURRAY,MINHtA,D3,0.000836902,0.230307673,D3,35,C1,30,G2,15,5,100
27423,THE DC OF LOXTON WAIKERIE,MINUNG,H2,8.62E-05,0.066171317,H2,65,G2,19.25,C1,7,5,100
27425,THE DC OF LOXTON WAIKERIE,KEKOAG,H3,5.76E-05,0.043021453,H3,52,G2,15.75,H2,13,5,100
27427,THE DC OF KAROONDA EAST MURRAY,SADHkA,D2,0.000105796,0.058108713,D2,65,A4,20,C1,15,3,100
27429,MID MURRAY COUNCIL,LMVXg-,E3,0.000155912,0.081729718,E3,39,H2,25,N3,15,5,100
27430,THE DC OF KAROONDA EAST MURRAY,BILOAJ,G2,0.000122025,0.082280064,G2,30.25,H3,24.75,H2,20.25,6,100
27436,THE DC OF KAROONDA EAST MURRAY,BILOAF,H3,5.58E-05,0.0463934,H3,35.75,H2,29.25,G2,19.25,6,100
27439,THE DC OF KAROONDA EAST MURRAY,SADSUB,A4,0.002223874,0.839252525,A4,60,H2,25,C1,15,3,100
27441,THE DC OF KAROONDA EAST MURRAY,SADSUB,A4,0.000212634,0.091041704,A4,60,H2,25,C1,15,3,100
27444,THE DC OF KAROONDA EAST MURRAY,SADQJZ,B2,1.42E-05,0.017496891,B2,80,A4,20,None,0,2,100
27448,THE DC OF KAROONDA EAST MURRAY,KUNHkA,C1,2.71E-05,0.021321298,C1,45,D2,35,G1,20,3,100
27451,THE DC OF LOXTON WAIKERIE,BILOAF,H3,4.02E-05,0.032405783,H3,35.75,H2,29.25,G2,19.25,6,100
27454,THE DC OF LOXTON WAIKERIE,BILOAG,H3,0.000145331,0.087561065,H3,35.75,H2,29.25,G2,19.25,6,100
27460,THE DC OF LOXTON WAIKERIE,BILOAE,H3,0.00027674,0.114224527,H3,41.25,H2,33.75,G2,13.75,6,100
27462,MID MURRAY COUNCIL,LMVXh-,WW,0.000113212,0.082482265,WW,65,N3,20,E3,9.75,5,100
27476,THE DC OF LOXTON WAIKERIE,BILGhA,G2,7.91E-05,0.046601337,G2,32.5,D3,25,H3,13.75,6,100
27477,MID MURRAY COUNCIL,LMVUrH,E3,0.000153067,0.077734401,E3,35.75,G1,31.25,H2,24.75,4,100
27478,THE DC OF KAROONDA EAST MURRAY,BURUJc,H2,8.67E-05,0.056178533,H2,65,B2,15.75,A4,12.25,4,100
27480,THE DC OF LOXTON WAIKERIE,BILOAG,H3,0.00012281,0.063649778,H3,35.75,H2,29.25,G2,19.25,6,100
27482,MID MURRAY COUNCIL,LMVXg-,E3,3.44E-05,0.028404209,E3,39,H2,25,N3,15,5,100
27484,THE DC OF KAROONDA EAST MURRAY,SADHkA,D2,2.76E-05,0.025916053,D2,65,A4,20,C1,15,3,100
27486,THE DC OF LOXTON WAIKERIE,BILOAI,G2,0.000541876,0.162000827,G2,30.25,H3,24.75,H2,20.25,6,100
27487,THE DC OF LOXTON WAIKERIE,MINUNF,H2,0.000229538,0.125230846,H2,65,G2,19.25,C1,7,5,100
27489,THE DC OF LOXTON WAIKERIE,KEKOAH,H3,0.000522959,0.138244002,H3,36,G2,24.75,G1,19.25,5,100
27490,THE DC OF LOXTON WAIKERIE,MINUNF,H2,0.000263806,0.108952954,H2,65,G2,19.25,C1,7,5,100
27495,THE DC OF LOXTON WAIKERIE,MINUUJ,H2,0.000185685,0.079558937,H2,45,B2,24.75,A4,19.25,4,100
27497,MID MURRAY COUNCIL,ROCCUC,K3,0.000239513,0.115613202,K3,55,K5,45,None,0,2,100
27503,THE DC OF KAROONDA EAST MURRAY,SADHkA,D2,9.03E-05,0.065815013,D2,65,A4,20,C1,15,3,100
27504,MID MURRAY COUNCIL,NARAKC,L1,1.95E-05,0.02309046,L1,55,C2,20,D1,15,4,100
27510,THE DC OF KAROONDA EAST MURRAY,MINUNJ,H2,8.06E-06,0.012335035,H2,45,G2,30.25,C1,11,5,100
27516,THE DC OF KAROONDA EAST MURRAY,SADUJf,H2,0.00013999,0.047879152,H2,45,A4,22,D2,16.555,4,100
27522,THE DC OF KAROONDA EAST MURRAY,KUNQJZ,B2,7.66E-05,0.03721307,B2,100,None,0,None,0,1,100
27529,THE DC OF KAROONDA EAST MURRAY,SADHpA,D2,0.00019565,0.121380014,D2,48.75,H2,25,A4,15,4,100
27535,THE DC OF KAROONDA EAST MURRAY,SADQJZ,B2,1.22E-05,0.013104146,B2,80,A4,20,None,0,2,100
27538,MID MURRAY COUNCIL,BURQMB,B2,2.29E-05,0.023255534,B2,65,B3,20,A4,15,3,100
27548,THE DC OF KAROONDA EAST MURRAY,KUNUUJ,B2,0.000338988,0.115567777,B2,55,H2,45,None,0,2,100
27549,MID MURRAY COUNCIL,NARAKC,L1,2.14E-05,0.022348289,L1,55,C2,20,D1,15,4,100
27552,THE DC OF KAROONDA EAST MURRAY,SADUJb,H2,7.31E-05,0.071105855,H2,65,A4,14,D2,10.535,4,100
27553,THE DC OF KAROONDA EAST MURRAY,KUNHkA,C1,3.98E-05,0.030533109,C1,45,D2,35,G1,20,3,100
27557,THE DC OF KAROONDA EAST MURRAY,BILOAJ,G2,0.00055898,0.260292908,G2,30.25,H3,24.75,H2,20.25,6,100
27563,MID MURRAY COUNCIL,WHHSUA,A4,0.000344403,0.205539813,A4,80,A5,20,None,0,2,100
27566,THE RURAL CITY OF MURRAY BRIDGE,DIHALC,L1,4.27E-05,0.0408589,L1,65,D1,20,C2,15,3,100
27569,THE DC OF KAROONDA EAST MURRAY,MINGtA,G2,0.000599268,0.235675511,G2,41.25,H2,25,G1,15,5,100
27570,THE DC OF LOXTON WAIKERIE,KEKOAE,H3,0.000542303,0.197058645,H3,60,H2,15,G2,11.25,5,100
27571,THE DC OF KAROONDA EAST MURRAY,SADQOZ,B2,1.68E-05,0.018654677,B2,60,H2,25,A4,15,3,100
27573,MID MURRAY COUNCIL,PUNGQB,H2,0.000515076,0.18018928,H2,40,A4,20,D2,20,6,100
27575,THE DC OF LOXTON WAIKERIE,BILOAG,H3,0.000177174,0.066474108,H3,35.75,H2,29.25,G2,19.25,6,100
27576,THE DC OF KAROONDA EAST MURRAY,MINUNJ,H2,4.23E-05,0.036876014,H2,45,G2,30.25,C1,11,5,100
27577,THE DC OF LOXTON WAIKERIE,BILOAG,H3,0.000217093,0.097114805,H3,35.75,H2,29.25,G2,19.25,6,100
27578,MID MURRAY COUNCIL,REEAgI,L1,0.00037822,0.126046472,L1,55,C2,45,None,0,2,100
27582,THE DC OF LOXTON WAIKERIE,BILGhA,G2,0.00012422,0.060371691,G2,32.5,D3,25,H3,13.75,6,100
27583,THE DC OF KAROONDA EAST MURRAY,BILOAG,H3,0.000151069,0.101499634,H3,35.75,H2,29.25,G2,19.25,6,100
27587,THE DC OF KAROONDA EAST MURRAY,MINUNF,H2,0.000169466,0.124519592,H2,65,G2,19.25,C1,7,5,100
27590,MID MURRAY COUNCIL,ROCAiB,K3,1.41E-05,0.014424215,K3,40,K5,30.1,L1,29.9,3,100
27603,THE DC OF KAROONDA EAST MURRAY,SADHpA,D2,3.75E-05,0.027692097,D2,48.75,H2,25,A4,15,4,100
27606,THE DC OF KAROONDA EAST MURRAY,SADQJZ,B2,1.81E-05,0.016927847,B2,80,A4,20,None,0,2,100
27610,THE DC OF KAROONDA EAST MURRAY,MINUNJ,H2,5.93E-05,0.0352501,H2,45,G2,30.25,C1,11,5,100
27613,THE DC OF LOXTON WAIKERIE,MINQOB,B2,1.76E-05,0.017637943,B2,41.25,A4,33.75,H2,25,3,100
27620,MID MURRAY COUNCIL,ROCAiI,L1,2.85E-05,0.030033989,L1,40,K3,30.1,K5,29.9,3,100
27621,THE DC OF KAROONDA EAST MURRAY,SADQJZ,B2,6.78E-06,0.011681139,B2,80,A4,20,None,0,2,100
27625,THE DC OF KAROONDA EAST MURRAY,KUNUMJ,H2,0.001161272,0.261757325,H2,45,A4,35.75,G1,11,4,100
27636,THE DC OF LOXTON WAIKERIE,BILGhA,G2,0.000159999,0.05702501,G2,32.5,D3,25,H3,13.75,6,100
27638,THE DC OF KAROONDA EAST MURRAY,KUNHkA,C1,6.24E-05,0.039974202,C1,45,D2,35,G1,20,3,100
27640,MID MURRAY COUNCIL,BURQMB,B2,0.000138701,0.065759563,B2,65,B3,20,A4,15,3,100
27643,THE DC OF KAROONDA EAST MURRAY,SADHpA,D2,0.000123421,0.098709086,D2,48.75,H2,25,A4,15,4,100
27645,THE DC OF KAROONDA EAST MURRAY,SADSUB,A4,0.00018286,0.088408622,A4,60,H2,25,C1,15,3,100
27648,THE DC OF KAROONDA EAST MURRAY,KUNQJZ,B2,0.000377313,0.202878655,B2,100,None,0,None,0,1,100
27650,MID MURRAY COUNCIL,NARAKC,L1,0.000674692,0.308365221,L1,55,C2,20,D1,15,4,100
27651,THE DC OF LOXTON WAIKERIE,MINHtA,D3,6.41E-05,0.042344926,D3,35,C1,30,G2,15,5,100
27654,MID MURRAY COUNCIL,BURQMB,B2,8.62E-05,0.05586406,B2,65,B3,20,A4,15,3,100
27657,THE DC OF LOXTON WAIKERIE,MINQOB,B2,7.57E-05,0.053768005,B2,41.25,A4,33.75,H2,25,3,100
27659,THE DC OF LOXTON WAIKERIE,MINUNJ,H2,6.24E-05,0.037656163,H2,45,G2,30.25,C1,11,5,100
27670,THE DC OF LOXTON WAIKERIE,MINUUG,H2,4.36E-05,0.034211068,H2,65,B2,15.75,A4,12.25,4,100
27672,THE DC OF KAROONDA EAST MURRAY,SADHkA,D2,3.49E-05,0.02550259,D2,65,A4,20,C1,15,3,100
27676,THE DC OF LOXTON WAIKERIE,BILGhA,G2,0.000694279,0.237971882,G2,32.5,D3,25,H3,13.75,6,100
27678,THE DC OF LOXTON WAIKERIE,MINUNJ,H2,0.000323529,0.104749256,H2,45,G2,30.25,C1,11,5,100
27679,MID MURRAY COUNCIL,LMVSXD,G1,5.34E-05,0.035689543,G1,37.5,A4,33.75,H2,28.75,3,100
27681,THE DC OF LOXTON WAIKERIE,MINQOB,B2,0.00017673,0.089352449,B2,41.25,A4,33.75,H2,25,3,100
27682,THE DC OF KAROONDA EAST MURRAY,MINUNF,H2,0.000616398,0.288624064,H2,65,G2,19.25,C1,7,5,100
27683,THE DC OF KAROONDA EAST MURRAY,SADHpA,D2,0.000308935,0.11907446,D2,48.75,H2,25,A4,15,4,100
27685,MID MURRAY COUNCIL,BURUJf,H2,0.000306603,0.141106878,H2,45,B2,24.75,A4,19.25,4,100
27690,THE DC OF KAROONDA EAST MURRAY,SADQOZ,B2,7.34E-06,0.01090537,B2,60,H2,25,A4,15,3,100
27693,THE DC OF KAROONDA EAST MURRAY,BURUJf,H2,0.0002793,0.105449435,H2,45,B2,24.75,A4,19.25,4,100
27694,THE DC OF KAROONDA EAST MURRAY,MINUNJ,H2,0.000205126,0.101499643,H2,45,G2,30.25,C1,11,5,100
27695,THE DC OF LOXTON WAIKERIE,BILOAJ,G2,8.55E-05,0.039924424,G2,30.25,H3,24.75,H2,20.25,6,100
27696,THE DC OF LOXTON WAIKERIE,BILOAJ,G2,0.000291531,0.104383989,G2,30.25,H3,24.75,H2,20.25,6,100
27701,THE DC OF KAROONDA EAST MURRAY,MINUNJ,H2,0.000113332,0.054332685,H2,45,G2,30.25,C1,11,5,100
27703,MID MURRAY COUNCIL,ROCAiI,L1,4.40E-05,0.039089975,L1,40,K3,30.1,K5,29.9,3,100
27704,THE DC OF LOXTON WAIKERIE,KEKOAE,H3,0.000996121,0.20144049,H3,60,H2,15,G2,11.25,5,100
27705,THE DC OF LOXTON WAIKERIE,MINHtA,D3,0.00039655,0.134220858,D3,35,C1,30,G2,15,5,100
27713,MID MURRAY COUNCIL,ROCAiI,L1,0.000104192,0.080643985,L1,40,K3,30.1,K5,29.9,3,100
27714,THE DC OF KAROONDA EAST MURRAY,KUNQJZ,B2,3.90E-05,0.030878815,B2,100,None,0,None,0,1,100
27715,MID MURRAY COUNCIL,REEAKB,C2,1.12E-05,0.013443612,C2,55,L1,45,None,0,2,100
27716,THE DC OF LOXTON WAIKERIE,HALHqA,C1,7.87E-05,0.049518362,C1,55,D3,20,G2,15,4,100
27718,THE DC OF LOXTON WAIKERIE,MINQOB,B2,3.02E-05,0.023954109,B2,41.25,A4,33.75,H2,25,3,100
27721,THE DC OF KAROONDA EAST MURRAY,SADQOZ,B2,0.000320105,0.148513249,B2,60,H2,25,A4,15,3,100
27722,THE DC OF KAROONDA EAST MURRAY,SADQJZ,B2,3.36E-05,0.025602746,B2,80,A4,20,None,0,2,100
27724,MID MURRAY COUNCIL,ROCCUC,K3,2.85E-05,0.02955684,K3,55,K5,45,None,0,2,100
27730,THE DC OF KAROONDA EAST MURRAY,SADQOZ,B2,0.000404314,0.143694193,B2,60,H2,25,A4,15,3,100
27732,THE DC OF KAROONDA EAST MURRAY,MINUNJ,H2,3.87E-05,0.033018462,H2,45,G2,30.25,C1,11,5,100
27738,THE DC OF LOXTON WAIKERIE,MINUNF,H2,5.89E-05,0.034886751,H2,65,G2,19.25,C1,7,5,100
27739,THE DC OF KAROONDA EAST MURRAY,MINUNF,H2,1.56E-05,0.030516962,H2,65,G2,19.25,C1,7,5,100
27746,THE DC OF KAROONDA EAST MURRAY,BURQMB,B2,0.000121548,0.051905238,B2,65,B3,20,A4,15,3,100
27749,THE DC OF LOXTON WAIKERIE,BILGhA,G2,0.000204613,0.102675574,G2,32.5,D3,25,H3,13.75,6,100
27751,MID MURRAY COUNCIL,NARAKY,L1,8.07E-05,0.056680482,L1,55,C2,20,D1,15,4,100
27752,THE DC OF LOXTON WAIKERIE,MINHtA,D3,0.000391644,0.169323156,D3,35,C1,30,G2,15,5,100
27753,THE DC OF KAROONDA EAST MURRAY,MINUNF,H2,0.000109686,0.098501739,H2,65,G2,19.25,C1,7,5,100
27760,THE DC OF KAROONDA EAST MURRAY,KUNQJZ,B2,1.72E-05,0.016988938,B2,100,None,0,None,0,1,100
27764,MID MURRAY COUNCIL,BURQMB,B2,4.67E-05,0.04042981,B2,65,B3,20,A4,15,3,100
27773,THE DC OF KAROONDA EAST MURRAY,MINUNE,H2,0.000216948,0.146665944,H2,65,G2,19.25,C1,7,5,100
27775,MID MURRAY COUNCIL,LMVSXC,G1,0.000281528,0.083255925,G1,37.5,A4,33.75,H2,28.75,3,100
27778,THE DC OF KAROONDA EAST MURRAY,KUNHkA,C1,6.40E-05,0.037988431,C1,45,D2,35,G1,20,3,100
27782,THE DC OF LOXTON WAIKERIE,MINUNE,H2,0.000208087,0.09176853,H2,65,G2,19.25,C1,7,5,100
27784,THE DC OF KAROONDA EAST MURRAY,MINHtA,D3,9.84E-05,0.038266634,D3,35,C1,30,G2,15,5,100
27785,THE DC OF LOXTON WAIKERIE,MINUUJ,H2,0.00020029,0.121873895,H2,45,B2,24.75,A4,19.25,4,100
27786,THE DC OF LOXTON WAIKERIE,MINUUJ,H2,0.000169958,0.085636353,H2,45,B2,24.75,A4,19.25,4,100
27789,THE DC OF KAROONDA EAST MURRAY,KUNHkA,C1,9.39E-05,0.055767133,C1,45,D2,35,G1,20,3,100
27791,MID MURRAY COUNCIL,LMVSXD,G1,0.000447672,0.210027129,G1,37.5,A4,33.75,H2,28.75,3,100
27794,THE DC OF LOXTON WAIKERIE,MINHtA,D3,7.16E-05,0.038464157,D3,35,C1,30,G2,15,5,100
27795,THE DC OF LOXTON WAIKERIE,MINUUJ,H2,0.000112902,0.062134277,H2,45,B2,24.75,A4,19.25,4,100
27796,THE DC OF KAROONDA EAST MURRAY,SADHpA,D2,0.000167927,0.105676642,D2,48.75,H2,25,A4,15,4,100
27797,MID MURRAY COUNCIL,BURQME,B2,0.000568449,0.244293026,B2,65,B3,20,A4,15,3,100
27799,THE DC OF KAROONDA EAST MURRAY,MINHtA,D3,0.000393711,0.168671758,D3,35,C1,30,G2,15,5,100
27813,THE DC OF KAROONDA EAST MURRAY,KUNHkA,C1,6.09E-05,0.039656148,C1,45,D2,35,G1,20,3,100
27814,THE DC OF KAROONDA EAST MURRAY,SADQOZ,B2,4.43E-05,0.039490794,B2,60,H2,25,A4,15,3,100
27818,THE DC OF KAROONDA EAST MURRAY,SADQJZ,B2,1.67E-05,0.017987762,B2,80,A4,20,None,0,2,100
27819,MID MURRAY COUNCIL,BURQMB,B2,9.54E-06,0.013479248,B2,65,B3,20,A4,15,3,100
27836,THE DC OF LOXTON WAIKERIE,BILOAE,H3,2.55E-05,0.02330241,H3,41.25,H2,33.75,G2,13.75,6,100
27837,MID MURRAY COUNCIL,WHHUBJ,G1,0.00025245,0.125133104,G1,45,H2,24.75,A4,19.25,4,100
27839,MID MURRAY COUNCIL,LMVSXI,A4,0.000176015,0.074462644,A4,45,G1,35,H2,20,3,100
27840,THE DC OF LOXTON WAIKERIE,BILOAG,H3,7.18E-05,0.054054163,H3,35.75,H2,29.25,G2,19.25,6,100
27841,THE DC OF KAROONDA EAST MURRAY,KUNQJZ,B2,0.000139505,0.071582301,B2,100,None,0,None,0,1,100
27843,THE DC OF KAROONDA EAST MURRAY,SADQOZ,B2,0.000208894,0.130725256,B2,60,H2,25,A4,15,3,100
27845,THE DC OF LOXTON WAIKERIE,BILOAE,H3,0.000270298,0.157730226,H3,41.25,H2,33.75,G2,13.75,6,100
27848,THE DC OF KAROONDA EAST MURRAY,KUNSkB,A4,0.000239297,0.084446911,A4,39,H2,25,C1,15.75,5,100
27851,THE DC OF KAROONDA EAST MURRAY,MINUNF,H2,1.24E-05,0.016609314,H2,65,G2,19.25,C1,7,5,100
27852,MID MURRAY COUNCIL,BURQMB,B2,2.90E-05,0.02981874,B2,65,B3,20,A4,15,3,100
27854,MID MURRAY COUNCIL,HOHBqD,K2,2.36E-05,0.023366623,K2,35,K3,30,L1,15,5,100
27855,THE DC OF LOXTON WAIKERIE,MINUNE,H2,0.000203853,0.149792807,H2,65,G2,19.25,C1,7,5,100
27867,THE DC OF KAROONDA EAST MURRAY,KUNQJZ,B2,0.00010518,0.064846339,B2,100,None,0,None,0,1,100
27874,THE DC OF KAROONDA EAST MURRAY,KUNQJZ,B2,1.74E-05,0.017463648,B2,100,None,0,None,0,1,100
27878,THE DC OF LOXTON WAIKERIE,MINUUG,H2,6.26E-05,0.048060031,H2,65,B2,15.75,A4,12.25,4,100
27881,THE DC OF KAROONDA EAST MURRAY,SADHkA,D2,9.83E-05,0.05180703,D2,65,A4,20,C1,15,3,100
27882,MID MURRAY COUNCIL,TUNCQD,K4,0.000111109,0.076677403,K4,35,L1,30,K5,20,4,100
27885,THE DC OF KAROONDA EAST MURRAY,MINUNJ,H2,5.07E-05,0.046321591,H2,45,G2,30.25,C1,11,5,100
27887,MID MURRAY COUNCIL,TUNAnC,L1,0.000408738,0.157364019,L1,55,K5,20,K3,15,4,100
27890,THE DC OF LOXTON WAIKERIE,MINUUG,H2,0.000166796,0.09869669,H2,65,B2,15.75,A4,12.25,4,100
27892,MID MURRAY COUNCIL,ROCAiI,L1,6.76E-05,0.068579588,L1,40,K3,30.1,K5,29.9,3,100
27894,THE DC OF LOXTON WAIKERIE,MINHtA,D3,0.000149494,0.069361653,D3,35,C1,30,G2,15,5,100
27896,THE DC OF KAROONDA EAST MURRAY,SADQJZ,B2,1.74E-05,0.01900448,B2,80,A4,20,None,0,2,100
27903,MID MURRAY COUNCIL,ROCCUC,K3,8.26E-05,0.07264049,K3,55,K5,45,None,0,2,100
27906,THE DC OF KAROONDA EAST MURRAY,BILGhA,G2,0.00137581,0.337476384,G2,32.5,D3,25,H3,13.75,6,100
27911,THE DC OF LOXTON WAIKERIE,MINUNG,H2,7.62E-05,0.039910177,H2,65,G2,19.25,C1,7,5,100
27952,THE DC OF KAROONDA EAST MURRAY,HALUNK,H2,3.98E-05,0.028586059,H2,55,C1,15.75,G2,13.5,5,100
27953,MID MURRAY COUNCIL,LMVSXII,A4,6.35E-05,0.054968866,A4,45,G1,35,H2,20,3,100
27959,THE DC OF KAROONDA EAST MURRAY,SADQJZ,B2,9.64E-05,0.066449883,B2,80,A4,20,None,0,2,100
27961,MID MURRAY COUNCIL,REEEFC,A2,6.86E-05,0.034778089,A2,65,C2,20,L1,15,3,100
27962,THE DC OF LOXTON WAIKERIE,MINUNJ,H2,0.000104194,0.051016259,H2,45,G2,30.25,C1,11,5,100
27964,MID MURRAY COUNCIL,ROCLWe,G3,6.34E-05,0.057583469,G3,55,M1,20,G2,15,4,100
27976,THE DC OF KAROONDA EAST MURRAY,MINUNF,H2,5.88E-05,0.059115195,H2,65,G2,19.25,C1,7,5,100
27997,THE DC OF KAROONDA EAST MURRAY,KUNUMG,H2,0.00424449,0.809066022,H2,65,A4,22.75,G1,7,4,100
28001,THE DC OF KAROONDA EAST MURRAY,KUNQJZ,B2,0.000161894,0.061456104,B2,100,None,0,None,0,1,100
28008,MID MURRAY COUNCIL,BURQMB,B2,4.11E-05,0.02445407,B2,65,B3,20,A4,15,3,100
28009,MID MURRAY COUNCIL,BURQMB,B2,2.76E-05,0.025278226,B2,65,B3,20,A4,15,3,100
28014,MID MURRAY COUNCIL,BURUJc,H2,0.000407693,0.133752314,H2,65,B2,15.75,A4,12.25,4,100
28016,MID MURRAY COUNCIL,LMVSXC,G1,7.71E-05,0.07432776,G1,37.5,A4,33.75,H2,28.75,3,100
28018,THE DC OF KAROONDA EAST MURRAY,SADQOZ,B2,7.49E-05,0.050218032,B2,60,H2,25,A4,15,3,100
28027,MID MURRAY COUNCIL,ROCCUD,K3,0.000149658,0.110903539,K3,55,K5,45,None,0,2,100
28031,THE DC OF LOXTON WAIKERIE,KEKOAF,H3,0.000401982,0.181540669,H3,52,G2,15.75,H2,13,5,100
28037,THE DC OF KAROONDA EAST MURRAY,SADQJZ,B2,1.59E-05,0.017499976,B2,80,A4,20,None,0,2,100
28039,THE DC OF KAROONDA EAST MURRAY,SADQJZ,B2,9.02E-05,0.052127173,B2,80,A4,20,None,0,2,100
28046,THE DC OF LOXTON WAIKERIE,MINHtA,D3,4.69E-05,0.042757056,D3,35,C1,30,G2,15,5,100
28049,THE DC OF KAROONDA EAST MURRAY,MINGtA,G2,0.001273822,0.487263593,G2,41.25,H2,25,G1,15,5,100
28053,THE DC OF KAROONDA EAST MURRAY,SADQJZ,B2,2.70E-05,0.027486199,B2,80,A4,20,None,0,2,100
28056,THE DC OF LOXTON WAIKERIE,MINHtA,D3,0.000172906,0.067128739,D3,35,C1,30,G2,15,5,100
28057,MID MURRAY COUNCIL,LMVSXI,A4,0.000113324,0.05008065,A4,45,G1,35,H2,20,3,100
28061,MID MURRAY COUNCIL,ROCCUC,K3,1.56E-05,0.020030335,K3,55,K5,45,None,0,2,100
28062,THE DC OF KAROONDA EAST MURRAY,SADQOZ,B2,2.45E-05,0.018820468,B2,60,H2,25,A4,15,3,100
28064,THE DC OF KAROONDA EAST MURRAY,KUNUMI,H2,9.15E-05,0.054106289,H2,45,A4,35.75,G1,11,4,100
28066,THE DC OF KAROONDA EAST MURRAY,KUNQJZ,B2,1.59E-05,0.017818263,B2,100,None,0,None,0,1,100
28068,THE DC OF LOXTON WAIKERIE,BILOAG,H3,0.00010973,0.065111309,H3,35.75,H2,29.25,G2,19.25,6,100
28070,THE DC OF KAROONDA EAST MURRAY,SADSTB,A4,0.000193967,0.126186175,A4,80,C1,20,None,0,2,100
28073,THE DC OF KAROONDA EAST MURRAY,MINHtA,D3,0.000143055,0.073094765,D3,35,C1,30,G2,15,5,100
28075,THE DC OF LOXTON WAIKERIE,BILOAF,H3,0.000292395,0.118972758,H3,35.75,H2,29.25,G2,19.25,6,100
28078,THE DC OF LOXTON WAIKERIE,BILOAH,G2,0.00014845,0.077728746,G2,30.25,H3,24.75,H2,20.25,6,100
28080,THE DC OF LOXTON WAIKERIE,KEKOAH,H3,0.00034666,0.102268348,H3,36,G2,24.75,G1,19.25,5,100
28081,THE DC OF LOXTON WAIKERIE,BILOAF,H3,0.00081484,0.276039069,H3,35.75,H2,29.25,G2,19.25,6,100
28082,THE DC OF KAROONDA EAST MURRAY,MINHtA,D3,0.000107467,0.060700888,D3,35,C1,30,G2,15,5,100
28083,THE DC OF KAROONDA EAST MURRAY,BURQMB,B2,0.001288822,0.494961246,B2,65,B3,20,A4,15,3,100
28089,THE DC OF KAROONDA EAST MURRAY,SADQOZ,B2,0.000442078,0.205208075,B2,60,H2,25,A4,15,3,100
28091,MID MURRAY COUNCIL,DIHXBN,M1,7.13E-05,0.079311393,M1,65,D3,20,M4,15,3,100
28094,THE DC OF KAROONDA EAST MURRAY,KUNSkB,A4,0.000533217,0.206332595,A4,39,H2,25,C1,15.75,5,100
28095,THE DC OF KAROONDA EAST MURRAY,SADSUB,A4,0.000629397,0.345235258,A4,60,H2,25,C1,15,3,100
28096,THE DC OF LOXTON WAIKERIE,MINUNE,H2,0.000118714,0.070374368,H2,65,G2,19.25,C1,7,5,100
28098,MID MURRAY COUNCIL,REEEgD,A2,2.82E-05,0.024603542,A2,100,None,0,None,0,1,100
28099,THE DC OF KAROONDA EAST MURRAY,KUNQJZ,B2,0.000615386,0.32919316,B2,100,None,0,None,0,1,100
28102,THE DC OF KAROONDA EAST MURRAY,KEKGlB,G2,0.000215408,0.118149781,G2,33.75,G1,26.25,H3,20,5,100
28104,THE DC OF KAROONDA EAST MURRAY,SADHpA,D2,0.000344697,0.140813168,D2,48.75,H2,25,A4,15,4,100
28105,THE DC OF KAROONDA EAST MURRAY,SADQJZ,B2,6.48E-06,0.00968466,B2,80,A4,20,None,0,2,100
28108,MID MURRAY COUNCIL,BURQME,B2,0.000181204,0.074332376,B2,65,B3,20,A4,15,3,100
28110,THE DC OF KAROONDA EAST MURRAY,MINHtA,D3,0.000360242,0.130417788,D3,35,C1,30,G2,15,5,100
28111,THE DC OF KAROONDA EAST MURRAY,KUNQJZ,B2,0.000131763,0.082671977,B2,100,None,0,None,0,1,100
28115,THE DC OF LOXTON WAIKERIE,KEKOAE,H3,0.000919588,0.348634398,H3,60,H2,15,G2,11.25,5,100
28117,THE DC OF LOXTON WAIKERIE,BILGhA,G2,9.58E-05,0.057679922,G2,32.5,D3,25,H3,13.75,6,100
28128,THE DC OF KAROONDA EAST MURRAY,BILOAF,H3,0.000171558,0.100858719,H3,35.75,H2,29.25,G2,19.25,6,100
28130,THE DC OF KAROONDA EAST MURRAY,SADHkA,D2,3.98E-05,0.026913216,D2,65,A4,20,C1,15,3,100
28132,MID MURRAY COUNCIL,BURUJc,H2,0.000117254,0.055701724,H2,65,B2,15.75,A4,12.25,4,100
28134,THE DC OF KAROONDA EAST MURRAY,SADQJZ,B2,3.77E-05,0.024514917,B2,80,A4,20,None,0,2,100
28140,THE DC OF LOXTON WAIKERIE,BILOAJ,G2,0.001510745,0.498212146,G2,30.25,H3,24.75,H2,20.25,6,100
28141,THE DC OF LOXTON WAIKERIE,BILGhA,G2,5.25E-05,0.049147559,G2,32.5,D3,25,H3,13.75,6,100
28146,THE DC OF LOXTON WAIKERIE,MINHtA,D3,5.39E-05,0.031620596,D3,35,C1,30,G2,15,5,100
28148,THE RURAL CITY OF MURRAY BRIDGE,DIHDjc,D7,8.80E-05,0.044689972,D7,80,L1,20,None,0,2,100
28156,THE DC OF LOXTON WAIKERIE,BILGhA,G2,0.000228936,0.117727746,G2,32.5,D3,25,H3,13.75,6,100
28157,MID MURRAY COUNCIL,LMVXi-,E3,0.000413074,0.180913141,E3,65,G1,20,M2,15,3,100
28160,THE DC OF LOXTON WAIKERIE,MINUNF,H2,0.000427912,0.183510524,H2,65,G2,19.25,C1,7,5,100
28162,THE DC OF KAROONDA EAST MURRAY,MINGtA,G2,0.000571889,0.235312351,G2,41.25,H2,25,G1,15,5,100
28163,THE DC OF KAROONDA EAST MURRAY,KUNHkA,C1,1.43E-05,0.019521996,C1,45,D2,35,G1,20,3,100
28164,THE DC OF KAROONDA EAST MURRAY,KUNSkB,A4,0.005428904,1.051344951,A4,39,H2,25,C1,15.75,5,100
28168,THE DC OF LOXTON WAIKERIE,MINUNJ,H2,0.000138458,0.073181976,H2,45,G2,30.25,C1,11,5,100
28170,THE DC OF KAROONDA EAST MURRAY,MANSfB,A4,1.00E-05,0.013227174,A4,50,B2,25,H2,25,3,100
28171,THE DC OF KAROONDA EAST MURRAY,KUNUMJ,H2,0.000302478,0.112017793,H2,45,A4,35.75,G1,11,4,100
28172,MID MURRAY COUNCIL,BURQMB,B2,5.68E-05,0.034630481,B2,65,B3,20,A4,15,3,100
28175,MID MURRAY COUNCIL,PUNGQC,H2,0.000533171,0.21680191,H2,40,A4,20,D2,20,6,100
28176,THE DC OF LOXTON WAIKERIE,MINHtA,D3,5.74E-05,0.040108936,D3,35,C1,30,G2,15,5,100
28178,MID MURRAY COUNCIL,LMVSXI,A4,0.000157416,0.077968687,A4,45,G1,35,H2,20,3,100
28179,THE DC OF KAROONDA EAST MURRAY,MINUNE,H2,5.57E-05,0.050640497,H2,65,G2,19.25,C1,7,5,100
28182,THE DC OF KAROONDA EAST MURRAY,SADHkA,D2,9.78E-05,0.066893495,D2,65,A4,20,C1,15,3,100
28187,THE DC OF LOXTON WAIKERIE,MINUUG,H2,0.000310749,0.09227047,H2,65,B2,15.75,A4,12.25,4,100
28200,MID MURRAY COUNCIL,ROCAiB,K3,5.67E-06,0.008861558,K3,40,K5,30.1,L1,29.9,3,100
28202,THE DC OF KAROONDA EAST MURRAY,BURRCE,B3,5.28E-05,0.042804921,B3,80,B2,20,None,0,2,100
28205,THE DC OF LOXTON WAIKERIE,BILHaA,D3,6.48E-05,0.046325104,D3,65,G3,20,G2,15,3,100
28214,THE DC OF KAROONDA EAST MURRAY,SADHkA,D2,2.96E-05,0.026731718,D2,65,A4,20,C1,15,3,100
28216,MID MURRAY COUNCIL,ROCCUC,K3,0.000862441,0.32859628,K3,55,K5,45,None,0,2,100
28219,THE DC OF KAROONDA EAST MURRAY,KUNQJZ,B2,0.000117583,0.077646221,B2,100,None,0,None,0,1,100
28223,MID MURRAY COUNCIL,EMUJKC,D3,5.80E-05,0.037402166,D3,45,M1,35,M4,20,3,100
28224,THE DC OF LOXTON WAIKERIE,KEKOAE,H3,0.000966366,0.409941586,H3,60,H2,15,G2,11.25,5,100
28226,THE RURAL CITY OF MURRAY BRIDGE,WHHUBJ,G1,0.000188822,0.120477961,G1,45,H2,24.75,A4,19.25,4,100
28228,MID MURRAY COUNCIL,BURUJf,H2,0.000895818,0.294063962,H2,45,B2,24.75,A4,19.25,4,100
28229,THE DC OF LOXTON WAIKERIE,KEKOAE,H3,0.000736981,0.31432804,H3,60,H2,15,G2,11.25,5,100
28233,THE DC OF LOXTON WAIKERIE,MINUNG,H2,4.97E-05,0.03656461,H2,65,G2,19.25,C1,7,5,100
28242,THE DC OF KAROONDA EAST MURRAY,SADQOZ,B2,5.80E-05,0.046742122,B2,60,H2,25,A4,15,3,100
28249,THE DC OF LOXTON WAIKERIE,BILGhA,G2,6.37E-05,0.041071222,G2,32.5,D3,25,H3,13.75,6,100
28261,THE DC OF LOXTON WAIKERIE,BILOAG,H3,0.000235583,0.138278595,H3,35.75,H2,29.25,G2,19.25,6,100
28263,THE DC OF LOXTON WAIKERIE,BILOAE,H3,0.000265269,0.11060547,H3,41.25,H2,33.75,G2,13.75,6,100
28265,THE RURAL CITY OF MURRAY BRIDGE,DIHALC,L1,6.23E-05,0.03876331,L1,65,D1,20,C2,15,3,100
28269,THE DC OF KAROONDA EAST MURRAY,KUNSkB,A4,0.001034173,0.345742393,A4,39,H2,25,C1,15.75,5,100
28270,THE DC OF KAROONDA EAST MURRAY,BILOAE,H3,0.000299248,0.145565902,H3,41.25,H2,33.75,G2,13.75,6,100
28276,MID MURRAY COUNCIL,LMVXi-,E3,0.000276769,0.123567059,E3,65,G1,20,M2,15,3,100
28277,THE DC OF KAROONDA EAST MURRAY,SADUJG,H2,0.000750438,0.242810583,H2,65,A4,22.75,B2,7,4,100
28282,THE DC OF LOXTON WAIKERIE,BILOAF,H3,0.000254932,0.15627885,H3,35.75,H2,29.25,G2,19.25,6,100
28285,THE RURAL CITY OF MURRAY BRIDGE,DIHALC,L1,4.14E-05,0.047504809,L1,65,D1,20,C2,15,3,100
28286,THE DC OF KAROONDA EAST MURRAY,SADQOZ,B2,2.33E-05,0.023292729,B2,60,H2,25,A4,15,3,100
28290,THE DC OF LOXTON WAIKERIE,GUROTI,H3,9.11E-05,0.045925692,H3,36,C4,19.25,D3,16.5,6,100
28296,MID MURRAY COUNCIL,LMVXs-,N3,3.77E-05,0.04013043,N3,100,None,0,None,0,1,100
28312,THE DC OF LOXTON WAIKERIE,BILOAG,H3,0.000640014,0.167669435,H3,35.75,H2,29.25,G2,19.25,6,100
28314,THE DC OF KAROONDA EAST MURRAY,BILOAE,H3,5.22E-05,0.042840289,H3,41.25,H2,33.75,G2,13.75,6,100
28319,THE DC OF KAROONDA EAST MURRAY,SADHpA,D2,0.000149575,0.100123977,D2,48.75,H2,25,A4,15,4,100
28328,THE RURAL CITY OF MURRAY BRIDGE,DIHALB,L1,0.000115208,0.061056911,L1,65,D1,20,C2,15,3,100
28345,THE DC OF KAROONDA EAST MURRAY,BILOAF,H3,5.05E-05,0.044759685,H3,35.75,H2,29.25,G2,19.25,6,100
28347,MID MURRAY COUNCIL,BURQMB,B2,7.93E-05,0.04802492,B2,65,B3,20,A4,15,3,100
28352,THE DC OF LOXTON WAIKERIE,BILOAF,H3,0.000533956,0.235774295,H3,35.75,H2,29.25,G2,19.25,6,100
28356,THE DC OF KAROONDA EAST MURRAY,SADUJb,H2,2.30E-05,0.031262425,H2,65,A4,14,D2,10.535,4,100
28360,MID MURRAY COUNCIL,NARAKC,L1,0.000445707,0.189001291,L1,55,C2,20,D1,15,4,100
28374,THE DC OF KAROONDA EAST MURRAY,BILOAF,H3,0.000165869,0.073862698,H3,35.75,H2,29.25,G2,19.25,6,100
28378,THE DC OF KAROONDA EAST MURRAY,KUNSkB,A4,0.000171939,0.071695845,A4,39,H2,25,C1,15.75,5,100
28379,THE DC OF LOXTON WAIKERIE,BILGhA,G2,6.41E-05,0.040248017,G2,32.5,D3,25,H3,13.75,6,100
28382,THE DC OF KAROONDA EAST MURRAY,KUNHkA,C1,7.93E-05,0.056943348,C1,45,D2,35,G1,20,3,100
28393,THE DC OF LOXTON WAIKERIE,BILHaA,D3,0.000179643,0.061500556,D3,65,G3,20,G2,15,3,100
28394,THE DC OF KAROONDA EAST MURRAY,BILOAF,H3,8.94E-05,0.051113072,H3,35.75,H2,29.25,G2,19.25,6,100
28395,THE DC OF LOXTON WAIKERIE,BILGhA,G2,0.000108088,0.058981909,G2,32.5,D3,25,H3,13.75,6,100
28404,THE DC OF LOXTON WAIKERIE,MINGtA,G2,2.40E-05,0.025831738,G2,41.25,H2,25,G1,15,5,100
28410,THE DC OF KAROONDA EAST MURRAY,SADQOZ,B2,3.37E-05,0.022087884,B2,60,H2,25,A4,15,3,100
28416,THE DC OF KAROONDA EAST MURRAY,SADQJZ,B2,3.58E-05,0.028785742,B2,80,A4,20,None,0,2,100
28420,THE DC OF LOXTON WAIKERIE,KEKOAG,H3,3.44E-05,0.038903216,H3,52,G2,15.75,H2,13,5,100
28421,THE DC OF KAROONDA EAST MURRAY,MINUNF,H2,0.000261962,0.081077943,H2,65,G2,19.25,C1,7,5,100
28422,MID MURRAY COUNCIL,LMVXi-,E3,0.000273704,0.087074053,E3,65,G1,20,M2,15,3,100
28427,THE DC OF KAROONDA EAST MURRAY,SADUJc,H2,9.69E-05,0.069792165,H2,65,A4,14,D2,10.535,4,100
28438,THE DC OF LOXTON WAIKERIE,MINUUJ,H2,4.42E-05,0.03634692,H2,45,B2,24.75,A4,19.25,4,100
28440,THE DC OF KAROONDA EAST MURRAY,SADHpA,D2,9.81E-05,0.067337332,D2,48.75,H2,25,A4,15,4,100
28442,THE DC OF KAROONDA EAST MURRAY,SADUJb,H2,4.98E-05,0.035350315,H2,65,A4,14,D2,10.535,4,100
28448,THE DC OF LOXTON WAIKERIE,BILOAE,H3,5.61E-05,0.044225322,H3,41.25,H2,33.75,G2,13.75,6,100
28450,THE DC OF KAROONDA EAST MURRAY,BILOAF,H3,3.37E-05,0.025138217,H3,35.75,H2,29.25,G2,19.25,6,100
28453,THE DC OF KAROONDA EAST MURRAY,KUNQJZ,B2,4.19E-05,0.029543344,B2,100,None,0,None,0,1,100
28455,THE DC OF KAROONDA EAST MURRAY,KUNQJZ,B2,6.88E-05,0.055708393,B2,100,None,0,None,0,1,100
28457,THE DC OF LOXTON WAIKERIE,BILOAF,H3,3.69E-05,0.031173984,H3,35.75,H2,29.25,G2,19.25,6,100
28459,MID MURRAY COUNCIL,PALKXA,C1,0.001599693,0.552742171,C1,35,G1,30,A4,20,4,100
28461,THE DC OF KAROONDA EAST MURRAY,KARHpA,D2,7.92E-05,0.040728438,D2,48.75,H2,25,A4,15,4,100
28473,THE DC OF LOXTON WAIKERIE,MINUUJ,H2,7.79E-05,0.048054321,H2,45,B2,24.75,A4,19.25,4,100
28477,THE DC OF KAROONDA EAST MURRAY,SADQOZ,B2,0.000185846,0.092978435,B2,60,H2,25,A4,15,3,100
28479,THE DC OF KAROONDA EAST MURRAY,BILOAF,H3,0.001167276,0.307692767,H3,35.75,H2,29.25,G2,19.25,6,100
28483,MID MURRAY COUNCIL,BURQMB,B2,0.001208592,0.462334575,B2,65,B3,20,A4,15,3,100
28487,MID MURRAY COUNCIL,BURQMB,B2,6.02E-05,0.041846316,B2,65,B3,20,A4,15,3,100
28489,THE DC OF LOXTON WAIKERIE,BILOAJ,G2,0.000108025,0.069939835,G2,30.25,H3,24.75,H2,20.25,6,100
28491,THE DC OF LOXTON WAIKERIE,BILOAF,H3,0.000240053,0.127057533,H3,35.75,H2,29.25,G2,19.25,6,100
28500,THE DC OF KAROONDA EAST MURRAY,BURUJc,H2,0.000182152,0.088339933,H2,65,B2,15.75,A4,12.25,4,100
28504,THE RURAL CITY OF MURRAY BRIDGE,DIHALI,L1,7.34E-05,0.047554837,L1,65,D1,20,C2,15,3,100
28507,THE DC OF KAROONDA EAST MURRAY,SADQJZ,B2,2.22E-05,0.026890827,B2,80,A4,20,None,0,2,100
28511,THE DC OF LOXTON WAIKERIE,BILOAF,H3,2.09E-05,0.023846305,H3,35.75,H2,29.25,G2,19.25,6,100
28514,THE DC OF KAROONDA EAST MURRAY,SADQJZ,B2,8.87E-05,0.073253789,B2,80,A4,20,None,0,2,100
28515,THE DC OF KAROONDA EAST MURRAY,SADHpA,D2,3.89E-05,0.027793617,D2,48.75,H2,25,A4,15,4,100
28517,MID MURRAY COUNCIL,BURUJf,H2,0.000223604,0.157005082,H2,45,B2,24.75,A4,19.25,4,100
28522,THE DC OF KAROONDA EAST MURRAY,SADQOZ,B2,2.66E-05,0.026059844,B2,60,H2,25,A4,15,3,100
28529,THE DC OF KAROONDA EAST MURRAY,KUNHkA,C1,0.000112138,0.074330471,C1,45,D2,35,G1,20,3,100
28537,THE DC OF LOXTON WAIKERIE,BILOAJ,G2,0.000105596,0.055105329,G2,30.25,H3,24.75,H2,20.25,6,100
28544,THE DC OF LOXTON WAIKERIE,BILOAE,H3,0.000252552,0.167972098,H3,41.25,H2,33.75,G2,13.75,6,100
28548,THE DC OF KAROONDA EAST MURRAY,KUNSkB,A4,0.000817921,0.207295103,A4,39,H2,25,C1,15.75,5,100
28560,THE DC OF LOXTON WAIKERIE,GURHmA,C4,5.65E-05,0.034628414,C4,27,D3,26,G1,19.5,8,100
28563,THE DC OF KAROONDA EAST MURRAY,KUNQJZ,B2,5.36E-05,0.05319699,B2,100,None,0,None,0,1,100
28566,THE DC OF LOXTON WAIKERIE,GURHmA,C4,0.00015258,0.073490531,C4,27,D3,26,G1,19.5,8,100
28576,THE DC OF KAROONDA EAST MURRAY,KUNQJZ,B2,5.48E-05,0.036270883,B2,100,None,0,None,0,1,100
28583,THE DC OF KAROONDA EAST MURRAY,SADHkA,D2,6.09E-05,0.040587814,D2,65,A4,20,C1,15,3,100
28589,MID MURRAY COUNCIL,LMVSXI,A4,6.12E-05,0.048095094,A4,45,G1,35,H2,20,3,100
28592,THE DC OF KAROONDA EAST MURRAY,KUNUMJ,H2,0.00011472,0.04999694,H2,45,A4,35.75,G1,11,4,100
28594,THE DC OF KAROONDA EAST MURRAY,BURQMB,B2,0.004604563,1.308302827,B2,65,B3,20,A4,15,3,100
28599,THE DC OF LOXTON WAIKERIE,BILOAE,H3,0.000107003,0.066372043,H3,41.25,H2,33.75,G2,13.75,6,100
28600,THE DC OF KAROONDA EAST MURRAY,SADUJJ,H2,0.000652252,0.141417228,H2,45,A4,35.75,B2,11,4,100
28606,THE DC OF LOXTON WAIKERIE,BILGhA,G2,0.000187398,0.126914041,G2,32.5,D3,25,H3,13.75,6,100
28612,THE DC OF KAROONDA EAST MURRAY,BILOAE,H3,0.000123226,0.090001554,H3,41.25,H2,33.75,G2,13.75,6,100
28616,MID MURRAY COUNCIL,BURUJf,H2,0.000609992,0.29368891,H2,45,B2,24.75,A4,19.25,4,100
28622,MID MURRAY COUNCIL,LMVSEC,A4,9.86E-05,0.044669753,A4,45,G1,35,H2,20,3,100
28623,THE DC OF KAROONDA EAST MURRAY,SADSUB,A4,9.78E-05,0.063450513,A4,60,H2,25,C1,15,3,100
28629,THE RURAL CITY OF MURRAY BRIDGE,BREDaC,D1,8.86E-05,0.083770176,D1,40,L1,30.1,A2,29.9,3,100
28633,THE RURAL CITY OF MURRAY BRIDGE,BREDaC,D1,2.43E-05,0.020374866,D1,40,L1,30.1,A2,29.9,3,100
28647,THE DC OF KAROONDA EAST MURRAY,BILOAF,H3,0.000116569,0.065893573,H3,35.75,H2,29.25,G2,19.25,6,100
28648,THE DC OF LOXTON WAIKERIE,BILGhA,G2,0.000338204,0.137729636,G2,32.5,D3,25,H3,13.75,6,100
28649,THE DC OF KAROONDA EAST MURRAY,SADSUB,A4,8.93E-05,0.065523874,A4,60,H2,25,C1,15,3,100
28650,MID MURRAY COUNCIL,NARAKY,L1,6.00E-05,0.044069108,L1,55,C2,20,D1,15,4,100
28652,THE DC OF KAROONDA EAST MURRAY,MINUNJ,H2,0.00014842,0.05654509,H2,45,G2,30.25,C1,11,5,100
28654,THE DC OF KAROONDA EAST MURRAY,SADQOZ,B2,0.000196614,0.094721179,B2,60,H2,25,A4,15,3,100
28655,THE DC OF KAROONDA EAST MURRAY,SADQOZ,B2,0.000174205,0.081893077,B2,60,H2,25,A4,15,3,100
28663,THE RURAL CITY OF MURRAY BRIDGE,DIHALD,L1,0.000162225,0.127230347,L1,65,D1,20,C2,15,3,100
28667,THE DC OF KAROONDA EAST MURRAY,SADQOZ,B2,3.87E-05,0.02652783,B2,60,H2,25,A4,15,3,100
28668,THE DC OF LOXTON WAIKERIE,BILOAJ,G2,9.82E-05,0.049753454,G2,30.25,H3,24.75,H2,20.25,6,100
28670,THE DC OF KAROONDA EAST MURRAY,SADQOZ,B2,6.46E-05,0.039813582,B2,60,H2,25,A4,15,3,100
28673,THE DC OF LOXTON WAIKERIE,BILOAJ,G2,0.000177121,0.081974333,G2,30.25,H3,24.75,H2,20.25,6,100
28674,THE DC OF LOXTON WAIKERIE,GURHnA,C4,0.000255768,0.126290818,C4,22.5,D3,22.5,G1,16.25,8,100
28676,THE RURAL CITY OF MURRAY BRIDGE,DIHDdH,D1,3.01E-05,0.037214507,D1,45,K3,35,L1,20,3,100
28679,THE DC OF LOXTON WAIKERIE,KEKOAF,H3,0.000233983,0.105156139,H3,52,G2,15.75,H2,13,5,100
28680,THE DC OF LOXTON WAIKERIE,GUROTJ,H3,0.00010341,0.056561492,H3,32,C4,20,D3,17.5,6,100
28691,MID MURRAY COUNCIL,EMUDcC,D1,7.70E-05,0.064233632,D1,35,K3,30,D7,20,4,100
28701,THE DC OF KAROONDA EAST MURRAY,SADQOZ,B2,1.23E-05,0.013105949,B2,60,H2,25,A4,15,3,100
28707,THE DC OF KAROONDA EAST MURRAY,KARUBF,H2,0.000145937,0.093843751,H2,65,A4,14,C1,10.535,4,100
28714,THE DC OF LOXTON WAIKERIE,BILOAG,H3,0.000362308,0.130674029,H3,35.75,H2,29.25,G2,19.25,6,100
28717,THE DC OF LOXTON WAIKERIE,BILOAF,H3,0.00016194,0.102788406,H3,35.75,H2,29.25,G2,19.25,6,100
28721,MID MURRAY COUNCIL,WHHSUB,A4,0.000525342,0.219344432,A4,75,H2,25,None,0,2,100
28734,THE DC OF LOXTON WAIKERIE,MINUNG,H2,4.49E-05,0.04560908,H2,65,G2,19.25,C1,7,5,100
28736,THE DC OF KAROONDA EAST MURRAY,BURQME,B2,5.49E-05,0.057625084,B2,65,B3,20,A4,15,3,100
28748,THE DC OF KAROONDA EAST MURRAY,MINUNF,H2,0.000104884,0.048249205,H2,65,G2,19.25,C1,7,5,100
28750,THE DC OF KAROONDA EAST MURRAY,KUNUMJ,H2,0.00058455,0.179660386,H2,45,A4,35.75,G1,11,4,100
28753,THE RURAL CITY OF MURRAY BRIDGE,DIHXBN,M1,0.000116327,0.141989341,M1,65,D3,20,M4,15,3,100
28754,THE DC OF LOXTON WAIKERIE,BILOAE,H3,0.000118754,0.064366688,H3,41.25,H2,33.75,G2,13.75,6,100
28755,THE DC OF KAROONDA EAST MURRAY,BILOAJ,G2,0.000307139,0.13952571,G2,30.25,H3,24.75,H2,20.25,6,100
28757,MID MURRAY COUNCIL,LMVSXII,A4,6.98E-05,0.057793047,A4,45,G1,35,H2,20,3,100
28769,THE DC OF KAROONDA EAST MURRAY,BILGhA,G2,0.000226751,0.082833894,G2,32.5,D3,25,H3,13.75,6,100
28775,THE DC OF LOXTON WAIKERIE,BILGhA,G2,0.000126342,0.074139789,G2,32.5,D3,25,H3,13.75,6,100
28777,THE DC OF KAROONDA EAST MURRAY,BILOAE,H3,6.41E-05,0.058008247,H3,41.25,H2,33.75,G2,13.75,6,100
28778,THE RURAL CITY OF MURRAY BRIDGE,BREJHJ,D3,1.27E-05,0.035395173,D3,55,M1,45,None,0,2,100
28781,THE DC OF LOXTON WAIKERIE,MINUNJ,H2,0.000216624,0.081529633,H2,45,G2,30.25,C1,11,5,100
28783,THE DC OF KAROONDA EAST MURRAY,SADHkA,D2,7.86E-05,0.040177842,D2,65,A4,20,C1,15,3,100
28787,THE DC OF KAROONDA EAST MURRAY,SADSUB,A4,0.00033738,0.179390005,A4,60,H2,25,C1,15,3,100
28793,THE DC OF LOXTON WAIKERIE,BILOAF,H3,0.000144227,0.059328496,H3,35.75,H2,29.25,G2,19.25,6,100
28794,THE DC OF KAROONDA EAST MURRAY,KARSSB,A4,9.12E-05,0.065489744,A4,46.75,C1,38.25,H2,15,3,100
28797,THE DC OF LOXTON WAIKERIE,BILGhA,G2,0.000268685,0.088505593,G2,32.5,D3,25,H3,13.75,6,100
28799,THE DC OF KAROONDA EAST MURRAY,SADQOZ,B2,1.25E-05,0.014478498,B2,60,H2,25,A4,15,3,100
28819,THE RURAL CITY OF MURRAY BRIDGE,HAGDbD,D1,4.22E-05,0.026229016,D1,40,K3,30.1,L1,29.9,3,100
28821,THE DC OF KAROONDA EAST MURRAY,KUNHkA,C1,4.26E-05,0.034323857,C1,45,D2,35,G1,20,3,100
28829,THE DC OF KAROONDA EAST MURRAY,SADHpA,D2,6.60E-05,0.04633893,D2,48.75,H2,25,A4,15,4,100
28836,MID MURRAY COUNCIL,EMUALB,L1,2.58E-05,0.028653338,L1,80,K3,20,None,0,2,100
28848,MID MURRAY COUNCIL,BURUJf,H2,4.41E-05,0.032480383,H2,45,B2,24.75,A4,19.25,4,100
28849,THE DC OF KAROONDA EAST MURRAY,BILOAG,H3,0.00170912,0.533928692,H3,35.75,H2,29.25,G2,19.25,6,100
28851,THE DC OF KAROONDA EAST MURRAY,KUNQJZ,B2,0.000208011,0.099273955,B2,100,None,0,None,0,1,100
28852,THE DC OF LOXTON WAIKERIE,BILGhA,G2,0.000548691,0.172904707,G2,32.5,D3,25,H3,13.75,6,100
28854,THE RURAL CITY OF MURRAY BRIDGE,DIHALY,L1,0.000148997,0.071726002,L1,65,D1,20,C2,15,3,100
28858,THE DC OF LOXTON WAIKERIE,BILGhA,G2,4.76E-05,0.031491162,G2,32.5,D3,25,H3,13.75,6,100
28860,THE DC OF KAROONDA EAST MURRAY,KUNQJZ,B2,7.13E-05,0.048819455,B2,100,None,0,None,0,1,100
28864,THE DC OF KAROONDA EAST MURRAY,KUNHkA,C1,1.93E-05,0.020297041,C1,45,D2,35,G1,20,3,100
28872,MID MURRAY COUNCIL,BURRCE,B3,6.03E-05,0.03155531,B3,80,B2,20,None,0,2,100
28876,THE DC OF LOXTON WAIKERIE,BILOAF,H3,0.000132623,0.062089811,H3,35.75,H2,29.25,G2,19.25,6,100
28877,THE DC OF KAROONDA EAST MURRAY,BURUJc,H2,2.76E-05,0.022192055,H2,65,B2,15.75,A4,12.25,4,100
28880,THE DC OF KAROONDA EAST MURRAY,MINHtA,D3,7.27E-05,0.039105724,D3,35,C1,30,G2,15,5,100
28886,THE DC OF LOXTON WAIKERIE,BILOAJ,G2,0.000206753,0.108509414,G2,30.25,H3,24.75,H2,20.25,6,100
28901,THE DC OF KAROONDA EAST MURRAY,KARUBF,H2,3.99E-05,0.032232336,H2,65,A4,14,C1,10.535,4,100
28902,THE DC OF KAROONDA EAST MURRAY,KUNQJZ,B2,0.000188727,0.129550924,B2,100,None,0,None,0,1,100
28903,THE DC OF KAROONDA EAST MURRAY,BILOAF,H3,0.000130209,0.097472655,H3,35.75,H2,29.25,G2,19.25,6,100
28914,MID MURRAY COUNCIL,BURUJc,H2,0.000303767,0.074892475,H2,65,B2,15.75,A4,12.25,4,100
28915,THE DC OF KAROONDA EAST MURRAY,MINUNF,H2,3.65E-05,0.03960899,H2,65,G2,19.25,C1,7,5,100
28916,THE DC OF LOXTON WAIKERIE,BILHaA,D3,6.57E-05,0.042706884,D3,65,G3,20,G2,15,3,100
28917,THE DC OF KAROONDA EAST MURRAY,SADHpA,D2,3.89E-05,0.026400284,D2,48.75,H2,25,A4,15,4,100
28919,THE DC OF KAROONDA EAST MURRAY,KUNHkA,C1,0.000120836,0.062651682,C1,45,D2,35,G1,20,3,100
28920,THE DC OF KAROONDA EAST MURRAY,SADQJZ,B2,0.00032303,0.136076661,B2,80,A4,20,None,0,2,100
28927,THE DC OF KAROONDA EAST MURRAY,KUNHkA,C1,1.48E-05,0.015758961,C1,45,D2,35,G1,20,3,100
28930,THE DC OF KAROONDA EAST MURRAY,BILOAF,H3,0.002248279,0.851446102,H3,35.75,H2,29.25,G2,19.25,6,100
28935,THE DC OF KAROONDA EAST MURRAY,BILOAF,H3,4.56E-05,0.03806511,H3,35.75,H2,29.25,G2,19.25,6,100
28945,THE DC OF KAROONDA EAST MURRAY,BILGhA,G2,0.00101158,0.23435773,G2,32.5,D3,25,H3,13.75,6,100
28948,THE DC OF LOXTON WAIKERIE,BILOAF,H3,0.000236651,0.118530439,H3,35.75,H2,29.25,G2,19.25,6,100
28949,THE DC OF LOXTON WAIKERIE,BILOAF,H3,9.68E-05,0.055297719,H3,35.75,H2,29.25,G2,19.25,6,100
28953,THE DC OF KAROONDA EAST MURRAY,BILOAf,H3,0.001135076,0.328397359,H3,24.75,H2,20.25,G2,19.25,7,100
28959,THE DC OF KAROONDA EAST MURRAY,KUNUMI,H2,0.000267841,0.082010934,H2,45,A4,35.75,G1,11,4,100
28960,MID MURRAY COUNCIL,EMUDtC,L1,0.000148646,0.091480663,L1,55,D1,20,K3,15,4,100
28965,THE DC OF KAROONDA EAST MURRAY,KARSSB,A4,0.000167098,0.112623156,A4,46.75,C1,38.25,H2,15,3,100
28970,THE DC OF LOXTON WAIKERIE,MINUNJ,H2,5.93E-05,0.03360807,H2,45,G2,30.25,C1,11,5,100
28984,MID MURRAY COUNCIL,ROCLWe,G3,1.95E-05,0.023694626,G3,55,M1,20,G2,15,4,100
28989,THE DC OF KAROONDA EAST MURRAY,BURRCE,B3,0.000149828,0.083198802,B3,80,B2,20,None,0,2,100
28993,MID MURRAY COUNCIL,BURUJf,H2,0.000129663,0.080904387,H2,45,B2,24.75,A4,19.25,4,100
28998,THE DC OF KAROONDA EAST MURRAY,MINHtA,D3,0.000145432,0.065035037,D3,35,C1,30,G2,15,5,100
29012,MID MURRAY COUNCIL,EMUDcC,D1,0.000193287,0.111239906,D1,35,K3,30,D7,20,4,100
29019,MID MURRAY COUNCIL,WHHUBJ,G1,0.001463809,0.243804589,G1,45,H2,24.75,A4,19.25,4,100
29023,THE DC OF LOXTON WAIKERIE,BILGhA,G2,0.000121566,0.049279958,G2,32.5,D3,25,H3,13.75,6,100
29024,THE DC OF LOXTON WAIKERIE,BILGhA,G2,8.82E-05,0.068387822,G2,32.5,D3,25,H3,13.75,6,100
29025,THE DC OF LOXTON WAIKERIE,BILOAF,H3,9.76E-05,0.075466443,H3,35.75,H2,29.25,G2,19.25,6,100
29027,THE DC OF LOXTON WAIKERIE,MINGtA,G2,0.000157296,0.078732627,G2,41.25,H2,25,G1,15,5,100
29030,THE DC OF KAROONDA EAST MURRAY,KARHpA,D2,0.000181847,0.10735341,D2,48.75,H2,25,A4,15,4,100
29031,THE DC OF KAROONDA EAST MURRAY,KUNUMG,H2,0.001029992,0.198149617,H2,65,A4,22.75,G1,7,4,100
29033,MID MURRAY COUNCIL,NARKXJ,M1,3.48E-05,0.044506491,M1,55,M4,45,None,0,2,100
29036,THE DC OF KAROONDA EAST MURRAY,KUNUMI,H2,0.00054426,0.189069718,H2,45,A4,35.75,G1,11,4,100
29037,THE DC OF LOXTON WAIKERIE,BILGhA,G2,0.000185149,0.083954907,G2,32.5,D3,25,H3,13.75,6,100
29039,THE DC OF KAROONDA EAST MURRAY,KUNHkA,C1,4.99E-05,0.031286307,C1,45,D2,35,G1,20,3,100
29046,MID MURRAY COUNCIL,LMVXs-,N3,3.00E-05,0.048162013,N3,100,None,0,None,0,1,100
29048,THE DC OF LOXTON WAIKERIE,BILOAF,H3,7.88E-05,0.045814685,H3,35.75,H2,29.25,G2,19.25,6,100
29051,THE DC OF LOXTON WAIKERIE,BILGhA,G2,7.32E-05,0.043820299,G2,32.5,D3,25,H3,13.75,6,100
29053,THE DC OF KAROONDA EAST MURRAY,SADSUB,A4,0.002363273,0.706183206,A4,60,H2,25,C1,15,3,100
29055,THE DC OF KAROONDA EAST MURRAY,SADHpA,D2,7.19E-05,0.05949596,D2,48.75,H2,25,A4,15,4,100
29074,THE DC OF LOXTON WAIKERIE,BILOAJ,G2,0.000108897,0.072432212,G2,30.25,H3,24.75,H2,20.25,6,100
29077,MID MURRAY COUNCIL,BURQMB,B2,1.98E-05,0.026985999,B2,65,B3,20,A4,15,3,100
29084,MID MURRAY COUNCIL,NARKXE,M1,3.73E-05,0.049291586,M1,55,M4,45,None,0,2,100
29098,THE DC OF LOXTON WAIKERIE,BILGhA,G2,0.000100084,0.068369227,G2,32.5,D3,25,H3,13.75,6,100
29099,MID MURRAY COUNCIL,EMUALB,L1,0.000109012,0.068743989,L1,80,K3,20,None,0,2,100
29105,THE DC OF KAROONDA EAST MURRAY,SADSUB,A4,0.0001836,0.062846525,A4,60,H2,25,C1,15,3,100
29106,MID MURRAY COUNCIL,NARKXJ,M1,2.08E-05,0.032402021,M1,55,M4,45,None,0,2,100
29107,THE DC OF KAROONDA EAST MURRAY,SADQJZ,B2,4.32E-05,0.045410746,B2,80,A4,20,None,0,2,100
29114,THE DC OF LOXTON WAIKERIE,BILOAG,H3,0.00103053,0.386371343,H3,35.75,H2,29.25,G2,19.25,6,100
29118,THE DC OF KAROONDA EAST MURRAY,BURQMB,B2,0.003395925,1.214565347,B2,65,B3,20,A4,15,3,100
29127,MID MURRAY COUNCIL,BURUJf,H2,2.66E-05,0.028431945,H2,45,B2,24.75,A4,19.25,4,100
29130,THE RURAL CITY OF MURRAY BRIDGE,DIHALC,L1,0.000540996,0.281424142,L1,65,D1,20,C2,15,3,100
29132,THE DC OF KAROONDA EAST MURRAY,SADQJZ,B2,2.57E-05,0.023985162,B2,80,A4,20,None,0,2,100
29139,THE RURAL CITY OF MURRAY BRIDGE,DIHALB,L1,2.97E-06,0.007331281,L1,65,D1,20,C2,15,3,100
29146,THE DC OF KAROONDA EAST MURRAY,KUNUMJ,H2,0.000100391,0.050116423,H2,45,A4,35.75,G1,11,4,100
29154,THE DC OF KAROONDA EAST MURRAY,SADQOZ,B2,9.17E-05,0.068015172,B2,60,H2,25,A4,15,3,100
29164,THE DC OF LOXTON WAIKERIE,BILOAG,H3,4.29E-05,0.037080935,H3,35.75,H2,29.25,G2,19.25,6,100
29166,THE DC OF KAROONDA EAST MURRAY,SADHkA,D2,0.00010123,0.058420161,D2,65,A4,20,C1,15,3,100
29167,THE DC OF KAROONDA EAST MURRAY,KUNQJZ,B2,2.16E-05,0.022838322,B2,100,None,0,None,0,1,100
29171,THE DC OF LOXTON WAIKERIE,MINQOB,B2,8.32E-05,0.06250234,B2,41.25,A4,33.75,H2,25,3,100
29172,THE DC OF KAROONDA EAST MURRAY,SADSUB,A4,0.000328447,0.197331597,A4,60,H2,25,C1,15,3,100
29177,THE DC OF KAROONDA EAST MURRAY,SADQOZ,B2,9.49E-05,0.081873962,B2,60,H2,25,A4,15,3,100
29178,THE DC OF KAROONDA EAST MURRAY,BILOAF,H3,0.000304925,0.119600385,H3,35.75,H2,29.25,G2,19.25,6,100
29182,THE DC OF KAROONDA EAST MURRAY,BILOAE,H3,0.000322319,0.108618775,H3,41.25,H2,33.75,G2,13.75,6,100
29210,THE DC OF LOXTON WAIKERIE,BILOAE,H3,0.000153478,0.10096184,H3,41.25,H2,33.75,G2,13.75,6,100
29214,THE DC OF KAROONDA EAST MURRAY,SADUJb,H2,2.49E-05,0.022114569,H2,65,A4,14,D2,10.535,4,100
29215,THE DC OF LOXTON WAIKERIE,BILGhA,G2,0.000158277,0.091429338,G2,32.5,D3,25,H3,13.75,6,100
29218,THE DC OF KAROONDA EAST MURRAY,KUNHkA,C1,3.34E-05,0.029430452,C1,45,D2,35,G1,20,3,100
29221,THE DC OF LOXTON WAIKERIE,MINUNE,H2,0.000157941,0.097447306,H2,65,G2,19.25,C1,7,5,100
29224,THE DC OF LOXTON WAIKERIE,BILOAF,H3,6.39E-05,0.063192201,H3,35.75,H2,29.25,G2,19.25,6,100
29230,THE DC OF KAROONDA EAST MURRAY,BURQMB,B2,1.49E-05,0.015804205,B2,65,B3,20,A4,15,3,100
29234,THE RURAL CITY OF MURRAY BRIDGE,DIHALY,L1,5.09E-05,0.039044705,L1,65,D1,20,C2,15,3,100
29240,THE DC OF LOXTON WAIKERIE,MINQJB,B2,3.18E-05,0.022968507,B2,55,A4,45,None,0,2,100
29242,THE DC OF LOXTON WAIKERIE,BILOAF,H3,3.83E-05,0.034642882,H3,35.75,H2,29.25,G2,19.25,6,100
29243,THE DC OF LOXTON WAIKERIE,KEKOAE,H3,8.85E-05,0.046011917,H3,60,H2,15,G2,11.25,5,100
29246,THE DC OF LOXTON WAIKERIE,BILOAF,H3,0.000139022,0.0837859,H3,35.75,H2,29.25,G2,19.25,6,100
29247,THE RURAL CITY OF MURRAY BRIDGE,DIHALY,L1,6.64E-05,0.039993163,L1,65,D1,20,C2,15,3,100
29250,MID MURRAY COUNCIL,WHHUBJ,G1,0.000417996,0.099016655,G1,45,H2,24.75,A4,19.25,4,100
29257,THE DC OF LOXTON WAIKERIE,KEKOAE,H3,0.00023068,0.098391023,H3,60,H2,15,G2,11.25,5,100
29258,THE DC OF KAROONDA EAST MURRAY,SADHpA,D2,0.000445725,0.18458953,D2,48.75,H2,25,A4,15,4,100
29260,THE RURAL CITY OF MURRAY BRIDGE,DIHALY,L1,0.000268109,0.123254234,L1,65,D1,20,C2,15,3,100
29264,THE DC OF KAROONDA EAST MURRAY,BILOAF,H3,0.000393207,0.112027857,H3,35.75,H2,29.25,G2,19.25,6,100
29265,MID MURRAY COUNCIL,BURUJf,H2,5.30E-05,0.049277702,H2,45,B2,24.75,A4,19.25,4,100
29270,THE DC OF LOXTON WAIKERIE,BILOAF,H3,0.000486764,0.0966025,H3,35.75,H2,29.25,G2,19.25,6,100
29275,THE RURAL CITY OF MURRAY BRIDGE,DIHALY,L1,0.000345669,0.175704448,L1,65,D1,20,C2,15,3,100
29276,THE DC OF KAROONDA EAST MURRAY,BILOAJ,G2,0.000250915,0.113856704,G2,30.25,H3,24.75,H2,20.25,6,100
29277,THE DC OF KAROONDA EAST MURRAY,SADHpA,D2,0.000275096,0.082763482,D2,48.75,H2,25,A4,15,4,100
29281,THE DC OF LOXTON WAIKERIE,BILOAJ,G2,0.000207598,0.085655595,G2,30.25,H3,24.75,H2,20.25,6,100
29284,THE DC OF KAROONDA EAST MURRAY,KARSQB,A4,0.000828857,0.249682884,A4,38.5,C1,31.5,D2,15,4,100
29290,THE DC OF LOXTON WAIKERIE,GURHnA,C4,0.000130847,0.073971717,C4,22.5,D3,22.5,G1,16.25,8,100
29291,THE DC OF KAROONDA EAST MURRAY,BURQcB,B2,0.000299581,0.162841994,B2,41.25,H2,25,A4,15,5,100
29298,THE DC OF KAROONDA EAST MURRAY,SADHkA,D2,1.00E-05,0.011576507,D2,65,A4,20,C1,15,3,100
29301,THE RURAL CITY OF MURRAY BRIDGE,PALUBJ,H2,4.28E-05,0.044356253,H2,55,A4,45,None,0,2,100
29302,THE DC OF KAROONDA EAST MURRAY,KARUBJ,H2,0.001667342,0.399790621,H2,45,A4,22,C1,16.555,4,100
29309,THE DC OF LOXTON WAIKERIE,KEKGkA,G2,4.23E-05,0.037105061,G2,45,G1,35,G3,20,3,100
29310,THE DC OF KAROONDA EAST MURRAY,KARHpA,D2,0.000308828,0.114357853,D2,48.75,H2,25,A4,15,4,100
29320,THE DC OF KAROONDA EAST MURRAY,KARUBF,H2,5.47E-05,0.03203487,H2,65,A4,14,C1,10.535,4,100
29321,THE DC OF LOXTON WAIKERIE,BILOAF,H3,0.000424333,0.211124168,H3,35.75,H2,29.25,G2,19.25,6,100
29331,THE RURAL CITY OF MURRAY BRIDGE,EMUDtH,L1,4.10E-05,0.042649325,L1,55,D1,20,K3,15,4,100
29333,MID MURRAY COUNCIL,BURQME,B2,0.000230811,0.204749823,B2,65,B3,20,A4,15,3,100
29334,THE DC OF LOXTON WAIKERIE,BILOAF,H3,0.000178191,0.074857046,H3,35.75,H2,29.25,G2,19.25,6,100
29336,THE RURAL CITY OF MURRAY BRIDGE,BURUJf,H2,0.000117652,0.062717161,H2,45,B2,24.75,A4,19.25,4,100
29344,THE DC OF LOXTON WAIKERIE,BILOAF,H3,5.51E-05,0.03743235,H3,35.75,H2,29.25,G2,19.25,6,100
29345,THE DC OF KAROONDA EAST MURRAY,KARUBF,H2,3.71E-05,0.024139041,H2,65,A4,14,C1,10.535,4,100
29347,THE DC OF LOXTON WAIKERIE,BILOAJ,G2,9.82E-05,0.068079738,G2,30.25,H3,24.75,H2,20.25,6,100
29350,THE DC OF KAROONDA EAST MURRAY,BILOAJ,G2,0.000680202,0.256715871,G2,30.25,H3,24.75,H2,20.25,6,100
29353,THE DC OF LOXTON WAIKERIE,GURHnA,C4,0.000258496,0.108809774,C4,22.5,D3,22.5,G1,16.25,8,100
29358,THE RURAL CITY OF MURRAY BRIDGE,DIHALB,L1,0.0001231,0.087996593,L1,65,D1,20,C2,15,3,100
29359,THE RURAL CITY OF MURRAY BRIDGE,WHHSUB,A4,0.003310001,0.288272388,A4,75,H2,25,None,0,2,100
29360,THE RURAL CITY OF MURRAY BRIDGE,DIHALB,L1,0.000510682,0.224224918,L1,65,D1,20,C2,15,3,100
29364,THE DC OF KAROONDA EAST MURRAY,BURUJf,H2,0.000231891,0.122013428,H2,45,B2,24.75,A4,19.25,4,100
29365,THE RURAL CITY OF MURRAY BRIDGE,DIHDdC,D1,0.000100391,0.092415332,D1,45,K3,35,L1,20,3,100
29370,THE DC OF LOXTON WAIKERIE,BILOAJ,G2,0.000289927,0.111344256,G2,30.25,H3,24.75,H2,20.25,6,100
29371,THE RURAL CITY OF MURRAY BRIDGE,DIHETZ,L1,2.42E-05,0.024649247,L1,65,D1,20,K3,15,3,100
29376,THE DC OF LOXTON WAIKERIE,GUROTF,H3,7.95E-05,0.08353629,H3,52,H2,13,C4,12.25,6,100
29379,THE DC OF LOXTON WAIKERIE,BILOAG,H3,3.48E-05,0.030774532,H3,35.75,H2,29.25,G2,19.25,6,100
29382,THE DC OF LOXTON WAIKERIE,BILGhA,G2,0.000251424,0.133501301,G2,32.5,D3,25,H3,13.75,6,100
29388,THE DC OF KAROONDA EAST MURRAY,KARUBF,H2,0.000485655,0.347835729,H2,65,A4,14,C1,10.535,4,100
29392,THE DC OF LOXTON WAIKERIE,KEKOAE,H3,0.001672651,0.527759385,H3,60,H2,15,G2,11.25,5,100
29400,THE DC OF LOXTON WAIKERIE,BILOAI,G2,0.00122724,0.505362118,G2,30.25,H3,24.75,H2,20.25,6,100
29402,THE DC OF KAROONDA EAST MURRAY,BILOAF,H3,7.85E-05,0.042847356,H3,35.75,H2,29.25,G2,19.25,6,100
29418,THE DC OF KAROONDA EAST MURRAY,SADHpA,D2,0.00010776,0.053449882,D2,48.75,H2,25,A4,15,4,100
29419,THE RURAL CITY OF MURRAY BRIDGE,MOAEaB,L1,0.000121384,0.065224135,L1,55,A2,20,D1,15,4,100
29425,THE DC OF LOXTON WAIKERIE,BILGhA,G2,9.71E-05,0.058463013,G2,32.5,D3,25,H3,13.75,6,100
29429,THE DC OF KAROONDA EAST MURRAY,SADHkA,D2,6.59E-06,0.009455532,D2,65,A4,20,C1,15,3,100
29436,THE DC OF LOXTON WAIKERIE,BILOAF,H3,2.93E-05,0.034610445,H3,35.75,H2,29.25,G2,19.25,6,100
29437,MID MURRAY COUNCIL,BURQME,B2,2.09E-05,0.022138918,B2,65,B3,20,A4,15,3,100
29439,THE DC OF LOXTON WAIKERIE,GUROTE,H3,1.21E-05,0.016623768,H3,60,H2,15,C4,8.75,6,100
29440,THE DC OF KAROONDA EAST MURRAY,BILOAF,H3,2.48E-05,0.029741868,H3,35.75,H2,29.25,G2,19.25,6,100
29447,THE RURAL CITY OF MURRAY BRIDGE,DIHALI,L1,0.00103972,0.411958111,L1,65,D1,20,C2,15,3,100
29448,THE DC OF KAROONDA EAST MURRAY,SADHkA,D2,4.44E-05,0.035863638,D2,65,A4,20,C1,15,3,100
29455,THE DC OF LOXTON WAIKERIE,GURHnA,C4,4.02E-05,0.037363173,C4,22.5,D3,22.5,G1,16.25,8,100
29457,THE DC OF LOXTON WAIKERIE,GURHmA,C4,7.01E-05,0.040043948,C4,27,D3,26,G1,19.5,8,100
29458,THE RURAL CITY OF MURRAY BRIDGE,BURU-D,H2,7.21E-05,0.094046414,H2,100,None,0,None,0,1,100
29460,THE DC OF LOXTON WAIKERIE,BILOAF,H3,2.97E-05,0.029603436,H3,35.75,H2,29.25,G2,19.25,6,100
29463,THE DC OF LOXTON WAIKERIE,GUROTF,H3,9.54E-06,0.012782063,H3,52,H2,13,C4,12.25,6,100
29464,THE DC OF KAROONDA EAST MURRAY,SADQOZ,B2,6.92E-06,0.013079164,B2,60,H2,25,A4,15,3,100
29474,THE DC OF KAROONDA EAST MURRAY,SADUJb,H2,5.80E-05,0.05246182,H2,65,A4,14,D2,10.535,4,100
29475,MID MURRAY COUNCIL,BURQMB,B2,8.21E-05,0.054747226,B2,65,B3,20,A4,15,3,100
29476,THE DC OF KAROONDA EAST MURRAY,BILOAE,H3,0.000135231,0.059199184,H3,41.25,H2,33.75,G2,13.75,6,100
29480,THE DC OF KAROONDA EAST MURRAY,KARUBF,H2,6.13E-05,0.040032745,H2,65,A4,14,C1,10.535,4,100
29483,THE DC OF LOXTON WAIKERIE,GUROTF,H3,5.21E-05,0.043204737,H3,52,H2,13,C4,12.25,6,100
29495,THE RURAL CITY OF MURRAY BRIDGE,PALUWK,H2,0.00012457,0.061160757,H2,55,G1,45,None,0,2,100
29502,THE RURAL CITY OF MURRAY BRIDGE,BREDaC,D1,6.67E-05,0.076267469,D1,40,L1,30.1,A2,29.9,3,100
29503,THE DC OF LOXTON WAIKERIE,BILOAG,H3,0.000246562,0.126870731,H3,35.75,H2,29.25,G2,19.25,6,100
29507,THE DC OF LOXTON WAIKERIE,BILOAJ,G2,7.01E-05,0.034565621,G2,30.25,H3,24.75,H2,20.25,6,100
29511,THE RURAL CITY OF MURRAY BRIDGE,DIHETC,L1,1.29E-05,0.01503622,L1,65,D1,20,K3,15,3,100
29514,THE DC OF KAROONDA EAST MURRAY,BURU-D,H2,1.55E-05,0.019673732,H2,100,None,0,None,0,1,100
29518,THE RURAL CITY OF MURRAY BRIDGE,BURUJf,H2,7.25E-05,0.062079546,H2,45,B2,24.75,A4,19.25,4,100
29519,THE RURAL CITY OF MURRAY BRIDGE,BURQMB,B2,7.21E-05,0.042769119,B2,65,B3,20,A4,15,3,100
29537,THE DC OF KAROONDA EAST MURRAY,BILOAE,H3,5.61E-05,0.053546396,H3,41.25,H2,33.75,G2,13.75,6,100
29540,THE DC OF KAROONDA EAST MURRAY,SADHpA,D2,4.38E-05,0.028157995,D2,48.75,H2,25,A4,15,4,100
29544,MID MURRAY COUNCIL,LMVSXII,A4,0.000606673,0.246277521,A4,45,G1,35,H2,20,3,100
29547,THE RURAL CITY OF MURRAY BRIDGE,DIHETI,L1,1.67E-05,0.015622367,L1,65,D1,20,K3,15,3,100
29551,THE DC OF LOXTON WAIKERIE,KEKOAE,H3,0.000127449,0.063234171,H3,60,H2,15,G2,11.25,5,100
29552,THE RURAL CITY OF MURRAY BRIDGE,BURUJf,H2,0.000112595,0.056625005,H2,45,B2,24.75,A4,19.25,4,100
29556,THE DC OF KAROONDA EAST MURRAY,BILOAE,H3,2.97E-05,0.023180446,H3,41.25,H2,33.75,G2,13.75,6,100
29559,THE DC OF LOXTON WAIKERIE,GUROTG,H3,3.44E-05,0.031230634,H3,52,H2,13,C4,12.25,6,100
29565,THE RURAL CITY OF MURRAY BRIDGE,BREDaC,D1,7.73E-05,0.057042708,D1,40,L1,30.1,A2,29.9,3,100
29572,THE DC OF LOXTON WAIKERIE,BILOAG,H3,3.47E-05,0.031227926,H3,35.75,H2,29.25,G2,19.25,6,100
29580,THE DC OF LOXTON WAIKERIE,KEKOAF,H3,0.00054516,0.21646205,H3,52,G2,15.75,H2,13,5,100
29581,THE RURAL CITY OF MURRAY BRIDGE,MOAAKA,L1,1.73E-05,0.026523299,L1,80,D1,20,None,0,2,100
29586,THE DC OF LOXTON WAIKERIE,BILOAG,H3,0.002345379,0.791056394,H3,35.75,H2,29.25,G2,19.25,6,100
29589,THE DC OF KAROONDA EAST MURRAY,SADQOZ,B2,0.000110537,0.059014237,B2,60,H2,25,A4,15,3,100
29599,THE RURAL CITY OF MURRAY BRIDGE,MOAEaB,L1,2.45E-05,0.025379003,L1,55,A2,20,D1,15,4,100
29606,THE DC OF LOXTON WAIKERIE,GURHnA,C4,0.000370197,0.158720868,C4,22.5,D3,22.5,G1,16.25,8,100
29608,THE DC OF LOXTON WAIKERIE,BILOAG,H3,0.000469005,0.152995424,H3,35.75,H2,29.25,G2,19.25,6,100
29612,THE DC OF KAROONDA EAST MURRAY,KARHoA,D2,8.84E-05,0.050036351,D2,65,A4,20,C1,15,3,100
29616,THE RURAL CITY OF MURRAY BRIDGE,EMUALH,L1,0.000493889,0.267010069,L1,80,K3,20,None,0,2,100
29623,THE RURAL CITY OF MURRAY BRIDGE,WHHUBJ,G1,0.000206598,0.066184628,G1,45,H2,24.75,A4,19.25,4,100
29625,THE RURAL CITY OF MURRAY BRIDGE,BREJWH,G1,0.000250627,0.131169689,G1,45,D2,35,H2,20,3,100
29631,THE RURAL CITY OF MURRAY BRIDGE,EMUDtH,L1,7.70E-05,0.070326063,L1,55,D1,20,K3,15,4,100
29632,THE DC OF LOXTON WAIKERIE,GUROTI,H3,4.02E-05,0.034888114,H3,36,C4,19.25,D3,16.5,6,100
29636,THE DC OF KAROONDA EAST MURRAY,SADQJZ,B2,0.000125703,0.091573814,B2,80,A4,20,None,0,2,100
29638,MID MURRAY COUNCIL,BURQcB,B2,0.000378046,0.162937039,B2,41.25,H2,25,A4,15,5,100
29642,THE RURAL CITY OF MURRAY BRIDGE,BREHKC,D6,4.25E-05,0.039344912,D6,40,G1,30.1,A4,29.9,3,100
29643,THE DC OF LOXTON WAIKERIE,BILGhA,G2,7.21E-05,0.041387383,G2,32.5,D3,25,H3,13.75,6,100
29656,THE DC OF LOXTON WAIKERIE,KEKOAH,H3,8.43E-05,0.05159104,H3,36,G2,24.75,G1,19.25,5,100
29665,THE DC OF KAROONDA EAST MURRAY,KARHoA,D2,0.000153465,0.072530313,D2,65,A4,20,C1,15,3,100
29667,THE RURAL CITY OF MURRAY BRIDGE,BREEfB,A2,0.000143998,0.152501074,A2,55,D1,45,None,0,2,100
29672,THE DC OF KAROONDA EAST MURRAY,SADQOZ,B2,0.00022346,0.106249735,B2,60,H2,25,A4,15,3,100
29677,THE DC OF LOXTON WAIKERIE,KEKGlA,G2,8.81E-05,0.043542647,G2,33.75,G1,26.25,H3,20,5,100
29678,THE DC OF LOXTON WAIKERIE,GUROTI,H3,7.85E-05,0.064434427,H3,36,C4,19.25,D3,16.5,6,100
29681,THE RURAL CITY OF MURRAY BRIDGE,WHHUBJ,G1,0.001501472,0.299204139,G1,45,H2,24.75,A4,19.25,4,100
29685,THE DC OF KAROONDA EAST MURRAY,BURUJe,H2,0.000330158,0.127218973,H2,45,B2,24.75,A4,19.25,4,100
29686,THE DC OF KAROONDA EAST MURRAY,KARUBF,H2,4.83E-05,0.036900545,H2,65,A4,14,C1,10.535,4,100
29689,THE DC OF LOXTON WAIKERIE,GUROTF,H3,0.000213037,0.133707545,H3,52,H2,13,C4,12.25,6,100
29697,THE DC OF LOXTON WAIKERIE,GURHnA,C4,9.99E-05,0.045812111,C4,22.5,D3,22.5,G1,16.25,8,100
29703,THE DC OF LOXTON WAIKERIE,BILOAG,H3,0.000203246,0.110481744,H3,35.75,H2,29.25,G2,19.25,6,100
29706,THE DC OF LOXTON WAIKERIE,BILOAF,H3,0.000125011,0.048110804,H3,35.75,H2,29.25,G2,19.25,6,100
29711,THE RURAL CITY OF MURRAY BRIDGE,DIHALB,L1,0.000211132,0.093987364,L1,65,D1,20,C2,15,3,100
29712,MID MURRAY COUNCIL,BURQMB,B2,3.49E-05,0.037542118,B2,65,B3,20,A4,15,3,100
29718,THE DC OF KAROONDA EAST MURRAY,GURHnA,C4,0.000525556,0.157740149,C4,22.5,D3,22.5,G1,16.25,8,100
29720,THE DC OF KAROONDA EAST MURRAY,KARHoA,D2,5.60E-05,0.033782533,D2,65,A4,20,C1,15,3,100
29721,THE DC OF KAROONDA EAST MURRAY,SADHkA,D2,2.13E-05,0.019246939,D2,65,A4,20,C1,15,3,100
29723,THE DC OF KAROONDA EAST MURRAY,SADSUB,A4,0.001996966,0.802154543,A4,60,H2,25,C1,15,3,100
29728,THE RURAL CITY OF MURRAY BRIDGE,LMVXg-,E3,4.60E-05,0.034691774,E3,39,H2,25,N3,15,5,100
29730,THE RURAL CITY OF MURRAY BRIDGE,PALJUA,G1,0.000307593,0.089192984,G1,45,M1,35,H2,20,3,100
29737,THE DC OF KAROONDA EAST MURRAY,BURQcB,B2,0.003645942,0.917892281,B2,41.25,H2,25,A4,15,5,100
29738,THE DC OF LOXTON WAIKERIE,GUROTG,H3,6.43E-05,0.054174853,H3,52,H2,13,C4,12.25,6,100
29749,THE DC OF KAROONDA EAST MURRAY,SADHkA,D2,1.32E-05,0.016559926,D2,65,A4,20,C1,15,3,100
29752,THE RURAL CITY OF MURRAY BRIDGE,MBEAKY,L1,7.63E-06,0.013632336,L1,65,K3,20,D1,15,3,100
29754,THE DC OF KAROONDA EAST MURRAY,WYNHoA,D2,0.00038891,0.208338977,D2,45,C1,35,G1,20,3,100
29756,THE RURAL CITY OF MURRAY BRIDGE,BURUJf,H2,0.000274359,0.105768721,H2,45,B2,24.75,A4,19.25,4,100
29758,THE DC OF KAROONDA EAST MURRAY,BILOAE,H3,0.000357542,0.132596343,H3,41.25,H2,33.75,G2,13.75,6,100
29761,THE DC OF LOXTON WAIKERIE,GURHmA,C4,0.000327015,0.135034576,C4,27,D3,26,G1,19.5,8,100
29762,THE DC OF LOXTON WAIKERIE,GURHmA,C4,0.000172975,0.069972588,C4,27,D3,26,G1,19.5,8,100
29767,THE DC OF KAROONDA EAST MURRAY,SADUJb,H2,3.56E-05,0.026572467,H2,65,A4,14,D2,10.535,4,100
29769,THE DC OF KAROONDA EAST MURRAY,SADQOZ,B2,1.77E-05,0.015802328,B2,60,H2,25,A4,15,3,100
29771,THE RURAL CITY OF MURRAY BRIDGE,EMUALB,L1,1.64E-05,0.017840635,L1,80,K3,20,None,0,2,100
29772,THE DC OF LOXTON WAIKERIE,BILOAG,H3,0.000166549,0.061961727,H3,35.75,H2,29.25,G2,19.25,6,100
29777,THE DC OF LOXTON WAIKERIE,BILOAG,H3,0.00016619,0.102931285,H3,35.75,H2,29.25,G2,19.25,6,100
29778,THE DC OF KAROONDA EAST MURRAY,BURUJe,H2,7.17E-05,0.041523825,H2,45,B2,24.75,A4,19.25,4,100
29781,THE RURAL CITY OF MURRAY BRIDGE,DIHETH,L1,5.31E-05,0.051155886,L1,65,D1,20,K3,15,3,100
29798,THE DC OF KAROONDA EAST MURRAY,KUNHkA,C1,1.67E-05,0.016577577,C1,45,D2,35,G1,20,3,100
29803,THE DC OF LOXTON WAIKERIE,GURHmA,C4,8.62E-05,0.041588415,C4,27,D3,26,G1,19.5,8,100
29806,THE DC OF KAROONDA EAST MURRAY,SADHkA,D2,7.04E-05,0.044614158,D2,65,A4,20,C1,15,3,100
29810,THE DC OF KAROONDA EAST MURRAY,BILOAF,H3,0.000106033,0.057594778,H3,35.75,H2,29.25,G2,19.25,6,100
29816,THE RURAL CITY OF MURRAY BRIDGE,BURQME,B2,4.03E-05,0.03251659,B2,65,B3,20,A4,15,3,100
29817,THE RURAL CITY OF MURRAY BRIDGE,MOAEaB,L1,1.04E-05,0.012756898,L1,55,A2,20,D1,15,4,100
29819,THE DC OF KAROONDA EAST MURRAY,KARHkA,D2,2.01E-05,0.020945176,D2,100,None,0,None,0,1,100
29820,THE RURAL CITY OF MURRAY BRIDGE,KINEgB,A2,0.00023355,0.085658952,A2,35,C2,30,D1,20,4,100
29821,THE DC OF KAROONDA EAST MURRAY,KARHpA,D2,0.000369536,0.16028,D2,48.75,H2,25,A4,15,4,100
29823,MID MURRAY COUNCIL,BURQcB,B2,0.001656843,0.382435864,B2,41.25,H2,25,A4,15,5,100
29831,THE DC OF KAROONDA EAST MURRAY,KARHoA,D2,5.03E-05,0.044039748,D2,65,A4,20,C1,15,3,100
29833,THE DC OF KAROONDA EAST MURRAY,SADSTB,A4,0.000694495,0.273699655,A4,80,C1,20,None,0,2,100
29835,THE DC OF KAROONDA EAST MURRAY,SADHkA,D2,1.67E-05,0.015774089,D2,65,A4,20,C1,15,3,100
29840,THE DC OF KAROONDA EAST MURRAY,BILGhA,G2,8.33E-05,0.045857744,G2,32.5,D3,25,H3,13.75,6,100
29843,THE DC OF LOXTON WAIKERIE,GUROTJ,H3,8.44E-05,0.051442355,H3,32,C4,20,D3,17.5,6,100
29844,THE DC OF KAROONDA EAST MURRAY,BILGhA,G2,0.000164157,0.076647029,G2,32.5,D3,25,H3,13.75,6,100
29852,THE RURAL CITY OF MURRAY BRIDGE,PALUWK,H2,0.000160686,0.052964272,H2,55,G1,45,None,0,2,100
29858,THE DC OF KAROONDA EAST MURRAY,KARHoA,D2,5.50E-05,0.041746064,D2,65,A4,20,C1,15,3,100
29862,THE RURAL CITY OF MURRAY BRIDGE,MBEAKI,L1,0.000689397,0.657111152,L1,65,K3,20,D1,15,3,100
29863,THE DC OF KAROONDA EAST MURRAY,SADQOZ,B2,5.69E-05,0.033547806,B2,60,H2,25,A4,15,3,100
29872,THE DC OF KAROONDA EAST MURRAY,SADUJb,H2,5.40E-05,0.034331113,H2,65,A4,14,D2,10.535,4,100
29874,THE DC OF KAROONDA EAST MURRAY,KARUBF,H2,5.64E-05,0.051082468,H2,65,A4,14,C1,10.535,4,100
29879,MID MURRAY COUNCIL,BURUJf,H2,7.44E-05,0.058223559,H2,45,B2,24.75,A4,19.25,4,100
29882,THE DC OF KAROONDA EAST MURRAY,SADQJZ,B2,4.44E-05,0.03101984,B2,80,A4,20,None,0,2,100
29884,THE DC OF KAROONDA EAST MURRAY,BURQcB,B2,4.23E-05,0.056630747,B2,41.25,H2,25,A4,15,5,100
29887,THE RURAL CITY OF MURRAY BRIDGE,BURQcB,B2,0.000219086,0.095855368,B2,41.25,H2,25,A4,15,5,100
29891,THE DC OF LOXTON WAIKERIE,BILOAH,G2,0.000266807,0.115347789,G2,30.25,H3,24.75,H2,20.25,6,100
29893,THE DC OF LOXTON WAIKERIE,GUROTJ,H3,0.000145134,0.080194686,H3,32,C4,20,D3,17.5,6,100
29897,THE RURAL CITY OF MURRAY BRIDGE,WHHSUB,A4,0.000346044,0.100429722,A4,75,H2,25,None,0,2,100
29898,THE RURAL CITY OF MURRAY BRIDGE,MOAXBK,M1,0.000248496,0.290568531,M1,65,D3,20,D5,15,3,100
29900,THE RURAL CITY OF MURRAY BRIDGE,BURUJe,H2,0.000289168,0.125875662,H2,45,B2,24.75,A4,19.25,4,100
29906,THE RURAL CITY OF MURRAY BRIDGE,DIHETI,L1,2.89E-05,0.029980467,L1,65,D1,20,K3,15,3,100
29908,MID MURRAY COUNCIL,BURUJf,H2,5.08E-05,0.038014509,H2,45,B2,24.75,A4,19.25,4,100
29914,THE DC OF LOXTON WAIKERIE,BILGhA,G2,0.000159644,0.082919204,G2,32.5,D3,25,H3,13.75,6,100
29921,THE RURAL CITY OF MURRAY BRIDGE,MBEAKY,L1,1.10E-05,0.022699017,L1,65,K3,20,D1,15,3,100
29923,THE DC OF KAROONDA EAST MURRAY,BURUJe,H2,0.000121249,0.056661818,H2,45,B2,24.75,A4,19.25,4,100
29924,THE RURAL CITY OF MURRAY BRIDGE,PALJUE,G1,0.00021459,0.20217794,G1,45,M1,35,H2,20,3,100
29927,THE DC OF KAROONDA EAST MURRAY,BILOAG,H3,0.001047917,0.316377306,H3,35.75,H2,29.25,G2,19.25,6,100
29930,THE DC OF LOXTON WAIKERIE,GURHmA,C4,7.21E-05,0.039522397,C4,27,D3,26,G1,19.5,8,100
29931,THE DC OF LOXTON WAIKERIE,BILGhA,G2,0.000220585,0.088565274,G2,32.5,D3,25,H3,13.75,6,100
29934,THE DC OF LOXTON WAIKERIE,GURHnA,C4,0.000207518,0.088877632,C4,22.5,D3,22.5,G1,16.25,8,100
29939,THE RURAL CITY OF MURRAY BRIDGE,BURQcB,B2,0.000277039,0.123993617,B2,41.25,H2,25,A4,15,5,100
29941,THE DC OF KAROONDA EAST MURRAY,KARUBF,H2,0.000113757,0.086560536,H2,65,A4,14,C1,10.535,4,100
29942,THE DC OF LOXTON WAIKERIE,BILOAJ,G2,9.07E-05,0.051702313,G2,30.25,H3,24.75,H2,20.25,6,100
29946,THE DC OF KAROONDA EAST MURRAY,BURQcB,B2,0.000181655,0.093519868,B2,41.25,H2,25,A4,15,5,100
29950,THE DC OF KAROONDA EAST MURRAY,BILOAJ,G2,0.000822178,0.225722686,G2,30.25,H3,24.75,H2,20.25,6,100
29952,THE DC OF LOXTON WAIKERIE,BILOAF,H3,0.000113303,0.054647398,H3,35.75,H2,29.25,G2,19.25,6,100
29956,THE RURAL CITY OF MURRAY BRIDGE,HAGALB,L1,7.05E-05,0.054417966,L1,40,K3,30.1,D1,29.9,3,100
29957,THE DC OF LOXTON WAIKERIE,GUROTI,H3,0.000146194,0.079139821,H3,36,C4,19.25,D3,16.5,6,100
29966,THE DC OF KAROONDA EAST MURRAY,KUNQJZ,B2,6.00E-05,0.051073412,B2,100,None,0,None,0,1,100
29967,THE RURAL CITY OF MURRAY BRIDGE,EMUDcC,D1,0.000208229,0.073647603,D1,35,K3,30,D7,20,4,100
29971,THE DC OF KAROONDA EAST MURRAY,SADUJb,H2,0.000117768,0.096100302,H2,65,A4,14,D2,10.535,4,100
29974,THE DC OF KAROONDA EAST MURRAY,KUNSkB,A4,0.000301646,0.116830086,A4,39,H2,25,C1,15.75,5,100
29976,THE DC OF KAROONDA EAST MURRAY,SADQJZ,B2,4.32E-05,0.034451655,B2,80,A4,20,None,0,2,100
29977,MID MURRAY COUNCIL,BURUJc,H2,0.000568612,0.119077998,H2,65,B2,15.75,A4,12.25,4,100
29979,THE DC OF LOXTON WAIKERIE,GURHnA,C4,0.000161835,0.110851138,C4,22.5,D3,22.5,G1,16.25,8,100
29982,THE RURAL CITY OF MURRAY BRIDGE,BREJWH,G1,1.08E-05,0.016695874,G1,45,D2,35,H2,20,3,100
29983,THE RURAL CITY OF MURRAY BRIDGE,EMUDtC,L1,0.00013657,0.070306634,L1,55,D1,20,K3,15,4,100
29988,THE DC OF KAROONDA EAST MURRAY,KARSQB,A4,0.000559963,0.192458833,A4,38.5,C1,31.5,D2,15,4,100
29991,THE DC OF KAROONDA EAST MURRAY,SADQOZ,B2,0.000101723,0.069776621,B2,60,H2,25,A4,15,3,100
29994,MID MURRAY COUNCIL,BURQMB,B2,0.000823045,0.331076059,B2,65,B3,20,A4,15,3,100
29997,THE DC OF LOXTON WAIKERIE,BILOAJ,G2,0.000145764,0.076299422,G2,30.25,H3,24.75,H2,20.25,6,100
29999,THE DC OF KAROONDA EAST MURRAY,KARSQB,A4,9.15E-05,0.043415392,A4,38.5,C1,31.5,D2,15,4,100
30007,THE DC OF LOXTON WAIKERIE,GUROTF,H3,0.000280961,0.179666931,H3,52,H2,13,C4,12.25,6,100
30009,THE RURAL CITY OF MURRAY BRIDGE,LMVSXC,G1,0.000855856,0.23953102,G1,37.5,A4,33.75,H2,28.75,3,100
30013,THE RURAL CITY OF MURRAY BRIDGE,BURU-D,H2,4.07E-05,0.034223821,H2,100,None,0,None,0,1,100
30014,THE DC OF KAROONDA EAST MURRAY,KUNHkA,C1,6.29E-05,0.039781899,C1,45,D2,35,G1,20,3,100
30017,THE DC OF KAROONDA EAST MURRAY,KARUBF,H2,8.13E-05,0.072071387,H2,65,A4,14,C1,10.535,4,100
30022,THE RURAL CITY OF MURRAY BRIDGE,LMVXi-,E3,0.00076303,0.20494659,E3,65,G1,20,M2,15,3,100
30030,THE DC OF LOXTON WAIKERIE,KEKOAF,H3,0.001038746,0.326823453,H3,52,G2,15.75,H2,13,5,100
30036,THE DC OF KAROONDA EAST MURRAY,SADUJb,H2,3.48E-05,0.029617906,H2,65,A4,14,D2,10.535,4,100
30037,THE DC OF LOXTON WAIKERIE,GURHnA,C4,4.77E-05,0.038705119,C4,22.5,D3,22.5,G1,16.25,8,100
30040,THE DC OF LOXTON WAIKERIE,GURHmA,C4,8.18E-05,0.051540259,C4,27,D3,26,G1,19.5,8,100
30055,THE DC OF LOXTON WAIKERIE,BILGhA,G2,7.13E-05,0.040811851,G2,32.5,D3,25,H3,13.75,6,100
30060,THE DC OF KAROONDA EAST MURRAY,BURQMB,B2,0.000438241,0.207891179,B2,65,B3,20,A4,15,3,100
30064,THE RURAL CITY OF MURRAY BRIDGE,PALJUA,G1,0.000187434,0.084094941,G1,45,M1,35,H2,20,3,100
30065,THE DC OF KAROONDA EAST MURRAY,SADQOZ,B2,5.83E-05,0.039622512,B2,60,H2,25,A4,15,3,100
30069,THE DC OF KAROONDA EAST MURRAY,KARUBF,H2,0.000132738,0.060133584,H2,65,A4,14,C1,10.535,4,100
30070,THE RURAL CITY OF MURRAY BRIDGE,BREJHJ,D3,1.29E-05,0.038170416,D3,55,M1,45,None,0,2,100
30074,THE RURAL CITY OF MURRAY BRIDGE,BREDaC,D1,1.17E-05,0.014947494,D1,40,L1,30.1,A2,29.9,3,100
30075,MID MURRAY COUNCIL,LMVA-l,RR,2.33E-05,0.024065075,RR,100,None,0,None,0,1,100
30077,THE DC OF KAROONDA EAST MURRAY,KARUBJ,H2,0.000404181,0.132825873,H2,45,A4,22,C1,16.555,4,100
30082,THE DC OF LOXTON WAIKERIE,GUROTJ,H3,0.000110218,0.075166744,H3,32,C4,20,D3,17.5,6,100
30087,THE RURAL CITY OF MURRAY BRIDGE,BURQME,B2,9.12E-05,0.077332017,B2,65,B3,20,A4,15,3,100
30090,THE RURAL CITY OF MURRAY BRIDGE,PALUWK,H2,7.93E-05,0.056146204,H2,55,G1,45,None,0,2,100
30093,MID MURRAY COUNCIL,BURQME,B2,8.39E-05,0.067667972,B2,65,B3,20,A4,15,3,100
30105,THE DC OF KAROONDA EAST MURRAY,KUNQJZ,B2,1.38E-05,0.016747622,B2,100,None,0,None,0,1,100
30107,THE DC OF KAROONDA EAST MURRAY,KUNQJZ,B2,1.84E-05,0.01840812,B2,100,None,0,None,0,1,100
30111,THE DC OF KAROONDA EAST MURRAY,KEKOAE,H3,0.00188164,0.441132969,H3,60,H2,15,G2,11.25,5,100
30112,THE RURAL CITY OF MURRAY BRIDGE,EMUALH,L1,0.000164818,0.059292761,L1,80,K3,20,None,0,2,100
30113,THE RURAL CITY OF MURRAY BRIDGE,DIHXBK,M1,2.59E-05,0.030679555,M1,65,D3,20,M4,15,3,100
30114,THE DC OF KAROONDA EAST MURRAY,BILOAF,H3,0.000219977,0.074376037,H3,35.75,H2,29.25,G2,19.25,6,100
30115,THE DC OF LOXTON WAIKERIE,KEKOAF,H3,4.99E-05,0.045866882,H3,52,G2,15.75,H2,13,5,100
30122,THE DC OF KAROONDA EAST MURRAY,BURQcB,B2,0.000665713,0.273219571,B2,41.25,H2,25,A4,15,5,100
30123,THE DC OF KAROONDA EAST MURRAY,KARUBG,H2,0.000275822,0.124940689,H2,65,A4,14,C1,10.535,4,100
30127,THE RURAL CITY OF MURRAY BRIDGE,DIHETC,L1,1.83E-05,0.023715565,L1,65,D1,20,K3,15,3,100
30129,THE RURAL CITY OF MURRAY BRIDGE,MOAAKA,L1,4.21E-06,0.00880194,L1,80,D1,20,None,0,2,100
30133,THE DC OF KAROONDA EAST MURRAY,KARUBF,H2,7.57E-05,0.055927769,H2,65,A4,14,C1,10.535,4,100
30141,MID MURRAY COUNCIL,BURQMB,B2,2.21E-05,0.020912065,B2,65,B3,20,A4,15,3,100
30147,THE RURAL CITY OF MURRAY BRIDGE,MBEAKY,L1,7.70E-06,0.014642344,L1,65,K3,20,D1,15,3,100
30151,THE RURAL CITY OF MURRAY BRIDGE,HAGALC,L1,7.12E-06,0.013325594,L1,40,K3,30.1,D1,29.9,3,100
30152,THE DC OF KAROONDA EAST MURRAY,SADQOZ,B2,1.43E-05,0.018423688,B2,60,H2,25,A4,15,3,100
30154,THE DC OF LOXTON WAIKERIE,GURHnA,C4,0.000100697,0.059802195,C4,22.5,D3,22.5,G1,16.25,8,100
30155,THE DC OF KAROONDA EAST MURRAY,KUNQJZ,B2,7.86E-05,0.041999503,B2,100,None,0,None,0,1,100
30157,MID MURRAY COUNCIL,BURQMB,B2,5.86E-05,0.040285225,B2,65,B3,20,A4,15,3,100
30168,THE RURAL CITY OF MURRAY BRIDGE,EMUJKC,D3,5.59E-05,0.042121899,D3,45,M1,35,M4,20,3,100
30169,THE DC OF KAROONDA EAST MURRAY,BURU-D,H2,7.70E-05,0.069957469,H2,100,None,0,None,0,1,100
30173,THE DC OF KAROONDA EAST MURRAY,BILGhA,G2,0.000166296,0.074897647,G2,32.5,D3,25,H3,13.75,6,100
30177,THE RURAL CITY OF MURRAY BRIDGE,BREJHJ,D3,8.78E-06,0.018895709,D3,55,M1,45,None,0,2,100
30181,THE DC OF KAROONDA EAST MURRAY,SADHkA,D2,1.76E-05,0.020404927,D2,65,A4,20,C1,15,3,100
30183,THE DC OF KAROONDA EAST MURRAY,BILGhA,G2,6.33E-05,0.040694256,G2,32.5,D3,25,H3,13.75,6,100
30184,THE DC OF KAROONDA EAST MURRAY,KUNHkA,C1,5.96E-05,0.040073119,C1,45,D2,35,G1,20,3,100
30187,THE RURAL CITY OF MURRAY BRIDGE,PALUWK,H2,4.66E-05,0.03958955,H2,55,G1,45,None,0,2,100
30209,THE DC OF KAROONDA EAST MURRAY,BILOAF,H3,0.000109427,0.07943775,H3,35.75,H2,29.25,G2,19.25,6,100
30210,THE RURAL CITY OF MURRAY BRIDGE,EMUALB,L1,9.15E-06,0.016683647,L1,80,K3,20,None,0,2,100
30213,THE DC OF LOXTON WAIKERIE,BILHaA,D3,5.40E-05,0.035505842,D3,65,G3,20,G2,15,3,100
30220,THE DC OF KAROONDA EAST MURRAY,SADUJb,H2,2.81E-05,0.021893894,H2,65,A4,14,D2,10.535,4,100
30228,MID MURRAY COUNCIL,LMVXs-,N3,4.10E-05,0.031563792,N3,100,None,0,None,0,1,100
30231,THE RURAL CITY OF MURRAY BRIDGE,DIHXBK,M1,1.95E-05,0.026333319,M1,65,D3,20,M4,15,3,100
30233,THE RURAL CITY OF MURRAY BRIDGE,BURQpB,B2,0.000177967,0.060118578,B2,48.75,H2,25,B8,15,4,100
30235,THE DC OF KAROONDA EAST MURRAY,WYNQkB,B2,0.000399584,0.196098501,B2,41.25,C1,33.75,H2,25,3,100
30236,THE DC OF KAROONDA EAST MURRAY,BURUJe,H2,7.54E-05,0.081554848,H2,45,B2,24.75,A4,19.25,4,100
30238,THE DC OF KAROONDA EAST MURRAY,SADUJb,H2,2.43E-05,0.028524531,H2,65,A4,14,D2,10.535,4,100
30239,THE DC OF LOXTON WAIKERIE,BILOAE,H3,4.09E-05,0.032410074,H3,41.25,H2,33.75,G2,13.75,6,100
30243,THE DC OF KAROONDA EAST MURRAY,KARSQB,A4,0.000125749,0.072347365,A4,38.5,C1,31.5,D2,15,4,100
30247,THE DC OF LOXTON WAIKERIE,GURHmA,C4,3.47E-05,0.026121483,C4,27,D3,26,G1,19.5,8,100
30249,THE DC OF KAROONDA EAST MURRAY,SADQOZ,B2,0.000195364,0.076710174,B2,60,H2,25,A4,15,3,100
30251,MID MURRAY COUNCIL,EMUALB,L1,6.27E-05,0.04363597,L1,80,K3,20,None,0,2,100
30253,THE DC OF LOXTON WAIKERIE,KEKOAE,H3,0.00112672,0.272710001,H3,60,H2,15,G2,11.25,5,100
30256,THE DC OF KAROONDA EAST MURRAY,BILOAF,H3,0.002049526,0.67172056,H3,35.75,H2,29.25,G2,19.25,6,100
30257,THE DC OF LOXTON WAIKERIE,KEKOAE,H3,0.000173523,0.07831764,H3,60,H2,15,G2,11.25,5,100
30264,THE DC OF LOXTON WAIKERIE,GURHnA,C4,7.78E-05,0.050840778,C4,22.5,D3,22.5,G1,16.25,8,100
30266,THE RURAL CITY OF MURRAY BRIDGE,BREJUO,D2,0.000212618,0.164990639,D2,35,M4,30,M1,20,4,100
30268,THE RURAL CITY OF MURRAY BRIDGE,BURQcB,B2,0.000103495,0.055572074,B2,41.25,H2,25,A4,15,5,100
30270,THE DC OF KAROONDA EAST MURRAY,BILOAF,H3,5.86E-05,0.045078239,H3,35.75,H2,29.25,G2,19.25,6,100
30271,THE RURAL CITY OF MURRAY BRIDGE,DIHETZ,L1,0.00014465,0.100307884,L1,65,D1,20,K3,15,3,100
30278,THE DC OF LOXTON WAIKERIE,GUROTI,H3,0.000238688,0.148293044,H3,36,C4,19.25,D3,16.5,6,100
30280,THE DC OF KAROONDA EAST MURRAY,SADSTB,A4,0.000198195,0.119412518,A4,80,C1,20,None,0,2,100
30281,THE DC OF LOXTON WAIKERIE,BILOAJ,G2,0.000276486,0.134547891,G2,30.25,H3,24.75,H2,20.25,6,100
30282,THE DC OF KAROONDA EAST MURRAY,BURUJf,H2,0.000188029,0.108263779,H2,45,B2,24.75,A4,19.25,4,100
30285,THE RURAL CITY OF MURRAY BRIDGE,EMUDcC,D1,0.000217057,0.1089713,D1,35,K3,30,D7,20,4,100
30291,THE RURAL CITY OF MURRAY BRIDGE,EMUALB,L1,0.000119273,0.097040558,L1,80,K3,20,None,0,2,100
30292,THE DC OF KAROONDA EAST MURRAY,SADQOZ,B2,3.12E-05,0.040151348,B2,60,H2,25,A4,15,3,100
30294,MID MURRAY COUNCIL,EMUDtH,L1,0.000164155,0.115837047,L1,55,D1,20,K3,15,4,100
30295,THE DC OF LOXTON WAIKERIE,GURHnA,C4,0.000142868,0.06926367,C4,22.5,D3,22.5,G1,16.25,8,100
30297,THE RURAL CITY OF MURRAY BRIDGE,DIHETZ,L1,9.28E-05,0.057656864,L1,65,D1,20,K3,15,3,100
30302,THE RURAL CITY OF MURRAY BRIDGE,MBEAKY,L1,4.30E-05,0.066177656,L1,65,K3,20,D1,15,3,100
30311,THE DC OF KAROONDA EAST MURRAY,KARUBF,H2,8.67E-05,0.060809869,H2,65,A4,14,C1,10.535,4,100
30323,THE DC OF KAROONDA EAST MURRAY,WYNUef,H2,0.000271796,0.120081336,H2,45,B2,24.75,C1,19.25,4,100
30326,THE DC OF LOXTON WAIKERIE,BILOAF,H3,3.56E-05,0.024074437,H3,35.75,H2,29.25,G2,19.25,6,100
30330,THE DC OF KAROONDA EAST MURRAY,KARSSB,A4,0.000220213,0.072721826,A4,46.75,C1,38.25,H2,15,3,100
30331,THE RURAL CITY OF MURRAY BRIDGE,KINDgB,D1,0.000148139,0.141107773,D1,35,K3,30,L1,15,5,100
30336,SOUTHERN MALLEE DC,GURHnA,C4,7.19E-05,0.052652238,C4,22.5,D3,22.5,G1,16.25,8,100
30342,THE DC OF LOXTON WAIKERIE,GUROTF,H3,0.00028285,0.113525055,H3,52,H2,13,C4,12.25,6,100
30344,THE DC OF KAROONDA EAST MURRAY,KARSQB,A4,0.001206985,0.33407014,A4,38.5,C1,31.5,D2,15,4,100
30345,THE DC OF KAROONDA EAST MURRAY,BILOAF,H3,0.000594904,0.228578404,H3,35.75,H2,29.25,G2,19.25,6,100
30350,THE DC OF KAROONDA EAST MURRAY,BURRCE,B3,8.47E-06,0.011151669,B3,80,B2,20,None,0,2,100
30351,THE DC OF KAROONDA EAST MURRAY,BURU-D,H2,8.49E-06,0.012433275,H2,100,None,0,None,0,1,100
30353,THE DC OF KAROONDA EAST MURRAY,BILOAG,H3,0.000768506,0.204601396,H3,35.75,H2,29.25,G2,19.25,6,100
30364,THE DC OF LOXTON WAIKERIE,BILOAJ,G2,6.33E-05,0.034282171,G2,30.25,H3,24.75,H2,20.25,6,100
30365,THE DC OF KAROONDA EAST MURRAY,SADQJZ,B2,2.94E-05,0.028087769,B2,80,A4,20,None,0,2,100
30377,THE RURAL CITY OF MURRAY BRIDGE,KINJnB,D3,2.06E-05,0.026478012,D3,65,D2,20,C1,15,3,100
30380,THE RURAL CITY OF MURRAY BRIDGE,KINEtB,L1,6.47E-06,0.010592137,L1,75.25,RR,24.75,None,0,2,100
30384,THE DC OF LOXTON WAIKERIE,BILOAF,H3,2.04E-05,0.020565847,H3,35.75,H2,29.25,G2,19.25,6,100
30387,THE DC OF KAROONDA EAST MURRAY,KARHoA,D2,5.23E-05,0.037965672,D2,65,A4,20,C1,15,3,100
30389,THE DC OF LOXTON WAIKERIE,KEKGlA,G2,1.05E-05,0.013684497,G2,33.75,G1,26.25,H3,20,5,100
30390,THE DC OF KAROONDA EAST MURRAY,KARHkA,D2,1.86E-05,0.016930475,D2,100,None,0,None,0,1,100
30391,THE DC OF KAROONDA EAST MURRAY,WYNQkB,B2,0.001462176,0.446093045,B2,41.25,C1,33.75,H2,25,3,100
30392,THE DC OF KAROONDA EAST MURRAY,WYNQkB,B2,0.000100868,0.051076107,B2,41.25,C1,33.75,H2,25,3,100
30393,THE DC OF KAROONDA EAST MURRAY,BILOAF,H3,0.00010002,0.056128105,H3,35.75,H2,29.25,G2,19.25,6,100
30400,THE DC OF LOXTON WAIKERIE,BILOAF,H3,1.93E-05,0.018404118,H3,35.75,H2,29.25,G2,19.25,6,100
30401,THE DC OF LOXTON WAIKERIE,KEKOAG,H3,5.08E-05,0.03898123,H3,52,G2,15.75,H2,13,5,100
30403,THE DC OF KAROONDA EAST MURRAY,BILGhA,G2,3.35E-05,0.02935855,G2,32.5,D3,25,H3,13.75,6,100
30407,SOUTHERN MALLEE DC,GURHnA,C4,0.000268931,0.151856332,C4,22.5,D3,22.5,G1,16.25,8,100
30408,THE DC OF LOXTON WAIKERIE,GUROTJ,H3,7.72E-05,0.062789919,H3,32,C4,20,D3,17.5,6,100
30409,THE DC OF KAROONDA EAST MURRAY,BURU-D,H2,3.25E-05,0.037854708,H2,100,None,0,None,0,1,100
30413,THE DC OF KAROONDA EAST MURRAY,SADQOZ,B2,3.00E-05,0.026519557,B2,60,H2,25,A4,15,3,100
30419,THE DC OF KAROONDA EAST MURRAY,SADUJf,H2,8.01E-05,0.043178645,H2,45,A4,22,D2,16.555,4,100
30421,THE RURAL CITY OF MURRAY BRIDGE,BURQME,B2,4.53E-05,0.032327054,B2,65,B3,20,A4,15,3,100
30424,THE RURAL CITY OF MURRAY BRIDGE,MOAEaB,L1,5.76E-05,0.035991202,L1,55,A2,20,D1,15,4,100
30425,THE RURAL CITY OF MURRAY BRIDGE,LMVSXII,A4,2.76E-05,0.027930886,A4,45,G1,35,H2,20,3,100
30431,THE RURAL CITY OF MURRAY BRIDGE,MOAJGB,D3,1.38E-05,0.01740673,D3,65,D5,20,D1,15,3,100
30432,THE DC OF LOXTON WAIKERIE,KEKOAG,H3,0.000140966,0.071262564,H3,52,G2,15.75,H2,13,5,100
30433,THE RURAL CITY OF MURRAY BRIDGE,MBEAKY,L1,7.43E-06,0.014409532,L1,65,K3,20,D1,15,3,100
30436,THE DC OF KAROONDA EAST MURRAY,SADHkA,D2,9.22E-06,0.01139653,D2,65,A4,20,C1,15,3,100
30438,THE DC OF KAROONDA EAST MURRAY,SADHkA,D2,1.28E-05,0.01352751,D2,65,A4,20,C1,15,3,100
30439,THE RURAL CITY OF MURRAY BRIDGE,BURQpB,B2,0.00018795,0.061282449,B2,48.75,H2,25,B8,15,4,100
30442,THE DC OF KAROONDA EAST MURRAY,SADQJZ,B2,5.18E-05,0.03566206,B2,80,A4,20,None,0,2,100
30444,THE DC OF KAROONDA EAST MURRAY,SADHkA,D2,2.98E-05,0.027218119,D2,65,A4,20,C1,15,3,100
30447,THE DC OF KAROONDA EAST MURRAY,BURU-D,H2,1.65E-05,0.01981639,H2,100,None,0,None,0,1,100
30451,THE RURAL CITY OF MURRAY BRIDGE,MOAAKB,L1,2.19E-05,0.025222233,L1,80,D1,20,None,0,2,100
30455,THE RURAL CITY OF MURRAY BRIDGE,MOAEaB,L1,1.25E-05,0.017226648,L1,55,A2,20,D1,15,4,100
30457,THE DC OF KAROONDA EAST MURRAY,SADQJZ,B2,9.18E-05,0.044847199,B2,80,A4,20,None,0,2,100
30462,THE RURAL CITY OF MURRAY BRIDGE,KINJnB,D3,0.000107606,0.072504259,D3,65,D2,20,C1,15,3,100
30463,THE DC OF KAROONDA EAST MURRAY,BURUJf,H2,0.000143942,0.085730466,H2,45,B2,24.75,A4,19.25,4,100
30467,THE DC OF KAROONDA EAST MURRAY,BILOAJ,G2,0.000882086,0.255865834,G2,30.25,H3,24.75,H2,20.25,6,100
30468,THE DC OF KAROONDA EAST MURRAY,BILOAE,H3,0.000346002,0.215531933,H3,41.25,H2,33.75,G2,13.75,6,100
30471,THE RURAL CITY OF MURRAY BRIDGE,BREJUO,D2,0.000286339,0.213012453,D2,35,M4,30,M1,20,4,100
30473,THE RURAL CITY OF MURRAY BRIDGE,MOAXBK,M1,0.000222433,0.26593798,M1,65,D3,20,D5,15,3,100
30474,THE DC OF LOXTON WAIKERIE,GUROTJ,H3,0.000346617,0.176148242,H3,32,C4,20,D3,17.5,6,100
30475,THE DC OF LOXTON WAIKERIE,BILOAJ,G2,0.000171597,0.072789266,G2,30.25,H3,24.75,H2,20.25,6,100
30487,THE DC OF KAROONDA EAST MURRAY,KARSSB,A4,0.00015968,0.083894061,A4,46.75,C1,38.25,H2,15,3,100
30497,THE DC OF KAROONDA EAST MURRAY,WYNQiB,B2,0.000500484,0.2229615,B2,55,C1,45,None,0,2,100
30506,THE RURAL CITY OF MURRAY BRIDGE,BURQMB,B2,0.001046239,0.442483947,B2,65,B3,20,A4,15,3,100
30508,THE RURAL CITY OF MURRAY BRIDGE,KINXBN,M1,5.23E-05,0.079138681,M1,80,D3,20,None,0,2,100
30511,SOUTHERN MALLEE DC,KEKOAG,H3,6.01E-05,0.049306322,H3,52,G2,15.75,H2,13,5,100
30516,THE RURAL CITY OF MURRAY BRIDGE,MOAEaC,L1,5.45E-05,0.050940259,L1,55,A2,20,D1,15,4,100
30517,THE RURAL CITY OF MURRAY BRIDGE,MBEAKY,L1,1.93E-05,0.03100842,L1,65,K3,20,D1,15,3,100
30519,THE RURAL CITY OF MURRAY BRIDGE,BURQVB,B2,0.000391796,0.141349451,B2,46.75,B3,36.805,A4,16.445,3,100
30521,THE DC OF KAROONDA EAST MURRAY,KARSQB,A4,0.000722014,0.164442603,A4,38.5,C1,31.5,D2,15,4,100
30522,THE DC OF KAROONDA EAST MURRAY,SADQJZ,B2,9.85E-06,0.015668997,B2,80,A4,20,None,0,2,100
30531,THE DC OF KAROONDA EAST MURRAY,KARU-A,H2,0.000101779,0.069523225,H2,100,None,0,None,0,1,100
30534,THE DC OF LOXTON WAIKERIE,BILOAJ,G2,0.000162475,0.097999433,G2,30.25,H3,24.75,H2,20.25,6,100
30540,THE DC OF LOXTON WAIKERIE,BILHaA,D3,5.64E-05,0.038455305,D3,65,G3,20,G2,15,3,100
30542,THE DC OF LOXTON WAIKERIE,KEKOAG,H3,0.000112037,0.052519472,H3,52,G2,15.75,H2,13,5,100
30545,THE RURAL CITY OF MURRAY BRIDGE,WHHSUB,A4,0.000943721,0.291459748,A4,75,H2,25,None,0,2,100
30546,THE DC OF LOXTON WAIKERIE,KEKOAE,H3,7.74E-05,0.038480324,H3,60,H2,15,G2,11.25,5,100
30550,THE DC OF LOXTON WAIKERIE,GUROTG,H3,0.000156407,0.075823783,H3,52,H2,13,C4,12.25,6,100
30551,THE DC OF LOXTON WAIKERIE,BILGhA,G2,6.60E-05,0.058288829,G2,32.5,D3,25,H3,13.75,6,100
30555,THE DC OF LOXTON WAIKERIE,KEKGlA,G2,5.20E-05,0.038235287,G2,33.75,G1,26.25,H3,20,5,100
30573,THE RURAL CITY OF MURRAY BRIDGE,MBEAKY,L1,4.66E-05,0.063382968,L1,65,K3,20,D1,15,3,100
30575,THE DC OF KAROONDA EAST MURRAY,KARUBJ,H2,0.000261576,0.092953243,H2,45,A4,22,C1,16.555,4,100
30576,THE DC OF KAROONDA EAST MURRAY,KARUBJ,H2,3.78E-05,0.033987815,H2,45,A4,22,C1,16.555,4,100
30578,THE RURAL CITY OF MURRAY BRIDGE,KINDgB,D1,0.000193541,0.118151097,D1,35,K3,30,L1,15,5,100
30579,THE DC OF KAROONDA EAST MURRAY,BURRCE,B3,0.000137928,0.096625463,B3,80,B2,20,None,0,2,100
30586,THE RURAL CITY OF MURRAY BRIDGE,KINGGB,G4,0.000305712,0.169601064,G4,80,H3,20,None,0,2,100
30587,THE DC OF KAROONDA EAST MURRAY,BURQVB,B2,0.00109213,0.271821235,B2,46.75,B3,36.805,A4,16.445,3,100
30588,THE DC OF KAROONDA EAST MURRAY,SADQOZ,B2,0.001564403,0.430836518,B2,60,H2,25,A4,15,3,100
30589,THE RURAL CITY OF MURRAY BRIDGE,KINO-C,H3,2.86E-05,0.046925686,H3,80,G4,20,None,0,2,100
30592,THE DC OF KAROONDA EAST MURRAY,BURU-D,H2,4.02E-05,0.053822237,H2,100,None,0,None,0,1,100
30593,THE DC OF LOXTON WAIKERIE,BILOAE,H3,7.11E-05,0.049445281,H3,41.25,H2,33.75,G2,13.75,6,100
30602,THE RURAL CITY OF MURRAY BRIDGE,MOAAKB,L1,4.25E-05,0.045902636,L1,80,D1,20,None,0,2,100
30604,THE RURAL CITY OF MURRAY BRIDGE,KINEtB,L1,7.29E-05,0.051313322,L1,75.25,RR,24.75,None,0,2,100
30606,THE DC OF LOXTON WAIKERIE,GUROTJ,H3,7.03E-05,0.035693818,H3,32,C4,20,D3,17.5,6,100
30607,THE RURAL CITY OF MURRAY BRIDGE,MOAGGB,G2,2.93E-05,0.028631449,G2,100,None,0,None,0,1,100
30613,THE RURAL CITY OF MURRAY BRIDGE,BURRCE,B3,2.71E-05,0.023378539,B3,80,B2,20,None,0,2,100
30615,THE RURAL CITY OF MURRAY BRIDGE,KINEtB,L1,6.76E-06,0.012819037,L1,75.25,RR,24.75,None,0,2,100
30616,THE RURAL CITY OF MURRAY BRIDGE,MOADsC,G1,3.59E-05,0.034111621,G1,65,L1,20,D1,15,3,100
30617,THE DC OF KAROONDA EAST MURRAY,KEKGlA,G2,1.21E-05,0.013191636,G2,33.75,G1,26.25,H3,20,5,100
30618,THE DC OF LOXTON WAIKERIE,BILOAE,H3,7.96E-05,0.072483112,H3,41.25,H2,33.75,G2,13.75,6,100
30619,THE RURAL CITY OF MURRAY BRIDGE,LMVXs-,N3,8.24E-06,0.012511737,N3,100,None,0,None,0,1,100
30621,SOUTHERN MALLEE DC,KEKOAG,H3,4.64E-05,0.039943358,H3,52,G2,15.75,H2,13,5,100
30624,THE RURAL CITY OF MURRAY BRIDGE,WHHUBJ,G1,8.36E-05,0.048239036,G1,45,H2,24.75,A4,19.25,4,100
30628,THE RURAL CITY OF MURRAY BRIDGE,MOADaB,D1,5.66E-06,0.009403075,D1,55,L1,20,A2,15,4,100
30634,THE RURAL CITY OF MURRAY BRIDGE,MOAAKB,L1,2.38E-05,0.029007605,L1,80,D1,20,None,0,2,100
30635,THE RURAL CITY OF MURRAY BRIDGE,WHHQVB,B2,3.49E-05,0.02390637,B2,100,None,0,None,0,1,100
30637,THE RURAL CITY OF MURRAY BRIDGE,KINJnB,D3,3.66E-05,0.03442251,D3,65,D2,20,C1,15,3,100
30646,THE RURAL CITY OF MURRAY BRIDGE,KINEtB,L1,1.23E-05,0.014968941,L1,75.25,RR,24.75,None,0,2,100
30647,THE RURAL CITY OF MURRAY BRIDGE,MOAEfL,A2,6.97E-06,0.014007802,A2,55,D1,20,L1,15,4,100
30649,SOUTHERN MALLEE DC,GURHmA,C4,7.09E-05,0.07151528,C4,27,D3,26,G1,19.5,8,100
30650,THE DC OF KAROONDA EAST MURRAY,BURU-D,H2,3.57E-06,0.00872878,H2,100,None,0,None,0,1,100
30660,THE RURAL CITY OF MURRAY BRIDGE,MOADaB,D1,2.25E-05,0.026711109,D1,55,L1,20,A2,15,4,100
30665,THE DC OF KAROONDA EAST MURRAY,SADQOZ,B2,6.65E-05,0.052041117,B2,60,H2,25,A4,15,3,100
30667,THE DC OF KAROONDA EAST MURRAY,BURQVB,B2,3.89E-05,0.034784242,B2,46.75,B3,36.805,A4,16.445,3,100
30670,THE DC OF KAROONDA EAST MURRAY,SADQJZ,B2,1.04E-05,0.013801667,B2,80,A4,20,None,0,2,100
30673,THE DC OF LOXTON WAIKERIE,KEKOAF,H3,0.000296231,0.134216254,H3,52,G2,15.75,H2,13,5,100
30674,THE RURAL CITY OF MURRAY BRIDGE,BURQMB,B2,5.93E-05,0.0390468,B2,65,B3,20,A4,15,3,100
30675,THE DC OF KAROONDA EAST MURRAY,BURQMB,B2,0.002758715,1.050827265,B2,65,B3,20,A4,15,3,100
30677,THE RURAL CITY OF MURRAY BRIDGE,MOAEaB,L1,3.61E-05,0.031775027,L1,55,A2,20,D1,15,4,100
30681,THE RURAL CITY OF MURRAY BRIDGE,BURQMB,B2,0.000152057,0.060413612,B2,65,B3,20,A4,15,3,100
30683,THE RURAL CITY OF MURRAY BRIDGE,LMVXs-,N3,3.48E-05,0.030257884,N3,100,None,0,None,0,1,100
30684,THE RURAL CITY OF MURRAY BRIDGE,MOADsB,G1,5.34E-06,0.011477468,G1,65,L1,20,D1,15,3,100
30689,THE RURAL CITY OF MURRAY BRIDGE,MBEAKY,L1,1.09E-05,0.021428639,L1,65,K3,20,D1,15,3,100
30690,THE DC OF LOXTON WAIKERIE,GURHnA,C4,0.000151928,0.069378351,C4,22.5,D3,22.5,G1,16.25,8,100
30691,THE RURAL CITY OF MURRAY BRIDGE,MOADaC,D1,2.44E-05,0.025851807,D1,55,L1,20,A2,15,4,100
30692,THE RURAL CITY OF MURRAY BRIDGE,KINXBK,M1,4.51E-05,0.061752384,M1,80,D3,20,None,0,2,100
30693,THE RURAL CITY OF MURRAY BRIDGE,KINEtB,L1,1.21E-05,0.014083341,L1,75.25,RR,24.75,None,0,2,100
30695,SOUTHERN MALLEE DC,GURHnA,C4,0.000786256,0.366276938,C4,22.5,D3,22.5,G1,16.25,8,100
30697,THE RURAL CITY OF MURRAY BRIDGE,MOAAKB,L1,4.75E-05,0.043226135,L1,80,D1,20,None,0,2,100
30700,SOUTHERN MALLEE DC,GURHmA,C4,1.24E-05,0.015758316,C4,27,D3,26,G1,19.5,8,100
30703,THE RURAL CITY OF MURRAY BRIDGE,KINJnB,D3,2.09E-05,0.024081968,D3,65,D2,20,C1,15,3,100
30704,THE RURAL CITY OF MURRAY BRIDGE,KINDgB,D1,7.62E-06,0.012601405,D1,35,K3,30,L1,15,5,100
30705,THE RURAL CITY OF MURRAY BRIDGE,MOAAKI,L1,0.000142141,0.122916783,L1,80,D1,20,None,0,2,100
30706,THE RURAL CITY OF MURRAY BRIDGE,PALJUB,G1,5.31E-05,0.04792964,G1,45,M1,35,H2,20,3,100
30718,THE DC OF KAROONDA EAST MURRAY,BURU-D,H2,4.24E-05,0.067938941,H2,100,None,0,None,0,1,100
30719,THE DC OF LOXTON WAIKERIE,BILOAE,H3,6.52E-05,0.042999408,H3,41.25,H2,33.75,G2,13.75,6,100
30721,THE RURAL CITY OF MURRAY BRIDGE,MOAEaC,L1,0.000347239,0.210863804,L1,55,A2,20,D1,15,4,100
30722,THE DC OF KAROONDA EAST MURRAY,KARHoA,D2,0.001027122,0.340997593,D2,65,A4,20,C1,15,3,100
30723,SOUTHERN MALLEE DC,GURHnA,C4,0.000324347,0.129222259,C4,22.5,D3,22.5,G1,16.25,8,100
30724,SOUTHERN MALLEE DC,GUROTE,H3,0.000123332,0.097279798,H3,60,H2,15,C4,8.75,6,100
30726,THE RURAL CITY OF MURRAY BRIDGE,LMVXi-,E3,5.69E-05,0.030295906,E3,65,G1,20,M2,15,3,100
30732,THE RURAL CITY OF MURRAY BRIDGE,MOAEaB,L1,4.38E-05,0.039961182,L1,55,A2,20,D1,15,4,100
30746,THE DC OF LOXTON WAIKERIE,GUROTG,H3,5.04E-05,0.034208656,H3,52,H2,13,C4,12.25,6,100
30747,THE RURAL CITY OF MURRAY BRIDGE,MOAJGB,D3,6.05E-05,0.056384773,D3,65,D5,20,D1,15,3,100
30751,THE DC OF KAROONDA EAST MURRAY,BURU-D,H2,1.51E-05,0.022482628,H2,100,None,0,None,0,1,100
30753,THE DC OF LOXTON WAIKERIE,GURHnA,C4,2.76E-05,0.027274416,C4,22.5,D3,22.5,G1,16.25,8,100
30758,THE DC OF KAROONDA EAST MURRAY,BILOAF,H3,0.002180973,0.782447083,H3,35.75,H2,29.25,G2,19.25,6,100
30759,THE RURAL CITY OF MURRAY BRIDGE,MOADsB,G1,8.51E-06,0.012178045,G1,65,L1,20,D1,15,3,100
30760,THE RURAL CITY OF MURRAY BRIDGE,MOADaC,D1,9.17E-05,0.05914142,D1,55,L1,20,A2,15,4,100
30762,THE RURAL CITY OF MURRAY BRIDGE,KINEgB,A2,3.31E-05,0.032175978,A2,35,C2,30,D1,20,4,100
30765,THE RURAL CITY OF MURRAY BRIDGE,KINEtB,L1,2.89E-05,0.023742395,L1,75.25,RR,24.75,None,0,2,100
30768,THE DC OF KAROONDA EAST MURRAY,KEKGlA,G2,1.39E-05,0.01377886,G2,33.75,G1,26.25,H3,20,5,100
30773,THE DC OF KAROONDA EAST MURRAY,SADQOZ,B2,4.12E-05,0.025976303,B2,60,H2,25,A4,15,3,100
30774,THE RURAL CITY OF MURRAY BRIDGE,LMVSXII,A4,0.000103297,0.067690137,A4,45,G1,35,H2,20,3,100
30778,THE RURAL CITY OF MURRAY BRIDGE,KINEtB,L1,5.84E-06,0.010244414,L1,75.25,RR,24.75,None,0,2,100
30783,THE DC OF LOXTON WAIKERIE,KEKOAG,H3,4.07E-05,0.03303432,H3,52,G2,15.75,H2,13,5,100
30784,THE DC OF LOXTON WAIKERIE,KEKOAJ,H3,7.51E-05,0.054825614,H3,36,G2,24.75,G1,19.25,5,100
30785,THE RURAL CITY OF MURRAY BRIDGE,KINDgB,D1,1.68E-05,0.019717492,D1,35,K3,30,L1,15,5,100
30790,THE DC OF LOXTON WAIKERIE,BILOAE,H3,2.35E-05,0.027449705,H3,41.25,H2,33.75,G2,13.75,6,100
30791,THE RURAL CITY OF MURRAY BRIDGE,PALJUA,G1,0.000170498,0.083777496,G1,45,M1,35,H2,20,3,100
30796,THE RURAL CITY OF MURRAY BRIDGE,BURQMB,B2,7.71E-05,0.053330045,B2,65,B3,20,A4,15,3,100
30799,THE RURAL CITY OF MURRAY BRIDGE,KINIVB,A6,3.46E-05,0.032381431,A6,55,D2,20,B2,15,4,100
30801,SOUTHERN MALLEE DC,GUROTF,H3,7.64E-05,0.067107267,H3,52,H2,13,C4,12.25,6,100
30804,THE DC OF KAROONDA EAST MURRAY,KARUBJ,H2,0.001515903,0.236082614,H2,45,A4,22,C1,16.555,4,100
30805,THE DC OF KAROONDA EAST MURRAY,BURUJf,H2,8.23E-05,0.063552359,H2,45,B2,24.75,A4,19.25,4,100
30808,THE RURAL CITY OF MURRAY BRIDGE,MOAQMB,B2,1.30E-05,0.019019157,B2,100,None,0,None,0,1,100
30810,THE DC OF KAROONDA EAST MURRAY,BURU-D,H2,2.15E-05,0.03065582,H2,100,None,0,None,0,1,100
30814,THE DC OF KAROONDA EAST MURRAY,SADUJb,H2,1.98E-05,0.020902527,H2,65,A4,14,D2,10.535,4,100
30815,THE DC OF KAROONDA EAST MURRAY,KEKOAE,H3,0.000361714,0.109807198,H3,60,H2,15,G2,11.25,5,100
30819,THE DC OF KAROONDA EAST MURRAY,KARHoA,D2,0.000750028,0.240969186,D2,65,A4,20,C1,15,3,100
30821,THE DC OF LOXTON WAIKERIE,BILOAJ,G2,9.50E-05,0.061405225,G2,30.25,H3,24.75,H2,20.25,6,100
30825,THE DC OF KAROONDA EAST MURRAY,BILOAJ,G2,9.51E-05,0.049862137,G2,30.25,H3,24.75,H2,20.25,6,100
30826,THE RURAL CITY OF MURRAY BRIDGE,PALJUE,G1,0.000278002,0.139810741,G1,45,M1,35,H2,20,3,100
30830,THE DC OF LOXTON WAIKERIE,BILOAE,H3,0.000114126,0.088849595,H3,41.25,H2,33.75,G2,13.75,6,100
30831,THE DC OF KAROONDA EAST MURRAY,WYNHoA,D2,0.000610311,0.229134435,D2,45,C1,35,G1,20,3,100
30832,THE DC OF LOXTON WAIKERIE,GURHmA,C4,9.18E-05,0.050018395,C4,27,D3,26,G1,19.5,8,100
30834,THE DC OF KAROONDA EAST MURRAY,BURQVB,B2,2.51E-05,0.034142084,B2,46.75,B3,36.805,A4,16.445,3,100
30838,THE RURAL CITY OF MURRAY BRIDGE,MOAAKB,L1,4.57E-05,0.032229514,L1,80,D1,20,None,0,2,100
30844,THE RURAL CITY OF MURRAY BRIDGE,BREDaC,D1,7.13E-05,0.04763042,D1,40,L1,30.1,A2,29.9,3,100
30845,THE DC OF LOXTON WAIKERIE,KEKGlA,G2,7.20E-05,0.036058378,G2,33.75,G1,26.25,H3,20,5,100
30847,THE RURAL CITY OF MURRAY BRIDGE,MOADaC,D1,0.000105115,0.085939176,D1,55,L1,20,A2,15,4,100
30848,THE DC OF LOXTON WAIKERIE,BILOAI,G2,0.000106452,0.068840544,G2,30.25,H3,24.75,H2,20.25,6,100
30849,SOUTHERN MALLEE DC,GURHmA,C4,0.000240118,0.088077694,C4,27,D3,26,G1,19.5,8,100
30851,THE RURAL CITY OF MURRAY BRIDGE,BURQVB,B2,0.000133312,0.064239954,B2,46.75,B3,36.805,A4,16.445,3,100
30855,THE DC OF KAROONDA EAST MURRAY,SADQOZ,B2,0.000181762,0.120279421,B2,60,H2,25,A4,15,3,100
30859,THE RURAL CITY OF MURRAY BRIDGE,PALKXC,C1,8.77E-05,0.047259836,C1,35,G1,30,A4,20,4,100
30860,THE DC OF KAROONDA EAST MURRAY,WYNQMB,B2,0.000212387,0.115481564,B2,100,None,0,None,0,1,100
30861,THE RURAL CITY OF MURRAY BRIDGE,BURQcB,B2,3.72E-05,0.048402509,B2,41.25,H2,25,A4,15,5,100
30875,THE RURAL CITY OF MURRAY BRIDGE,BURRCE,B3,0.000100852,0.0543139,B3,80,B2,20,None,0,2,100
30878,THE RURAL CITY OF MURRAY BRIDGE,BURQVB,B2,0.000168822,0.061786345,B2,46.75,B3,36.805,A4,16.445,3,100
30880,THE DC OF KAROONDA EAST MURRAY,KARHoA,D2,0.001053563,0.362697698,D2,65,A4,20,C1,15,3,100
30881,THE DC OF KAROONDA EAST MURRAY,KARUBF,H2,0.000434136,0.243948973,H2,65,A4,14,C1,10.535,4,100
30885,THE DC OF KAROONDA EAST MURRAY,BURU-D,H2,1.24E-05,0.024458119,H2,100,None,0,None,0,1,100
30888,THE RURAL CITY OF MURRAY BRIDGE,MOAJGB,D3,0.000198659,0.095526227,D3,65,D5,20,D1,15,3,100
30889,THE RURAL CITY OF MURRAY BRIDGE,MOAEaB,L1,4.59E-05,0.043397962,L1,55,A2,20,D1,15,4,100
30890,THE DC OF KAROONDA EAST MURRAY,BURUJf,H2,6.78E-05,0.059291839,H2,45,B2,24.75,A4,19.25,4,100
30891,THE RURAL CITY OF MURRAY BRIDGE,KINJnB,D3,2.79E-05,0.023654319,D3,65,D2,20,C1,15,3,100
30893,THE DC OF KAROONDA EAST MURRAY,BURU-D,H2,0.00012491,0.131569762,H2,100,None,0,None,0,1,100
30901,THE RURAL CITY OF MURRAY BRIDGE,HAGAKB,L1,1.94E-05,0.020972328,L1,55,K3,20,D1,15,4,100
30907,THE DC OF LOXTON WAIKERIE,BILOAJ,G2,0.000286606,0.115137929,G2,30.25,H3,24.75,H2,20.25,6,100
30912,THE DC OF LOXTON WAIKERIE,KEKOAH,H3,0.000299193,0.108592351,H3,36,G2,24.75,G1,19.25,5,100
30914,THE DC OF LOXTON WAIKERIE,GUROTE,H3,7.05E-05,0.055166628,H3,60,H2,15,C4,8.75,6,100
30922,THE DC OF KAROONDA EAST MURRAY,BILOAE,H3,8.69E-05,0.051594189,H3,41.25,H2,33.75,G2,13.75,6,100
30923,THE DC OF KAROONDA EAST MURRAY,KARUBF,H2,3.56E-05,0.033555688,H2,65,A4,14,C1,10.535,4,100
30931,THE DC OF LOXTON WAIKERIE,BILGhA,G2,3.33E-05,0.025097585,G2,32.5,D3,25,H3,13.75,6,100
30933,THE RURAL CITY OF MURRAY BRIDGE,HAGAKC,L1,2.76E-05,0.033244424,L1,55,K3,20,D1,15,4,100
30936,THE DC OF LOXTON WAIKERIE,GURHnA,C4,0.000333306,0.139625995,C4,22.5,D3,22.5,G1,16.25,8,100
30937,THE DC OF LOXTON WAIKERIE,BILOAF,H3,0.000282925,0.117063161,H3,35.75,H2,29.25,G2,19.25,6,100
30940,THE DC OF LOXTON WAIKERIE,BILOAJ,G2,0.000292237,0.128643474,G2,30.25,H3,24.75,H2,20.25,6,100
30942,THE DC OF LOXTON WAIKERIE,KEKGkA,G2,7.37E-05,0.048175768,G2,45,G1,35,G3,20,3,100
30946,THE RURAL CITY OF MURRAY BRIDGE,KINEtB,L1,2.57E-05,0.023925155,L1,75.25,RR,24.75,None,0,2,100
30953,THE RURAL CITY OF MURRAY BRIDGE,BURQME,B2,0.000154426,0.13466484,B2,65,B3,20,A4,15,3,100
30957,THE RURAL CITY OF MURRAY BRIDGE,BURUJf,H2,2.60E-05,0.039088937,H2,45,B2,24.75,A4,19.25,4,100
30961,THE DC OF KAROONDA EAST MURRAY,BILOAF,H3,0.001136056,0.498884049,H3,35.75,H2,29.25,G2,19.25,6,100
30965,THE RURAL CITY OF MURRAY BRIDGE,KINGGB,G4,0.001293888,0.607752737,G4,80,H3,20,None,0,2,100
30971,THE RURAL CITY OF MURRAY BRIDGE,KINDgB,D1,7.64E-06,0.011205844,D1,35,K3,30,L1,15,5,100
30973,THE RURAL CITY OF MURRAY BRIDGE,MOAEaB,L1,5.61E-05,0.049482531,L1,55,A2,20,D1,15,4,100
30977,THE DC OF LOXTON WAIKERIE,GURHmA,C4,0.000237873,0.113087903,C4,27,D3,26,G1,19.5,8,100
30979,THE DC OF LOXTON WAIKERIE,KEKOAE,H3,0.000130315,0.088928996,H3,60,H2,15,G2,11.25,5,100
30985,THE DC OF KAROONDA EAST MURRAY,KARUBF,H2,0.000151065,0.093941304,H2,65,A4,14,C1,10.535,4,100
30986,THE RURAL CITY OF MURRAY BRIDGE,BREU-u,H2,5.78E-05,0.104841825,H2,100,None,0,None,0,1,100
30991,THE DC OF LOXTON WAIKERIE,BILGhA,G2,2.42E-05,0.020610743,G2,32.5,D3,25,H3,13.75,6,100
30998,THE RURAL CITY OF MURRAY BRIDGE,KINO-C,H3,2.37E-05,0.026522784,H3,80,G4,20,None,0,2,100
31001,THE DC OF KAROONDA EAST MURRAY,BURU-D,H2,2.11E-05,0.034015024,H2,100,None,0,None,0,1,100
31004,THE RURAL CITY OF MURRAY BRIDGE,BURQME,B2,2.74E-05,0.032748164,B2,65,B3,20,A4,15,3,100
31006,THE DC OF KAROONDA EAST MURRAY,SADHkA,D2,7.63E-06,0.010724951,D2,65,A4,20,C1,15,3,100
31007,THE RURAL CITY OF MURRAY BRIDGE,MOADsB,G1,1.90E-05,0.021989265,G1,65,L1,20,D1,15,3,100
31008,THE DC OF LOXTON WAIKERIE,GURHnA,C4,0.000148338,0.1104127,C4,22.5,D3,22.5,G1,16.25,8,100
31013,THE RURAL CITY OF MURRAY BRIDGE,KINEtB,L1,8.58E-06,0.012493093,L1,75.25,RR,24.75,None,0,2,100
31014,THE RURAL CITY OF MURRAY BRIDGE,MOAEaB,L1,1.43E-05,0.021167807,L1,55,A2,20,D1,15,4,100
31017,THE RURAL CITY OF MURRAY BRIDGE,MOAXBK,M1,1.35E-05,0.022615835,M1,65,D3,20,D5,15,3,100
31018,THE RURAL CITY OF MURRAY BRIDGE,KINEtB,L1,4.70E-06,0.008365192,L1,75.25,RR,24.75,None,0,2,100
31021,THE DC OF LOXTON WAIKERIE,KEKOAE,H3,0.001391406,0.377274873,H3,60,H2,15,G2,11.25,5,100
31022,THE RURAL CITY OF MURRAY BRIDGE,KINDgB,D1,1.43E-05,0.017937272,D1,35,K3,30,L1,15,5,100
31023,THE RURAL CITY OF MURRAY BRIDGE,MOAEfL,A2,2.20E-05,0.022305314,A2,55,D1,20,L1,15,4,100
31028,THE DC OF KAROONDA EAST MURRAY,SADHkA,D2,1.16E-05,0.013409449,D2,65,A4,20,C1,15,3,100
31031,THE RURAL CITY OF MURRAY BRIDGE,KINEgB,A2,2.12E-05,0.019230984,A2,35,C2,30,D1,20,4,100
31034,THE DC OF LOXTON WAIKERIE,BILOAF,H3,8.16E-05,0.04913867,H3,35.75,H2,29.25,G2,19.25,6,100
31039,THE DC OF KAROONDA EAST MURRAY,BILOAG,H3,0.002008741,0.694336244,H3,35.75,H2,29.25,G2,19.25,6,100
31041,THE DC OF LOXTON WAIKERIE,BILOAF,H3,2.39E-05,0.025468406,H3,35.75,H2,29.25,G2,19.25,6,100
31043,THE RURAL CITY OF MURRAY BRIDGE,LMVXi-,E3,0.000268698,0.104220734,E3,65,G1,20,M2,15,3,100
31045,THE DC OF LOXTON WAIKERIE,KEKOAG,H3,0.00020968,0.101454685,H3,52,G2,15.75,H2,13,5,100
31047,THE DC OF LOXTON WAIKERIE,BILOAF,H3,0.000231965,0.096199744,H3,35.75,H2,29.25,G2,19.25,6,100
31050,THE DC OF KAROONDA EAST MURRAY,BILOAF,H3,0.000246416,0.135117352,H3,35.75,H2,29.25,G2,19.25,6,100
31055,THE DC OF KAROONDA EAST MURRAY,BURQVB,B2,0.000526056,0.276043681,B2,46.75,B3,36.805,A4,16.445,3,100
31062,THE DC OF KAROONDA EAST MURRAY,BURU-D,H2,2.65E-05,0.033593884,H2,100,None,0,None,0,1,100
31064,THE RURAL CITY OF MURRAY BRIDGE,EMUDcC,D1,5.28E-05,0.041125685,D1,35,K3,30,D7,20,4,100
31077,THE DC OF KAROONDA EAST MURRAY,SADQOZ,B2,3.19E-05,0.024805382,B2,60,H2,25,A4,15,3,100
31080,THE RURAL CITY OF MURRAY BRIDGE,MOAEfL,A2,2.79E-05,0.023581428,A2,55,D1,20,L1,15,4,100
31081,THE RURAL CITY OF MURRAY BRIDGE,MOAJGB,D3,2.08E-05,0.023590452,D3,65,D5,20,D1,15,3,100
31082,THE DC OF KAROONDA EAST MURRAY,KARSSB,A4,0.000138431,0.058213505,A4,46.75,C1,38.25,H2,15,3,100
31086,THE DC OF KAROONDA EAST MURRAY,BURU-D,H2,2.06E-05,0.02804709,H2,100,None,0,None,0,1,100
31090,SOUTHERN MALLEE DC,KEKGlA,G2,4.55E-05,0.037538093,G2,33.75,G1,26.25,H3,20,5,100
31091,THE RURAL CITY OF MURRAY BRIDGE,MOADaB,D1,0.00103335,0.649867446,D1,55,L1,20,A2,15,4,100
31094,THE RURAL CITY OF MURRAY BRIDGE,BURUJc,H2,0.000220239,0.10005315,H2,65,B2,15.75,A4,12.25,4,100
31097,THE RURAL CITY OF MURRAY BRIDGE,KINEgB,A2,4.56E-05,0.035252821,A2,35,C2,30,D1,20,4,100
31100,THE DC OF LOXTON WAIKERIE,BILGhA,G2,1.60E-05,0.017671602,G2,32.5,D3,25,H3,13.75,6,100
31102,THE DC OF KAROONDA EAST MURRAY,BURU-D,H2,3.57E-05,0.040648721,H2,100,None,0,None,0,1,100
31110,THE DC OF KAROONDA EAST MURRAY,SADHkA,D2,1.86E-05,0.017235292,D2,65,A4,20,C1,15,3,100
31114,SOUTHERN MALLEE DC,KEKGkA,G2,1.49E-05,0.018900322,G2,45,G1,35,G3,20,3,100
31120,THE RURAL CITY OF MURRAY BRIDGE,BURUJf,H2,0.000279049,0.154503941,H2,45,B2,24.75,A4,19.25,4,100
31122,THE DC OF LOXTON WAIKERIE,KEKGlA,G2,1.53E-05,0.016384828,G2,33.75,G1,26.25,H3,20,5,100
31125,THE DC OF KAROONDA EAST MURRAY,SADUJb,H2,0.000105681,0.050091584,H2,65,A4,14,D2,10.535,4,100
31128,THE DC OF KAROONDA EAST MURRAY,WYNQkB,B2,9.82E-05,0.050752276,B2,41.25,C1,33.75,H2,25,3,100
31132,THE DC OF KAROONDA EAST MURRAY,SADQOZ,B2,4.32E-05,0.027470843,B2,60,H2,25,A4,15,3,100
31133,THE DC OF KAROONDA EAST MURRAY,SADQJZ,B2,5.31E-06,0.008534047,B2,80,A4,20,None,0,2,100
31138,THE RURAL CITY OF MURRAY BRIDGE,MOAEfL,A2,5.34E-05,0.061682594,A2,55,D1,20,L1,15,4,100
31139,THE DC OF LOXTON WAIKERIE,GURHmA,C4,0.000300145,0.082690685,C4,27,D3,26,G1,19.5,8,100
31143,THE RURAL CITY OF MURRAY BRIDGE,MOAAKA,L1,2.33E-05,0.024906925,L1,80,D1,20,None,0,2,100
31145,THE RURAL CITY OF MURRAY BRIDGE,BURQMB,B2,4.52E-05,0.031081659,B2,65,B3,20,A4,15,3,100
31150,THE DC OF KAROONDA EAST MURRAY,KARHpA,D2,0.004072134,0.810707813,D2,48.75,H2,25,A4,15,4,100
31152,THE RURAL CITY OF MURRAY BRIDGE,MOADaB,D1,2.02E-05,0.020114454,D1,55,L1,20,A2,15,4,100
31153,THE RURAL CITY OF MURRAY BRIDGE,BREHKC,D6,1.76E-05,0.023487072,D6,40,G1,30.1,A4,29.9,3,100
31158,THE DC OF KAROONDA EAST MURRAY,BURU-D,H2,8.17E-06,0.013453984,H2,100,None,0,None,0,1,100
31164,THE RURAL CITY OF MURRAY BRIDGE,MOAEfL,A2,0.000221724,0.174493491,A2,55,D1,20,L1,15,4,100
31168,THE DC OF KAROONDA EAST MURRAY,SADHpA,D2,0.000118228,0.050236754,D2,48.75,H2,25,A4,15,4,100
31169,THE RURAL CITY OF MURRAY BRIDGE,MOAEaC,L1,7.53E-06,0.011193812,L1,55,A2,20,D1,15,4,100
31175,THE RURAL CITY OF MURRAY BRIDGE,BURUJf,H2,7.29E-05,0.057446999,H2,45,B2,24.75,A4,19.25,4,100
31177,THE DC OF KAROONDA EAST MURRAY,BILOAJ,G2,0.000349288,0.134218219,G2,30.25,H3,24.75,H2,20.25,6,100
31180,THE RURAL CITY OF MURRAY BRIDGE,KINDgB,D1,2.48E-05,0.020833744,D1,35,K3,30,L1,15,5,100
31181,THE RURAL CITY OF MURRAY BRIDGE,MOAJGK,D3,0.000204215,0.124846894,D3,65,D5,20,D1,15,3,100
31183,THE DC OF KAROONDA EAST MURRAY,SADHkA,D2,0.000162502,0.061590595,D2,65,A4,20,C1,15,3,100
31184,THE DC OF LOXTON WAIKERIE,BILOAG,H3,0.000141393,0.061059221,H3,35.75,H2,29.25,G2,19.25,6,100
31185,THE DC OF KAROONDA EAST MURRAY,KARUBJ,H2,0.000150352,0.105753986,H2,45,A4,22,C1,16.555,4,100
31186,THE RURAL CITY OF MURRAY BRIDGE,BURQcB,B2,0.00207955,0.598851222,B2,41.25,H2,25,A4,15,5,100
31187,THE RURAL CITY OF MURRAY BRIDGE,MOADaB,D1,1.77E-05,0.025567329,D1,55,L1,20,A2,15,4,100
31196,THE DC OF KAROONDA EAST MURRAY,KARUBF,H2,9.62E-06,0.011641714,H2,65,A4,14,C1,10.535,4,100
31201,THE RURAL CITY OF MURRAY BRIDGE,MOAAKB,L1,1.26E-05,0.014449864,L1,80,D1,20,None,0,2,100
31207,THE DC OF KAROONDA EAST MURRAY,SADQJZ,B2,7.07E-06,0.00983698,B2,80,A4,20,None,0,2,100
31211,THE RURAL CITY OF MURRAY BRIDGE,MOAEaB,L1,3.93E-05,0.03304566,L1,55,A2,20,D1,15,4,100
31212,THE DC OF KAROONDA EAST MURRAY,KARHpA,D2,0.000188691,0.079000632,D2,48.75,H2,25,A4,15,4,100
31222,THE DC OF KAROONDA EAST MURRAY,BILGhA,G2,2.99E-05,0.020242287,G2,32.5,D3,25,H3,13.75,6,100
31224,THE RURAL CITY OF MURRAY BRIDGE,MOAAKB,L1,2.67E-05,0.039898358,L1,80,D1,20,None,0,2,100
31226,THE RURAL CITY OF MURRAY BRIDGE,MOAEfL,A2,2.15E-05,0.029881854,A2,55,D1,20,L1,15,4,100
31234,THE DC OF KAROONDA EAST MURRAY,BURQMB,B2,0.000126259,0.081036965,B2,65,B3,20,A4,15,3,100
31235,SOUTHERN MALLEE DC,GUROTJ,H3,0.000401942,0.230597113,H3,32,C4,20,D3,17.5,6,100
31236,THE DC OF KAROONDA EAST MURRAY,BILOAG,H3,0.000430824,0.151368106,H3,35.75,H2,29.25,G2,19.25,6,100
31240,THE RURAL CITY OF MURRAY BRIDGE,BREQMZ,B2,2.72E-05,0.019322871,B2,55,A4,45,None,0,2,100
31242,THE DC OF KAROONDA EAST MURRAY,SADSTB,A4,0.00023685,0.091836569,A4,80,C1,20,None,0,2,100
31243,THE RURAL CITY OF MURRAY BRIDGE,KINEgB,A2,3.40E-05,0.029108964,A2,35,C2,30,D1,20,4,100
31255,THE DC OF LOXTON WAIKERIE,BILOAE,H3,0.00017881,0.09518522,H3,41.25,H2,33.75,G2,13.75,6,100
31257,THE DC OF KAROONDA EAST MURRAY,SADHkA,D2,2.32E-05,0.017362295,D2,65,A4,20,C1,15,3,100
31263,THE DC OF LOXTON WAIKERIE,BILOAG,H3,0.000282033,0.177158332,H3,35.75,H2,29.25,G2,19.25,6,100
31267,THE DC OF LOXTON WAIKERIE,KEKOAH,H3,0.000613278,0.147321795,H3,36,G2,24.75,G1,19.25,5,100
31269,THE DC OF LOXTON WAIKERIE,GUROTF,H3,7.72E-05,0.08484685,H3,52,H2,13,C4,12.25,6,100
31272,THE DC OF KAROONDA EAST MURRAY,KARSQB,A4,0.00032319,0.128311249,A4,38.5,C1,31.5,D2,15,4,100
31280,THE DC OF KAROONDA EAST MURRAY,BURQME,B2,4.50E-05,0.054547425,B2,65,B3,20,A4,15,3,100
31287,THE RURAL CITY OF MURRAY BRIDGE,KINEtB,L1,4.41E-06,0.008889037,L1,75.25,RR,24.75,None,0,2,100
31288,THE RURAL CITY OF MURRAY BRIDGE,BURQMB,B2,2.97E-05,0.028581319,B2,65,B3,20,A4,15,3,100
31291,THE RURAL CITY OF MURRAY BRIDGE,KINEtB,L1,1.45E-05,0.029430229,L1,75.25,RR,24.75,None,0,2,100
31296,THE RURAL CITY OF MURRAY BRIDGE,LMVSXC,G1,0.000153026,0.053679821,G1,37.5,A4,33.75,H2,28.75,3,100
31299,THE DC OF KAROONDA EAST MURRAY,BURU-D,H2,1.42E-05,0.018673552,H2,100,None,0,None,0,1,100
31300,THE DC OF KAROONDA EAST MURRAY,BURU-D,H2,9.80E-06,0.020334269,H2,100,None,0,None,0,1,100
31302,THE RURAL CITY OF MURRAY BRIDGE,KINEtB,L1,1.43E-05,0.017889825,L1,75.25,RR,24.75,None,0,2,100
31317,THE DC OF KAROONDA EAST MURRAY,KARU-A,H2,8.58E-05,0.05612492,H2,100,None,0,None,0,1,100
31320,THE DC OF KAROONDA EAST MURRAY,GURHmA,C4,0.000218658,0.123532249,C4,27,D3,26,G1,19.5,8,100
31321,THE DC OF LOXTON WAIKERIE,KEKOAH,H3,0.000178908,0.082366004,H3,36,G2,24.75,G1,19.25,5,100
31326,THE DC OF KAROONDA EAST MURRAY,SADSUB,A4,0.000146619,0.06347998,A4,60,H2,25,C1,15,3,100
31330,THE DC OF KAROONDA EAST MURRAY,BILOAE,H3,0.000644588,0.376218635,H3,41.25,H2,33.75,G2,13.75,6,100
31333,THE RURAL CITY OF MURRAY BRIDGE,BURQME,B2,7.99E-05,0.069839208,B2,65,B3,20,A4,15,3,100
31335,THE DC OF KAROONDA EAST MURRAY,WYNQiB,B2,0.000202305,0.108431206,B2,55,C1,45,None,0,2,100
31336,THE DC OF LOXTON WAIKERIE,GUROTI,H3,4.33E-05,0.031646061,H3,36,C4,19.25,D3,16.5,6,100
31339,THE DC OF KAROONDA EAST MURRAY,BILGhA,G2,2.94E-05,0.02073449,G2,32.5,D3,25,H3,13.75,6,100
31342,THE DC OF KAROONDA EAST MURRAY,SADHkA,D2,2.65E-05,0.025627441,D2,65,A4,20,C1,15,3,100
31344,THE RURAL CITY OF MURRAY BRIDGE,KINEtB,L1,1.35E-05,0.016022971,L1,75.25,RR,24.75,None,0,2,100
31345,THE RURAL CITY OF MURRAY BRIDGE,KINO-C,H3,1.36E-05,0.019202391,H3,80,G4,20,None,0,2,100
31353,THE RURAL CITY OF MURRAY BRIDGE,KINEtB,L1,2.15E-05,0.019294357,L1,75.25,RR,24.75,None,0,2,100
31358,THE RURAL CITY OF MURRAY BRIDGE,KINEtB,L1,5.65E-06,0.010476602,L1,75.25,RR,24.75,None,0,2,100
31359,THE RURAL CITY OF MURRAY BRIDGE,MOADaB,D1,2.72E-05,0.033483584,D1,55,L1,20,A2,15,4,100
31365,THE RURAL CITY OF MURRAY BRIDGE,BURUJf,H2,8.44E-05,0.062414238,H2,45,B2,24.75,A4,19.25,4,100
31369,THE RURAL CITY OF MURRAY BRIDGE,MOADaC,D1,5.19E-05,0.054063034,D1,55,L1,20,A2,15,4,100
31371,THE RURAL CITY OF MURRAY BRIDGE,MOAEaC,L1,9.48E-06,0.016797069,L1,55,A2,20,D1,15,4,100
31376,THE RURAL CITY OF MURRAY BRIDGE,BURQMB,B2,2.81E-05,0.022248243,B2,65,B3,20,A4,15,3,100
31382,THE RURAL CITY OF MURRAY BRIDGE,MOAQMB,B2,6.29E-05,0.047875152,B2,100,None,0,None,0,1,100
31383,THE RURAL CITY OF MURRAY BRIDGE,KINJnB,D3,4.09E-05,0.042580609,D3,65,D2,20,C1,15,3,100
31384,THE RURAL CITY OF MURRAY BRIDGE,BURQMB,B2,5.77E-05,0.043331325,B2,65,B3,20,A4,15,3,100
31385,THE RURAL CITY OF MURRAY BRIDGE,KINDgB,D1,2.78E-05,0.02963113,D1,35,K3,30,L1,15,5,100
31387,SOUTHERN MALLEE DC,BEWOUI,H3,0.01017007,1.783645921,H3,40,G4,20.75,F2,18.25,5,100
31390,THE RURAL CITY OF MURRAY BRIDGE,PALJUB,G1,4.02E-05,0.027419135,G1,45,M1,35,H2,20,3,100
31393,THE RURAL CITY OF MURRAY BRIDGE,KINJnB,D3,1.53E-05,0.024886449,D3,65,D2,20,C1,15,3,100
31394,THE RURAL CITY OF MURRAY BRIDGE,MOAEaB,L1,3.97E-05,0.030460851,L1,55,A2,20,D1,15,4,100
31401,THE DC OF KAROONDA EAST MURRAY,BURQME,B2,1.98E-05,0.017522183,B2,65,B3,20,A4,15,3,100
31411,THE DC OF KAROONDA EAST MURRAY,SADHpA,D2,0.000153228,0.099647517,D2,48.75,H2,25,A4,15,4,100
31415,THE DC OF KAROONDA EAST MURRAY,SADSUB,A4,0.000110952,0.06014661,A4,60,H2,25,C1,15,3,100
31417,THE DC OF LOXTON WAIKERIE,BILOAE,H3,3.99E-05,0.035463617,H3,41.25,H2,33.75,G2,13.75,6,100
31418,THE RURAL CITY OF MURRAY BRIDGE,KINEgB,A2,0.000205297,0.116566587,A2,35,C2,30,D1,20,4,100
31420,THE DC OF KAROONDA EAST MURRAY,BILOAG,H3,9.24E-05,0.044871968,H3,35.75,H2,29.25,G2,19.25,6,100
31423,THE RURAL CITY OF MURRAY BRIDGE,KINIVA,A6,6.24E-05,0.061544278,A6,55,D2,20,B2,15,4,100
31427,SOUTHERN MALLEE DC,KEKOAG,H3,2.67E-05,0.028621905,H3,52,G2,15.75,H2,13,5,100
31430,THE DC OF KAROONDA EAST MURRAY,KARUBJ,H2,0.000210334,0.068653477,H2,45,A4,22,C1,16.555,4,100
31434,THE DC OF KAROONDA EAST MURRAY,WYNHpA,D2,0.000482154,0.122596052,D2,33.75,C1,26.25,H2,25,4,100
31437,THE DC OF KAROONDA EAST MURRAY,KARUBJ,H2,0.000143243,0.078332804,H2,45,A4,22,C1,16.555,4,100
31438,SOUTHERN MALLEE DC,BILGhA,G2,3.43E-05,0.036157586,G2,32.5,D3,25,H3,13.75,6,100
31452,SOUTHERN MALLEE DC,BILGhA,G2,3.07E-05,0.021756036,G2,32.5,D3,25,H3,13.75,6,100
31453,SOUTHERN MALLEE DC,BILOAG,H3,0.001298804,0.310138154,H3,35.75,H2,29.25,G2,19.25,6,100
31456,THE RURAL CITY OF MURRAY BRIDGE,KINIVB,A6,9.01E-06,0.013321976,A6,55,D2,20,B2,15,4,100
31460,THE DC OF KAROONDA EAST MURRAY,BILGhA,G2,1.22E-05,0.016360824,G2,32.5,D3,25,H3,13.75,6,100
31462,THE RURAL CITY OF MURRAY BRIDGE,MOAAKB,L1,2.21E-05,0.019409593,L1,80,D1,20,None,0,2,100
31471,THE RURAL CITY OF MURRAY BRIDGE,MOAEbZ,C5,1.86E-05,0.019342075,C5,100,None,0,None,0,1,100
31478,THE RURAL CITY OF MURRAY BRIDGE,MBEAKY,L1,1.20E-05,0.01809762,L1,65,K3,20,D1,15,3,100
31482,THE DC OF KAROONDA EAST MURRAY,KARHkA,D2,8.08E-06,0.011809754,D2,100,None,0,None,0,1,100
31483,THE DC OF KAROONDA EAST MURRAY,BURQpB,B2,0.001531871,0.553768295,B2,48.75,H2,25,B8,15,4,100
31484,THE RURAL CITY OF MURRAY BRIDGE,KINEtB,L1,3.77E-06,0.008383997,L1,75.25,RR,24.75,None,0,2,100
31485,THE DC OF KAROONDA EAST MURRAY,KEKGkA,G2,8.22E-06,0.011219239,G2,45,G1,35,G3,20,3,100
31491,THE RURAL CITY OF MURRAY BRIDGE,MOAEfL,A2,1.67E-05,0.022703481,A2,55,D1,20,L1,15,4,100
31494,THE RURAL CITY OF MURRAY BRIDGE,KINHEA,D2,9.45E-06,0.014683659,D2,65,A6,20,C3,15,3,100
31497,THE DC OF KAROONDA EAST MURRAY,SADUJb,H2,5.66E-05,0.041946643,H2,65,A4,14,D2,10.535,4,100
31502,THE RURAL CITY OF MURRAY BRIDGE,BREAKB,L1,2.84E-05,0.031074802,L1,55,K3,45,None,0,2,100
31505,THE RURAL CITY OF MURRAY BRIDGE,MOAAKB,L1,5.39E-05,0.034324955,L1,80,D1,20,None,0,2,100
31507,SOUTHERN MALLEE DC,KEKGlA,G2,1.87E-05,0.01645174,G2,33.75,G1,26.25,H3,20,5,100
31510,THE DC OF KAROONDA EAST MURRAY,KARUBF,H2,2.90E-05,0.027363827,H2,65,A4,14,C1,10.535,4,100
31514,THE RURAL CITY OF MURRAY BRIDGE,KINEgB,A2,4.92E-05,0.032193339,A2,35,C2,30,D1,20,4,100
31519,THE RURAL CITY OF MURRAY BRIDGE,BREAKB,L1,2.62E-05,0.040060976,L1,55,K3,45,None,0,2,100
31524,THE RURAL CITY OF MURRAY BRIDGE,KINHEA,D2,1.02E-05,0.016130996,D2,65,A6,20,C3,15,3,100
31525,THE RURAL CITY OF MURRAY BRIDGE,MOAQMB,B2,6.19E-06,0.010996662,B2,100,None,0,None,0,1,100
31528,THE DC OF KAROONDA EAST MURRAY,BURQME,B2,1.72E-05,0.016890153,B2,65,B3,20,A4,15,3,100
31536,SOUTHERN MALLEE DC,KEKGlA,G2,2.12E-05,0.018921026,G2,33.75,G1,26.25,H3,20,5,100
31541,THE RURAL CITY OF MURRAY BRIDGE,BURQcB,B2,0.000281141,0.093707306,B2,41.25,H2,25,A4,15,5,100
31547,SOUTHERN MALLEE DC,BILOAE,H3,9.93E-05,0.060812194,H3,41.25,H2,33.75,G2,13.75,6,100
31558,THE RURAL CITY OF MURRAY BRIDGE,BREJUJ,D2,2.16E-05,0.041494543,D2,35,M4,30,M1,20,4,100
31569,SOUTHERN MALLEE DC,BILGhA,G2,5.25E-05,0.041917593,G2,32.5,D3,25,H3,13.75,6,100
31570,THE RURAL CITY OF MURRAY BRIDGE,BURQMB,B2,0.000212492,0.115157343,B2,65,B3,20,A4,15,3,100
31571,THE RURAL CITY OF MURRAY BRIDGE,KINQOB,B2,0.000100753,0.065620657,B2,38.5,B3,31.5,H3,12,7,100
31573,THE RURAL CITY OF MURRAY BRIDGE,BURUJf,H2,3.79E-05,0.031309809,H2,45,B2,24.75,A4,19.25,4,100
31576,THE RURAL CITY OF MURRAY BRIDGE,MOAEaB,L1,8.08E-06,0.015563428,L1,55,A2,20,D1,15,4,100
31579,THE DC OF KAROONDA EAST MURRAY,BURRCE,B3,6.64E-06,0.011267999,B3,80,B2,20,None,0,2,100
31581,SOUTHERN MALLEE DC,BILOAG,H3,0.001786561,0.552192929,H3,35.75,H2,29.25,G2,19.25,6,100
31584,THE DC OF KAROONDA EAST MURRAY,SADQJZ,B2,4.44E-05,0.028768471,B2,80,A4,20,None,0,2,100
31585,THE DC OF KAROONDA EAST MURRAY,BURRCE,B3,2.01E-05,0.019607597,B3,80,B2,20,None,0,2,100
31587,THE RURAL CITY OF MURRAY BRIDGE,BURQMB,B2,5.35E-05,0.036514049,B2,65,B3,20,A4,15,3,100
31593,THE RURAL CITY OF MURRAY BRIDGE,MOAEfL,A2,1.70E-05,0.030730136,A2,55,D1,20,L1,15,4,100
31594,THE RURAL CITY OF MURRAY BRIDGE,BURUJe,H2,0.000274304,0.130083978,H2,45,B2,24.75,A4,19.25,4,100
31596,THE DC OF KAROONDA EAST MURRAY,BURQcB,B2,0.000158232,0.082630621,B2,41.25,H2,25,A4,15,5,100
31601,SOUTHERN MALLEE DC,BILOAE,H3,0.000102344,0.067634174,H3,41.25,H2,33.75,G2,13.75,6,100
31603,THE RURAL CITY OF MURRAY BRIDGE,MOAEfL,A2,0.00023013,0.105582157,A2,55,D1,20,L1,15,4,100
31604,THE DC OF KAROONDA EAST MURRAY,GURHmA,C4,8.76E-05,0.073045973,C4,27,D3,26,G1,19.5,8,100
31605,THE RURAL CITY OF MURRAY BRIDGE,BURQMB,B2,3.92E-05,0.030340354,B2,65,B3,20,A4,15,3,100
31610,THE DC OF KAROONDA EAST MURRAY,KARHoA,D2,0.000558598,0.280384663,D2,65,A4,20,C1,15,3,100
31614,THE DC OF KAROONDA EAST MURRAY,BILGhA,G2,1.88E-05,0.02011014,G2,32.5,D3,25,H3,13.75,6,100
31616,SOUTHERN MALLEE DC,GUROTI,H3,0.000191318,0.098719853,H3,36,C4,19.25,D3,16.5,6,100
31618,THE RURAL CITY OF MURRAY BRIDGE,BURQcB,B2,0.000145663,0.084435164,B2,41.25,H2,25,A4,15,5,100
31622,THE RURAL CITY OF MURRAY BRIDGE,MOAAKI,L1,1.28E-05,0.020031926,L1,80,D1,20,None,0,2,100
31623,THE RURAL CITY OF MURRAY BRIDGE,BURUJb,H2,9.27E-05,0.055899411,H2,65,B2,15.75,A4,12.25,4,100
31624,THE DC OF KAROONDA EAST MURRAY,BURU-D,H2,7.26E-06,0.011909383,H2,100,None,0,None,0,1,100
31626,THE DC OF KAROONDA EAST MURRAY,BURU-D,H2,1.65E-05,0.023515644,H2,100,None,0,None,0,1,100
31627,THE RURAL CITY OF MURRAY BRIDGE,BURQcB,B2,0.009755272,2.291789449,B2,41.25,H2,25,A4,15,5,100
31632,SOUTHERN MALLEE DC,KEKGlA,G2,2.48E-05,0.025309482,G2,33.75,G1,26.25,H3,20,5,100
31635,THE DC OF KAROONDA EAST MURRAY,WYNQMB,B2,4.34E-05,0.029424166,B2,100,None,0,None,0,1,100
31641,THE DC OF KAROONDA EAST MURRAY,WYNHoA,D2,2.67E-05,0.02610789,D2,45,C1,35,G1,20,3,100
31645,THE RURAL CITY OF MURRAY BRIDGE,BURQpB,B2,0.000515959,0.163578933,B2,48.75,H2,25,B8,15,4,100
31648,THE DC OF KAROONDA EAST MURRAY,KARQaB,B2,0.00081883,0.311817393,B2,40,H2,25,A4,19.25,4,100
31649,SOUTHERN MALLEE DC,KEKOAE,H3,0.000740894,0.274497472,H3,60,H2,15,G2,11.25,5,100
31650,THE DC OF KAROONDA EAST MURRAY,BURQcB,B2,0.000669703,0.228673244,B2,41.25,H2,25,A4,15,5,100
31652,THE DC OF KAROONDA EAST MURRAY,BILOAF,H3,0.000198949,0.073349421,H3,35.75,H2,29.25,G2,19.25,6,100
31655,THE RURAL CITY OF MURRAY BRIDGE,MOAEfL,A2,0.000183052,0.12081671,A2,55,D1,20,L1,15,4,100
31658,THE DC OF KAROONDA EAST MURRAY,KEKOAE,H3,0.000181877,0.086854357,H3,60,H2,15,G2,11.25,5,100
31661,THE DC OF KAROONDA EAST MURRAY,BILOAF,H3,0.000311097,0.150568385,H3,35.75,H2,29.25,G2,19.25,6,100
31663,THE RURAL CITY OF MURRAY BRIDGE,BURQMB,B2,0.000111786,0.064820244,B2,65,B3,20,A4,15,3,100
31664,SOUTHERN MALLEE DC,BILOAJ,G2,0.00059379,0.181704231,G2,30.25,H3,24.75,H2,20.25,6,100
31681,THE RURAL CITY OF MURRAY BRIDGE,KINO-B,H3,4.05E-05,0.047213746,H3,80,G4,20,None,0,2,100
31684,SOUTHERN MALLEE DC,KEKOAG,H3,2.85E-05,0.026661453,H3,52,G2,15.75,H2,13,5,100
31686,THE DC OF KAROONDA EAST MURRAY,SADUJb,H2,5.30E-05,0.049784357,H2,65,A4,14,D2,10.535,4,100
31687,THE RURAL CITY OF MURRAY BRIDGE,KINIVB,A6,6.46E-05,0.047407873,A6,55,D2,20,B2,15,4,100
31688,THE DC OF KAROONDA EAST MURRAY,BURQVB,B2,0.00159763,0.615260559,B2,46.75,B3,36.805,A4,16.445,3,100
31692,THE DC OF KAROONDA EAST MURRAY,BURU-D,H2,2.56E-05,0.029154109,H2,100,None,0,None,0,1,100
31696,THE RURAL CITY OF MURRAY BRIDGE,MOAJGK,D3,1.22E-05,0.017923582,D3,65,D5,20,D1,15,3,100
31699,THE DC OF KAROONDA EAST MURRAY,SADUJf,H2,0.000524797,0.150898631,H2,45,A4,22,D2,16.555,4,100
31703,SOUTHERN MALLEE DC,BILOAF,H3,0.00030601,0.10631299,H3,35.75,H2,29.25,G2,19.25,6,100
31706,SOUTHERN MALLEE DC,BILOAE,H3,0.000300073,0.154410974,H3,41.25,H2,33.75,G2,13.75,6,100
31711,THE DC OF KAROONDA EAST MURRAY,GUROTJ,H3,0.000440492,0.18585439,H3,32,C4,20,D3,17.5,6,100
31713,THE DC OF KAROONDA EAST MURRAY,BURRCE,B3,5.42E-05,0.054872043,B3,80,B2,20,None,0,2,100
31714,THE DC OF KAROONDA EAST MURRAY,BURQcB,B2,0.000102958,0.057159106,B2,41.25,H2,25,A4,15,5,100
31720,THE DC OF KAROONDA EAST MURRAY,BURU-D,H2,4.41E-05,0.059063956,H2,100,None,0,None,0,1,100
31721,SOUTHERN MALLEE DC,BILOAF,H3,0.00071409,0.19734744,H3,35.75,H2,29.25,G2,19.25,6,100
31725,SOUTHERN MALLEE DC,BILOAF,H3,8.04E-05,0.04109547,H3,35.75,H2,29.25,G2,19.25,6,100
31730,THE DC OF KAROONDA EAST MURRAY,BURU-D,H2,1.79E-05,0.018493432,H2,100,None,0,None,0,1,100
31738,THE RURAL CITY OF MURRAY BRIDGE,MOAEaC,L1,1.60E-05,0.019137719,L1,55,A2,20,D1,15,4,100
31743,THE RURAL CITY OF MURRAY BRIDGE,MOADaC,D1,2.90E-05,0.036781243,D1,55,L1,20,A2,15,4,100
31753,THE RURAL CITY OF MURRAY BRIDGE,BURQMB,B2,7.78E-05,0.035724744,B2,65,B3,20,A4,15,3,100
31754,THE RURAL CITY OF MURRAY BRIDGE,KINIVB,A6,3.33E-05,0.030712397,A6,55,D2,20,B2,15,4,100
31755,THE RURAL CITY OF MURRAY BRIDGE,BURQMB,B2,0.000451635,0.187932014,B2,65,B3,20,A4,15,3,100
31759,SOUTHERN MALLEE DC,KEKOAF,H3,0.00013576,0.10417007,H3,52,G2,15.75,H2,13,5,100
31760,SOUTHERN MALLEE DC,GURHmA,C4,9.75E-05,0.086465752,C4,27,D3,26,G1,19.5,8,100
31762,THE RURAL CITY OF MURRAY BRIDGE,MOADaC,D1,0.000165331,0.133399834,D1,55,L1,20,A2,15,4,100
31766,SOUTHERN MALLEE DC,BILOAE,H3,6.58E-05,0.05414985,H3,41.25,H2,33.75,G2,13.75,6,100
31769,SOUTHERN MALLEE DC,GURHnA,C4,0.000663634,0.169840059,C4,22.5,D3,22.5,G1,16.25,8,100
31770,THE DC OF KAROONDA EAST MURRAY,KARSSB,A4,0.000268732,0.118660371,A4,46.75,C1,38.25,H2,15,3,100
31771,THE RURAL CITY OF MURRAY BRIDGE,BURUJc,H2,1.45E-05,0.017642431,H2,65,B2,15.75,A4,12.25,4,100
31775,THE RURAL CITY OF MURRAY BRIDGE,WHHSUA,A4,7.27E-05,0.045144752,A4,80,A5,20,None,0,2,100
31778,SOUTHERN MALLEE DC,BILGhA,G2,2.82E-05,0.034612033,G2,32.5,D3,25,H3,13.75,6,100
31780,THE RURAL CITY OF MURRAY BRIDGE,LMVXs-,N3,6.32E-05,0.053936942,N3,100,None,0,None,0,1,100
31781,THE RURAL CITY OF MURRAY BRIDGE,LMVSXC,G1,0.000220938,0.06865932,G1,37.5,A4,33.75,H2,28.75,3,100
31792,THE RURAL CITY OF MURRAY BRIDGE,KINEtB,L1,2.70E-05,0.030434803,L1,75.25,RR,24.75,None,0,2,100
31794,THE RURAL CITY OF MURRAY BRIDGE,MOAEaB,L1,2.41E-06,0.006166582,L1,55,A2,20,D1,15,4,100
31797,SOUTHERN MALLEE DC,KEKGkA,G2,1.01E-05,0.014629166,G2,45,G1,35,G3,20,3,100
31800,THE RURAL CITY OF MURRAY BRIDGE,BURU-D,H2,7.95E-06,0.014935227,H2,100,None,0,None,0,1,100
31804,THE RURAL CITY OF MURRAY BRIDGE,KINJnB,D3,1.33E-05,0.019430537,D3,65,D2,20,C1,15,3,100
31805,THE RURAL CITY OF MURRAY BRIDGE,KINJnB,D3,7.60E-06,0.01309194,D3,65,D2,20,C1,15,3,100
31807,THE RURAL CITY OF MURRAY BRIDGE,PALKXE,M1,4.38E-05,0.042413098,M1,65,C1,20,G1,15,3,100
31810,THE RURAL CITY OF MURRAY BRIDGE,MNSHEA,D2,3.32E-05,0.038542051,D2,55,A6,20,C3,15,4,100
31814,THE RURAL CITY OF MURRAY BRIDGE,MNSIVA,A6,2.15E-05,0.042308437,A6,45,D2,35,C3,20,3,100
31816,SOUTHERN MALLEE DC,BILOAG,H3,0.000242299,0.090415944,H3,35.75,H2,29.25,G2,19.25,6,100
31831,SOUTHERN MALLEE DC,BILOAF,H3,0.001413774,0.355312769,H3,35.75,H2,29.25,G2,19.25,6,100
31832,THE RURAL CITY OF MURRAY BRIDGE,WHHSeB,A4,9.85E-05,0.067112204,A4,55,B2,45,None,0,2,100
31833,THE RURAL CITY OF MURRAY BRIDGE,BREJUJ,D2,1.02E-05,0.01791363,D2,35,M4,30,M1,20,4,100
31835,SOUTHERN MALLEE DC,KEKOAF,H3,0.000252976,0.113760955,H3,52,G2,15.75,H2,13,5,100
31839,THE RURAL CITY OF MURRAY BRIDGE,MOAEfL,A2,2.51E-05,0.031306437,A2,55,D1,20,L1,15,4,100
31853,THE DC OF KAROONDA EAST MURRAY,BURU-D,H2,1.57E-05,0.023925923,H2,100,None,0,None,0,1,100
31854,THE DC OF KAROONDA EAST MURRAY,KARUBJ,H2,0.000109395,0.067567231,H2,45,A4,22,C1,16.555,4,100
31863,SOUTHERN MALLEE DC,BILOAJ,G2,0.000257965,0.101325137,G2,30.25,H3,24.75,H2,20.25,6,100
31864,THE RURAL CITY OF MURRAY BRIDGE,BREDaB,D1,7.22E-05,0.044365784,D1,40,L1,30.1,A2,29.9,3,100
31865,THE RURAL CITY OF MURRAY BRIDGE,KINEtB,L1,1.58E-05,0.018813092,L1,75.25,RR,24.75,None,0,2,100
31866,THE RURAL CITY OF MURRAY BRIDGE,KINEtB,L1,2.27E-05,0.021239779,L1,75.25,RR,24.75,None,0,2,100
31868,THE DC OF KAROONDA EAST MURRAY,KARSSB,A4,0.000233219,0.146959467,A4,46.75,C1,38.25,H2,15,3,100
31869,THE DC OF KAROONDA EAST MURRAY,WYNQMB,B2,3.23E-05,0.04239251,B2,100,None,0,None,0,1,100
31872,SOUTHERN MALLEE DC,BILGhA,G2,8.80E-05,0.071702231,G2,32.5,D3,25,H3,13.75,6,100
31877,THE RURAL CITY OF MURRAY BRIDGE,LMVSXII,A4,0.00020532,0.129316372,A4,45,G1,35,H2,20,3,100
31884,THE RURAL CITY OF MURRAY BRIDGE,MOADaC,D1,0.000119475,0.092674931,D1,55,L1,20,A2,15,4,100
31890,THE DC OF KAROONDA EAST MURRAY,BURU-D,H2,2.18E-05,0.032254103,H2,100,None,0,None,0,1,100
31892,THE RURAL CITY OF MURRAY BRIDGE,LMVSXII,A4,3.69E-05,0.025523292,A4,45,G1,35,H2,20,3,100
31894,THE RURAL CITY OF MURRAY BRIDGE,MOADsC,G1,2.38E-05,0.035339274,G1,65,L1,20,D1,15,3,100
31898,THE DC OF KAROONDA EAST MURRAY,KARSQB,A4,0.004744848,1.197610663,A4,38.5,C1,31.5,D2,15,4,100
31902,THE RURAL CITY OF MURRAY BRIDGE,BURQcB,B2,0.000101337,0.045105005,B2,41.25,H2,25,A4,15,5,100
31905,THE RURAL CITY OF MURRAY BRIDGE,BURQcB,B2,0.000136236,0.071186927,B2,41.25,H2,25,A4,15,5,100
31907,THE RURAL CITY OF MURRAY BRIDGE,BREDaC,D1,2.75E-05,0.037762614,D1,40,L1,30.1,A2,29.9,3,100
31912,THE RURAL CITY OF MURRAY BRIDGE,BURQMB,B2,5.10E-05,0.031003449,B2,65,B3,20,A4,15,3,100
31919,THE RURAL CITY OF MURRAY BRIDGE,KINO-C,H3,9.22E-06,0.016074461,H3,80,G4,20,None,0,2,100
31922,THE RURAL CITY OF MURRAY BRIDGE,LMVA-l,RR,4.13E-05,0.041520638,RR,100,None,0,None,0,1,100
31924,THE DC OF KAROONDA EAST MURRAY,KARHoA,D2,0.000162434,0.11138128,D2,65,A4,20,C1,15,3,100
31926,THE RURAL CITY OF MURRAY BRIDGE,MOAQMB,B2,6.36E-05,0.035509975,B2,100,None,0,None,0,1,100
31927,THE RURAL CITY OF MURRAY BRIDGE,KINDgB,D1,0.00011504,0.042972535,D1,35,K3,30,L1,15,5,100
31932,SOUTHERN MALLEE DC,GURHmA,C4,0.000269795,0.126917084,C4,27,D3,26,G1,19.5,8,100
31936,THE RURAL CITY OF MURRAY BRIDGE,MNSHEB,D2,7.47E-05,0.073455342,D2,55,A6,20,C3,15,4,100
31939,THE RURAL CITY OF MURRAY BRIDGE,NARAgD,L1,7.57E-05,0.065338879,L1,46.75,D1,17,M1,15,5,100
31943,THE DC OF KAROONDA EAST MURRAY,KEKGkA,G2,1.88E-05,0.017286005,G2,45,G1,35,G3,20,3,100
31947,THE DC OF KAROONDA EAST MURRAY,KARSSB,A4,1.09E-05,0.012342701,A4,46.75,C1,38.25,H2,15,3,100
31952,THE DC OF KAROONDA EAST MURRAY,WYNQiB,B2,0.00683221,1.113203928,B2,55,C1,45,None,0,2,100
31953,THE RURAL CITY OF MURRAY BRIDGE,MOAEaB,L1,4.68E-06,0.008488757,L1,55,A2,20,D1,15,4,100
31954,THE DC OF KAROONDA EAST MURRAY,BILOAE,H3,0.000148844,0.091610766,H3,41.25,H2,33.75,G2,13.75,6,100
31960,THE RURAL CITY OF MURRAY BRIDGE,BURUJf,H2,0.000497188,0.197147378,H2,45,B2,24.75,A4,19.25,4,100
31963,THE DC OF KAROONDA EAST MURRAY,KARUBF,H2,4.21E-05,0.047322202,H2,65,A4,14,C1,10.535,4,100
31964,THE RURAL CITY OF MURRAY BRIDGE,BREAKB,L1,4.47E-05,0.038082087,L1,55,K3,45,None,0,2,100
31965,THE DC OF KAROONDA EAST MURRAY,WYNQiB,B2,0.000186502,0.0847735,B2,55,C1,45,None,0,2,100
31966,SOUTHERN MALLEE DC,KEKGkA,G2,1.89E-05,0.017644377,G2,45,G1,35,G3,20,3,100
31969,THE DC OF KAROONDA EAST MURRAY,BURRCE,B3,6.14E-06,0.010604297,B3,80,B2,20,None,0,2,100
31970,THE RURAL CITY OF MURRAY BRIDGE,BREAKA,L1,3.27E-05,0.024182089,L1,55,K3,45,None,0,2,100
31972,THE RURAL CITY OF MURRAY BRIDGE,MOAQMB,B2,1.02E-05,0.018189781,B2,100,None,0,None,0,1,100
31974,THE DC OF KAROONDA EAST MURRAY,KARUBF,H2,0.001046048,0.369956254,H2,65,A4,14,C1,10.535,4,100
31975,THE RURAL CITY OF MURRAY BRIDGE,MBEAKY,L1,6.92E-06,0.011356564,L1,65,K3,20,D1,15,3,100
31977,THE DC OF KAROONDA EAST MURRAY,BURU-D,H2,1.00E-05,0.021740583,H2,100,None,0,None,0,1,100
31978,THE RURAL CITY OF MURRAY BRIDGE,BURQME,B2,0.00037198,0.142983783,B2,65,B3,20,A4,15,3,100
31981,THE RURAL CITY OF MURRAY BRIDGE,BURQcB,B2,7.66E-05,0.058838197,B2,41.25,H2,25,A4,15,5,100
31985,SOUTHERN MALLEE DC,GUROTJ,H3,6.40E-05,0.04577874,H3,32,C4,20,D3,17.5,6,100
31987,SOUTHERN MALLEE DC,KEKOAF,H3,0.000160706,0.102498559,H3,52,G2,15.75,H2,13,5,100
31988,THE DC OF KAROONDA EAST MURRAY,KARUBF,H2,0.000205822,0.14522802,H2,65,A4,14,C1,10.535,4,100
31992,THE DC OF KAROONDA EAST MURRAY,GUROTG,H3,0.000510149,0.177565732,H3,52,H2,13,C4,12.25,6,100
32003,THE DC OF KAROONDA EAST MURRAY,SADUJb,H2,0.000202306,0.105648362,H2,65,A4,14,D2,10.535,4,100
32007,THE DC OF KAROONDA EAST MURRAY,BURQME,B2,1.23E-05,0.015631258,B2,65,B3,20,A4,15,3,100
32012,THE DC OF KAROONDA EAST MURRAY,KEKOAE,H3,0.001769231,0.56200321,H3,60,H2,15,G2,11.25,5,100
32014,SOUTHERN MALLEE DC,BILOAE,H3,3.39E-05,0.032968419,H3,41.25,H2,33.75,G2,13.75,6,100
32015,THE DC OF KAROONDA EAST MURRAY,BURU-D,H2,5.77E-06,0.01270094,H2,100,None,0,None,0,1,100
32018,THE DC OF KAROONDA EAST MURRAY,KARSQB,A4,9.09E-05,0.060052811,A4,38.5,C1,31.5,D2,15,4,100
32023,THE RURAL CITY OF MURRAY BRIDGE,BURQMB,B2,0.000178325,0.098480304,B2,65,B3,20,A4,15,3,100
32029,THE RURAL CITY OF MURRAY BRIDGE,LMVA-l,RR,5.29E-05,0.04992132,RR,100,None,0,None,0,1,100
32032,THE DC OF KAROONDA EAST MURRAY,BURU-D,H2,2.57E-06,0.007535906,H2,100,None,0,None,0,1,100
32033,SOUTHERN MALLEE DC,KEKGlA,G2,1.20E-05,0.013183617,G2,33.75,G1,26.25,H3,20,5,100
32035,THE DC OF KAROONDA EAST MURRAY,KARUBF,H2,0.000142943,0.068007032,H2,65,A4,14,C1,10.535,4,100
32036,THE RURAL CITY OF MURRAY BRIDGE,KINIVB,A6,3.71E-05,0.047460015,A6,55,D2,20,B2,15,4,100
32043,SOUTHERN MALLEE DC,GUROTF,H3,0.000123938,0.069476325,H3,52,H2,13,C4,12.25,6,100
32048,SOUTHERN MALLEE DC,BILOAE,H3,0.000364246,0.104531018,H3,41.25,H2,33.75,G2,13.75,6,100
32052,THE RURAL CITY OF MURRAY BRIDGE,BURUJc,H2,2.74E-05,0.02721077,H2,65,B2,15.75,A4,12.25,4,100
32053,THE DC OF KAROONDA EAST MURRAY,BILOAJ,G2,0.000421492,0.121005002,G2,30.25,H3,24.75,H2,20.25,6,100
32062,THE DC OF KAROONDA EAST MURRAY,KARU-A,H2,0.000161601,0.084817615,H2,100,None,0,None,0,1,100
32063,THE RURAL CITY OF MURRAY BRIDGE,BREJWH,G1,0.000152229,0.137987671,G1,45,D2,35,H2,20,3,100
32076,THE DC OF KAROONDA EAST MURRAY,SADQJZ,B2,1.57E-05,0.022154108,B2,80,A4,20,None,0,2,100
32077,THE DC OF KAROONDA EAST MURRAY,KEKOAE,H3,0.000625186,0.310302815,H3,60,H2,15,G2,11.25,5,100
32081,THE DC OF KAROONDA EAST MURRAY,KARSSB,A4,0.00013107,0.08328258,A4,46.75,C1,38.25,H2,15,3,100
32084,SOUTHERN MALLEE DC,GUROTF,H3,2.20E-05,0.024641642,H3,52,H2,13,C4,12.25,6,100
32086,THE RURAL CITY OF MURRAY BRIDGE,KINO-B,H3,3.97E-05,0.032890144,H3,80,G4,20,None,0,2,100
32087,THE RURAL CITY OF MURRAY BRIDGE,MOAXBN,M1,0.000189374,0.216513853,M1,65,D3,20,D5,15,3,100
32089,THE RURAL CITY OF MURRAY BRIDGE,LMVXi-,E3,0.000420494,0.147992058,E3,65,G1,20,M2,15,3,100
32091,THE RURAL CITY OF MURRAY BRIDGE,BURQMB,B2,0.000117172,0.086884872,B2,65,B3,20,A4,15,3,100
32094,THE DC OF KAROONDA EAST MURRAY,BILOAG,H3,0.000149406,0.08077134,H3,35.75,H2,29.25,G2,19.25,6,100
32097,THE DC OF KAROONDA EAST MURRAY,KARUBF,H2,0.00019335,0.154057027,H2,65,A4,14,C1,10.535,4,100
32104,THE RURAL CITY OF MURRAY BRIDGE,MOAQMB,B2,0.000255458,0.145867169,B2,100,None,0,None,0,1,100
32108,THE RURAL CITY OF MURRAY BRIDGE,KINDgB,D1,3.25E-05,0.028816838,D1,35,K3,30,L1,15,5,100
32109,THE RURAL CITY OF MURRAY BRIDGE,BREQMZ,B2,1.25E-05,0.014961475,B2,55,A4,45,None,0,2,100
32110,THE RURAL CITY OF MURRAY BRIDGE,KINHEA,D2,1.23E-05,0.018003234,D2,65,A6,20,C3,15,3,100
32111,THE RURAL CITY OF MURRAY BRIDGE,MOAAKB,L1,2.19E-05,0.029858938,L1,80,D1,20,None,0,2,100
32115,THE RURAL CITY OF MURRAY BRIDGE,MOAJGB,D3,3.81E-05,0.034338004,D3,65,D5,20,D1,15,3,100
32116,THE RURAL CITY OF MURRAY BRIDGE,BURQMB,B2,4.58E-05,0.03387737,B2,65,B3,20,A4,15,3,100
32117,THE RURAL CITY OF MURRAY BRIDGE,BURQpB,B2,2.46E-05,0.024354073,B2,48.75,H2,25,B8,15,4,100
32120,THE RURAL CITY OF MURRAY BRIDGE,MOAGGB,G2,3.22E-05,0.029509483,G2,100,None,0,None,0,1,100
32125,THE DC OF KAROONDA EAST MURRAY,BILOAG,H3,0.002704594,0.810563624,H3,35.75,H2,29.25,G2,19.25,6,100
32126,THE DC OF KAROONDA EAST MURRAY,KARHkA,D2,7.30E-05,0.04113203,D2,100,None,0,None,0,1,100
32127,THE RURAL CITY OF MURRAY BRIDGE,BURUJc,H2,3.09E-05,0.027208649,H2,65,B2,15.75,A4,12.25,4,100
32130,THE RURAL CITY OF MURRAY BRIDGE,BURQMB,B2,2.03E-05,0.018020466,B2,65,B3,20,A4,15,3,100
32132,THE DC OF KAROONDA EAST MURRAY,SADHkA,D2,3.76E-05,0.028422399,D2,65,A4,20,C1,15,3,100
32137,THE DC OF LOXTON WAIKERIE,KEKGkA,G2,2.76E-05,0.030831117,G2,45,G1,35,G3,20,3,100
32139,THE RURAL CITY OF MURRAY BRIDGE,LMVSXC,G1,0.000184103,0.067373752,G1,37.5,A4,33.75,H2,28.75,3,100
32141,THE DC OF KAROONDA EAST MURRAY,WYNQkB,B2,8.90E-05,0.052638334,B2,41.25,C1,33.75,H2,25,3,100
32142,THE DC OF KAROONDA EAST MURRAY,BURU-D,H2,3.56E-06,0.009261514,H2,100,None,0,None,0,1,100
32143,THE DC OF KAROONDA EAST MURRAY,BURU-D,H2,5.59E-06,0.013648281,H2,100,None,0,None,0,1,100
32156,THE DC OF LOXTON WAIKERIE,BILOAJ,G2,0.000675354,0.15836822,G2,30.25,H3,24.75,H2,20.25,6,100
32157,SOUTHERN MALLEE DC,KEKGlA,G2,0.000103917,0.046768524,G2,33.75,G1,26.25,H3,20,5,100
32161,THE DC OF KAROONDA EAST MURRAY,WYNQkB,B2,0.000513837,0.227199772,B2,41.25,C1,33.75,H2,25,3,100
32168,SOUTHERN MALLEE DC,BILOAE,H3,0.000169751,0.122063917,H3,41.25,H2,33.75,G2,13.75,6,100
32169,THE RURAL CITY OF MURRAY BRIDGE,WHHSeB,A4,4.44E-05,0.029142529,A4,55,B2,45,None,0,2,100
32174,THE DC OF KAROONDA EAST MURRAY,WYNHoA,D2,0.000174897,0.083022325,D2,45,C1,35,G1,20,3,100
32176,THE DC OF KAROONDA EAST MURRAY,WYNUef,H2,0.000170011,0.057994886,H2,45,B2,24.75,C1,19.25,4,100
32178,THE RURAL CITY OF MURRAY BRIDGE,BURQcB,B2,0.000116626,0.045933476,B2,41.25,H2,25,A4,15,5,100
32181,THE DC OF KAROONDA EAST MURRAY,BURU-D,H2,1.97E-05,0.028238478,H2,100,None,0,None,0,1,100
32182,THE RURAL CITY OF MURRAY BRIDGE,MOAEfL,A2,0.000103288,0.071987421,A2,55,D1,20,L1,15,4,100
32184,THE RURAL CITY OF MURRAY BRIDGE,MOAJGK,D3,8.09E-06,0.01568598,D3,65,D5,20,D1,15,3,100
32185,THE DC OF KAROONDA EAST MURRAY,WYNHoA,D2,5.86E-05,0.035303642,D2,45,C1,35,G1,20,3,100
32192,THE RURAL CITY OF MURRAY BRIDGE,LMVSXC,G1,1.66E-05,0.019826476,G1,37.5,A4,33.75,H2,28.75,3,100
32202,THE RURAL CITY OF MURRAY BRIDGE,KINO-C,H3,5.29E-06,0.013589934,H3,80,G4,20,None,0,2,100
32205,THE DC OF KAROONDA EAST MURRAY,KARHkA,D2,4.20E-05,0.030651162,D2,100,None,0,None,0,1,100
32209,THE RURAL CITY OF MURRAY BRIDGE,BURQME,B2,2.29E-05,0.033401745,B2,65,B3,20,A4,15,3,100
32212,SOUTHERN MALLEE DC,BILOAE,H3,1.71E-05,0.015862335,H3,41.25,H2,33.75,G2,13.75,6,100
32213,THE RURAL CITY OF MURRAY BRIDGE,KINEgB,A2,2.12E-05,0.019893271,A2,35,C2,30,D1,20,4,100
32217,THE DC OF KAROONDA EAST MURRAY,KARHoA,D2,0.0001638,0.065659931,D2,65,A4,20,C1,15,3,100
32222,THE DC OF KAROONDA EAST MURRAY,BILGhA,G2,0.000276465,0.116527738,G2,32.5,D3,25,H3,13.75,6,100
32226,THE RURAL CITY OF MURRAY BRIDGE,MOAEaC,L1,0.000115639,0.122349295,L1,55,A2,20,D1,15,4,100
32228,THE RURAL CITY OF MURRAY BRIDGE,BURSgI,A4,0.000318677,0.106515527,A4,65,H2,20,C1,15,3,100
32229,THE DC OF KAROONDA EAST MURRAY,KARUBF,H2,4.27E-05,0.031058924,H2,65,A4,14,C1,10.535,4,100
32230,SOUTHERN MALLEE DC,GUROTJ,H3,0.000202843,0.079768704,H3,32,C4,20,D3,17.5,6,100
32237,THE RURAL CITY OF MURRAY BRIDGE,MOAEaB,L1,1.39E-05,0.021319926,L1,55,A2,20,D1,15,4,100
32243,THE RURAL CITY OF MURRAY BRIDGE,MOADsC,G1,4.97E-05,0.049448391,G1,65,L1,20,D1,15,3,100
32244,SOUTHERN MALLEE DC,BILOAE,H3,4.18E-05,0.040862743,H3,41.25,H2,33.75,G2,13.75,6,100
32247,THE DC OF KAROONDA EAST MURRAY,KEKOAE,H3,0.000847187,0.398969247,H3,60,H2,15,G2,11.25,5,100
32252,THE RURAL CITY OF MURRAY BRIDGE,WHHUBJ,G1,1.44E-05,0.02169811,G1,45,H2,24.75,A4,19.25,4,100
32253,THE DC OF KAROONDA EAST MURRAY,BURU-D,H2,3.56E-05,0.045798146,H2,100,None,0,None,0,1,100
32254,THE RURAL CITY OF MURRAY BRIDGE,LMVSXII,A4,3.29E-05,0.02562593,A4,45,G1,35,H2,20,3,100
32257,THE RURAL CITY OF MURRAY BRIDGE,KINQVB,B2,1.55E-05,0.019706931,B2,55,B3,45,None,0,2,100
32261,THE RURAL CITY OF MURRAY BRIDGE,PALJUJ,G1,9.11E-06,0.019416832,G1,45,M1,35,H2,20,3,100
32267,THE DC OF KAROONDA EAST MURRAY,KARHpA,D2,0.001826363,0.345848244,D2,48.75,H2,25,A4,15,4,100
32272,THE RURAL CITY OF MURRAY BRIDGE,MOAEaC,L1,7.70E-06,0.012347218,L1,55,A2,20,D1,15,4,100
32273,SOUTHERN MALLEE DC,BILOAF,H3,0.000155044,0.080089982,H3,35.75,H2,29.25,G2,19.25,6,100
32274,THE RURAL CITY OF MURRAY BRIDGE,BURQMB,B2,0.000153483,0.098720894,B2,65,B3,20,A4,15,3,100
32276,THE DC OF KAROONDA EAST MURRAY,WYNQMB,B2,0.000232311,0.095217267,B2,100,None,0,None,0,1,100
32285,THE RURAL CITY OF MURRAY BRIDGE,KINDgB,D1,4.30E-05,0.048222306,D1,35,K3,30,L1,15,5,100
32287,SOUTHERN MALLEE DC,KEKGlA,G2,2.01E-05,0.018242122,G2,33.75,G1,26.25,H3,20,5,100
32289,THE RURAL CITY OF MURRAY BRIDGE,PALUWK,H2,0.000120388,0.080601484,H2,55,G1,45,None,0,2,100
32294,THE RURAL CITY OF MURRAY BRIDGE,WHHSUB,A4,0.000106272,0.051858034,A4,75,H2,25,None,0,2,100
32299,THE RURAL CITY OF MURRAY BRIDGE,WHHSUB,A4,0.000102969,0.071106584,A4,75,H2,25,None,0,2,100
32304,THE RURAL CITY OF MURRAY BRIDGE,KINHEA,D2,4.78E-05,0.057569509,D2,65,A6,20,C3,15,3,100
32305,THE DC OF KAROONDA EAST MURRAY,KARHpA,D2,0.0003316,0.136514379,D2,48.75,H2,25,A4,15,4,100
32306,THE RURAL CITY OF MURRAY BRIDGE,BURUJc,H2,0.000259017,0.130620958,H2,65,B2,15.75,A4,12.25,4,100
32307,THE DC OF KAROONDA EAST MURRAY,BURQVB,B2,0.000579745,0.299672426,B2,46.75,B3,36.805,A4,16.445,3,100
32311,THE RURAL CITY OF MURRAY BRIDGE,MOAAKB,L1,5.51E-05,0.058859381,L1,80,D1,20,None,0,2,100
32315,SOUTHERN MALLEE DC,GUROTE,H3,0.000286879,0.124858423,H3,60,H2,15,C4,8.75,6,100
32317,THE DC OF KAROONDA EAST MURRAY,KARSSB,A4,0.000295206,0.119988786,A4,46.75,C1,38.25,H2,15,3,100
32322,THE RURAL CITY OF MURRAY BRIDGE,BURUJb,H2,0.000251591,0.126496044,H2,65,B2,15.75,A4,12.25,4,100
32329,THE DC OF KAROONDA EAST MURRAY,KARUBJ,H2,0.000202569,0.087678857,H2,45,A4,22,C1,16.555,4,100
32330,THE RURAL CITY OF MURRAY BRIDGE,BURUJa,H2,0.00049709,0.244757559,H2,65,B2,15.75,A4,12.25,4,100
32331,THE DC OF KAROONDA EAST MURRAY,BILOAE,H3,5.97E-05,0.040884131,H3,41.25,H2,33.75,G2,13.75,6,100
32332,SOUTHERN MALLEE DC,KEKGkA,G2,6.79E-05,0.045572531,G2,45,G1,35,G3,20,3,100
32335,THE DC OF KAROONDA EAST MURRAY,KARHkA,D2,1.72E-05,0.0189227,D2,100,None,0,None,0,1,100
32341,THE RURAL CITY OF MURRAY BRIDGE,BREEfB,A2,0.000145566,0.094970822,A2,55,D1,45,None,0,2,100
32346,THE DC OF KAROONDA EAST MURRAY,BILOAF,H3,0.000503124,0.178790895,H3,35.75,H2,29.25,G2,19.25,6,100
32349,SOUTHERN MALLEE DC,KEKGlA,G2,1.35E-05,0.016842669,G2,33.75,G1,26.25,H3,20,5,100
32350,THE RURAL CITY OF MURRAY BRIDGE,KINQVB,B2,1.61E-05,0.018093752,B2,55,B3,45,None,0,2,100
32355,THE RURAL CITY OF MURRAY BRIDGE,KINHHK,D2,2.57E-05,0.025630981,D2,33.75,A6,26.25,C3,15,5,100
32356,SOUTHERN MALLEE DC,BILOAE,H3,2.57E-05,0.037671894,H3,41.25,H2,33.75,G2,13.75,6,100
32361,THE RURAL CITY OF MURRAY BRIDGE,BREJUJ,D2,1.29E-05,0.018571792,D2,35,M4,30,M1,20,4,100
32370,THE RURAL CITY OF MURRAY BRIDGE,MOAEfL,A2,2.88E-05,0.02710392,A2,55,D1,20,L1,15,4,100
32371,THE DC OF KAROONDA EAST MURRAY,WYNHoA,D2,1.16E-05,0.012435553,D2,45,C1,35,G1,20,3,100
32372,THE DC OF KAROONDA EAST MURRAY,BURU-D,H2,1.50E-05,0.018322476,H2,100,None,0,None,0,1,100
32373,SOUTHERN MALLEE DC,KEKGlA,G2,2.97E-05,0.030932275,G2,33.75,G1,26.25,H3,20,5,100
32379,SOUTHERN MALLEE DC,BILOAE,H3,6.89E-06,0.009818248,H3,41.25,H2,33.75,G2,13.75,6,100
32382,THE DC OF KAROONDA EAST MURRAY,BILOAJ,G2,7.20E-05,0.03452183,G2,30.25,H3,24.75,H2,20.25,6,100
32386,THE RURAL CITY OF MURRAY BRIDGE,KINHEA,D2,4.55E-05,0.046400039,D2,65,A6,20,C3,15,3,100
32387,THE RURAL CITY OF MURRAY BRIDGE,WHHJUE,D5,7.97E-05,0.087131227,D5,100,None,0,None,0,1,100
32390,THE RURAL CITY OF MURRAY BRIDGE,BURQpB,B2,0.000148338,0.064816059,B2,48.75,H2,25,B8,15,4,100
32391,THE RURAL CITY OF MURRAY BRIDGE,KINHEA,D2,2.54E-05,0.020556118,D2,65,A6,20,C3,15,3,100
32394,SOUTHERN MALLEE DC,BILOAI,G2,0.000274856,0.093790931,G2,30.25,H3,24.75,H2,20.25,6,100
32396,THE DC OF KAROONDA EAST MURRAY,KARSSB,A4,0.00016187,0.078396572,A4,46.75,C1,38.25,H2,15,3,100
32398,THE RURAL CITY OF MURRAY BRIDGE,NARAgB,L1,0.000168778,0.106781309,L1,55,D1,20,C2,15,4,100
32401,THE DC OF KAROONDA EAST MURRAY,KARSQB,A4,0.002166324,0.623579527,A4,38.5,C1,31.5,D2,15,4,100
32403,THE RURAL CITY OF MURRAY BRIDGE,MOAEaB,L1,7.03E-05,0.051466628,L1,55,A2,20,D1,15,4,100
32404,THE RURAL CITY OF MURRAY BRIDGE,URB,XX,0.00176426,0.203132399,XX,100,None,0,None,0,1,100
32406,THE RURAL CITY OF MURRAY BRIDGE,KINIVB,A6,3.65E-05,0.044316388,A6,55,D2,20,B2,15,4,100
32407,THE DC OF KAROONDA EAST MURRAY,WYNUef,H2,0.001184259,0.381372056,H2,45,B2,24.75,C1,19.25,4,100
32416,THE DC OF KAROONDA EAST MURRAY,BURU-D,H2,7.05E-06,0.013941897,H2,100,None,0,None,0,1,100
32419,THE RURAL CITY OF MURRAY BRIDGE,BURQMB,B2,7.43E-05,0.033444915,B2,65,B3,20,A4,15,3,100
32421,THE RURAL CITY OF MURRAY BRIDGE,MOAEaC,L1,2.39E-05,0.027650665,L1,55,A2,20,D1,15,4,100
32426,THE DC OF LOXTON WAIKERIE,BILOAF,H3,0.002216696,0.620091349,H3,35.75,H2,29.25,G2,19.25,6,100
32429,THE RURAL CITY OF MURRAY BRIDGE,BURQME,B2,2.01E-05,0.022063565,B2,65,B3,20,A4,15,3,100
32433,THE RURAL CITY OF MURRAY BRIDGE,MOAAKI,L1,4.74E-05,0.044485563,L1,80,D1,20,None,0,2,100
32434,THE RURAL CITY OF MURRAY BRIDGE,MOAAKB,L1,9.69E-06,0.013151544,L1,80,D1,20,None,0,2,100
32440,THE RURAL CITY OF MURRAY BRIDGE,MOAEfL,A2,1.53E-05,0.016201001,A2,55,D1,20,L1,15,4,100
32441,THE RURAL CITY OF MURRAY BRIDGE,BURQcB,B2,0.000103133,0.076423884,B2,41.25,H2,25,A4,15,5,100
32444,THE DC OF KAROONDA EAST MURRAY,WYNUef,H2,0.000104644,0.055086378,H2,45,B2,24.75,C1,19.25,4,100
32446,THE DC OF KAROONDA EAST MURRAY,BURQMB,B2,0.000173018,0.075218198,B2,65,B3,20,A4,15,3,100
32449,THE RURAL CITY OF MURRAY BRIDGE,BURQMB,B2,0.000116251,0.078022133,B2,65,B3,20,A4,15,3,100
32453,SOUTHERN MALLEE DC,BILOAE,H3,0.000320233,0.135749313,H3,41.25,H2,33.75,G2,13.75,6,100
32456,THE RURAL CITY OF MURRAY BRIDGE,WHHQVB,B2,2.66E-05,0.020616281,B2,100,None,0,None,0,1,100
32457,SOUTHERN MALLEE DC,BILHaA,D3,3.31E-05,0.026012708,D3,65,G3,20,G2,15,3,100
32459,THE DC OF KAROONDA EAST MURRAY,KEKGlA,G2,4.65E-05,0.038185781,G2,33.75,G1,26.25,H3,20,5,100
32461,THE RURAL CITY OF MURRAY BRIDGE,BURQVB,B2,0.000118473,0.058760811,B2,46.75,B3,36.805,A4,16.445,3,100
32464,THE RURAL CITY OF MURRAY BRIDGE,BURQpB,B2,0.001687232,0.39678282,B2,48.75,H2,25,B8,15,4,100
32467,SOUTHERN MALLEE DC,BILOAF,H3,0.000124087,0.08496209,H3,35.75,H2,29.25,G2,19.25,6,100
32469,THE DC OF KAROONDA EAST MURRAY,STWIaA,D2,9.04E-05,0.054764387,D2,100,None,0,None,0,1,100
32472,THE RURAL CITY OF MURRAY BRIDGE,BURQMB,B2,5.96E-05,0.052352791,B2,65,B3,20,A4,15,3,100
32480,THE RURAL CITY OF MURRAY BRIDGE,GIHGQC,G4,1.88E-05,0.022247371,G4,41.25,H3,25,B7,15,5,100
32486,THE RURAL CITY OF MURRAY BRIDGE,KINEtB,L1,3.03E-05,0.041992312,L1,75.25,RR,24.75,None,0,2,100
32487,THE RURAL CITY OF MURRAY BRIDGE,KINEtB,L1,1.08E-05,0.015325559,L1,75.25,RR,24.75,None,0,2,100
32490,SOUTHERN MALLEE DC,BILOAE,H3,2.71E-05,0.029081939,H3,41.25,H2,33.75,G2,13.75,6,100
32496,THE RURAL CITY OF MURRAY BRIDGE,KINEtB,L1,7.64E-06,0.012527079,L1,75.25,RR,24.75,None,0,2,100
32498,THE DC OF KAROONDA EAST MURRAY,WYNHoA,D2,5.71E-05,0.040630758,D2,45,C1,35,G1,20,3,100
32500,THE RURAL CITY OF MURRAY BRIDGE,PALQVB,A4,1.10E-05,0.01373683,A4,100,None,0,None,0,1,100
32502,THE RURAL CITY OF MURRAY BRIDGE,MNSDfA,D1,2.02E-05,0.023308287,D1,55,A2,45,None,0,2,100
32505,THE RURAL CITY OF MURRAY BRIDGE,MNSHEB,D2,3.28E-05,0.036536216,D2,55,A6,20,C3,15,4,100
32508,THE RURAL CITY OF MURRAY BRIDGE,MOAEfL,A2,4.55E-05,0.040623546,A2,55,D1,20,L1,15,4,100
32510,THE RURAL CITY OF MURRAY BRIDGE,MOAQMB,B2,5.22E-05,0.037793436,B2,100,None,0,None,0,1,100
32512,THE RURAL CITY OF MURRAY BRIDGE,BURUJc,H2,0.000238788,0.087654082,H2,65,B2,15.75,A4,12.25,4,100
32515,THE DC OF KAROONDA EAST MURRAY,KEKOAE,H3,0.000264692,0.128039717,H3,60,H2,15,G2,11.25,5,100
32518,THE RURAL CITY OF MURRAY BRIDGE,MNSGOA,G4,0.00046487,0.366682548,G4,65,F2,20,A6,15,3,100
32519,THE RURAL CITY OF MURRAY BRIDGE,BURUJa,H2,1.36E-05,0.016518775,H2,65,B2,15.75,A4,12.25,4,100
32524,THE DC OF KAROONDA EAST MURRAY,BILOAF,H3,0.00024059,0.08441,H3,35.75,H2,29.25,G2,19.25,6,100
32525,THE RURAL CITY OF MURRAY BRIDGE,KINO-B,H3,1.94E-05,0.036848047,H3,80,G4,20,None,0,2,100
32526,THE RURAL CITY OF MURRAY BRIDGE,MNSO-B,H3,1.46E-05,0.025850202,H3,65,G2,20,G4,15,3,100
32528,SOUTHERN MALLEE DC,BILOAF,H3,0.000776158,0.193934313,H3,35.75,H2,29.25,G2,19.25,6,100
32529,THE RURAL CITY OF MURRAY BRIDGE,MNSGGB,G4,4.80E-05,0.035348853,G4,68,G2,17,H3,15,3,100
32530,THE DC OF KAROONDA EAST MURRAY,WYNUee,H2,0.000323017,0.088023614,H2,45,B2,24.75,C1,19.25,4,100
32534,THE RURAL CITY OF MURRAY BRIDGE,KINHEA,D2,3.80E-05,0.035072828,D2,65,A6,20,C3,15,3,100
32536,THE RURAL CITY OF MURRAY BRIDGE,BURQMB,B2,4.62E-05,0.032180071,B2,65,B3,20,A4,15,3,100
32539,THE RURAL CITY OF MURRAY BRIDGE,BURRCE,B3,4.37E-06,0.007836043,B3,80,B2,20,None,0,2,100
32540,THE RURAL CITY OF MURRAY BRIDGE,BURQME,B2,6.31E-06,0.010041302,B2,65,B3,20,A4,15,3,100
32541,SOUTHERN MALLEE DC,BILOAF,H3,0.005090466,0.973452828,H3,35.75,H2,29.25,G2,19.25,6,100
32542,SOUTHERN MALLEE DC,GUROTJ,H3,0.004878515,1.411542843,H3,32,C4,20,D3,17.5,6,100
32543,THE DC OF KAROONDA EAST MURRAY,STWODb,H3,6.68E-05,0.035387772,H3,65,A4,15.75,C1,12.25,4,100
32547,THE DC OF KAROONDA EAST MURRAY,STWODe,H3,0.002271833,0.650794732,H3,45,A4,24.75,C1,19.25,4,100
32548,THE DC OF KAROONDA EAST MURRAY,BURQMB,B2,2.28E-05,0.02748823,B2,65,B3,20,A4,15,3,100
32551,THE DC OF KAROONDA EAST MURRAY,WYNQMB,B2,4.22E-05,0.036709863,B2,100,None,0,None,0,1,100
32559,SOUTHERN MALLEE DC,GURHnA,C4,0.001569097,0.522818745,C4,22.5,D3,22.5,G1,16.25,8,100
32560,SOUTHERN MALLEE DC,BILOAE,H3,6.72E-05,0.045091206,H3,41.25,H2,33.75,G2,13.75,6,100
32567,THE RURAL CITY OF MURRAY BRIDGE,KINEtB,L1,1.56E-05,0.027845596,L1,75.25,RR,24.75,None,0,2,100
32569,THE DC OF KAROONDA EAST MURRAY,KARHoA,D2,0.000379074,0.149861473,D2,65,A4,20,C1,15,3,100
32571,SOUTHERN MALLEE DC,GURHmA,C4,0.000228881,0.092409908,C4,27,D3,26,G1,19.5,8,100
32575,SOUTHERN MALLEE DC,BILGhA,G2,0.000254384,0.084094991,G2,32.5,D3,25,H3,13.75,6,100
32577,SOUTHERN MALLEE DC,GURHnA,C4,0.000887945,0.217150777,C4,22.5,D3,22.5,G1,16.25,8,100
32578,SOUTHERN MALLEE DC,BEWOUJ,H3,0.000375621,0.139282488,H3,40,G4,20.75,F2,18.25,5,100
32579,SOUTHERN MALLEE DC,BILOAF,H3,0.000398559,0.211369916,H3,35.75,H2,29.25,G2,19.25,6,100
32580,THE RURAL CITY OF MURRAY BRIDGE,MNSO-B,H3,1.37E-05,0.028471499,H3,65,G2,20,G4,15,3,100
32584,THE RURAL CITY OF MURRAY BRIDGE,MNSIVA,A6,0.000136447,0.106663896,A6,45,D2,35,C3,20,3,100
32587,THE DC OF KAROONDA EAST MURRAY,WYNUef,H2,0.000501888,0.103117031,H2,45,B2,24.75,C1,19.25,4,100
32588,THE DC OF KAROONDA EAST MURRAY,BILOAE,H3,0.000115872,0.077986796,H3,41.25,H2,33.75,G2,13.75,6,100
32589,THE RURAL CITY OF MURRAY BRIDGE,BURQMB,B2,0.00012804,0.071301288,B2,65,B3,20,A4,15,3,100
32595,SOUTHERN MALLEE DC,KEKOAE,H3,0.000310695,0.164462674,H3,60,H2,15,G2,11.25,5,100
32599,THE RURAL CITY OF MURRAY BRIDGE,GIHGWC,G4,8.65E-06,0.015573704,G4,55,B7,20,B8,15,4,100
32602,THE RURAL CITY OF MURRAY BRIDGE,BURQMB,B2,0.000451428,0.156190294,B2,65,B3,20,A4,15,3,100
32605,THE DC OF KAROONDA EAST MURRAY,KARUBF,H2,0.000100924,0.070267928,H2,65,A4,14,C1,10.535,4,100
32612,SOUTHERN MALLEE DC,BILOAE,H3,9.08E-05,0.077596446,H3,41.25,H2,33.75,G2,13.75,6,100
32614,THE RURAL CITY OF MURRAY BRIDGE,LMVXi-,E3,7.87E-05,0.045360341,E3,65,G1,20,M2,15,3,100
32615,THE RURAL CITY OF MURRAY BRIDGE,MNSTHA,F2,0.000107932,0.066222498,F2,55,E3,45,None,0,2,100
32620,THE RURAL CITY OF MURRAY BRIDGE,BREEfB,A2,2.73E-05,0.023195908,A2,55,D1,45,None,0,2,100
32621,THE RURAL CITY OF MURRAY BRIDGE,MNSHEA,D2,6.51E-05,0.082698021,D2,55,A6,20,C3,15,4,100
32627,THE DC OF KAROONDA EAST MURRAY,WYNQMB,B2,2.24E-05,0.028388795,B2,100,None,0,None,0,1,100
32630,THE DC OF KAROONDA EAST MURRAY,KARUBJ,H2,0.000152698,0.089563535,H2,45,A4,22,C1,16.555,4,100
32631,THE DC OF KAROONDA EAST MURRAY,BILGhA,G2,0.000170799,0.124550235,G2,32.5,D3,25,H3,13.75,6,100
32635,THE RURAL CITY OF MURRAY BRIDGE,BURQME,B2,8.27E-05,0.065616734,B2,65,B3,20,A4,15,3,100
32641,THE DC OF KAROONDA EAST MURRAY,WYNQMB,B2,0.000238119,0.13934975,B2,100,None,0,None,0,1,100
32648,THE DC OF KAROONDA EAST MURRAY,WYNQkB,B2,0.001327463,0.432211171,B2,41.25,C1,33.75,H2,25,3,100
32649,THE RURAL CITY OF MURRAY BRIDGE,BURUJb,H2,1.96E-05,0.024498001,H2,65,B2,15.75,A4,12.25,4,100
32654,THE RURAL CITY OF MURRAY BRIDGE,BURQMB,B2,2.51E-05,0.026609787,B2,65,B3,20,A4,15,3,100
32655,THE RURAL CITY OF MURRAY BRIDGE,PALKXE,M1,8.28E-06,0.018884313,M1,65,C1,20,G1,15,3,100
32660,THE RURAL CITY OF MURRAY BRIDGE,MBEDaD,D1,1.24E-06,0.004839037,D1,35,K3,30,L1,20,4,100
32661,THE DC OF KAROONDA EAST MURRAY,STWSfB,A4,0.000115387,0.066698512,A4,29.75,C1,25.5,B2,17,5,100
32662,THE RURAL CITY OF MURRAY BRIDGE,MNSO-C,H3,1.83E-06,0.007224965,H3,45,G2,35,G4,20,3,100
32665,THE RURAL CITY OF MURRAY BRIDGE,GIHGWB,G4,4.59E-05,0.03203144,G4,55,B7,20,B8,15,4,100
32666,THE RURAL CITY OF MURRAY BRIDGE,MOADsB,G1,2.69E-05,0.029418468,G1,65,L1,20,D1,15,3,100
32669,THE RURAL CITY OF MURRAY BRIDGE,MNSO-B,H3,1.85E-05,0.036460336,H3,65,G2,20,G4,15,3,100
32670,THE RURAL CITY OF MURRAY BRIDGE,MNSIBA,A6,1.31E-05,0.02147048,A6,100,None,0,None,0,1,100
32671,THE RURAL CITY OF MURRAY BRIDGE,GIHQVB,B7,2.36E-05,0.026863671,B7,35,B8,30,D2,20,4,100
32675,SOUTHERN MALLEE DC,GURHnA,C4,0.000215232,0.119615087,C4,22.5,D3,22.5,G1,16.25,8,100
32677,SOUTHERN MALLEE DC,BILOAJ,G2,0.000504283,0.154121645,G2,30.25,H3,24.75,H2,20.25,6,100
32679,THE DC OF KAROONDA EAST MURRAY,MAJQOB,B2,0.000108612,0.062800153,B2,41.25,G1,33.75,H3,13.75,4,100
32681,THE DC OF KAROONDA EAST MURRAY,MAJQMB,B2,4.69E-05,0.052921101,B2,100,None,0,None,0,1,100
32686,SOUTHERN MALLEE DC,KEKOAE,H3,0.000451535,0.222404824,H3,60,H2,15,G2,11.25,5,100
32688,SOUTHERN MALLEE DC,BILOAE,H3,1.29E-05,0.01720238,H3,41.25,H2,33.75,G2,13.75,6,100
32690,THE RURAL CITY OF MURRAY BRIDGE,BREGDB,G1,9.95E-05,0.047835879,G1,55,C1,45,None,0,2,100
32699,THE RURAL CITY OF MURRAY BRIDGE,KINO-B,H3,1.74E-05,0.026936262,H3,80,G4,20,None,0,2,100
32704,THE RURAL CITY OF MURRAY BRIDGE,PALKXE,M1,6.47E-06,0.016702017,M1,65,C1,20,G1,15,3,100
32705,THE RURAL CITY OF MURRAY BRIDGE,MNSO-B,H3,1.41E-05,0.029646112,H3,65,G2,20,G4,15,3,100
32706,SOUTHERN MALLEE DC,GUROTF,H3,0.000693479,0.341773675,H3,52,H2,13,C4,12.25,6,100
32707,THE RURAL CITY OF MURRAY BRIDGE,BURUJa,H2,4.27E-05,0.040144955,H2,65,B2,15.75,A4,12.25,4,100
32713,THE DC OF KAROONDA EAST MURRAY,KARSSB,A4,5.47E-05,0.041544996,A4,46.75,C1,38.25,H2,15,3,100
32718,THE RURAL CITY OF MURRAY BRIDGE,BURQME,B2,1.65E-05,0.020536632,B2,65,B3,20,A4,15,3,100
32720,THE RURAL CITY OF MURRAY BRIDGE,MBEDaD,D1,5.61E-06,0.010550183,D1,35,K3,30,L1,20,4,100
32721,THE DC OF KAROONDA EAST MURRAY,STWODb,H3,5.32E-06,0.008917472,H3,65,A4,15.75,C1,12.25,4,100
32723,THE RURAL CITY OF MURRAY BRIDGE,MNSGGB,G4,4.54E-05,0.04434721,G4,68,G2,17,H3,15,3,100
32725,THE RURAL CITY OF MURRAY BRIDGE,BURQMB,B2,1.93E-05,0.020160482,B2,65,B3,20,A4,15,3,100
32726,THE RURAL CITY OF MURRAY BRIDGE,MNSGGB,G4,2.87E-05,0.03364461,G4,68,G2,17,H3,15,3,100
32727,THE RURAL CITY OF MURRAY BRIDGE,KINDgA,D1,5.69E-05,0.051887345,D1,35,K3,30,L1,15,5,100
32731,THE RURAL CITY OF MURRAY BRIDGE,MNSHEA,D2,0.000195672,0.140610815,D2,55,A6,20,C3,15,4,100
32732,THE RURAL CITY OF MURRAY BRIDGE,MNSO-B,H3,3.24E-05,0.060150274,H3,65,G2,20,G4,15,3,100
32736,THE RURAL CITY OF MURRAY BRIDGE,GIHGXC,G4,1.80E-05,0.022860855,G4,80,G1,20,None,0,2,100
32744,THE DC OF KAROONDA EAST MURRAY,STWSfB,A4,0.001229233,0.290199863,A4,29.75,C1,25.5,B2,17,5,100
32750,THE DC OF KAROONDA EAST MURRAY,MAJODf,B2,0.000337016,0.116733166,B2,30.25,G1,24.75,H3,24.75,4,100
32754,THE RURAL CITY OF MURRAY BRIDGE,NARAgB,L1,7.28E-05,0.059691201,L1,55,D1,20,C2,15,4,100
32755,SOUTHERN MALLEE DC,BILOAE,H3,1.10E-05,0.018859119,H3,41.25,H2,33.75,G2,13.75,6,100
32756,THE RURAL CITY OF MURRAY BRIDGE,BURQMB,B2,2.55E-05,0.028197772,B2,65,B3,20,A4,15,3,100
32757,THE DC OF KAROONDA EAST MURRAY,WYNHoA,D2,3.13E-05,0.025310988,D2,45,C1,35,G1,20,3,100
32759,THE RURAL CITY OF MURRAY BRIDGE,MNSO-D,H3,1.20E-05,0.021793941,H3,45,G2,35,G4,20,3,100
32761,THE RURAL CITY OF MURRAY BRIDGE,MNSQVB,B2,4.65E-05,0.05791282,B2,55,B3,45,None,0,2,100
32762,THE RURAL CITY OF MURRAY BRIDGE,KINDgB,D1,1.04E-05,0.017104366,D1,35,K3,30,L1,15,5,100
32768,THE RURAL CITY OF MURRAY BRIDGE,MNSO-D,H3,1.71E-05,0.0253976,H3,45,G2,35,G4,20,3,100
32769,THE DC OF KAROONDA EAST MURRAY,BURU-D,H2,3.52E-05,0.036896032,H2,100,None,0,None,0,1,100
32772,THE RURAL CITY OF MURRAY BRIDGE,PALQVB,A4,5.30E-06,0.008348137,A4,100,None,0,None,0,1,100
32780,THE RURAL CITY OF MURRAY BRIDGE,MNSO-B,H3,1.40E-05,0.024041365,H3,65,G2,20,G4,15,3,100
32786,THE RURAL CITY OF MURRAY BRIDGE,MNSHEA,D2,2.38E-05,0.034528591,D2,55,A6,20,C3,15,4,100
32787,THE RURAL CITY OF MURRAY BRIDGE,MNSGOK,G4,5.96E-05,0.045443056,G4,65,F2,20,A6,15,3,100
32794,THE RURAL CITY OF MURRAY BRIDGE,KINDgA,D1,1.64E-05,0.025122909,D1,35,K3,30,L1,15,5,100
32798,THE RURAL CITY OF MURRAY BRIDGE,PALKXE,M1,7.71E-06,0.020369612,M1,65,C1,20,G1,15,3,100
32799,THE RURAL CITY OF MURRAY BRIDGE,MBEAKY,L1,1.39E-05,0.019566284,L1,65,K3,20,D1,15,3,100
32800,THE RURAL CITY OF MURRAY BRIDGE,PALGCC,G4,0.000387825,0.142457921,G4,85,H3,15,None,0,2,100
32802,THE RURAL CITY OF MURRAY BRIDGE,PALDgC,G1,2.11E-05,0.02373394,G1,80,L1,20,None,0,2,100
32804,THE RURAL CITY OF MURRAY BRIDGE,KINHEA,D2,1.18E-05,0.019449161,D2,65,A6,20,C3,15,3,100
32805,THE DC OF KAROONDA EAST MURRAY,KEKOAE,H3,0.001704278,0.457823528,H3,60,H2,15,G2,11.25,5,100
32808,THE RURAL CITY OF MURRAY BRIDGE,LMVSXC,G1,0.000239903,0.093984504,G1,37.5,A4,33.75,H2,28.75,3,100
32817,THE DC OF KAROONDA EAST MURRAY,STWODf,H3,0.000326177,0.116499061,H3,45,A4,24.75,C1,19.25,4,100
32823,THE DC OF KAROONDA EAST MURRAY,WYNHoA,D2,6.66E-05,0.061413075,D2,45,C1,35,G1,20,3,100
32825,THE RURAL CITY OF MURRAY BRIDGE,MNSGOA,G4,3.51E-05,0.035812564,G4,65,F2,20,A6,15,3,100
32831,THE RURAL CITY OF MURRAY BRIDGE,BURQMB,B2,0.000187404,0.078399,B2,65,B3,20,A4,15,3,100
32834,THE RURAL CITY OF MURRAY BRIDGE,KINDgB,D1,9.36E-05,0.089323433,D1,35,K3,30,L1,15,5,100
32846,THE RURAL CITY OF MURRAY BRIDGE,MNSO-B,H3,4.84E-05,0.059679156,H3,65,G2,20,G4,15,3,100
32847,THE RURAL CITY OF MURRAY BRIDGE,KINEtB,L1,8.56E-06,0.013208656,L1,75.25,RR,24.75,None,0,2,100
32852,THE DC OF KAROONDA EAST MURRAY,WYNUee,H2,0.000297129,0.105561753,H2,45,B2,24.75,C1,19.25,4,100
32854,THE DC OF KAROONDA EAST MURRAY,KARUBJ,H2,0.000108201,0.076345884,H2,45,A4,22,C1,16.555,4,100
32858,SOUTHERN MALLEE DC,BILOAE,H3,0.00014317,0.070995317,H3,41.25,H2,33.75,G2,13.75,6,100
32859,THE RURAL CITY OF MURRAY BRIDGE,MOAEaB,L1,1.58E-05,0.028582528,L1,55,A2,20,D1,15,4,100
32862,SOUTHERN MALLEE DC,KEKGkA,G2,1.59E-05,0.018482384,G2,45,G1,35,G3,20,3,100
32863,THE RURAL CITY OF MURRAY BRIDGE,MNSHEA,D2,2.50E-05,0.036805044,D2,55,A6,20,C3,15,4,100
32864,THE DC OF KAROONDA EAST MURRAY,BILOAE,H3,0.000462824,0.117998083,H3,41.25,H2,33.75,G2,13.75,6,100
32867,THE RURAL CITY OF MURRAY BRIDGE,KINO-B,H3,4.44E-05,0.051125985,H3,80,G4,20,None,0,2,100
32870,THE DC OF KAROONDA EAST MURRAY,KARUBF,H2,0.000480954,0.177236455,H2,65,A4,14,C1,10.535,4,100
32871,THE RURAL CITY OF MURRAY BRIDGE,GIHGQC,G4,0.000255031,0.142053782,G4,41.25,H3,25,B7,15,5,100
32873,THE RURAL CITY OF MURRAY BRIDGE,BRKSdA,B2,0.001024939,0.47273494,B2,26,A4,22.5,B3,19,10,100
32874,THE DC OF KAROONDA EAST MURRAY,WYNQkB,B2,0.00021728,0.081457375,B2,41.25,C1,33.75,H2,25,3,100
32878,THE RURAL CITY OF MURRAY BRIDGE,BURQMB,B2,0.000105426,0.044667891,B2,65,B3,20,A4,15,3,100
32880,THE RURAL CITY OF MURRAY BRIDGE,GIHQVC,B7,5.40E-06,0.011572384,B7,35,B8,30,D2,20,4,100
32882,THE RURAL CITY OF MURRAY BRIDGE,MNSGOA,G4,6.09E-05,0.053510496,G4,65,F2,20,A6,15,3,100
32884,THE RURAL CITY OF MURRAY BRIDGE,GIHDsC,G1,1.30E-05,0.015832812,G1,80,G4,20,None,0,2,100
32890,SOUTHERN MALLEE DC,KEKGkA,G2,4.23E-05,0.031163899,G2,45,G1,35,G3,20,3,100
32893,THE DC OF KAROONDA EAST MURRAY,BURQMB,B2,2.23E-05,0.019474021,B2,65,B3,20,A4,15,3,100
32894,THE RURAL CITY OF MURRAY BRIDGE,GIHQVC,B7,7.30E-06,0.010349161,B7,35,B8,30,D2,20,4,100
32899,THE RURAL CITY OF MURRAY BRIDGE,MNSO-C,H3,1.21E-05,0.023293031,H3,45,G2,35,G4,20,3,100
32900,COORONG DISTRICT COUNCIL,BURUJe,H2,0.000896258,0.308145248,H2,45,B2,24.75,A4,19.25,4,100
32905,THE DC OF KAROONDA EAST MURRAY,BURQcB,B2,0.001214941,0.289847277,B2,41.25,H2,25,A4,15,5,100
32908,THE RURAL CITY OF MURRAY BRIDGE,MNSIVA,A6,7.23E-05,0.073631152,A6,45,D2,35,C3,20,3,100
32910,THE RURAL CITY OF MURRAY BRIDGE,KINGGB,G4,0.00022355,0.23373039,G4,80,H3,20,None,0,2,100
32911,THE DC OF KAROONDA EAST MURRAY,BILHaA,D3,6.06E-05,0.049869752,D3,65,G3,20,G2,15,3,100
32913,THE RURAL CITY OF MURRAY BRIDGE,MNSHEA,D2,0.000131619,0.125928478,D2,55,A6,20,C3,15,4,100
32920,THE DC OF KAROONDA EAST MURRAY,KARUBJ,H2,0.000398797,0.118012567,H2,45,A4,22,C1,16.555,4,100
32921,THE RURAL CITY OF MURRAY BRIDGE,MNSGGB,G4,3.88E-05,0.04375704,G4,68,G2,17,H3,15,3,100
32923,THE RURAL CITY OF MURRAY BRIDGE,BURUJb,H2,0.000107652,0.082589433,H2,65,B2,15.75,A4,12.25,4,100
32927,THE RURAL CITY OF MURRAY BRIDGE,BURUJf,H2,0.000324592,0.132373558,H2,45,B2,24.75,A4,19.25,4,100
32931,THE DC OF KAROONDA EAST MURRAY,BILOAF,H3,6.01E-05,0.064387127,H3,35.75,H2,29.25,G2,19.25,6,100
32936,THE RURAL CITY OF MURRAY BRIDGE,BURUJb,H2,6.79E-05,0.037815841,H2,65,B2,15.75,A4,12.25,4,100
32937,THE DC OF KAROONDA EAST MURRAY,KARUBJ,H2,0.000272683,0.136724382,H2,45,A4,22,C1,16.555,4,100
32938,THE DC OF KAROONDA EAST MURRAY,WYNHoA,D2,4.16E-05,0.036887769,D2,45,C1,35,G1,20,3,100
32945,SOUTHERN MALLEE DC,BILOAJ,G2,0.000379297,0.16212787,G2,30.25,H3,24.75,H2,20.25,6,100
32947,THE RURAL CITY OF MURRAY BRIDGE,LMVXi-,E3,0.000208963,0.087144078,E3,65,G1,20,M2,15,3,100
32950,THE DC OF KAROONDA EAST MURRAY,GURHmA,C4,8.87E-05,0.064523634,C4,27,D3,26,G1,19.5,8,100
32951,THE DC OF KAROONDA EAST MURRAY,KEKOAF,H3,0.000168916,0.060902097,H3,52,G2,15.75,H2,13,5,100
32952,THE RURAL CITY OF MURRAY BRIDGE,GIHQVC,B7,1.20E-05,0.019464722,B7,35,B8,30,D2,20,4,100
32955,THE RURAL CITY OF MURRAY BRIDGE,MNSIBA,A6,8.50E-05,0.084100885,A6,100,None,0,None,0,1,100
32956,SOUTHERN MALLEE DC,BEWOUF,H3,0.000318722,0.100781871,H3,65,G4,12.25,F2,10.5,5,100
32958,THE DC OF KAROONDA EAST MURRAY,WYNQkB,B2,0.00034414,0.146711102,B2,41.25,C1,33.75,H2,25,3,100
32959,THE RURAL CITY OF MURRAY BRIDGE,MNSIVA,A6,2.32E-05,0.038880123,A6,45,D2,35,C3,20,3,100
32961,THE RURAL CITY OF MURRAY BRIDGE,MBEDaI,D1,9.53E-06,0.014761221,D1,35,K3,30,L1,20,4,100
32963,THE DC OF KAROONDA EAST MURRAY,BILOAF,H3,0.000470912,0.171924276,H3,35.75,H2,29.25,G2,19.25,6,100
32966,THE DC OF KAROONDA EAST MURRAY,KARHpA,D2,0.000242165,0.13282315,D2,48.75,H2,25,A4,15,4,100
32968,THE RURAL CITY OF MURRAY BRIDGE,BURUJe,H2,0.000350362,0.133816006,H2,45,B2,24.75,A4,19.25,4,100
32971,SOUTHERN MALLEE DC,BEWOUA,H3,6.89E-05,0.042113173,H3,75,G4,8.75,F2,7.5,5,100
32973,THE RURAL CITY OF MURRAY BRIDGE,MNSIVA,A6,0.000121768,0.137232023,A6,45,D2,35,C3,20,3,100
32974,SOUTHERN MALLEE DC,GURHnA,C4,0.000656824,0.199470875,C4,22.5,D3,22.5,G1,16.25,8,100
32976,THE DC OF KAROONDA EAST MURRAY,KARUBF,H2,0.000198289,0.167429371,H2,65,A4,14,C1,10.535,4,100
32982,THE RURAL CITY OF MURRAY BRIDGE,BRKO-B,H3,5.15E-05,0.060669926,H3,35,G2,30,G4,20,4,100
32985,THE RURAL CITY OF MURRAY BRIDGE,GIHGWC,G4,0.001903264,0.686305154,G4,55,B7,20,B8,15,4,100
32986,THE RURAL CITY OF MURRAY BRIDGE,PALKXE,M1,4.18E-06,0.010823759,M1,65,C1,20,G1,15,3,100
32987,SOUTHERN MALLEE DC,BILOAE,H3,4.63E-05,0.030180784,H3,41.25,H2,33.75,G2,13.75,6,100
32991,THE RURAL CITY OF MURRAY BRIDGE,MBEAKI,L1,6.39E-06,0.014829666,L1,65,K3,20,D1,15,3,100
32994,THE RURAL CITY OF MURRAY BRIDGE,KINHEA,D2,1.36E-05,0.019485368,D2,65,A6,20,C3,15,3,100
32996,THE RURAL CITY OF MURRAY BRIDGE,PALDgC,G1,5.72E-06,0.010247589,G1,80,L1,20,None,0,2,100
33001,THE DC OF KAROONDA EAST MURRAY,BILHaA,D3,7.21E-06,0.010006138,D3,65,G3,20,G2,15,3,100
33003,THE RURAL CITY OF MURRAY BRIDGE,BURQME,B2,0.000100345,0.08019244,B2,65,B3,20,A4,15,3,100
33004,THE DC OF KAROONDA EAST MURRAY,WYNQMB,B2,3.55E-05,0.028578555,B2,100,None,0,None,0,1,100
33005,THE DC OF KAROONDA EAST MURRAY,WYNHoA,D2,2.92E-05,0.025047582,D2,45,C1,35,G1,20,3,100
33007,THE RURAL CITY OF MURRAY BRIDGE,BURQME,B2,2.55E-05,0.023818933,B2,65,B3,20,A4,15,3,100
33009,THE RURAL CITY OF MURRAY BRIDGE,BURQMB,B2,0.000539509,0.264286915,B2,65,B3,20,A4,15,3,100
33011,THE RURAL CITY OF MURRAY BRIDGE,GIHQVC,B7,3.94E-05,0.030848225,B7,35,B8,30,D2,20,4,100
33021,THE RURAL CITY OF MURRAY BRIDGE,BURQMB,B2,4.90E-05,0.037658879,B2,65,B3,20,A4,15,3,100
33022,THE RURAL CITY OF MURRAY BRIDGE,BRKO-B,H3,3.75E-05,0.032073039,H3,35,G2,30,G4,20,4,100
33026,THE RURAL CITY OF MURRAY BRIDGE,BRKO-B,H3,2.05E-05,0.023703149,H3,35,G2,30,G4,20,4,100
33030,THE DC OF KAROONDA EAST MURRAY,KARUBJ,H2,0.00281635,0.521554219,H2,45,A4,22,C1,16.555,4,100
33032,THE DC OF KAROONDA EAST MURRAY,GURHnA,C4,0.000171482,0.065253556,C4,22.5,D3,22.5,G1,16.25,8,100
33034,THE RURAL CITY OF MURRAY BRIDGE,BREEfB,A2,0.000153972,0.068951985,A2,55,D1,45,None,0,2,100
33037,THE DC OF KAROONDA EAST MURRAY,BILOAF,H3,0.000258623,0.109121848,H3,35.75,H2,29.25,G2,19.25,6,100
33039,THE RURAL CITY OF MURRAY BRIDGE,BURQMB,B2,2.55E-05,0.023768314,B2,65,B3,20,A4,15,3,100
33043,THE DC OF KAROONDA EAST MURRAY,KARUBJ,H2,0.000355418,0.116918988,H2,45,A4,22,C1,16.555,4,100
33045,SOUTHERN MALLEE DC,BILOAF,H3,0.000278934,0.144495217,H3,35.75,H2,29.25,G2,19.25,6,100
33046,THE DC OF KAROONDA EAST MURRAY,BURQMB,B2,0.000260396,0.128468924,B2,65,B3,20,A4,15,3,100
33049,SOUTHERN MALLEE DC,GURHnA,C4,0.000368939,0.208344122,C4,22.5,D3,22.5,G1,16.25,8,100
33052,SOUTHERN MALLEE DC,BEWOUF,H3,0.001038947,0.213975248,H3,65,G4,12.25,F2,10.5,5,100
33053,THE RURAL CITY OF MURRAY BRIDGE,KINO-B,H3,1.31E-05,0.019834879,H3,80,G4,20,None,0,2,100
33055,THE RURAL CITY OF MURRAY BRIDGE,MNSQVB,B2,2.69E-06,0.007061756,B2,55,B3,45,None,0,2,100
33057,THE RURAL CITY OF MURRAY BRIDGE,MNSIVA,A6,3.92E-05,0.042716021,A6,45,D2,35,C3,20,3,100
33063,THE RURAL CITY OF MURRAY BRIDGE,KINO-B,H3,1.25E-05,0.018438447,H3,80,G4,20,None,0,2,100
33070,THE RURAL CITY OF MURRAY BRIDGE,BURQcB,B2,0.000694047,0.189114447,B2,41.25,H2,25,A4,15,5,100
33071,THE DC OF KAROONDA EAST MURRAY,WYNUee,H2,0.000207937,0.067517696,H2,45,B2,24.75,C1,19.25,4,100
33073,THE RURAL CITY OF MURRAY BRIDGE,MNSTHA,F2,2.24E-05,0.026431094,F2,55,E3,45,None,0,2,100
33074,THE RURAL CITY OF MURRAY BRIDGE,MBEAKB,L1,3.58E-06,0.009158024,L1,65,K3,20,D1,15,3,100
33078,THE RURAL CITY OF MURRAY BRIDGE,MOADsB,G1,1.67E-05,0.024141766,G1,65,L1,20,D1,15,3,100
33079,THE RURAL CITY OF MURRAY BRIDGE,GIHGXC,G4,3.70E-05,0.038377681,G4,80,G1,20,None,0,2,100
33093,THE DC OF KAROONDA EAST MURRAY,KARUBF,H2,0.000121358,0.08544494,H2,65,A4,14,C1,10.535,4,100
33097,THE DC OF KAROONDA EAST MURRAY,KARHkA,D2,5.31E-05,0.050335051,D2,100,None,0,None,0,1,100
33098,THE RURAL CITY OF MURRAY BRIDGE,BREJWB,G1,5.06E-05,0.034224544,G1,45,D2,35,H2,20,3,100
33106,THE DC OF KAROONDA EAST MURRAY,WYNQMB,B2,4.21E-05,0.027672489,B2,100,None,0,None,0,1,100
33107,THE RURAL CITY OF MURRAY BRIDGE,BURQcA,B2,0.000162553,0.077618707,B2,41.25,H2,25,A4,15,5,100
33110,THE RURAL CITY OF MURRAY BRIDGE,MNSHEA,D2,1.71E-05,0.022203916,D2,55,A6,20,C3,15,4,100
33111,THE RURAL CITY OF MURRAY BRIDGE,MNSGGB,G4,2.81E-05,0.035637534,G4,68,G2,17,H3,15,3,100
33113,THE RURAL CITY OF MURRAY BRIDGE,MOAEaB,L1,1.17E-05,0.017767021,L1,55,A2,20,D1,15,4,100
33116,SOUTHERN MALLEE DC,BILOAG,H3,0.00229728,0.53901725,H3,35.75,H2,29.25,G2,19.25,6,100
33121,THE RURAL CITY OF MURRAY BRIDGE,BURQMB,B2,2.09E-05,0.016833215,B2,65,B3,20,A4,15,3,100
33123,THE DC OF KAROONDA EAST MURRAY,BILOAG,H3,0.00387137,0.835539893,H3,35.75,H2,29.25,G2,19.25,6,100
33124,THE RURAL CITY OF MURRAY BRIDGE,MNSO-D,H3,3.72E-06,0.009666912,H3,45,G2,35,G4,20,3,100
33127,THE DC OF KAROONDA EAST MURRAY,BURQMB,B2,4.53E-05,0.032063528,B2,65,B3,20,A4,15,3,100
33131,THE RURAL CITY OF MURRAY BRIDGE,BREJUA,D2,6.51E-06,0.011934643,D2,35,M4,30,M1,20,4,100
33135,SOUTHERN MALLEE DC,KEKO-A,H3,0.003707678,0.428618201,H3,80,H2,20,None,0,2,100
33140,SOUTHERN MALLEE DC,BILOAF,H3,0.004779445,0.66657516,H3,35.75,H2,29.25,G2,19.25,6,100
33143,THE DC OF KAROONDA EAST MURRAY,GUROTJ,H3,0.000932994,0.292397291,H3,32,C4,20,D3,17.5,6,100
33145,THE RURAL CITY OF MURRAY BRIDGE,BURQMB,B2,0.000126351,0.075809469,B2,65,B3,20,A4,15,3,100
33146,THE RURAL CITY OF MURRAY BRIDGE,MNSO-D,H3,9.85E-06,0.017471978,H3,45,G2,35,G4,20,3,100
33148,THE RURAL CITY OF MURRAY BRIDGE,MNSGGB,G4,2.32E-05,0.025964758,G4,68,G2,17,H3,15,3,100
33149,THE DC OF KAROONDA EAST MURRAY,BILGhA,G2,1.06E-05,0.014837849,G2,32.5,D3,25,H3,13.75,6,100
33152,THE RURAL CITY OF MURRAY BRIDGE,MNSO-B,H3,3.61E-05,0.049214056,H3,65,G2,20,G4,15,3,100
33153,THE RURAL CITY OF MURRAY BRIDGE,MNSHEA,D2,2.00E-05,0.030254472,D2,55,A6,20,C3,15,4,100
33158,THE DC OF KAROONDA EAST MURRAY,KEKOAE,H3,0.001185434,0.35952965,H3,60,H2,15,G2,11.25,5,100
33160,THE RURAL CITY OF MURRAY BRIDGE,MBEAKY,L1,2.80E-05,0.03136492,L1,65,K3,20,D1,15,3,100
33161,THE RURAL CITY OF MURRAY BRIDGE,KINHEA,D2,1.00E-05,0.01882534,D2,65,A6,20,C3,15,3,100
33164,THE RURAL CITY OF MURRAY BRIDGE,PALKXE,M1,6.24E-06,0.012886833,M1,65,C1,20,G1,15,3,100
33166,THE DC OF KAROONDA EAST MURRAY,BURRCE,B3,3.40E-05,0.030447339,B3,80,B2,20,None,0,2,100
33168,THE RURAL CITY OF MURRAY BRIDGE,GIHGWC,G4,0.001086344,0.381494877,G4,55,B7,20,B8,15,4,100
33169,THE DC OF KAROONDA EAST MURRAY,WYNHoA,D2,2.71E-05,0.025430965,D2,45,C1,35,G1,20,3,100
33170,THE DC OF KAROONDA EAST MURRAY,KARHpA,D2,0.000252893,0.125952949,D2,48.75,H2,25,A4,15,4,100
33174,THE RURAL CITY OF MURRAY BRIDGE,GIHQVC,B7,0.000134979,0.117834982,B7,35,B8,30,D2,20,4,100
33176,THE RURAL CITY OF MURRAY BRIDGE,MNSTHA,F2,0.00018022,0.122313642,F2,55,E3,45,None,0,2,100
33177,THE RURAL CITY OF MURRAY BRIDGE,MBEEaD,L1,2.56E-05,0.03246449,L1,65,K3,20,D1,15,3,100
33178,THE RURAL CITY OF MURRAY BRIDGE,NAREtC,L1,6.73E-05,0.060051536,L1,55,D1,20,C2,15,4,100
33181,SOUTHERN MALLEE DC,GUROTF,H3,4.24E-05,0.032706776,H3,52,H2,13,C4,12.25,6,100
33186,THE RURAL CITY OF MURRAY BRIDGE,KINEtB,L1,1.63E-05,0.015693659,L1,75.25,RR,24.75,None,0,2,100
33187,THE RURAL CITY OF MURRAY BRIDGE,KINDgB,D1,1.40E-05,0.019264693,D1,35,K3,30,L1,15,5,100
33193,THE RURAL CITY OF MURRAY BRIDGE,PALJUB,G1,0.000261661,0.108687949,G1,45,M1,35,H2,20,3,100
33196,THE RURAL CITY OF MURRAY BRIDGE,MNSGGB,G4,0.000158098,0.105867196,G4,68,G2,17,H3,15,3,100
33197,THE RURAL CITY OF MURRAY BRIDGE,NARAgA,L1,2.25E-05,0.022387891,L1,55,D1,20,C2,15,4,100
33198,SOUTHERN MALLEE DC,BILOAF,H3,0.000113495,0.070094976,H3,35.75,H2,29.25,G2,19.25,6,100
33201,THE RURAL CITY OF MURRAY BRIDGE,KINEtB,L1,6.95E-05,0.050168064,L1,75.25,RR,24.75,None,0,2,100
33202,THE RURAL CITY OF MURRAY BRIDGE,MNSIVA,A6,2.68E-05,0.026908804,A6,45,D2,35,C3,20,3,100
33204,THE RURAL CITY OF MURRAY BRIDGE,MNSIVA,A6,1.82E-05,0.038399308,A6,45,D2,35,C3,20,3,100
33218,THE RURAL CITY OF MURRAY BRIDGE,MBEAKY,L1,2.97E-05,0.026803588,L1,65,K3,20,D1,15,3,100
33222,THE RURAL CITY OF MURRAY BRIDGE,BURQMB,B2,8.48E-05,0.050415371,B2,65,B3,20,A4,15,3,100
33223,THE RURAL CITY OF MURRAY BRIDGE,GIHGWC,G4,5.31E-05,0.042079793,G4,55,B7,20,B8,15,4,100
33225,THE RURAL CITY OF MURRAY BRIDGE,MNSO-B,H3,1.13E-05,0.022170247,H3,65,G2,20,G4,15,3,100
33229,THE DC OF KAROONDA EAST MURRAY,BILOAF,H3,9.89E-05,0.050103216,H3,35.75,H2,29.25,G2,19.25,6,100
33230,THE DC OF KAROONDA EAST MURRAY,KARHpA,D2,0.000324632,0.115241232,D2,48.75,H2,25,A4,15,4,100
33232,THE RURAL CITY OF MURRAY BRIDGE,BURUJe,H2,0.000106158,0.063228046,H2,45,B2,24.75,A4,19.25,4,100
33236,THE RURAL CITY OF MURRAY BRIDGE,BURQMB,B2,0.000315866,0.129632048,B2,65,B3,20,A4,15,3,100
33239,THE RURAL CITY OF MURRAY BRIDGE,MNSHEE,D2,3.79E-05,0.058792409,D2,55,A6,20,C3,15,4,100
33240,THE DC OF KAROONDA EAST MURRAY,KEKOAE,H3,0.000699327,0.259249297,H3,60,H2,15,G2,11.25,5,100
33242,THE DC OF KAROONDA EAST MURRAY,KARHoA,D2,0.000448348,0.207728855,D2,65,A4,20,C1,15,3,100
33244,THE DC OF KAROONDA EAST MURRAY,STWODb,H3,1.50E-05,0.018555859,H3,65,A4,15.75,C1,12.25,4,100
33246,THE RURAL CITY OF MURRAY BRIDGE,MNSO-C,H3,6.45E-05,0.079985513,H3,45,G2,35,G4,20,3,100
33247,THE DC OF KAROONDA EAST MURRAY,KARUBF,H2,0.000143951,0.062452271,H2,65,A4,14,C1,10.535,4,100
33248,THE RURAL CITY OF MURRAY BRIDGE,KINXBN,M1,5.19E-05,0.066952684,M1,80,D3,20,None,0,2,100
33250,THE RURAL CITY OF MURRAY BRIDGE,BURQMB,B2,8.93E-06,0.011091498,B2,65,B3,20,A4,15,3,100
33252,THE RURAL CITY OF MURRAY BRIDGE,KINJnB,D3,2.58E-05,0.031511892,D3,65,D2,20,C1,15,3,100
33255,THE RURAL CITY OF MURRAY BRIDGE,MOADsB,G1,7.33E-06,0.01522527,G1,65,L1,20,D1,15,3,100
33256,THE DC OF KAROONDA EAST MURRAY,BILOAJ,G2,0.002799252,0.889234503,G2,30.25,H3,24.75,H2,20.25,6,100
33258,THE RURAL CITY OF MURRAY BRIDGE,BURQMB,B2,4.20E-05,0.030607574,B2,65,B3,20,A4,15,3,100
33259,THE RURAL CITY OF MURRAY BRIDGE,MNSHEA,D2,3.47E-05,0.029513013,D2,55,A6,20,C3,15,4,100
33262,THE DC OF KAROONDA EAST MURRAY,KEKGkA,G2,9.18E-06,0.012341219,G2,45,G1,35,G3,20,3,100
33265,THE RURAL CITY OF MURRAY BRIDGE,LMVXi-,E3,0.000209276,0.108183901,E3,65,G1,20,M2,15,3,100
33266,THE RURAL CITY OF MURRAY BRIDGE,BURQME,B2,4.55E-05,0.033259981,B2,65,B3,20,A4,15,3,100
33269,SOUTHERN MALLEE DC,BILOAE,H3,0.000118143,0.06429747,H3,41.25,H2,33.75,G2,13.75,6,100
33274,THE DC OF KAROONDA EAST MURRAY,KARUBF,H2,0.000118434,0.071290195,H2,65,A4,14,C1,10.535,4,100
33277,THE DC OF KAROONDA EAST MURRAY,WYNHoA,D2,0.000273314,0.113059287,D2,45,C1,35,G1,20,3,100
33280,THE RURAL CITY OF MURRAY BRIDGE,MNSHEA,D2,0.000440666,0.283488132,D2,55,A6,20,C3,15,4,100
33282,THE RURAL CITY OF MURRAY BRIDGE,BURUJa,H2,9.40E-05,0.058116112,H2,65,B2,15.75,A4,12.25,4,100
33283,THE RURAL CITY OF MURRAY BRIDGE,MNSIBA,A6,9.14E-05,0.068717315,A6,100,None,0,None,0,1,100
33288,THE DC OF KAROONDA EAST MURRAY,WYNQMB,B2,0.0005782,0.200897327,B2,100,None,0,None,0,1,100
33291,THE RURAL CITY OF MURRAY BRIDGE,LMVSXC,G1,0.000814474,0.427136946,G1,37.5,A4,33.75,H2,28.75,3,100
33293,THE RURAL CITY OF MURRAY BRIDGE,MBEDaI,D1,2.11E-05,0.028910174,D1,35,K3,30,L1,20,4,100
33295,THE DC OF KAROONDA EAST MURRAY,KARUBI,H2,0.000266257,0.131220201,H2,45,A4,22,C1,16.555,4,100
33296,THE DC OF KAROONDA EAST MURRAY,WYNHoA,D2,6.30E-05,0.039103011,D2,45,C1,35,G1,20,3,100
33297,THE DC OF KAROONDA EAST MURRAY,KARHoA,D2,0.000234739,0.133898077,D2,65,A4,20,C1,15,3,100
33310,THE RURAL CITY OF MURRAY BRIDGE,MNSHEA,D2,8.41E-06,0.011960691,D2,55,A6,20,C3,15,4,100
33313,SOUTHERN MALLEE DC,KEKGkA,G2,1.35E-05,0.016270963,G2,45,G1,35,G3,20,3,100
33314,THE RURAL CITY OF MURRAY BRIDGE,MNSO-C,H3,1.40E-05,0.02499937,H3,45,G2,35,G4,20,3,100
33322,THE DC OF KAROONDA EAST MURRAY,BURQcB,B2,0.000130162,0.05182168,B2,41.25,H2,25,A4,15,5,100
33323,THE RURAL CITY OF MURRAY BRIDGE,MOAJGA,D3,1.08E-05,0.020287148,D3,65,D5,20,D1,15,3,100
33324,THE RURAL CITY OF MURRAY BRIDGE,MBEAKY,L1,5.24E-06,0.012885249,L1,65,K3,20,D1,15,3,100
33327,THE RURAL CITY OF MURRAY BRIDGE,BURQMB,B2,0.000115912,0.074505751,B2,65,B3,20,A4,15,3,100
33331,THE RURAL CITY OF MURRAY BRIDGE,NARAgC,L1,0.000183705,0.12248894,L1,55,D1,20,C2,15,4,100
33332,THE DC OF KAROONDA EAST MURRAY,KARHoA,D2,0.000533784,0.265163881,D2,65,A4,20,C1,15,3,100
33336,THE DC OF KAROONDA EAST MURRAY,BILOAF,H3,0.000136661,0.090023747,H3,35.75,H2,29.25,G2,19.25,6,100
33340,THE DC OF KAROONDA EAST MURRAY,BILOAE,H3,0.000340738,0.188682641,H3,41.25,H2,33.75,G2,13.75,6,100
33343,THE RURAL CITY OF MURRAY BRIDGE,KINGGB,G4,0.000183606,0.192043829,G4,80,H3,20,None,0,2,100
33348,THE RURAL CITY OF MURRAY BRIDGE,BURQpB,B2,0.002156958,0.423242575,B2,48.75,H2,25,B8,15,4,100
33349,SOUTHERN MALLEE DC,BILHaA,D3,2.08E-05,0.027614896,D3,65,G3,20,G2,15,3,100
33352,THE DC OF KAROONDA EAST MURRAY,KARHoA,D2,0.000770928,0.345334562,D2,65,A4,20,C1,15,3,100
33357,THE RURAL CITY OF MURRAY BRIDGE,BURQME,B2,4.37E-05,0.030986821,B2,65,B3,20,A4,15,3,100
33359,THE RURAL CITY OF MURRAY BRIDGE,GIHQVC,B7,1.76E-05,0.019006379,B7,35,B8,30,D2,20,4,100
33361,THE DC OF KAROONDA EAST MURRAY,WYNHoA,D2,2.33E-05,0.01811995,D2,45,C1,35,G1,20,3,100
33368,THE RURAL CITY OF MURRAY BRIDGE,LMVXs-,N3,1.70E-05,0.018038003,N3,100,None,0,None,0,1,100
33370,THE RURAL CITY OF MURRAY BRIDGE,MNSGOA,G4,1.19E-05,0.016348907,G4,65,F2,20,A6,15,3,100
33375,THE RURAL CITY OF MURRAY BRIDGE,MBEEaD,L1,1.50E-05,0.020891399,L1,65,K3,20,D1,15,3,100
33377,THE RURAL CITY OF MURRAY BRIDGE,MNSO-D,H3,5.85E-06,0.012340118,H3,45,G2,35,G4,20,3,100
33380,THE DC OF KAROONDA EAST MURRAY,BILOAE,H3,6.56E-05,0.056520754,H3,41.25,H2,33.75,G2,13.75,6,100
33382,THE DC OF KAROONDA EAST MURRAY,BILOAF,H3,0.000264265,0.132164376,H3,35.75,H2,29.25,G2,19.25,6,100
33384,THE DC OF KAROONDA EAST MURRAY,BILGhA,G2,5.22E-05,0.033185841,G2,32.5,D3,25,H3,13.75,6,100
33385,THE DC OF KAROONDA EAST MURRAY,BILOAF,H3,0.000512189,0.15719943,H3,35.75,H2,29.25,G2,19.25,6,100
33389,THE DC OF KAROONDA EAST MURRAY,KARUBF,H2,0.000103911,0.065952997,H2,65,A4,14,C1,10.535,4,100
33392,THE DC OF KAROONDA EAST MURRAY,KARUBF,H2,3.96E-05,0.037091834,H2,65,A4,14,C1,10.535,4,100
33395,THE DC OF KAROONDA EAST MURRAY,BILOAE,H3,0.000206383,0.141524745,H3,41.25,H2,33.75,G2,13.75,6,100
33401,THE RURAL CITY OF MURRAY BRIDGE,BURQpB,B2,0.000155725,0.087209214,B2,48.75,H2,25,B8,15,4,100
33405,THE DC OF KAROONDA EAST MURRAY,KARUBJ,H2,0.00032058,0.1372249,H2,45,A4,22,C1,16.555,4,100
33406,THE RURAL CITY OF MURRAY BRIDGE,KINEgB,A2,8.77E-05,0.053180158,A2,35,C2,30,D1,20,4,100
33412,THE RURAL CITY OF MURRAY BRIDGE,BURQcA,B2,9.09E-05,0.059868818,B2,41.25,H2,25,A4,15,5,100
33413,THE RURAL CITY OF MURRAY BRIDGE,KINO-B,H3,7.19E-06,0.0145608,H3,80,G4,20,None,0,2,100
33416,THE RURAL CITY OF MURRAY BRIDGE,BURQMB,B2,2.58E-05,0.025703748,B2,65,B3,20,A4,15,3,100
33417,THE RURAL CITY OF MURRAY BRIDGE,BURQMB,B2,3.57E-05,0.032250497,B2,65,B3,20,A4,15,3,100
33421,THE RURAL CITY OF MURRAY BRIDGE,LMVXi-,E3,0.000160127,0.065605305,E3,65,G1,20,M2,15,3,100
33430,THE DC OF KAROONDA EAST MURRAY,BURQMB,B2,2.71E-05,0.024475127,B2,65,B3,20,A4,15,3,100
33437,THE RURAL CITY OF MURRAY BRIDGE,KINTHA,F2,7.92E-06,0.014836437,F2,75,G4,25,None,0,2,100
33440,THE DC OF KAROONDA EAST MURRAY,BURQMB,B2,0.000161731,0.068146387,B2,65,B3,20,A4,15,3,100
33444,THE RURAL CITY OF MURRAY BRIDGE,BURQMB,B2,2.62E-05,0.030578264,B2,65,B3,20,A4,15,3,100
33446,THE RURAL CITY OF MURRAY BRIDGE,MNSDfB,D1,1.49E-05,0.021221447,D1,55,A2,45,None,0,2,100
33453,THE RURAL CITY OF MURRAY BRIDGE,MNSIVA,A6,1.51E-05,0.021440112,A6,45,D2,35,C3,20,3,100
33455,THE RURAL CITY OF MURRAY BRIDGE,MOADsB,G1,2.40E-05,0.024660874,G1,65,L1,20,D1,15,3,100
33457,THE RURAL CITY OF MURRAY BRIDGE,MNSO-B,H3,5.23E-05,0.046670898,H3,65,G2,20,G4,15,3,100
33459,SOUTHERN MALLEE DC,BILOAF,H3,3.48E-05,0.025737758,H3,35.75,H2,29.25,G2,19.25,6,100
33461,THE RURAL CITY OF MURRAY BRIDGE,MNSIBA,A6,7.81E-05,0.096576652,A6,100,None,0,None,0,1,100
33468,THE RURAL CITY OF MURRAY BRIDGE,MNSDfA,D1,9.76E-06,0.015005718,D1,55,A2,45,None,0,2,100
33469,THE RURAL CITY OF MURRAY BRIDGE,MBEAKB,L1,5.25E-06,0.012256598,L1,65,K3,20,D1,15,3,100
33476,THE DC OF KAROONDA EAST MURRAY,GURHnA,C4,0.000820808,0.308774442,C4,22.5,D3,22.5,G1,16.25,8,100
33477,THE DC OF KAROONDA EAST MURRAY,BURQMB,B2,0.000122453,0.054430129,B2,65,B3,20,A4,15,3,100
33478,THE DC OF KAROONDA EAST MURRAY,KARUBF,H2,2.75E-05,0.034230481,H2,65,A4,14,C1,10.535,4,100
33479,THE RURAL CITY OF MURRAY BRIDGE,MNSHEA,D2,1.73E-05,0.018797664,D2,55,A6,20,C3,15,4,100
33482,THE RURAL CITY OF MURRAY BRIDGE,MNSHEA,D2,1.76E-05,0.028079367,D2,55,A6,20,C3,15,4,100
33486,SOUTHERN MALLEE DC,GUROTF,H3,1.41E-05,0.023419051,H3,52,H2,13,C4,12.25,6,100
33487,THE RURAL CITY OF MURRAY BRIDGE,BURQME,B2,1.13E-05,0.01451307,B2,65,B3,20,A4,15,3,100
33489,THE RURAL CITY OF MURRAY BRIDGE,MNSO-D,H3,1.01E-05,0.016505886,H3,45,G2,35,G4,20,3,100
33490,THE RURAL CITY OF MURRAY BRIDGE,GIHQVC,B7,9.52E-06,0.018334851,B7,35,B8,30,D2,20,4,100
33494,THE RURAL CITY OF MURRAY BRIDGE,KINDgA,D1,2.84E-05,0.046302927,D1,35,K3,30,L1,15,5,100
33495,THE DC OF KAROONDA EAST MURRAY,KARHkA,D2,4.11E-06,0.008031621,D2,100,None,0,None,0,1,100
33505,THE RURAL CITY OF MURRAY BRIDGE,MNSGOA,G4,1.38E-05,0.021957151,G4,65,F2,20,A6,15,3,100
33506,THE RURAL CITY OF MURRAY BRIDGE,MNSO-C,H3,7.66E-06,0.01635046,H3,45,G2,35,G4,20,3,100
33516,SOUTHERN MALLEE DC,BILOAE,H3,2.41E-05,0.022408787,H3,41.25,H2,33.75,G2,13.75,6,100
33518,THE RURAL CITY OF MURRAY BRIDGE,MNSGOA,G4,6.26E-05,0.078236113,G4,65,F2,20,A6,15,3,100
33522,THE RURAL CITY OF MURRAY BRIDGE,MNSHEA,D2,7.60E-06,0.014134825,D2,55,A6,20,C3,15,4,100
33523,THE RURAL CITY OF MURRAY BRIDGE,MBEDsI,G1,2.45E-05,0.028884384,G1,80,L1,20,None,0,2,100
33527,THE RURAL CITY OF MURRAY BRIDGE,KINDgB,D1,0.000184336,0.131128266,D1,35,K3,30,L1,15,5,100
33529,THE RURAL CITY OF MURRAY BRIDGE,MNSTPA,C3,7.49E-05,0.058602504,C3,55,D2,20,A6,15,4,100
33531,THE RURAL CITY OF MURRAY BRIDGE,KINDgB,D1,0.000162923,0.123725968,D1,35,K3,30,L1,15,5,100
33534,THE RURAL CITY OF MURRAY BRIDGE,MNSIBA,A6,1.09E-05,0.022922186,A6,100,None,0,None,0,1,100
33536,THE RURAL CITY OF MURRAY BRIDGE,BURQMB,B2,5.43E-05,0.044138403,B2,65,B3,20,A4,15,3,100
33539,THE RURAL CITY OF MURRAY BRIDGE,MOAEaB,L1,1.19E-05,0.023551399,L1,55,A2,20,D1,15,4,100
33543,THE RURAL CITY OF MURRAY BRIDGE,MBEAKY,L1,5.18E-06,0.011850287,L1,65,K3,20,D1,15,3,100
33544,THE RURAL CITY OF MURRAY BRIDGE,KINEtB,L1,6.11E-06,0.010480553,L1,75.25,RR,24.75,None,0,2,100
33547,THE DC OF KAROONDA EAST MURRAY,BILOAF,H3,0.000542506,0.250397553,H3,35.75,H2,29.25,G2,19.25,6,100
33548,THE RURAL CITY OF MURRAY BRIDGE,MNSGOA,G4,8.07E-06,0.016479638,G4,65,F2,20,A6,15,3,100
33549,THE DC OF KAROONDA EAST MURRAY,BILHaA,D3,2.40E-05,0.0235362,D3,65,G3,20,G2,15,3,100
33551,THE DC OF KAROONDA EAST MURRAY,KARHkA,D2,1.06E-05,0.013969691,D2,100,None,0,None,0,1,100
33553,THE RURAL CITY OF MURRAY BRIDGE,MBEAKB,L1,1.49E-05,0.027435567,L1,65,K3,20,D1,15,3,100
33557,THE RURAL CITY OF MURRAY BRIDGE,MNSQVB,B2,3.73E-05,0.034719088,B2,55,B3,45,None,0,2,100
33559,THE DC OF KAROONDA EAST MURRAY,KARHpA,D2,0.000589915,0.235926635,D2,48.75,H2,25,A4,15,4,100
33561,THE RURAL CITY OF MURRAY BRIDGE,KINO-B,H3,3.39E-05,0.049997915,H3,80,G4,20,None,0,2,100
33564,THE RURAL CITY OF MURRAY BRIDGE,BURQMB,B2,0.00029741,0.099298906,B2,65,B3,20,A4,15,3,100
33566,COORONG DISTRICT COUNCIL,BURQcB,B2,0.001631274,0.417823235,B2,41.25,H2,25,A4,15,5,100
33569,THE RURAL CITY OF MURRAY BRIDGE,GIHGQC,G4,0.000479731,0.208865729,G4,41.25,H3,25,B7,15,5,100
33571,THE DC OF KAROONDA EAST MURRAY,BILOAE,H3,4.41E-05,0.034091308,H3,41.25,H2,33.75,G2,13.75,6,100
33575,SOUTHERN MALLEE DC,BILOAF,H3,0.000558985,0.171187519,H3,35.75,H2,29.25,G2,19.25,6,100
33578,THE RURAL CITY OF MURRAY BRIDGE,BURQMB,B2,4.05E-05,0.036571433,B2,65,B3,20,A4,15,3,100
33581,SOUTHERN MALLEE DC,BILOAM,H3,5.83E-05,0.038074728,H3,35.75,H2,29.25,G2,16.5,6,100
33586,SOUTHERN MALLEE DC,BEWOUI,H3,0.000379628,0.162394375,H3,40,G4,20.75,F2,18.25,5,100
33587,SOUTHERN MALLEE DC,BEWHeK,F2,0.000474742,0.208478592,F2,58.75,G4,17,A5,12.75,4,100
33588,THE RURAL CITY OF MURRAY BRIDGE,GIHGQC,G4,0.000670631,0.198290448,G4,41.25,H3,25,B7,15,5,100
33596,THE RURAL CITY OF MURRAY BRIDGE,GIHGVB,G4,0.000285483,0.170012328,G4,44,B3,18,B8,13.545,5,100
33605,THE DC OF KAROONDA EAST MURRAY,STWIaA,D2,1.72E-05,0.015943069,D2,100,None,0,None,0,1,100
33607,THE DC OF KAROONDA EAST MURRAY,WYNQMB,B2,1.20E-05,0.018546547,B2,100,None,0,None,0,1,100
33611,THE RURAL CITY OF MURRAY BRIDGE,HARQXE,A4,3.57E-05,0.045567207,A4,65,B3,20,B2,15,3,100
33613,THE RURAL CITY OF MURRAY BRIDGE,GIHGQC,G4,1.54E-05,0.02085631,G4,41.25,H3,25,B7,15,5,100
33614,THE RURAL CITY OF MURRAY BRIDGE,BURQMB,B2,2.38E-05,0.021054225,B2,65,B3,20,A4,15,3,100
33621,THE DC OF KAROONDA EAST MURRAY,MAJQKE,B2,2.00E-05,0.016815457,B2,100,None,0,None,0,1,100
33623,THE RURAL CITY OF MURRAY BRIDGE,HARQMB,B2,1.52E-05,0.017150816,B2,55,A4,20,B3,15,4,100
33627,THE DC OF KAROONDA EAST MURRAY,STWIaA,D2,3.28E-05,0.027841311,D2,100,None,0,None,0,1,100
33629,THE RURAL CITY OF MURRAY BRIDGE,GIHGVB,G4,2.05E-05,0.019556206,G4,44,B3,18,B8,13.545,5,100
33637,THE RURAL CITY OF MURRAY BRIDGE,HARRAB,B8,4.09E-05,0.032782497,B8,35,B2,30,B7,20,4,100
33638,THE DC OF KAROONDA EAST MURRAY,WYNHoA,D2,8.45E-05,0.069478422,D2,45,C1,35,G1,20,3,100
33641,THE DC OF KAROONDA EAST MURRAY,BILOAF,H3,0.000264341,0.105388824,H3,35.75,H2,29.25,G2,19.25,6,100
33644,THE DC OF KAROONDA EAST MURRAY,KARUBF,H2,3.98E-05,0.032561613,H2,65,A4,14,C1,10.535,4,100
33645,THE DC OF KAROONDA EAST MURRAY,GURHmA,C4,0.000165695,0.080885361,C4,27,D3,26,G1,19.5,8,100
33647,THE RURAL CITY OF MURRAY BRIDGE,HARQVB,B2,6.08E-05,0.041380936,B2,35,B7,30,D3,20,4,100
33648,SOUTHERN MALLEE DC,BEWOUJ,H3,0.00097592,0.241582892,H3,40,G4,20.75,F2,18.25,5,100
33652,THE DC OF KAROONDA EAST MURRAY,WYNQiB,B2,0.000303396,0.107129723,B2,55,C1,45,None,0,2,100
33659,THE DC OF KAROONDA EAST MURRAY,GUROTI,H3,0.002750301,0.375505882,H3,36,C4,19.25,D3,16.5,6,100
33660,THE RURAL CITY OF MURRAY BRIDGE,BRKO-B,H3,2.96E-05,0.031615748,H3,35,G2,30,G4,20,4,100
33664,THE RURAL CITY OF MURRAY BRIDGE,BRKO-B,H3,2.46E-05,0.028320811,H3,35,G2,30,G4,20,4,100
33665,THE RURAL CITY OF MURRAY BRIDGE,BRKHuE,D2,1.08E-05,0.016186757,D2,55,A4,20,A6,15,4,100
33671,THE RURAL CITY OF MURRAY BRIDGE,BRKO-B,H3,1.07E-05,0.01771724,H3,35,G2,30,G4,20,4,100
33673,COORONG DISTRICT COUNCIL,MAJQKE,B2,0.000100234,0.047575758,B2,100,None,0,None,0,1,100
33676,THE DC OF KAROONDA EAST MURRAY,KARHpA,D2,8.32E-05,0.063854851,D2,48.75,H2,25,A4,15,4,100
33677,THE DC OF KAROONDA EAST MURRAY,BILOAF,H3,0.000282371,0.164586433,H3,35.75,H2,29.25,G2,19.25,6,100
33679,THE RURAL CITY OF MURRAY BRIDGE,GIHQVC,B7,3.70E-05,0.03689673,B7,35,B8,30,D2,20,4,100
33681,SOUTHERN MALLEE DC,BEWOUJ,H3,0.001343884,0.280344837,H3,40,G4,20.75,F2,18.25,5,100
33683,SOUTHERN MALLEE DC,BILGhA,G2,8.00E-05,0.050614373,G2,32.5,D3,25,H3,13.75,6,100
33685,SOUTHERN MALLEE DC,GUROTF,H3,0.000148905,0.125983942,H3,52,H2,13,C4,12.25,6,100
33689,SOUTHERN MALLEE DC,GUROTF,H3,0.000192694,0.142469354,H3,52,H2,13,C4,12.25,6,100
33699,COORONG DISTRICT COUNCIL,BURQpB,B2,0.000534827,0.308819095,B2,48.75,H2,25,B8,15,4,100
33702,THE DC OF KAROONDA EAST MURRAY,WYNQiB,B2,0.000397402,0.104434552,B2,55,C1,45,None,0,2,100
33705,SOUTHERN MALLEE DC,KEKOAE,H3,0.000743428,0.363421155,H3,60,H2,15,G2,11.25,5,100
33706,SOUTHERN MALLEE DC,BEWOUJ,H3,0.000156772,0.085107282,H3,40,G4,20.75,F2,18.25,5,100
33708,THE RURAL CITY OF MURRAY BRIDGE,GIHGVB,G4,5.75E-05,0.045024615,G4,44,B3,18,B8,13.545,5,100
33709,THE RURAL CITY OF MURRAY BRIDGE,HARQMB,B2,6.44E-06,0.010290701,B2,55,A4,20,B3,15,4,100
33710,THE DC OF KAROONDA EAST MURRAY,WYNQkB,B2,0.000388996,0.13657323,B2,41.25,C1,33.75,H2,25,3,100
33712,THE RURAL CITY OF MURRAY BRIDGE,BRKQzZ,B2,0.000120028,0.073769501,B2,55,B3,45,None,0,2,100
33715,THE RURAL CITY OF MURRAY BRIDGE,GIHGQC,G4,0.000242963,0.149726859,G4,41.25,H3,25,B7,15,5,100
33717,THE RURAL CITY OF MURRAY BRIDGE,BRKHuE,D2,1.36E-05,0.017578624,D2,55,A4,20,A6,15,4,100
33722,THE RURAL CITY OF MURRAY BRIDGE,BRKO-B,H3,1.46E-05,0.022697522,H3,35,G2,30,G4,20,4,100
33724,THE RURAL CITY OF MURRAY BRIDGE,BRKQzZ,B2,5.74E-05,0.044369045,B2,55,B3,45,None,0,2,100
33729,THE DC OF KAROONDA EAST MURRAY,STWIbA,D2,6.54E-05,0.053734276,D2,60,H3,25,A4,8.25,4,100
33731,THE RURAL CITY OF MURRAY BRIDGE,BRKQzZ,B2,1.02E-05,0.012347318,B2,55,B3,45,None,0,2,100
33737,THE RURAL CITY OF MURRAY BRIDGE,BRKO-B,H3,4.93E-05,0.054190137,H3,35,G2,30,G4,20,4,100
33739,THE DC OF KAROONDA EAST MURRAY,GUROTF,H3,9.54E-05,0.062038654,H3,52,H2,13,C4,12.25,6,100
33740,THE DC OF KAROONDA EAST MURRAY,WYNUec,H2,0.000174058,0.053749515,H2,65,B2,15.75,C1,12.25,4,100
33744,THE DC OF KAROONDA EAST MURRAY,WYNHpA,D2,0.000627016,0.244141085,D2,33.75,C1,26.25,H2,25,4,100
33749,THE DC OF KAROONDA EAST MURRAY,WYNHoA,D2,0.000116047,0.071151696,D2,45,C1,35,G1,20,3,100
33751,THE RURAL CITY OF MURRAY BRIDGE,HARQMB,B2,9.67E-06,0.012281384,B2,55,A4,20,B3,15,4,100
33752,THE RURAL CITY OF MURRAY BRIDGE,HARQVB,B2,2.13E-05,0.031860192,B2,35,B7,30,D3,20,4,100
33756,THE RURAL CITY OF MURRAY BRIDGE,HARQVB,B2,7.24E-06,0.012310811,B2,35,B7,30,D3,20,4,100
33758,THE RURAL CITY OF MURRAY BRIDGE,BURQME,B2,2.69E-05,0.034752247,B2,65,B3,20,A4,15,3,100
33760,THE RURAL CITY OF MURRAY BRIDGE,PALGCC,G4,4.70E-05,0.046938889,G4,85,H3,15,None,0,2,100
33767,COORONG DISTRICT COUNCIL,BURQcB,B2,0.000467161,0.159946596,B2,41.25,H2,25,A4,15,5,100
33774,SOUTHERN MALLEE DC,GUROTF,H3,4.21E-05,0.048863952,H3,52,H2,13,C4,12.25,6,100
33775,THE RURAL CITY OF MURRAY BRIDGE,GIHGQC,G4,5.70E-05,0.041590404,G4,41.25,H3,25,B7,15,5,100
33776,COORONG DISTRICT COUNCIL,MAJQKE,B2,7.66E-05,0.049903988,B2,100,None,0,None,0,1,100
33779,THE RURAL CITY OF MURRAY BRIDGE,GIHGVB,G4,2.31E-05,0.022679209,G4,44,B3,18,B8,13.545,5,100
33780,SOUTHERN MALLEE DC,BILOAG,H3,0.002313676,0.457360753,H3,35.75,H2,29.25,G2,19.25,6,100
33783,THE RURAL CITY OF MURRAY BRIDGE,BRKO-B,H3,2.87E-05,0.032261039,H3,35,G2,30,G4,20,4,100
33785,THE RURAL CITY OF MURRAY BRIDGE,BRKO-B,H3,6.97E-06,0.01383512,H3,35,G2,30,G4,20,4,100
33795,THE DC OF KAROONDA EAST MURRAY,BEWOUI,H3,0.040287818,5.147005023,H3,40,G4,20.75,F2,18.25,5,100
33798,COORONG DISTRICT COUNCIL,LMVXs-,N3,3.31E-05,0.038080417,N3,100,None,0,None,0,1,100
33800,THE DC OF KAROONDA EAST MURRAY,STWSfB,A4,0.000235102,0.080642547,A4,29.75,C1,25.5,B2,17,5,100
33801,THE RURAL CITY OF MURRAY BRIDGE,HARRAB,B8,3.18E-05,0.024276449,B8,35,B2,30,B7,20,4,100
33802,COORONG DISTRICT COUNCIL,BURQpB,B2,3.95E-05,0.028128591,B2,48.75,H2,25,B8,15,4,100
33806,COORONG DISTRICT COUNCIL,MAJODi,H3,6.44E-05,0.03477607,H3,35.75,G2,29.25,B2,18.5,5,100
33814,SOUTHERN MALLEE DC,GUROTE,H3,3.22E-05,0.030814976,H3,60,H2,15,C4,8.75,6,100
33815,THE RURAL CITY OF MURRAY BRIDGE,GIHGWB,G4,4.23E-05,0.030064687,G4,55,B7,20,B8,15,4,100
33816,SOUTHERN MALLEE DC,BILOAM,H3,5.75E-05,0.044381721,H3,35.75,H2,29.25,G2,16.5,6,100
33827,THE DC OF KAROONDA EAST MURRAY,MAJQKE,B2,3.84E-05,0.027075411,B2,100,None,0,None,0,1,100
33832,THE RURAL CITY OF MURRAY BRIDGE,HARRAB,B8,1.98E-05,0.02353273,B8,35,B2,30,B7,20,4,100
33833,THE RURAL CITY OF MURRAY BRIDGE,BRKO-B,H3,1.58E-05,0.022221332,H3,35,G2,30,G4,20,4,100
33834,THE RURAL CITY OF MURRAY BRIDGE,GIHGWC,G4,3.18E-05,0.031352024,G4,55,B7,20,B8,15,4,100
33840,THE RURAL CITY OF MURRAY BRIDGE,BRKO-B,H3,8.21E-06,0.013048492,H3,35,G2,30,G4,20,4,100
33845,THE DC OF KAROONDA EAST MURRAY,WYNQMB,B2,7.67E-05,0.073267412,B2,100,None,0,None,0,1,100
33846,THE DC OF KAROONDA EAST MURRAY,BILHaA,D3,4.85E-05,0.054542816,D3,65,G3,20,G2,15,3,100
33848,THE RURAL CITY OF MURRAY BRIDGE,GIHGWB,G4,0.000426156,0.132699139,G4,55,B7,20,B8,15,4,100
33852,SOUTHERN MALLEE DC,BILO-A,H3,1.77E-05,0.02004644,H3,55,H2,45,None,0,2,100
33855,SOUTHERN MALLEE DC,BILOAF,H3,0.000539957,0.159871056,H3,35.75,H2,29.25,G2,19.25,6,100
33856,SOUTHERN MALLEE DC,GUROTF,H3,4.04E-05,0.040370247,H3,52,H2,13,C4,12.25,6,100
33858,COORONG DISTRICT COUNCIL,MAJQXB,B2,0.001381394,0.39626627,B2,38.5,G1,31.5,H3,8.25,7,100
33862,SOUTHERN MALLEE DC,BEWOUI,H3,0.010783251,1.33782115,H3,40,G4,20.75,F2,18.25,5,100
33865,THE RURAL CITY OF MURRAY BRIDGE,BRKHuE,D2,3.20E-05,0.037010344,D2,55,A4,20,A6,15,4,100
33868,THE RURAL CITY OF MURRAY BRIDGE,HARQdB,G4,9.66E-05,0.066487839,G4,45,B2,30.25,A4,24.75,3,100
33869,THE RURAL CITY OF MURRAY BRIDGE,BRKO-B,H3,3.49E-05,0.039559278,H3,35,G2,30,G4,20,4,100
33872,THE RURAL CITY OF MURRAY BRIDGE,GIHGQC,G4,5.24E-05,0.058038558,G4,41.25,H3,25,B7,15,5,100
33877,THE RURAL CITY OF MURRAY BRIDGE,HARQMB,B2,1.15E-05,0.015106864,B2,55,A4,20,B3,15,4,100
33880,THE DC OF KAROONDA EAST MURRAY,MAJODb,H3,0.000944009,0.305013027,H3,35.75,G2,29.25,B2,19.25,4,100
33882,COORONG DISTRICT COUNCIL,MAJODe,B2,0.000828059,0.184086328,B2,30.25,G1,24.75,H3,24.75,4,100
33886,SOUTHERN MALLEE DC,BILO-A,H3,8.71E-06,0.012549638,H3,55,H2,45,None,0,2,100
33887,THE RURAL CITY OF MURRAY BRIDGE,BRKQzZ,B2,1.30E-05,0.016299317,B2,55,B3,45,None,0,2,100
33890,THE RURAL CITY OF MURRAY BRIDGE,BRKQzZ,B2,7.17E-06,0.011225448,B2,55,B3,45,None,0,2,100
33893,THE DC OF KAROONDA EAST MURRAY,MAJQMB,B2,5.82E-05,0.040956059,B2,100,None,0,None,0,1,100
33896,THE DC OF KAROONDA EAST MURRAY,MAJODa,H3,5.25E-05,0.034051842,H3,41.25,G2,33.75,B2,13.75,4,100
33900,THE RURAL CITY OF MURRAY BRIDGE,BRKO-B,H3,1.34E-05,0.022983549,H3,35,G2,30,G4,20,4,100
33901,THE RURAL CITY OF MURRAY BRIDGE,BRKO-B,H3,4.83E-05,0.046970401,H3,35,G2,30,G4,20,4,100
33902,THE DC OF KAROONDA EAST MURRAY,MAJQOB,B2,0.000132536,0.070472013,B2,41.25,G1,33.75,H3,13.75,4,100
33904,THE RURAL CITY OF MURRAY BRIDGE,BRKHuE,D2,3.74E-05,0.025776676,D2,55,A4,20,A6,15,4,100
33907,THE DC OF KAROONDA EAST MURRAY,MAJODb,H3,1.13E-05,0.013295327,H3,35.75,G2,29.25,B2,19.25,4,100
33909,SOUTHERN MALLEE DC,GUROTF,H3,4.43E-05,0.043612225,H3,52,H2,13,C4,12.25,6,100
33910,THE DC OF KAROONDA EAST MURRAY,BILOAG,H3,0.000362063,0.089647544,H3,35.75,H2,29.25,G2,19.25,6,100
33912,THE DC OF KAROONDA EAST MURRAY,MAJQMB,B2,0.000189789,0.074290073,B2,100,None,0,None,0,1,100
33913,THE DC OF KAROONDA EAST MURRAY,BILHaA,D3,3.52E-05,0.031951874,D3,65,G3,20,G2,15,3,100
33915,THE RURAL CITY OF MURRAY BRIDGE,HARRAB,B8,0.000196491,0.170994006,B8,35,B2,30,B7,20,4,100
33916,THE RURAL CITY OF MURRAY BRIDGE,GIHQVC,B7,1.74E-05,0.01841146,B7,35,B8,30,D2,20,4,100
33918,SOUTHERN MALLEE DC,GURHmA,C4,6.65E-05,0.035637544,C4,27,D3,26,G1,19.5,8,100
33924,THE DC OF KAROONDA EAST MURRAY,MAJODe,B2,0.000498716,0.135794081,B2,30.25,G1,24.75,H3,24.75,4,100
33925,THE DC OF KAROONDA EAST MURRAY,GUROTJ,H3,0.002148766,0.490840547,H3,32,C4,20,D3,17.5,6,100
33927,THE DC OF KAROONDA EAST MURRAY,WYNQMB,B2,3.38E-05,0.025127096,B2,100,None,0,None,0,1,100
33928,THE RURAL CITY OF MURRAY BRIDGE,GIHGVB,G4,2.52E-05,0.027234775,G4,44,B3,18,B8,13.545,5,100
33934,THE RURAL CITY OF MURRAY BRIDGE,BRKO-B,H3,1.81E-05,0.021907042,H3,35,G2,30,G4,20,4,100
33938,COORONG DISTRICT COUNCIL,SHENbA,B3,0.0001652,0.077383167,B3,45,B2,35,A4,20,3,100
33943,THE RURAL CITY OF MURRAY BRIDGE,HARRAB,B8,3.47E-05,0.030202747,B8,35,B2,30,B7,20,4,100
33946,THE DC OF KAROONDA EAST MURRAY,WYNHoA,D2,2.02E-05,0.02199527,D2,45,C1,35,G1,20,3,100
33954,COORONG DISTRICT COUNCIL,BURQME,B2,2.64E-05,0.026969565,B2,65,B3,20,A4,15,3,100
33955,THE RURAL CITY OF MURRAY BRIDGE,BRKSdA,B2,2.40E-05,0.026333818,B2,26,A4,22.5,B3,19,10,100
33961,THE DC OF KAROONDA EAST MURRAY,GUROTF,H3,0.000250829,0.150485429,H3,52,H2,13,C4,12.25,6,100
33963,COORONG DISTRICT COUNCIL,BURQME,B2,0.000288297,0.153958591,B2,65,B3,20,A4,15,3,100
33966,THE DC OF KAROONDA EAST MURRAY,GUROTF,H3,0.000233478,0.087566901,H3,52,H2,13,C4,12.25,6,100
33968,THE DC OF KAROONDA EAST MURRAY,WYNUef,H2,0.000707262,0.217080398,H2,45,B2,24.75,C1,19.25,4,100
33970,THE DC OF KAROONDA EAST MURRAY,MAJHsA,C3,0.000104175,0.050241966,C3,26.25,D2,22.5,C1,15,6,100
33972,THE RURAL CITY OF MURRAY BRIDGE,GIHGQB,G4,6.15E-05,0.057289521,G4,41.25,H3,25,B7,15,5,100
33976,COORONG DISTRICT COUNCIL,SHENdA,B3,0.000820044,0.247928514,B3,55,A4,20,B1,15,4,100
33977,SOUTHERN MALLEE DC,BEWHfA,F2,0.000297068,0.13644697,F2,45.25,H3,20,G4,15,5,100
33978,THE DC OF KAROONDA EAST MURRAY,MAJQKB,B2,0.000250344,0.124673829,B2,100,None,0,None,0,1,100
33982,THE RURAL CITY OF MURRAY BRIDGE,MAJQMB,B2,0.00023904,0.129392642,B2,100,None,0,None,0,1,100
33985,THE DC OF KAROONDA EAST MURRAY,WYNQkB,B2,9.86E-05,0.047493412,B2,41.25,C1,33.75,H2,25,3,100
33986,THE RURAL CITY OF MURRAY BRIDGE,BURQMB,B2,0.000118045,0.072980997,B2,65,B3,20,A4,15,3,100
33989,SOUTHERN MALLEE DC,BILOAE,H3,8.53E-05,0.058839941,H3,41.25,H2,33.75,G2,13.75,6,100
33990,SOUTHERN MALLEE DC,BILO-A,H3,3.85E-05,0.038436891,H3,55,H2,45,None,0,2,100
33993,THE DC OF KAROONDA EAST MURRAY,MAJQOB,B2,0.000794128,0.246485933,B2,41.25,G1,33.75,H3,13.75,4,100
34002,SOUTHERN MALLEE DC,BEWHfA,F2,0.000185055,0.071321891,F2,45.25,H3,20,G4,15,5,100
34009,COORONG DISTRICT COUNCIL,SHENbA,B3,0.000108413,0.046556668,B3,45,B2,35,A4,20,3,100
34010,COORONG DISTRICT COUNCIL,LMVXi-,E3,0.00209409,0.444340251,E3,65,G1,20,M2,15,3,100
34012,COORONG DISTRICT COUNCIL,MAJQOB,B2,0.000256874,0.099739219,B2,41.25,G1,33.75,H3,13.75,4,100
34014,THE DC OF KAROONDA EAST MURRAY,BILOAJ,G2,0.001026818,0.198707994,G2,30.25,H3,24.75,H2,20.25,6,100
34015,THE RURAL CITY OF MURRAY BRIDGE,BRKQcB,B2,0.000649952,0.283896016,B2,35,A4,30,G4,20,4,100
34018,THE DC OF KAROONDA EAST MURRAY,GURHmA,C4,4.45E-05,0.030035267,C4,27,D3,26,G1,19.5,8,100
34020,THE RURAL CITY OF MURRAY BRIDGE,GIHGVB,G4,0.000229485,0.10504906,G4,44,B3,18,B8,13.545,5,100
34024,COORONG DISTRICT COUNCIL,BURQMB,B2,3.08E-05,0.02847114,B2,65,B3,20,A4,15,3,100
34025,THE RURAL CITY OF MURRAY BRIDGE,BRKO-B,H3,1.42E-05,0.018664275,H3,35,G2,30,G4,20,4,100
34027,THE RURAL CITY OF MURRAY BRIDGE,HARQhE,C1,1.62E-05,0.024207094,C1,35,D3,30,A4,20,4,100
34032,THE RURAL CITY OF MURRAY BRIDGE,BRKHuE,D2,1.75E-05,0.017781233,D2,55,A4,20,A6,15,4,100
34034,THE RURAL CITY OF MURRAY BRIDGE,BRKHuE,D2,1.21E-05,0.019841056,D2,55,A4,20,A6,15,4,100
34035,THE RURAL CITY OF MURRAY BRIDGE,BRKO-B,H3,8.38E-06,0.014448481,H3,35,G2,30,G4,20,4,100
34043,THE RURAL CITY OF MURRAY BRIDGE,BRKO-B,H3,2.11E-05,0.031048546,H3,35,G2,30,G4,20,4,100
34045,COORONG DISTRICT COUNCIL,SHENdP,B3,0.001736382,0.606263724,B3,41.25,H2,20,B1,15,6,100
34046,THE DC OF KAROONDA EAST MURRAY,WYNHoA,D2,1.32E-05,0.013706401,D2,45,C1,35,G1,20,3,100
34049,SOUTHERN MALLEE DC,BILOAE,H3,0.000384266,0.155790362,H3,41.25,H2,33.75,G2,13.75,6,100
34051,THE DC OF KAROONDA EAST MURRAY,WYNUee,H2,0.000458663,0.15448944,H2,45,B2,24.75,C1,19.25,4,100
34052,SOUTHERN MALLEE DC,BEWHfA,F2,0.000653659,0.182863867,F2,45.25,H3,20,G4,15,5,100
34054,THE RURAL CITY OF MURRAY BRIDGE,HARGQB,G4,6.35E-05,0.062387126,G4,41.25,H3,25,B7,15,5,100
34059,SOUTHERN MALLEE DC,GURHnA,C4,0.001663518,0.286721084,C4,22.5,D3,22.5,G1,16.25,8,100
34061,THE DC OF KAROONDA EAST MURRAY,MAJQXB,B2,0.000324234,0.121300692,B2,38.5,G1,31.5,H3,8.25,7,100
34066,COORONG DISTRICT COUNCIL,MAJORH,H3,0.000244778,0.108345281,H3,24.75,G2,20.25,C3,19.25,6,100
34071,THE DC OF KAROONDA EAST MURRAY,WYNQMB,B2,0.000313126,0.111951441,B2,100,None,0,None,0,1,100
34080,SOUTHERN MALLEE DC,BILGhA,G2,8.51E-05,0.046084341,G2,32.5,D3,25,H3,13.75,6,100
34083,THE RURAL CITY OF MURRAY BRIDGE,GIHGWB,G4,0.000110592,0.070015585,G4,55,B7,20,B8,15,4,100
34085,COORONG DISTRICT COUNCIL,BURUJe,H2,0.000361419,0.11176635,H2,45,B2,24.75,A4,19.25,4,100
34088,THE DC OF KAROONDA EAST MURRAY,GUROTJ,H3,0.000737065,0.261828698,H3,32,C4,20,D3,17.5,6,100
34092,THE RURAL CITY OF MURRAY BRIDGE,HARQMB,B2,2.69E-05,0.025004301,B2,55,A4,20,B3,15,4,100
34093,THE RURAL CITY OF MURRAY BRIDGE,GIHGWC,G4,6.35E-05,0.042453668,G4,55,B7,20,B8,15,4,100
34097,THE RURAL CITY OF MURRAY BRIDGE,BRKHuE,D2,2.62E-05,0.024467362,D2,55,A4,20,A6,15,4,100
34103,THE RURAL CITY OF MURRAY BRIDGE,HARQXE,A4,2.25E-05,0.030209063,A4,65,B3,20,B2,15,3,100
34104,COORONG DISTRICT COUNCIL,WYNQkB,B2,0.003762555,0.825334002,B2,41.25,C1,33.75,H2,25,3,100
34106,THE DC OF KAROONDA EAST MURRAY,MAJQKE,B2,1.19E-05,0.02142538,B2,100,None,0,None,0,1,100
34110,THE RURAL CITY OF MURRAY BRIDGE,BURQME,B2,2.05E-05,0.021515275,B2,65,B3,20,A4,15,3,100
34119,THE RURAL CITY OF MURRAY BRIDGE,HARQMB,B2,1.61E-05,0.017532822,B2,55,A4,20,B3,15,4,100
34120,THE DC OF KAROONDA EAST MURRAY,GURHmA,C4,1.73E-05,0.017654216,C4,27,D3,26,G1,19.5,8,100
34122,THE RURAL CITY OF MURRAY BRIDGE,BRKO-B,H3,1.78E-05,0.022312514,H3,35,G2,30,G4,20,4,100
34130,SOUTHERN MALLEE DC,KEKOAE,H3,0.000590837,0.257044988,H3,60,H2,15,G2,11.25,5,100
34131,THE DC OF KAROONDA EAST MURRAY,KARHoA,D2,0.000265642,0.113109286,D2,65,A4,20,C1,15,3,100
34132,THE DC OF KAROONDA EAST MURRAY,BILOAF,H3,1.30E-05,0.015962484,H3,35.75,H2,29.25,G2,19.25,6,100
34136,SOUTHERN MALLEE DC,GUROTJ,H3,0.001913168,0.279709105,H3,32,C4,20,D3,17.5,6,100
34138,THE DC OF KAROONDA EAST MURRAY,WYNHoA,D2,0.000134595,0.120707873,D2,45,C1,35,G1,20,3,100
34142,THE DC OF KAROONDA EAST MURRAY,KARHoA,D2,0.000534113,0.240960754,D2,65,A4,20,C1,15,3,100
34144,THE RURAL CITY OF MURRAY BRIDGE,BRKO-B,H3,3.05E-05,0.035293032,H3,35,G2,30,G4,20,4,100
34155,THE DC OF KAROONDA EAST MURRAY,WYNHoA,D2,0.0001568,0.079372181,D2,45,C1,35,G1,20,3,100
34160,THE RURAL CITY OF MURRAY BRIDGE,BRKO-B,H3,5.36E-06,0.012722827,H3,35,G2,30,G4,20,4,100
34161,THE RURAL CITY OF MURRAY BRIDGE,HARGWB,G4,5.41E-05,0.060756791,G4,55,B7,20,B8,15,4,100
34165,THE RURAL CITY OF MURRAY BRIDGE,HARO-C,H3,1.17E-05,0.019657263,H3,100,None,0,None,0,1,100
34167,THE RURAL CITY OF MURRAY BRIDGE,BRKO-B,H3,1.26E-05,0.021592282,H3,35,G2,30,G4,20,4,100
34168,SOUTHERN MALLEE DC,BEWOUF,H3,0.000404249,0.096032234,H3,65,G4,12.25,F2,10.5,5,100
34169,COORONG DISTRICT COUNCIL,BURUJb,H2,0.000270561,0.093783834,H2,65,B2,15.75,A4,12.25,4,100
34171,COORONG DISTRICT COUNCIL,MAJQXB,B2,0.001001537,0.231106049,B2,38.5,G1,31.5,H3,8.25,7,100
34173,SOUTHERN MALLEE DC,BEWOUJ,H3,0.000145311,0.103811541,H3,40,G4,20.75,F2,18.25,5,100
34176,THE RURAL CITY OF MURRAY BRIDGE,BRKO-B,H3,5.04E-05,0.070114275,H3,35,G2,30,G4,20,4,100
34177,THE RURAL CITY OF MURRAY BRIDGE,BRKQcB,B2,0.000253514,0.13429403,B2,35,A4,30,G4,20,4,100
34178,THE DC OF KAROONDA EAST MURRAY,BEWHgB,A5,0.000496228,0.165347175,A5,100,None,0,None,0,1,100
34182,THE RURAL CITY OF MURRAY BRIDGE,BURQMB,B2,0.000114383,0.065709251,B2,65,B3,20,A4,15,3,100
34185,THE RURAL CITY OF MURRAY BRIDGE,HARQhE,C1,1.84E-05,0.043776552,C1,35,D3,30,A4,20,4,100
34193,THE RURAL CITY OF MURRAY BRIDGE,BURQMB,B2,2.18E-05,0.021947514,B2,65,B3,20,A4,15,3,100
34202,THE RURAL CITY OF MURRAY BRIDGE,BURQME,B2,2.79E-05,0.020687344,B2,65,B3,20,A4,15,3,100
34206,THE RURAL CITY OF MURRAY BRIDGE,BURQMB,B2,1.54E-05,0.014921035,B2,65,B3,20,A4,15,3,100
34209,THE RURAL CITY OF MURRAY BRIDGE,HARQhE,C1,0.000153252,0.203739512,C1,35,D3,30,A4,20,4,100
34215,SOUTHERN MALLEE DC,GURHnA,C4,0.000139644,0.107865915,C4,22.5,D3,22.5,G1,16.25,8,100
34217,THE RURAL CITY OF MURRAY BRIDGE,JERUUK,G1,5.11E-06,0.008844191,G1,55,A4,24.75,B2,9,5,100
34218,THE DC OF KAROONDA EAST MURRAY,WYNQMB,B2,1.66E-05,0.018864447,B2,100,None,0,None,0,1,100
34224,THE RURAL CITY OF MURRAY BRIDGE,HARQhE,C1,2.06E-05,0.031364209,C1,35,D3,30,A4,20,4,100
34225,THE RURAL CITY OF MURRAY BRIDGE,GIHGQC,G4,3.99E-05,0.035413752,G4,41.25,H3,25,B7,15,5,100
34226,COORONG DISTRICT COUNCIL,BURQMB,B2,0.000110961,0.05630202,B2,65,B3,20,A4,15,3,100
34227,THE RURAL CITY OF MURRAY BRIDGE,BRKSdA,B2,0.005881224,3.208006952,B2,26,A4,22.5,B3,19,10,100
34228,SOUTHERN MALLEE DC,BEWHeA,F2,0.000576785,0.325964438,F2,56.25,G4,19,A5,14.25,4,100
34229,COORONG DISTRICT COUNCIL,BURQMB,B2,9.61E-05,0.062445661,B2,65,B3,20,A4,15,3,100
34230,THE RURAL CITY OF MURRAY BRIDGE,HARO-C,H3,2.92E-05,0.053205957,H3,100,None,0,None,0,1,100
34232,THE RURAL CITY OF MURRAY BRIDGE,BRKO-B,H3,1.94E-05,0.026126345,H3,35,G2,30,G4,20,4,100
34236,THE RURAL CITY OF MURRAY BRIDGE,BRKO-B,H3,2.32E-05,0.028875971,H3,35,G2,30,G4,20,4,100
34239,THE DC OF KAROONDA EAST MURRAY,BILOAM,H3,0.00011676,0.071223986,H3,35.75,H2,29.25,G2,16.5,6,100
34240,THE DC OF KAROONDA EAST MURRAY,GURHnA,C4,4.93E-05,0.027588619,C4,22.5,D3,22.5,G1,16.25,8,100
34241,THE DC OF KAROONDA EAST MURRAY,WYNUef,H2,1.07E-05,0.017567766,H2,45,B2,24.75,C1,19.25,4,100
34242,THE RURAL CITY OF MURRAY BRIDGE,HARGQB,G4,1.80E-05,0.024609592,G4,41.25,H3,25,B7,15,5,100
34246,THE RURAL CITY OF MURRAY BRIDGE,GIHQVB,B7,8.38E-05,0.059774921,B7,35,B8,30,D2,20,4,100
34250,THE RURAL CITY OF MURRAY BRIDGE,JERQzA,B2,0.000407534,0.228271036,B2,35,B3,30,A4,20,4,100
34257,THE RURAL CITY OF MURRAY BRIDGE,BURQMB,B2,0.00012017,0.06965263,B2,65,B3,20,A4,15,3,100
34259,COORONG DISTRICT COUNCIL,BURQgB,B2,0.000993082,0.330260819,B2,41.25,H2,25,A4,15,5,100
34260,THE DC OF KAROONDA EAST MURRAY,WYNHoA,D2,4.91E-05,0.03413937,D2,45,C1,35,G1,20,3,100
34266,SOUTHERN MALLEE DC,GUROTF,H3,1.06E-05,0.013229665,H3,52,H2,13,C4,12.25,6,100
34267,THE DC OF KAROONDA EAST MURRAY,BILOAF,H3,0.000146786,0.072575858,H3,35.75,H2,29.25,G2,19.25,6,100
34268,COORONG DISTRICT COUNCIL,LMVSXC,G1,0.000412561,0.173264767,G1,37.5,A4,33.75,H2,28.75,3,100
34269,SOUTHERN MALLEE DC,KEKOAE,H3,0.000340369,0.19006088,H3,60,H2,15,G2,11.25,5,100
34274,THE RURAL CITY OF MURRAY BRIDGE,BRKO-B,H3,3.45E-05,0.036918526,H3,35,G2,30,G4,20,4,100
34279,THE DC OF KAROONDA EAST MURRAY,MAJQOB,B2,0.001846239,0.413477294,B2,41.25,G1,33.75,H3,13.75,4,100
34286,THE RURAL CITY OF MURRAY BRIDGE,BURRCE,B3,1.04E-05,0.015494849,B3,80,B2,20,None,0,2,100
34289,THE RURAL CITY OF MURRAY BRIDGE,BRKO-B,H3,2.89E-05,0.029595611,H3,35,G2,30,G4,20,4,100
34291,THE DC OF KAROONDA EAST MURRAY,MAJQKB,B2,0.000107588,0.049157692,B2,100,None,0,None,0,1,100
34298,THE DC OF KAROONDA EAST MURRAY,WYNUee,H2,0.000205075,0.091634489,H2,45,B2,24.75,C1,19.25,4,100
34301,COORONG DISTRICT COUNCIL,MAJQKB,B2,0.000970936,0.2714896,B2,100,None,0,None,0,1,100
34302,COORONG DISTRICT COUNCIL,SHENdA,B3,0.000194635,0.09379265,B3,55,A4,20,B1,15,4,100
34311,THE DC OF KAROONDA EAST MURRAY,WYNQiB,B2,0.000428401,0.140104566,B2,55,C1,45,None,0,2,100
34313,THE RURAL CITY OF MURRAY BRIDGE,BRKO-B,H3,2.22E-05,0.034035568,H3,35,G2,30,G4,20,4,100
34316,THE RURAL CITY OF MURRAY BRIDGE,GIHGQC,G4,2.86E-05,0.027361084,G4,41.25,H3,25,B7,15,5,100
34317,THE RURAL CITY OF MURRAY BRIDGE,LMVSXII,A4,6.33E-05,0.045839947,A4,45,G1,35,H2,20,3,100
34319,THE DC OF KAROONDA EAST MURRAY,WYNUef,H2,6.63E-05,0.040350076,H2,45,B2,24.75,C1,19.25,4,100
34320,THE DC OF KAROONDA EAST MURRAY,KARUBG,H2,0.001350812,0.386054419,H2,65,A4,14,C1,10.535,4,100
34323,SOUTHERN MALLEE DC,GUROTI,H3,2.74E-05,0.025207523,H3,36,C4,19.25,D3,16.5,6,100
34324,THE RURAL CITY OF MURRAY BRIDGE,HARRAB,B8,1.18E-05,0.020511811,B8,35,B2,30,B7,20,4,100
34325,THE RURAL CITY OF MURRAY BRIDGE,HARQMB,B2,1.97E-05,0.019537404,B2,55,A4,20,B3,15,4,100
34329,THE DC OF KAROONDA EAST MURRAY,WYNUef,H2,4.30E-05,0.033072008,H2,45,B2,24.75,C1,19.25,4,100
34336,THE RURAL CITY OF MURRAY BRIDGE,GIHQVC,B7,3.53E-05,0.040364789,B7,35,B8,30,D2,20,4,100
34339,THE DC OF KAROONDA EAST MURRAY,BILOAF,H3,0.000335614,0.160622751,H3,35.75,H2,29.25,G2,19.25,6,100
34344,THE RURAL CITY OF MURRAY BRIDGE,LMVXi-,E3,0.000460639,0.11856493,E3,65,G1,20,M2,15,3,100
34349,SOUTHERN MALLEE DC,GUROTG,H3,0.000150942,0.093032912,H3,52,H2,13,C4,12.25,6,100
34353,SOUTHERN MALLEE DC,GURHmA,C4,9.43E-06,0.012762602,C4,27,D3,26,G1,19.5,8,100
34358,THE DC OF KAROONDA EAST MURRAY,STWSfB,A4,0.000127805,0.073147276,A4,29.75,C1,25.5,B2,17,5,100
34360,THE DC OF KAROONDA EAST MURRAY,BILOAF,H3,0.000121332,0.073762737,H3,35.75,H2,29.25,G2,19.25,6,100
34364,THE DC OF KAROONDA EAST MURRAY,MAJODe,B2,0.000333288,0.087138639,B2,30.25,G1,24.75,H3,24.75,4,100
34365,THE DC OF KAROONDA EAST MURRAY,MAJQMB,B2,7.50E-05,0.048042336,B2,100,None,0,None,0,1,100
34366,SOUTHERN MALLEE DC,GUROTQ,H3,0.00021634,0.116693151,H3,32,C4,21,D3,18,6,100
34367,COORONG DISTRICT COUNCIL,BURQMB,B2,0.000147247,0.076358206,B2,65,B3,20,A4,15,3,100
34369,THE RURAL CITY OF MURRAY BRIDGE,JERHuE,D2,6.51E-05,0.049722813,D2,55,A4,20,A6,15,4,100
34371,SOUTHERN MALLEE DC,BEWOUF,H3,0.001276078,0.23300667,H3,65,G4,12.25,F2,10.5,5,100
34376,THE RURAL CITY OF MURRAY BRIDGE,HARQMB,B2,0.000127811,0.12454368,B2,55,A4,20,B3,15,4,100
34379,SOUTHERN MALLEE DC,KEKOAF,H3,0.000126575,0.054455052,H3,52,G2,15.75,H2,13,5,100
34385,THE DC OF KAROONDA EAST MURRAY,WYNHoA,D2,1.00E-05,0.013306141,D2,45,C1,35,G1,20,3,100
34386,THE RURAL CITY OF MURRAY BRIDGE,BURU-D,H2,3.59E-06,0.011041876,H2,100,None,0,None,0,1,100
34387,THE DC OF KAROONDA EAST MURRAY,BILOAG,H3,0.001365547,0.512638239,H3,35.75,H2,29.25,G2,19.25,6,100
34388,THE DC OF KAROONDA EAST MURRAY,WYNUee,H2,9.86E-05,0.056010613,H2,45,B2,24.75,C1,19.25,4,100
34390,THE RURAL CITY OF MURRAY BRIDGE,BRKO-B,H3,1.48E-05,0.024848144,H3,35,G2,30,G4,20,4,100
34392,THE DC OF KAROONDA EAST MURRAY,WYNHoA,D2,1.69E-05,0.016377156,D2,45,C1,35,G1,20,3,100
34400,THE DC OF KAROONDA EAST MURRAY,WYNHoA,D2,1.66E-05,0.020027342,D2,45,C1,35,G1,20,3,100
34403,SOUTHERN MALLEE DC,BILOAE,H3,2.12E-05,0.027101943,H3,41.25,H2,33.75,G2,13.75,6,100
34404,THE DC OF KAROONDA EAST MURRAY,WYNHoA,D2,3.09E-05,0.035402894,D2,45,C1,35,G1,20,3,100
34405,THE RURAL CITY OF MURRAY BRIDGE,GIHQhE,B3,0.000196185,0.189271842,B3,35,A5,30,D2,20,4,100
34408,THE RURAL CITY OF MURRAY BRIDGE,BURQcA,B2,0.000313394,0.163049386,B2,41.25,H2,25,A4,15,5,100
34410,THE DC OF KAROONDA EAST MURRAY,MAJQXB,B2,0.000407459,0.133608563,B2,38.5,G1,31.5,H3,8.25,7,100
34413,THE RURAL CITY OF MURRAY BRIDGE,HARQMB,B2,6.06E-05,0.06239531,B2,55,A4,20,B3,15,4,100
34414,THE DC OF KAROONDA EAST MURRAY,WYNQMB,B2,0.000117107,0.051757215,B2,100,None,0,None,0,1,100
34415,SOUTHERN MALLEE DC,GUROTF,H3,1.67E-05,0.020188195,H3,52,H2,13,C4,12.25,6,100
34418,THE RURAL CITY OF MURRAY BRIDGE,HARRAB,B8,6.16E-05,0.046557216,B8,35,B2,30,B7,20,4,100
34422,THE RURAL CITY OF MURRAY BRIDGE,BRKO-B,H3,2.59E-05,0.030324141,H3,35,G2,30,G4,20,4,100
34430,THE RURAL CITY OF MURRAY BRIDGE,BURQME,B2,1.59E-05,0.016185387,B2,65,B3,20,A4,15,3,100
34438,THE RURAL CITY OF MURRAY BRIDGE,GIHGVB,G4,0.000347697,0.169817007,G4,44,B3,18,B8,13.545,5,100
34439,SOUTHERN MALLEE DC,BEWHfA,F2,0.000733395,0.232996373,F2,45.25,H3,20,G4,15,5,100
34441,SOUTHERN MALLEE DC,GURHnA,C4,0.000155749,0.076590792,C4,22.5,D3,22.5,G1,16.25,8,100
34445,THE RURAL CITY OF MURRAY BRIDGE,BRKSdA,B2,0.001543729,0.608738329,B2,26,A4,22.5,B3,19,10,100
34446,SOUTHERN MALLEE DC,BEWHfA,F2,0.000441478,0.114124673,F2,45.25,H3,20,G4,15,5,100
34449,THE DC OF KAROONDA EAST MURRAY,WYNHoA,D2,6.27E-05,0.03584504,D2,45,C1,35,G1,20,3,100
34450,THE DC OF KAROONDA EAST MURRAY,MAJODe,B2,0.000296242,0.143028923,B2,30.25,G1,24.75,H3,24.75,4,100
34455,THE DC OF KAROONDA EAST MURRAY,GURHmA,C4,4.59E-06,0.008484879,C4,27,D3,26,G1,19.5,8,100
34456,THE RURAL CITY OF MURRAY BRIDGE,BRKO-B,H3,1.27E-05,0.017572227,H3,35,G2,30,G4,20,4,100
34457,COORONG DISTRICT COUNCIL,BURQME,B2,0.000126524,0.100558623,B2,65,B3,20,A4,15,3,100
34460,THE RURAL CITY OF MURRAY BRIDGE,HARQXE,A4,1.27E-05,0.018452508,A4,65,B3,20,B2,15,3,100
34470,THE RURAL CITY OF MURRAY BRIDGE,GIHQVC,B7,0.000109237,0.072927199,B7,35,B8,30,D2,20,4,100
34480,THE DC OF KAROONDA EAST MURRAY,BILHaA,D3,1.33E-05,0.019887546,D3,65,G3,20,G2,15,3,100
34481,THE RURAL CITY OF MURRAY BRIDGE,HARQMB,B2,7.71E-06,0.011802586,B2,55,A4,20,B3,15,4,100
34493,THE RURAL CITY OF MURRAY BRIDGE,GIHGVB,G4,1.15E-05,0.015324787,G4,44,B3,18,B8,13.545,5,100
34499,COORONG DISTRICT COUNCIL,BURQgB,B2,0.000991614,0.296044816,B2,41.25,H2,25,A4,15,5,100
34500,THE RURAL CITY OF MURRAY BRIDGE,BURQME,B2,1.83E-05,0.023639906,B2,65,B3,20,A4,15,3,100
34501,SOUTHERN MALLEE DC,BILOAF,H3,0.000799116,0.154246324,H3,35.75,H2,29.25,G2,19.25,6,100
34504,THE DC OF KAROONDA EAST MURRAY,MAJQOB,B2,0.000320273,0.121951348,B2,41.25,G1,33.75,H3,13.75,4,100
34505,SOUTHERN MALLEE DC,KEKOAF,H3,8.18E-05,0.060033693,H3,52,G2,15.75,H2,13,5,100
34506,THE RURAL CITY OF MURRAY BRIDGE,HARGWB,G4,6.78E-05,0.058637225,G4,55,B7,20,B8,15,4,100
34508,THE RURAL CITY OF MURRAY BRIDGE,HARGQB,G4,0.000223266,0.1112309,G4,41.25,H3,25,B7,15,5,100
34509,COORONG DISTRICT COUNCIL,SHENbP,B3,0.000179555,0.105251346,B3,48.75,H2,25,B2,15,4,100
34510,COORONG DISTRICT COUNCIL,BURQME,B2,0.000111789,0.083508077,B2,65,B3,20,A4,15,3,100
34512,SOUTHERN MALLEE DC,KEKOAE,H3,0.00019447,0.082975965,H3,60,H2,15,G2,11.25,5,100
34516,THE RURAL CITY OF MURRAY BRIDGE,BRKO-B,H3,2.47E-05,0.032429499,H3,35,G2,30,G4,20,4,100
34519,THE DC OF KAROONDA EAST MURRAY,WYNQkB,B2,0.000175671,0.076850568,B2,41.25,C1,33.75,H2,25,3,100
34520,THE DC OF KAROONDA EAST MURRAY,MAJQKB,B2,9.29E-05,0.044339984,B2,100,None,0,None,0,1,100
34521,THE RURAL CITY OF MURRAY BRIDGE,BRKO-B,H3,2.12E-05,0.025906246,H3,35,G2,30,G4,20,4,100
34522,THE RURAL CITY OF MURRAY BRIDGE,BRKO-B,H3,6.02E-06,0.011083904,H3,35,G2,30,G4,20,4,100
34524,COORONG DISTRICT COUNCIL,BURQMB,B2,4.86E-05,0.035723126,B2,65,B3,20,A4,15,3,100
34529,COORONG DISTRICT COUNCIL,LMVSXII,A4,4.60E-05,0.06026601,A4,45,G1,35,H2,20,3,100
34530,THE RURAL CITY OF MURRAY BRIDGE,HARQMB,B2,7.26E-06,0.010799289,B2,55,A4,20,B3,15,4,100
34532,THE RURAL CITY OF MURRAY BRIDGE,HARRAB,B8,4.27E-05,0.036217241,B8,35,B2,30,B7,20,4,100
34534,THE RURAL CITY OF MURRAY BRIDGE,BRKHuE,D2,3.90E-05,0.027665593,D2,55,A4,20,A6,15,4,100
34535,THE RURAL CITY OF MURRAY BRIDGE,BRKO-B,H3,2.51E-05,0.032146312,H3,35,G2,30,G4,20,4,100
34536,THE RURAL CITY OF MURRAY BRIDGE,HARO-C,H3,8.35E-06,0.016714472,H3,100,None,0,None,0,1,100
34539,THE DC OF KAROONDA EAST MURRAY,WYNHpA,D2,2.63E-05,0.023576069,D2,33.75,C1,26.25,H2,25,4,100
34541,SOUTHERN MALLEE DC,BEWOUF,H3,0.001501753,0.38462802,H3,65,G4,12.25,F2,10.5,5,100
34546,THE DC OF KAROONDA EAST MURRAY,KARHpA,D2,0.000350124,0.193315841,D2,48.75,H2,25,A4,15,4,100
34547,THE RURAL CITY OF MURRAY BRIDGE,HARGWB,G4,0.000162039,0.076043582,G4,55,B7,20,B8,15,4,100
34555,THE RURAL CITY OF MURRAY BRIDGE,HARQMB,B2,2.30E-05,0.029024372,B2,55,A4,20,B3,15,4,100
34557,SOUTHERN MALLEE DC,GURHmA,C4,0.000127007,0.064126563,C4,27,D3,26,G1,19.5,8,100
34558,THE RURAL CITY OF MURRAY BRIDGE,JERQVA,A4,0.000646169,0.195383775,A4,55,B2,20,A6,15,4,100
34561,THE DC OF KAROONDA EAST MURRAY,BILHaA,D3,1.47E-05,0.016171728,D3,65,G3,20,G2,15,3,100
34563,THE RURAL CITY OF MURRAY BRIDGE,BURRCE,B3,3.01E-05,0.028263877,B3,80,B2,20,None,0,2,100
34564,SOUTHERN MALLEE DC,BILOAE,H3,0.000314833,0.218618837,H3,41.25,H2,33.75,G2,13.75,6,100
34567,COORONG DISTRICT COUNCIL,BURQpB,B2,0.000222554,0.094039322,B2,48.75,H2,25,B8,15,4,100
34581,THE DC OF KAROONDA EAST MURRAY,BILGhA,G2,0.000169804,0.111951318,G2,32.5,D3,25,H3,13.75,6,100
34586,COORONG DISTRICT COUNCIL,LMVXi-,E3,0.000124969,0.056650205,E3,65,G1,20,M2,15,3,100
34591,COORONG DISTRICT COUNCIL,SHENbA,B3,0.000119379,0.062528411,B3,45,B2,35,A4,20,3,100
34592,COORONG DISTRICT COUNCIL,MAJQXB,B2,0.000940791,0.307848505,B2,38.5,G1,31.5,H3,8.25,7,100
34599,THE DC OF KAROONDA EAST MURRAY,WYNHoA,D2,0.000246536,0.120536347,D2,45,C1,35,G1,20,3,100
34603,THE DC OF KAROONDA EAST MURRAY,BILOAF,H3,0.000501453,0.230171091,H3,35.75,H2,29.25,G2,19.25,6,100
34605,THE RURAL CITY OF MURRAY BRIDGE,PALGCE,G4,6.02E-05,0.050247038,G4,100,None,0,None,0,1,100
34609,THE RURAL CITY OF MURRAY BRIDGE,GIHGXC,G4,2.36E-05,0.022787927,G4,80,G1,20,None,0,2,100
34611,THE RURAL CITY OF MURRAY BRIDGE,BURU-D,H2,9.44E-06,0.016265279,H2,100,None,0,None,0,1,100
34615,THE DC OF KAROONDA EAST MURRAY,WYNHoA,D2,3.24E-05,0.024756003,D2,45,C1,35,G1,20,3,100
34618,THE RURAL CITY OF MURRAY BRIDGE,GIHQVC,B7,8.49E-06,0.014556465,B7,35,B8,30,D2,20,4,100
34628,THE RURAL CITY OF MURRAY BRIDGE,HARQMB,B2,9.00E-06,0.011973215,B2,55,A4,20,B3,15,4,100
34635,THE RURAL CITY OF MURRAY BRIDGE,HARQnB,B2,6.35E-05,0.068067267,B2,55,B8,45,None,0,2,100
34638,COORONG DISTRICT COUNCIL,BURQpB,B2,0.000135588,0.063384676,B2,48.75,H2,25,B8,15,4,100
34647,THE RURAL CITY OF MURRAY BRIDGE,BRKO-B,H3,2.38E-05,0.027499297,H3,35,G2,30,G4,20,4,100
34652,COORONG DISTRICT COUNCIL,BURQMB,B2,5.03E-05,0.040328892,B2,65,B3,20,A4,15,3,100
34658,THE RURAL CITY OF MURRAY BRIDGE,HARQMB,B2,1.32E-05,0.013888549,B2,55,A4,20,B3,15,4,100
34660,COORONG DISTRICT COUNCIL,BURQpB,B2,2.29E-05,0.018543211,B2,48.75,H2,25,B8,15,4,100
34661,THE DC OF KAROONDA EAST MURRAY,STWIaA,D2,3.08E-05,0.03310412,D2,100,None,0,None,0,1,100
34668,THE RURAL CITY OF MURRAY BRIDGE,GIHGVB,G4,2.56E-05,0.030112927,G4,44,B3,18,B8,13.545,5,100
34669,SOUTHERN MALLEE DC,KEKOAF,H3,2.97E-05,0.032453836,H3,52,G2,15.75,H2,13,5,100
34674,THE RURAL CITY OF MURRAY BRIDGE,LMVXs-,N3,2.09E-05,0.041928444,N3,100,None,0,None,0,1,100
34675,COORONG DISTRICT COUNCIL,BURQcB,B2,0.003945299,0.724681154,B2,41.25,H2,25,A4,15,5,100
34676,SOUTHERN MALLEE DC,BEWHfA,F2,0.000289858,0.10402707,F2,45.25,H3,20,G4,15,5,100
34679,COORONG DISTRICT COUNCIL,MAJQLB,B2,0.000340015,0.139141216,B2,100,None,0,None,0,1,100
34691,COORONG DISTRICT COUNCIL,BURQMB,B2,0.000205683,0.121314182,B2,65,B3,20,A4,15,3,100
34698,THE DC OF KAROONDA EAST MURRAY,WYNQMB,B2,4.03E-05,0.024814757,B2,100,None,0,None,0,1,100
34704,SOUTHERN MALLEE DC,GURHnA,C4,8.67E-05,0.047557924,C4,22.5,D3,22.5,G1,16.25,8,100
34708,THE DC OF KAROONDA EAST MURRAY,WYNQkB,B2,0.000123357,0.052859876,B2,41.25,C1,33.75,H2,25,3,100
34709,THE RURAL CITY OF MURRAY BRIDGE,GIHQVB,B7,0.000122024,0.081681359,B7,35,B8,30,D2,20,4,100
34711,SOUTHERN MALLEE DC,BEWOUF,H3,0.000676419,0.189377282,H3,65,G4,12.25,F2,10.5,5,100
34719,THE DC OF KAROONDA EAST MURRAY,BILGhA,G2,2.23E-05,0.019612516,G2,32.5,D3,25,H3,13.75,6,100
34721,THE RURAL CITY OF MURRAY BRIDGE,GIHQVC,B7,7.46E-06,0.010258886,B7,35,B8,30,D2,20,4,100
34726,THE RURAL CITY OF MURRAY BRIDGE,BRKO-B,H3,9.59E-06,0.014950841,H3,35,G2,30,G4,20,4,100
34729,THE RURAL CITY OF MURRAY BRIDGE,BURRCE,B3,6.64E-06,0.009419243,B3,80,B2,20,None,0,2,100
34737,THE RURAL CITY OF MURRAY BRIDGE,HARGWB,G4,3.71E-05,0.0384033,G4,55,B7,20,B8,15,4,100
34741,THE RURAL CITY OF MURRAY BRIDGE,BRKO-B,H3,3.30E-05,0.03720505,H3,35,G2,30,G4,20,4,100
34743,THE RURAL CITY OF MURRAY BRIDGE,HARRAB,B8,3.05E-05,0.035749642,B8,35,B2,30,B7,20,4,100
34750,COORONG DISTRICT COUNCIL,BURQpB,B2,0.000123311,0.093639818,B2,48.75,H2,25,B8,15,4,100
34751,COORONG DISTRICT COUNCIL,BURQMB,B2,0.00013983,0.119124818,B2,65,B3,20,A4,15,3,100
34753,SOUTHERN MALLEE DC,GUROTJ,H3,0.00038609,0.141923986,H3,32,C4,20,D3,17.5,6,100
34755,THE DC OF KAROONDA EAST MURRAY,BILOAM,H3,0.000327792,0.125881591,H3,35.75,H2,29.25,G2,16.5,6,100
34757,THE RURAL CITY OF MURRAY BRIDGE,HARO-C,H3,1.28E-05,0.023594125,H3,100,None,0,None,0,1,100
34760,THE RURAL CITY OF MURRAY BRIDGE,MALQyB,B3,3.20E-05,0.031781061,B3,26.25,B7,22.5,B2,15,7,100
34761,COORONG DISTRICT COUNCIL,MAJQKE,B2,4.89E-05,0.038334513,B2,100,None,0,None,0,1,100
34764,THE DC OF KAROONDA EAST MURRAY,STWODf,H3,0.000584013,0.142051931,H3,45,A4,24.75,C1,19.25,4,100
34770,THE RURAL CITY OF MURRAY BRIDGE,BRKO-B,H3,9.04E-06,0.01645648,H3,35,G2,30,G4,20,4,100
34771,COORONG DISTRICT COUNCIL,SHENbM,B3,0.000134218,0.064834767,B3,53.75,B2,35,A4,11.25,3,100
34772,THE RURAL CITY OF MURRAY BRIDGE,BRKO-B,H3,1.10E-05,0.017660171,H3,35,G2,30,G4,20,4,100
34780,COORONG DISTRICT COUNCIL,MAJODa,H3,0.000485768,0.238457633,H3,41.25,G2,33.75,B2,13.75,4,100
34781,THE RURAL CITY OF MURRAY BRIDGE,BRKQzZ,B2,8.77E-05,0.057998648,B2,55,B3,45,None,0,2,100
34786,COORONG DISTRICT COUNCIL,MAJQOB,B2,9.22E-05,0.050772371,B2,41.25,G1,33.75,H3,13.75,4,100
34788,THE RURAL CITY OF MURRAY BRIDGE,MALHuT,F2,5.10E-06,0.009717462,F2,26.25,N2,25,A5,22.5,5,100
34789,THE RURAL CITY OF MURRAY BRIDGE,BRKO-B,H3,1.01E-05,0.017375596,H3,35,G2,30,G4,20,4,100
34794,THE DC OF KAROONDA EAST MURRAY,GUROTJ,H3,0.002049726,0.41888356,H3,32,C4,20,D3,17.5,6,100
34801,THE RURAL CITY OF MURRAY BRIDGE,BRKO-B,H3,3.72E-05,0.054766975,H3,35,G2,30,G4,20,4,100
34802,THE RURAL CITY OF MURRAY BRIDGE,BRKO-B,H3,4.84E-06,0.010493992,H3,35,G2,30,G4,20,4,100
34803,THE RURAL CITY OF MURRAY BRIDGE,MALO-B,H3,2.91E-05,0.049425714,H3,45,G1,35,A4,20,3,100
34807,THE RURAL CITY OF MURRAY BRIDGE,BRKO-B,H3,8.26E-06,0.014924576,H3,35,G2,30,G4,20,4,100
34810,THE RURAL CITY OF MURRAY BRIDGE,BRKO-B,H3,3.77E-05,0.040936565,H3,35,G2,30,G4,20,4,100
34811,THE RURAL CITY OF MURRAY BRIDGE,BRKSdA,B2,2.31E-05,0.031842135,B2,26,A4,22.5,B3,19,10,100
34817,THE RURAL CITY OF MURRAY BRIDGE,BRKO-B,H3,8.76E-06,0.017032081,H3,35,G2,30,G4,20,4,100
34820,COORONG DISTRICT COUNCIL,SHEMyB,B2,0.000630107,0.244492155,B2,60,H2,20,A4,15,4,100
34821,THE RURAL CITY OF MURRAY BRIDGE,BRKO-B,H3,3.40E-05,0.054022019,H3,35,G2,30,G4,20,4,100
34822,THE DC OF KAROONDA EAST MURRAY,MAJQMB,B2,0.000104105,0.073721547,B2,100,None,0,None,0,1,100
34826,THE RURAL CITY OF MURRAY BRIDGE,BRKO-B,H3,2.77E-05,0.026564366,H3,35,G2,30,G4,20,4,100
34827,THE RURAL CITY OF MURRAY BRIDGE,BRKO-B,H3,1.09E-05,0.022547427,H3,35,G2,30,G4,20,4,100
34828,THE RURAL CITY OF MURRAY BRIDGE,MALHuO,F2,1.53E-05,0.02205761,F2,55,A5,45,None,0,2,100
34834,THE RURAL CITY OF MURRAY BRIDGE,JERQcB,A4,5.36E-05,0.057648317,A4,41.25,G1,25,B2,15,5,100
34841,THE RURAL CITY OF MURRAY BRIDGE,BRKZA-,N2,2.37E-06,0.006110297,N2,100,None,0,None,0,1,100
34843,COORONG DISTRICT COUNCIL,SHEMxB,B2,6.83E-05,0.038444499,B2,80,A4,20,None,0,2,100
34844,THE RURAL CITY OF MURRAY BRIDGE,BRKZA-,N2,5.50E-06,0.009566391,N2,100,None,0,None,0,1,100
34846,THE RURAL CITY OF MURRAY BRIDGE,MALHuO,F2,4.47E-05,0.037780844,F2,55,A5,45,None,0,2,100
34856,SOUTHERN MALLEE DC,BEWOUI,H3,9.12E-05,0.04925622,H3,40,G4,20.75,F2,18.25,5,100
34859,THE DC OF KAROONDA EAST MURRAY,GUROTF,H3,4.99E-05,0.038594314,H3,52,H2,13,C4,12.25,6,100
34860,THE DC OF KAROONDA EAST MURRAY,STWIbA,D2,0.000100206,0.048585745,D2,60,H3,25,A4,8.25,4,100
34862,COORONG DISTRICT COUNCIL,SHEUUJ,H2,0.000127332,0.117647164,H2,36,B3,30.25,B1,11,6,100
34864,THE RURAL CITY OF MURRAY BRIDGE,BRKQcB,B2,0.000312051,0.160463818,B2,35,A4,30,G4,20,4,100
34865,COORONG DISTRICT COUNCIL,MAJODf,B2,0.000736322,0.285443448,B2,30.25,G1,24.75,H3,24.75,4,100
34866,THE RURAL CITY OF MURRAY BRIDGE,BRKHuE,D2,3.51E-05,0.040162296,D2,55,A4,20,A6,15,4,100
34867,THE DC OF KAROONDA EAST MURRAY,WYNUee,H2,0.000584805,0.191891041,H2,45,B2,24.75,C1,19.25,4,100
34868,THE DC OF KAROONDA EAST MURRAY,GURHnA,C4,8.60E-05,0.065046252,C4,22.5,D3,22.5,G1,16.25,8,100
34869,THE DC OF KAROONDA EAST MURRAY,BILOAE,H3,0.000427845,0.198071522,H3,41.25,H2,33.75,G2,13.75,6,100
34870,COORONG DISTRICT COUNCIL,SHENbA,B3,3.28E-05,0.02604619,B3,45,B2,35,A4,20,3,100
34872,THE DC OF KAROONDA EAST MURRAY,MAJQLB,B2,5.35E-05,0.032471338,B2,100,None,0,None,0,1,100
34874,COORONG DISTRICT COUNCIL,MAJQXC,B2,0.000143934,0.052632766,B2,46.75,G1,38.25,H3,8.25,4,100
34887,COORONG DISTRICT COUNCIL,SHENbA,B3,4.61E-05,0.033634684,B3,45,B2,35,A4,20,3,100
34889,THE RURAL CITY OF MURRAY BRIDGE,BRKQzZ,B2,2.32E-05,0.030412287,B2,55,B3,45,None,0,2,100
34890,THE RURAL CITY OF MURRAY BRIDGE,MALO-B,H3,4.42E-05,0.056246503,H3,45,G1,35,A4,20,3,100
34891,THE RURAL CITY OF MURRAY BRIDGE,MALO-B,H3,5.81E-06,0.015274962,H3,45,G1,35,A4,20,3,100
34892,THE RURAL CITY OF MURRAY BRIDGE,BRKO-B,H3,3.03E-06,0.009440016,H3,35,G2,30,G4,20,4,100
34893,THE RURAL CITY OF MURRAY BRIDGE,BRKO-B,H3,3.84E-06,0.010234981,H3,35,G2,30,G4,20,4,100
34895,THE DC OF KAROONDA EAST MURRAY,GUROTG,H3,0.001045405,0.388804645,H3,52,H2,13,C4,12.25,6,100
34898,THE RURAL CITY OF MURRAY BRIDGE,BRKSdA,B2,1.04E-05,0.01491237,B2,26,A4,22.5,B3,19,10,100
34902,THE RURAL CITY OF MURRAY BRIDGE,BRKZA-,N2,2.17E-06,0.005398453,N2,100,None,0,None,0,1,100
34905,THE RURAL CITY OF MURRAY BRIDGE,BRKO-B,H3,2.55E-05,0.032249939,H3,35,G2,30,G4,20,4,100
34906,THE RURAL CITY OF MURRAY BRIDGE,BRKHuE,D2,2.33E-05,0.034893214,D2,55,A4,20,A6,15,4,100
34908,THE RURAL CITY OF MURRAY BRIDGE,BRKO-B,H3,7.62E-06,0.011953306,H3,35,G2,30,G4,20,4,100
34911,THE RURAL CITY OF MURRAY BRIDGE,MALHuT,F2,6.84E-06,0.012707885,F2,26.25,N2,25,A5,22.5,5,100
34919,THE DC OF KAROONDA EAST MURRAY,GURHmB,C4,0.000175551,0.080137079,C4,29.25,D3,22.75,G1,19.5,8,100
34921,COORONG DISTRICT COUNCIL,SHEMxB,B2,7.05E-05,0.074390978,B2,80,A4,20,None,0,2,100
34932,COORONG DISTRICT COUNCIL,BURUJe,H2,8.43E-05,0.047010335,H2,45,B2,24.75,A4,19.25,4,100
34933,COORONG DISTRICT COUNCIL,BURUJa,H2,0.000131032,0.07162342,H2,65,B2,15.75,A4,12.25,4,100
34939,THE RURAL CITY OF MURRAY BRIDGE,BRKO-B,H3,6.57E-06,0.012855058,H3,35,G2,30,G4,20,4,100
34940,THE RURAL CITY OF MURRAY BRIDGE,BRKHuE,D2,1.80E-05,0.022190901,D2,55,A4,20,A6,15,4,100
34943,THE RURAL CITY OF MURRAY BRIDGE,BRKQcB,B2,2.92E-05,0.025538507,B2,35,A4,30,G4,20,4,100
34944,THE RURAL CITY OF MURRAY BRIDGE,MALQyB,B3,1.19E-05,0.016075125,B3,26.25,B7,22.5,B2,15,7,100
34948,THE RURAL CITY OF MURRAY BRIDGE,BRKZA-,N2,7.94E-06,0.012208533,N2,100,None,0,None,0,1,100
34949,COORONG DISTRICT COUNCIL,WYNHpA,D2,0.000214876,0.112476597,D2,33.75,C1,26.25,H2,25,4,100
34952,THE DC OF KAROONDA EAST MURRAY,WYNHoA,D2,1.20E-05,0.013076224,D2,45,C1,35,G1,20,3,100
34956,COORONG DISTRICT COUNCIL,MAJQOB,B2,0.000253111,0.090148077,B2,41.25,G1,33.75,H3,13.75,4,100
34957,THE RURAL CITY OF MURRAY BRIDGE,MALZC-,N2,0.000161493,0.111886569,N2,82.475,E1,10,F2,7.525,3,100
34959,COORONG DISTRICT COUNCIL,MAJHrA,C3,0.000460659,0.172959,C3,35,D2,30,C1,20,4,100
34960,THE DC OF KAROONDA EAST MURRAY,GURHnA,C4,0.000132421,0.093052764,C4,22.5,D3,22.5,G1,16.25,8,100
34961,THE RURAL CITY OF MURRAY BRIDGE,MALZC-,N2,4.52E-05,0.034607706,N2,82.475,E1,10,F2,7.525,3,100
34967,THE RURAL CITY OF MURRAY BRIDGE,JERUUK,G1,0.000152764,0.069979292,G1,55,A4,24.75,B2,9,5,100
34968,THE RURAL CITY OF MURRAY BRIDGE,BRKO-B,H3,7.32E-06,0.012675188,H3,35,G2,30,G4,20,4,100
34969,THE RURAL CITY OF MURRAY BRIDGE,MALZH-,N2,7.99E-06,0.015119791,N2,40.415,E1,34,F2,25.585,3,100
34974,THE RURAL CITY OF MURRAY BRIDGE,MALZC-,N2,2.27E-05,0.020899733,N2,82.475,E1,10,F2,7.525,3,100
34977,THE RURAL CITY OF MURRAY BRIDGE,MALQyB,B3,1.01E-05,0.015952158,B3,26.25,B7,22.5,B2,15,7,100
34979,COORONG DISTRICT COUNCIL,SHEUUJ,H2,2.08E-05,0.019017124,H2,36,B3,30.25,B1,11,6,100
34980,THE RURAL CITY OF MURRAY BRIDGE,MALO-B,H3,5.98E-05,0.055596096,H3,45,G1,35,A4,20,3,100
34983,THE DC OF KAROONDA EAST MURRAY,MAJHsK,C3,2.40E-05,0.019080963,C3,27.25,D2,23.25,C1,15,7,100
34986,THE RURAL CITY OF MURRAY BRIDGE,BRKO-B,H3,1.43E-05,0.022378868,H3,35,G2,30,G4,20,4,100
34989,THE RURAL CITY OF MURRAY BRIDGE,MALZH-,N2,4.33E-06,0.009114215,N2,40.415,E1,34,F2,25.585,3,100
34992,THE RURAL CITY OF MURRAY BRIDGE,MALO-B,H3,7.40E-05,0.059228556,H3,45,G1,35,A4,20,3,100
34995,THE RURAL CITY OF MURRAY BRIDGE,BRKO-B,H3,1.50E-05,0.026711324,H3,35,G2,30,G4,20,4,100
34997,COORONG DISTRICT COUNCIL,SHEMxB,B2,4.37E-05,0.026383902,B2,80,A4,20,None,0,2,100
34998,THE RURAL CITY OF MURRAY BRIDGE,MALZC-,N2,1.57E-05,0.016010341,N2,82.475,E1,10,F2,7.525,3,100
35004,SOUTHERN MALLEE DC,BEWHfA,F2,0.000767099,0.207316972,F2,45.25,H3,20,G4,15,5,100
35011,THE RURAL CITY OF MURRAY BRIDGE,MALQyB,B3,5.90E-05,0.072996936,B3,26.25,B7,22.5,B2,15,7,100
35012,THE DC OF KAROONDA EAST MURRAY,GURHmA,C4,3.66E-05,0.028764193,C4,27,D3,26,G1,19.5,8,100
35019,THE RURAL CITY OF MURRAY BRIDGE,BRKO-B,H3,4.79E-06,0.014000123,H3,35,G2,30,G4,20,4,100
35021,COORONG DISTRICT COUNCIL,MAJQOB,B2,7.43E-05,0.041164498,B2,41.25,G1,33.75,H3,13.75,4,100
35023,SOUTHERN MALLEE DC,BEWHeA,F2,0.001090489,0.351733266,F2,56.25,G4,19,A5,14.25,4,100
35024,THE RURAL CITY OF MURRAY BRIDGE,BRKO-B,H3,4.58E-05,0.056778281,H3,35,G2,30,G4,20,4,100
35025,THE RURAL CITY OF MURRAY BRIDGE,MALQyB,B3,1.18E-05,0.015388521,B3,26.25,B7,22.5,B2,15,7,100
35026,THE RURAL CITY OF MURRAY BRIDGE,BRKSdA,B2,7.59E-06,0.016368357,B2,26,A4,22.5,B3,19,10,100
35028,THE RURAL CITY OF MURRAY BRIDGE,MALQzZ,B2,0.000386408,0.190918084,B2,55,B3,45,None,0,2,100
35030,SOUTHERN MALLEE DC,BEWOUI,H3,5.28E-05,0.056892875,H3,40,G4,20.75,F2,18.25,5,100
35038,THE RURAL CITY OF MURRAY BRIDGE,BRKO-B,H3,3.94E-05,0.060180923,H3,35,G2,30,G4,20,4,100
35039,COORONG DISTRICT COUNCIL,SHEU-B,H2,4.02E-05,0.035940364,H2,80,G3,20,None,0,2,100
35041,THE RURAL CITY OF MURRAY BRIDGE,BRKO-B,H3,6.72E-06,0.011930612,H3,35,G2,30,G4,20,4,100
35042,THE RURAL CITY OF MURRAY BRIDGE,MALQyB,B3,0.000468285,0.343746765,B3,26.25,B7,22.5,B2,15,7,100
35043,THE RURAL CITY OF MURRAY BRIDGE,MALZJ-,N2,1.09E-05,0.020929844,N2,35.93,E1,28,F2,21.07,4,100
35049,THE RURAL CITY OF MURRAY BRIDGE,MALZC-,N2,1.19E-05,0.017085095,N2,82.475,E1,10,F2,7.525,3,100
35057,THE DC OF KAROONDA EAST MURRAY,STWODc,H3,5.04E-05,0.032038132,H3,65,A4,15.75,C1,12.25,4,100
35061,THE RURAL CITY OF MURRAY BRIDGE,MALO-B,H3,1.36E-05,0.025248385,H3,45,G1,35,A4,20,3,100
35062,COORONG DISTRICT COUNCIL,MAJODb,H3,3.78E-05,0.031939404,H3,35.75,G2,29.25,B2,19.25,4,100
35063,COORONG DISTRICT COUNCIL,SHEMxB,B2,2.22E-05,0.020038551,B2,80,A4,20,None,0,2,100
35065,THE RURAL CITY OF MURRAY BRIDGE,BRKO-B,H3,7.34E-06,0.01431126,H3,35,G2,30,G4,20,4,100
35067,THE RURAL CITY OF MURRAY BRIDGE,BRKHuE,D2,3.26E-05,0.02753181,D2,55,A4,20,A6,15,4,100
35068,COORONG DISTRICT COUNCIL,MAJHsA,C3,3.05E-05,0.029168358,C3,26.25,D2,22.5,C1,15,6,100
35071,THE RURAL CITY OF MURRAY BRIDGE,BRKO-B,H3,1.38E-05,0.022095314,H3,35,G2,30,G4,20,4,100
35072,THE RURAL CITY OF MURRAY BRIDGE,MALZC-,N2,1.11E-05,0.013748189,N2,82.475,E1,10,F2,7.525,3,100
35074,THE RURAL CITY OF MURRAY BRIDGE,BRKO-B,H3,7.87E-06,0.013553396,H3,35,G2,30,G4,20,4,100
35075,THE RURAL CITY OF MURRAY BRIDGE,BRKO-B,H3,1.07E-05,0.020102116,H3,35,G2,30,G4,20,4,100
35077,COORONG DISTRICT COUNCIL,LMVXs-,N3,0.000107871,0.061470894,N3,100,None,0,None,0,1,100
35078,THE RURAL CITY OF MURRAY BRIDGE,BRKO-B,H3,1.26E-05,0.020143221,H3,35,G2,30,G4,20,4,100
35079,THE RURAL CITY OF MURRAY BRIDGE,BRKHuE,D2,1.11E-05,0.020747898,D2,55,A4,20,A6,15,4,100
35080,THE RURAL CITY OF MURRAY BRIDGE,BRKO-B,H3,4.94E-05,0.073276214,H3,35,G2,30,G4,20,4,100
35081,THE RURAL CITY OF MURRAY BRIDGE,BRKQcB,B2,4.42E-05,0.036737354,B2,35,A4,30,G4,20,4,100
35086,THE RURAL CITY OF MURRAY BRIDGE,BRKO-B,H3,1.09E-05,0.014735672,H3,35,G2,30,G4,20,4,100
35089,THE RURAL CITY OF MURRAY BRIDGE,BRKZA-,N2,1.63E-05,0.017165174,N2,100,None,0,None,0,1,100
35097,THE RURAL CITY OF MURRAY BRIDGE,BRKO-B,H3,7.29E-06,0.015106821,H3,35,G2,30,G4,20,4,100
35098,THE RURAL CITY OF MURRAY BRIDGE,BRKO-B,H3,9.38E-06,0.019191545,H3,35,G2,30,G4,20,4,100
35100,SOUTHERN MALLEE DC,BEWHeA,F2,4.39E-05,0.038664537,F2,56.25,G4,19,A5,14.25,4,100
35102,THE RURAL CITY OF MURRAY BRIDGE,MALZH-,N2,2.91E-05,0.036595569,N2,40.415,E1,34,F2,25.585,3,100
35104,THE RURAL CITY OF MURRAY BRIDGE,BRKHuE,D2,2.35E-05,0.022264439,D2,55,A4,20,A6,15,4,100
35113,COORONG DISTRICT COUNCIL,SHEUUJ,H2,1.18E-05,0.015091993,H2,36,B3,30.25,B1,11,6,100
35115,THE RURAL CITY OF MURRAY BRIDGE,BRKO-B,H3,1.46E-05,0.01788636,H3,35,G2,30,G4,20,4,100
35116,COORONG DISTRICT COUNCIL,SHEU-D,H2,1.99E-06,0.005620386,H2,80,G3,20,None,0,2,100
35117,THE RURAL CITY OF MURRAY BRIDGE,BRKO-B,H3,6.83E-06,0.018777428,H3,35,G2,30,G4,20,4,100
35126,THE RURAL CITY OF MURRAY BRIDGE,BRKO-B,H3,1.40E-05,0.024762611,H3,35,G2,30,G4,20,4,100
35128,THE RURAL CITY OF MURRAY BRIDGE,BRKO-B,H3,4.26E-05,0.07384644,H3,35,G2,30,G4,20,4,100
35132,THE RURAL CITY OF MURRAY BRIDGE,BRKZA-,N2,2.07E-06,0.007242306,N2,100,None,0,None,0,1,100
35133,THE RURAL CITY OF MURRAY BRIDGE,BRKO-B,H3,1.86E-05,0.033713362,H3,35,G2,30,G4,20,4,100
35134,COORONG DISTRICT COUNCIL,SHEU-D,H2,2.55E-06,0.006047054,H2,80,G3,20,None,0,2,100
35135,THE RURAL CITY OF MURRAY BRIDGE,BRKO-B,H3,9.37E-06,0.021433983,H3,35,G2,30,G4,20,4,100
35136,THE DC OF KAROONDA EAST MURRAY,STWIaA,D2,0.000511671,0.245861372,D2,100,None,0,None,0,1,100
35137,COORONG DISTRICT COUNCIL,MAJQOB,B2,0.000176315,0.074359746,B2,41.25,G1,33.75,H3,13.75,4,100
35140,SOUTHERN MALLEE DC,BEWOUJ,H3,0.000118787,0.061162918,H3,40,G4,20.75,F2,18.25,5,100
35141,THE RURAL CITY OF MURRAY BRIDGE,BRKHuE,D2,1.76E-05,0.021677726,D2,55,A4,20,A6,15,4,100
35142,THE RURAL CITY OF MURRAY BRIDGE,BRKO-B,H3,1.20E-05,0.024679565,H3,35,G2,30,G4,20,4,100
35143,THE RURAL CITY OF MURRAY BRIDGE,BRKO-B,H3,1.10E-05,0.015835234,H3,35,G2,30,G4,20,4,100
35144,THE DC OF KAROONDA EAST MURRAY,STWODa,H3,3.10E-05,0.026947372,H3,75,A4,11.25,C1,8.75,4,100
35145,SOUTHERN MALLEE DC,BEWHfA,F2,0.000122719,0.053458035,F2,45.25,H3,20,G4,15,5,100
35146,THE RURAL CITY OF MURRAY BRIDGE,LMVSXC,G1,0.00021045,0.153609103,G1,37.5,A4,33.75,H2,28.75,3,100
35149,THE RURAL CITY OF MURRAY BRIDGE,BRKO-B,H3,2.70E-05,0.033740537,H3,35,G2,30,G4,20,4,100
35150,THE RURAL CITY OF MURRAY BRIDGE,BRKO-B,H3,1.40E-05,0.021576649,H3,35,G2,30,G4,20,4,100
35154,THE RURAL CITY OF MURRAY BRIDGE,JERQcB,A4,1.58E-05,0.019924374,A4,41.25,G1,25,B2,15,5,100
35156,THE RURAL CITY OF MURRAY BRIDGE,MALZC-,N2,2.82E-05,0.029223824,N2,82.475,E1,10,F2,7.525,3,100
35164,THE RURAL CITY OF MURRAY BRIDGE,MALZC-,N2,1.82E-05,0.021532267,N2,82.475,E1,10,F2,7.525,3,100
35170,THE RURAL CITY OF MURRAY BRIDGE,MALZH-,N2,1.99E-05,0.017549235,N2,40.415,E1,34,F2,25.585,3,100
35172,THE RURAL CITY OF MURRAY BRIDGE,MALZH-,N2,6.70E-05,0.055612112,N2,40.415,E1,34,F2,25.585,3,100
35175,COORONG DISTRICT COUNCIL,SHEMxB,B2,0.000177393,0.062485576,B2,80,A4,20,None,0,2,100
35179,THE DC OF KAROONDA EAST MURRAY,GURHmA,C4,2.99E-05,0.030384968,C4,27,D3,26,G1,19.5,8,100
35181,THE RURAL CITY OF MURRAY BRIDGE,BRKO-B,H3,2.13E-05,0.031403529,H3,35,G2,30,G4,20,4,100
35183,THE DC OF KAROONDA EAST MURRAY,WYNHoA,D2,1.10E-05,0.012767025,D2,45,C1,35,G1,20,3,100
35184,THE RURAL CITY OF MURRAY BRIDGE,BRKQzZ,B2,6.31E-06,0.01124228,B2,55,B3,45,None,0,2,100
35188,THE DC OF KAROONDA EAST MURRAY,WYNHoA,D2,6.29E-05,0.049233284,D2,45,C1,35,G1,20,3,100
35191,COORONG DISTRICT COUNCIL,MAJQLB,B2,9.45E-05,0.060292805,B2,100,None,0,None,0,1,100
35194,COORONG DISTRICT COUNCIL,MAJQMB,B2,0.000210511,0.080879341,B2,100,None,0,None,0,1,100
35196,THE RURAL CITY OF MURRAY BRIDGE,BRKO-B,H3,3.96E-05,0.046654764,H3,35,G2,30,G4,20,4,100
35200,THE RURAL CITY OF MURRAY BRIDGE,BRKQzZ,B2,5.01E-06,0.009394125,B2,55,B3,45,None,0,2,100
35205,THE RURAL CITY OF MURRAY BRIDGE,MALHuO,F2,1.17E-05,0.01735277,F2,55,A5,45,None,0,2,100
35209,THE RURAL CITY OF MURRAY BRIDGE,BRKO-B,H3,1.51E-05,0.023957975,H3,35,G2,30,G4,20,4,100
35211,COORONG DISTRICT COUNCIL,MAJQLB,B2,0.000216403,0.082404339,B2,100,None,0,None,0,1,100
35212,COORONG DISTRICT COUNCIL,SHENbA,B3,5.40E-05,0.030024618,B3,45,B2,35,A4,20,3,100
35215,SOUTHERN MALLEE DC,BEWOUJ,H3,0.001281905,0.342437212,H3,40,G4,20.75,F2,18.25,5,100
35217,THE RURAL CITY OF MURRAY BRIDGE,BRKO-B,H3,2.38E-05,0.036472604,H3,35,G2,30,G4,20,4,100
35222,THE RURAL CITY OF MURRAY BRIDGE,JERUUK,G1,1.89E-05,0.022508381,G1,55,A4,24.75,B2,9,5,100
35225,THE RURAL CITY OF MURRAY BRIDGE,BRKO-B,H3,1.39E-05,0.02354736,H3,35,G2,30,G4,20,4,100
35228,THE RURAL CITY OF MURRAY BRIDGE,JERQcB,A4,7.83E-05,0.03683692,A4,41.25,G1,25,B2,15,5,100
35229,THE RURAL CITY OF MURRAY BRIDGE,MALHuT,F2,1.69E-05,0.024371041,F2,26.25,N2,25,A5,22.5,5,100
35237,COORONG DISTRICT COUNCIL,SHEU-D,H2,4.11E-06,0.010081066,H2,80,G3,20,None,0,2,100
35239,THE RURAL CITY OF MURRAY BRIDGE,MALQyL,B3,0.000259608,0.118740302,B3,26.25,B7,22.5,B2,15,8,100
35241,THE RURAL CITY OF MURRAY BRIDGE,BRKO-B,H3,2.20E-05,0.034025361,H3,35,G2,30,G4,20,4,100
35244,THE RURAL CITY OF MURRAY BRIDGE,JERUUK,G1,1.88E-05,0.019738197,G1,55,A4,24.75,B2,9,5,100
35246,THE RURAL CITY OF MURRAY BRIDGE,MALQzZ,B2,5.99E-06,0.012275599,B2,55,B3,45,None,0,2,100
35247,THE RURAL CITY OF MURRAY BRIDGE,BRKO-B,H3,9.34E-06,0.016393983,H3,35,G2,30,G4,20,4,100
35256,THE RURAL CITY OF MURRAY BRIDGE,MALQzZ,B2,6.26E-06,0.011512015,B2,55,B3,45,None,0,2,100
35260,SOUTHERN MALLEE DC,BEWHfA,F2,7.82E-05,0.048289844,F2,45.25,H3,20,G4,15,5,100
35263,THE RURAL CITY OF MURRAY BRIDGE,MALZH-,N2,3.42E-05,0.048479603,N2,40.415,E1,34,F2,25.585,3,100
35267,THE DC OF KAROONDA EAST MURRAY,GURHmA,C4,0.000667823,0.317442656,C4,27,D3,26,G1,19.5,8,100
35270,COORONG DISTRICT COUNCIL,MAJQKB,B2,4.83E-05,0.031064187,B2,100,None,0,None,0,1,100
35273,THE RURAL CITY OF MURRAY BRIDGE,MALUUK,H2,1.44E-05,0.016958951,H2,44,B3,15.75,B7,13.5,7,100
35274,THE RURAL CITY OF MURRAY BRIDGE,MALHuT,F2,5.26E-06,0.009525392,F2,26.25,N2,25,A5,22.5,5,100
35276,THE RURAL CITY OF MURRAY BRIDGE,MALZC-,N2,3.71E-05,0.023605824,N2,82.475,E1,10,F2,7.525,3,100
35279,THE RURAL CITY OF MURRAY BRIDGE,BRKHuE,D2,2.88E-05,0.040625444,D2,55,A4,20,A6,15,4,100
35281,THE RURAL CITY OF MURRAY BRIDGE,JERQzA,B2,0.001914332,0.655683631,B2,35,B3,30,A4,20,4,100
35283,THE DC OF KAROONDA EAST MURRAY,STWODd,H3,0.000339636,0.102950386,H3,45,A4,24.75,C1,19.25,4,100
35302,THE DC OF KAROONDA EAST MURRAY,STWODb,H3,0.000340074,0.14634928,H3,65,A4,15.75,C1,12.25,4,100
35304,THE DC OF KAROONDA EAST MURRAY,STWODc,H3,0.00064896,0.167789435,H3,65,A4,15.75,C1,12.25,4,100
35311,COORONG DISTRICT COUNCIL,SHEMxB,B2,3.88E-05,0.022699166,B2,80,A4,20,None,0,2,100
35314,THE RURAL CITY OF MURRAY BRIDGE,MALO-B,H3,9.15E-06,0.017744407,H3,45,G1,35,A4,20,3,100
35315,SOUTHERN MALLEE DC,BEWHfA,F2,0.000279234,0.153133437,F2,45.25,H3,20,G4,15,5,100
35319,THE RURAL CITY OF MURRAY BRIDGE,BRKO-B,H3,1.74E-05,0.031857662,H3,35,G2,30,G4,20,4,100
35323,SOUTHERN MALLEE DC,BEWOUJ,H3,0.001312213,0.296732186,H3,40,G4,20.75,F2,18.25,5,100
35325,THE RURAL CITY OF MURRAY BRIDGE,MALQyB,B3,0.000107831,0.096622334,B3,26.25,B7,22.5,B2,15,7,100
35328,THE DC OF KAROONDA EAST MURRAY,MAJODi,H3,3.61E-05,0.028035817,H3,35.75,G2,29.25,B2,18.5,5,100
35333,THE RURAL CITY OF MURRAY BRIDGE,BRKO-B,H3,1.63E-05,0.025326357,H3,35,G2,30,G4,20,4,100
35336,THE DC OF KAROONDA EAST MURRAY,GURHnA,C4,0.000336824,0.236428742,C4,22.5,D3,22.5,G1,16.25,8,100
35339,COORONG DISTRICT COUNCIL,SHEUUJ,H2,5.28E-05,0.05532225,H2,36,B3,30.25,B1,11,6,100
35340,THE DC OF KAROONDA EAST MURRAY,BEWHfA,F2,8.33E-05,0.072272685,F2,45.25,H3,20,G4,15,5,100
35342,COORONG DISTRICT COUNCIL,MAJODc,H3,9.01E-05,0.054062274,H3,35.75,G2,29.25,B2,19.25,4,100
35346,COORONG DISTRICT COUNCIL,MAJODf,B2,0.001712974,0.382576858,B2,30.25,G1,24.75,H3,24.75,4,100
35347,SOUTHERN MALLEE DC,BEWHeA,F2,0.000626425,0.20825744,F2,56.25,G4,19,A5,14.25,4,100
35348,COORONG DISTRICT COUNCIL,SHEUUJ,H2,0.000152085,0.08834994,H2,36,B3,30.25,B1,11,6,100
35349,THE DC OF KAROONDA EAST MURRAY,BEWHfA,F2,0.000115057,0.080738008,F2,45.25,H3,20,G4,15,5,100
35355,THE RURAL CITY OF MURRAY BRIDGE,MALO-B,H3,1.58E-05,0.026784443,H3,45,G1,35,A4,20,3,100
35359,COORONG DISTRICT COUNCIL,SHENdA,B3,0.000469056,0.150852096,B3,55,A4,20,B1,15,4,100
35360,COORONG DISTRICT COUNCIL,SHEU-B,H2,1.13E-05,0.015294925,H2,80,G3,20,None,0,2,100
35361,THE RURAL CITY OF MURRAY BRIDGE,JERQzA,B2,0.000110571,0.090152711,B2,35,B3,30,A4,20,4,100
35363,THE DC OF KAROONDA EAST MURRAY,STWIaA,D2,2.21E-05,0.020904975,D2,100,None,0,None,0,1,100
35371,THE DC OF KAROONDA EAST MURRAY,STWSfB,A4,0.000481233,0.161888995,A4,29.75,C1,25.5,B2,17,5,100
35372,THE DC OF KAROONDA EAST MURRAY,MAJODb,H3,4.78E-05,0.047042733,H3,35.75,G2,29.25,B2,19.25,4,100
35373,COORONG DISTRICT COUNCIL,MAJQKB,B2,0.000132542,0.057345511,B2,100,None,0,None,0,1,100
35375,COORONG DISTRICT COUNCIL,SHEUUJ,H2,1.46E-05,0.02270387,H2,36,B3,30.25,B1,11,6,100
35377,THE RURAL CITY OF MURRAY BRIDGE,JERQzA,B2,0.00023649,0.119711717,B2,35,B3,30,A4,20,4,100
35379,THE RURAL CITY OF MURRAY BRIDGE,MALZC-,N2,0.000152434,0.097837006,N2,82.475,E1,10,F2,7.525,3,100
35380,THE RURAL CITY OF MURRAY BRIDGE,MALODI,H3,0.000817353,0.244262293,H3,24.75,G1,19.25,A4,17.75,6,100
35381,SOUTHERN MALLEE DC,BEWHfA,F2,9.14E-05,0.054430285,F2,45.25,H3,20,G4,15,5,100
35383,THE RURAL CITY OF MURRAY BRIDGE,BRKHuE,D2,6.00E-06,0.008908753,D2,55,A4,20,A6,15,4,100
35386,THE DC OF KAROONDA EAST MURRAY,GUROTJ,H3,0.000471543,0.150509472,H3,32,C4,20,D3,17.5,6,100
35388,THE DC OF KAROONDA EAST MURRAY,GURHmA,C4,7.82E-05,0.076000795,C4,27,D3,26,G1,19.5,8,100
35389,THE RURAL CITY OF MURRAY BRIDGE,MALZC-,N2,8.87E-06,0.012511172,N2,82.475,E1,10,F2,7.525,3,100
35390,COORONG DISTRICT COUNCIL,SHENbA,B3,1.58E-05,0.021971999,B3,45,B2,35,A4,20,3,100
35396,THE RURAL CITY OF MURRAY BRIDGE,BRKO-B,H3,1.77E-05,0.027993184,H3,35,G2,30,G4,20,4,100
35397,COORONG DISTRICT COUNCIL,SHENbA,B3,0.012803901,2.685271952,B3,45,B2,35,A4,20,3,100
35398,THE RURAL CITY OF MURRAY BRIDGE,BRKHuE,D2,2.06E-05,0.019582979,D2,55,A4,20,A6,15,4,100
35401,THE RURAL CITY OF MURRAY BRIDGE,MALO-B,H3,7.42E-06,0.015375814,H3,45,G1,35,A4,20,3,100
35407,THE RURAL CITY OF MURRAY BRIDGE,BRKO-B,H3,5.53E-06,0.01137458,H3,35,G2,30,G4,20,4,100
35409,THE RURAL CITY OF MURRAY BRIDGE,BRKO-B,H3,6.61E-06,0.013255863,H3,35,G2,30,G4,20,4,100
35410,THE RURAL CITY OF MURRAY BRIDGE,MALQyB,B3,9.09E-06,0.014666045,B3,26.25,B7,22.5,B2,15,7,100
35411,THE RURAL CITY OF MURRAY BRIDGE,BRKHuE,D2,7.73E-06,0.013825285,D2,55,A4,20,A6,15,4,100
35415,THE RURAL CITY OF MURRAY BRIDGE,BRKO-B,H3,7.12E-06,0.013189587,H3,35,G2,30,G4,20,4,100
35417,THE DC OF KAROONDA EAST MURRAY,STWSfB,A4,0.000229121,0.081080608,A4,29.75,C1,25.5,B2,17,5,100
35419,SOUTHERN MALLEE DC,BEWHeA,F2,0.000132386,0.066573087,F2,56.25,G4,19,A5,14.25,4,100
35420,COORONG DISTRICT COUNCIL,SHEU-B,H2,1.24E-05,0.014721487,H2,80,G3,20,None,0,2,100
35423,THE RURAL CITY OF MURRAY BRIDGE,BRKSdA,B2,9.46E-06,0.015675605,B2,26,A4,22.5,B3,19,10,100
35424,COORONG DISTRICT COUNCIL,SHENbA,B3,2.08E-05,0.027800507,B3,45,B2,35,A4,20,3,100
35429,THE RURAL CITY OF MURRAY BRIDGE,BRKO-B,H3,4.24E-05,0.044549635,H3,35,G2,30,G4,20,4,100
35431,SOUTHERN MALLEE DC,BEWHeA,F2,0.002790892,1.183250053,F2,56.25,G4,19,A5,14.25,4,100
35432,THE RURAL CITY OF MURRAY BRIDGE,MALO-B,H3,1.19E-05,0.026263465,H3,45,G1,35,A4,20,3,100
35437,THE RURAL CITY OF MURRAY BRIDGE,BRKO-B,H3,1.29E-05,0.018670054,H3,35,G2,30,G4,20,4,100
35438,THE RURAL CITY OF MURRAY BRIDGE,BRKO-B,H3,1.85E-05,0.038430138,H3,35,G2,30,G4,20,4,100
35439,COORONG DISTRICT COUNCIL,SHEU-D,H2,4.24E-06,0.010019887,H2,80,G3,20,None,0,2,100
35444,THE RURAL CITY OF MURRAY BRIDGE,MALZH-,N2,8.44E-05,0.07874655,N2,40.415,E1,34,F2,25.585,3,100
35445,COORONG DISTRICT COUNCIL,SHENdA,B3,0.000237493,0.096457987,B3,55,A4,20,B1,15,4,100
35446,THE DC OF KAROONDA EAST MURRAY,MAJODc,H3,0.000240132,0.094343012,H3,35.75,G2,29.25,B2,19.25,4,100
35447,THE RURAL CITY OF MURRAY BRIDGE,BRKO-B,H3,8.02E-06,0.015049651,H3,35,G2,30,G4,20,4,100
35452,COORONG DISTRICT COUNCIL,SHEU-D,H2,8.54E-06,0.018061594,H2,80,G3,20,None,0,2,100
35454,THE RURAL CITY OF MURRAY BRIDGE,BRKZA-,N2,5.04E-06,0.008341685,N2,100,None,0,None,0,1,100
35457,THE DC OF KAROONDA EAST MURRAY,BILOAF,H3,0.000878931,0.304822568,H3,35.75,H2,29.25,G2,19.25,6,100
35458,THE RURAL CITY OF MURRAY BRIDGE,JERUUK,G1,6.03E-05,0.047448728,G1,55,A4,24.75,B2,9,5,100
35460,THE RURAL CITY OF MURRAY BRIDGE,JERQcB,A4,1.41E-05,0.016279247,A4,41.25,G1,25,B2,15,5,100
35464,THE RURAL CITY OF MURRAY BRIDGE,MALO-B,H3,6.63E-06,0.014568795,H3,45,G1,35,A4,20,3,100
35465,COORONG DISTRICT COUNCIL,SHENbA,B3,0.004929625,1.36051096,B3,45,B2,35,A4,20,3,100
35468,THE DC OF KAROONDA EAST MURRAY,STWIbK,D2,3.63E-05,0.028397559,D2,85,H3,10,N2,3.25,5,100
35470,THE RURAL CITY OF MURRAY BRIDGE,MALO-B,H3,2.33E-05,0.043468886,H3,45,G1,35,A4,20,3,100
35472,COORONG DISTRICT COUNCIL,SHENbP,B3,0.000759777,0.242412176,B3,48.75,H2,25,B2,15,4,100
35475,THE RURAL CITY OF MURRAY BRIDGE,BRKQzZ,B2,3.50E-05,0.041310283,B2,55,B3,45,None,0,2,100
35476,THE RURAL CITY OF MURRAY BRIDGE,HARRAB,B8,2.49E-05,0.032065513,B8,35,B2,30,B7,20,4,100
35479,THE RURAL CITY OF MURRAY BRIDGE,BRKO-B,H3,1.48E-05,0.022600197,H3,35,G2,30,G4,20,4,100
35480,THE DC OF KAROONDA EAST MURRAY,WYNHoA,D2,2.84E-05,0.030587399,D2,45,C1,35,G1,20,3,100
35483,THE DC OF KAROONDA EAST MURRAY,SHENbA,B3,8.30E-05,0.042011733,B3,45,B2,35,A4,20,3,100
35484,SOUTHERN MALLEE DC,BILOAM,H3,8.95E-05,0.045080514,H3,35.75,H2,29.25,G2,16.5,6,100
35487,THE DC OF KAROONDA EAST MURRAY,GUROTF,H3,3.20E-05,0.02609544,H3,52,H2,13,C4,12.25,6,100
35489,THE RURAL CITY OF MURRAY BRIDGE,BRKO-B,H3,6.40E-05,0.070997863,H3,35,G2,30,G4,20,4,100
35491,THE RURAL CITY OF MURRAY BRIDGE,BRKO-B,H3,1.07E-05,0.022430518,H3,35,G2,30,G4,20,4,100
35492,THE RURAL CITY OF MURRAY BRIDGE,BRKO-B,H3,0.000111433,0.160959512,H3,35,G2,30,G4,20,4,100
35493,THE RURAL CITY OF MURRAY BRIDGE,BRKHuE,D2,3.65E-05,0.033989282,D2,55,A4,20,A6,15,4,100
35495,THE RURAL CITY OF MURRAY BRIDGE,MALO-B,H3,3.41E-06,0.009308831,H3,45,G1,35,A4,20,3,100
35500,COORONG DISTRICT COUNCIL,WYNHoA,D2,2.02E-05,0.018126862,D2,45,C1,35,G1,20,3,100
35503,THE RURAL CITY OF MURRAY BRIDGE,BRKSdA,B2,2.10E-05,0.038717908,B2,26,A4,22.5,B3,19,10,100
35504,THE RURAL CITY OF MURRAY BRIDGE,BRKHuE,D2,2.98E-05,0.02407215,D2,55,A4,20,A6,15,4,100
35508,SOUTHERN MALLEE DC,PINOUI,G1,1.45E-05,0.01935803,G1,45,D3,44,G4,11,3,100
35510,THE RURAL CITY OF MURRAY BRIDGE,BRKO-B,H3,1.23E-05,0.025391743,H3,35,G2,30,G4,20,4,100
35514,THE RURAL CITY OF MURRAY BRIDGE,BRKSdA,B2,4.66E-05,0.031229845,B2,26,A4,22.5,B3,19,10,100
35515,THE RURAL CITY OF MURRAY BRIDGE,BRKHuE,D2,5.01E-05,0.037052882,D2,55,A4,20,A6,15,4,100
35516,THE DC OF KAROONDA EAST MURRAY,WYNQMB,B2,7.45E-05,0.049972796,B2,100,None,0,None,0,1,100
35520,COORONG DISTRICT COUNCIL,SHEU-D,H2,5.66E-06,0.013744723,H2,80,G3,20,None,0,2,100
35521,THE RURAL CITY OF MURRAY BRIDGE,BRKO-B,H3,4.92E-05,0.035794443,H3,35,G2,30,G4,20,4,100
35522,THE RURAL CITY OF MURRAY BRIDGE,BRKO-B,H3,1.03E-05,0.02022523,H3,35,G2,30,G4,20,4,100
35523,THE RURAL CITY OF MURRAY BRIDGE,BRKO-B,H3,2.01E-05,0.031209149,H3,35,G2,30,G4,20,4,100
35524,SOUTHERN MALLEE DC,BEWOUJ,H3,5.65E-05,0.036394141,H3,40,G4,20.75,F2,18.25,5,100
35527,THE RURAL CITY OF MURRAY BRIDGE,BRKO-B,H3,6.85E-06,0.014259127,H3,35,G2,30,G4,20,4,100
35536,THE RURAL CITY OF MURRAY BRIDGE,MALO-B,H3,1.47E-05,0.030231638,H3,45,G1,35,A4,20,3,100
35540,THE RURAL CITY OF MURRAY BRIDGE,BRKO-B,H3,1.30E-05,0.029068515,H3,35,G2,30,G4,20,4,100
35542,THE RURAL CITY OF MURRAY BRIDGE,MALZH-,N2,1.51E-05,0.021413086,N2,40.415,E1,34,F2,25.585,3,100
35544,COORONG DISTRICT COUNCIL,MAJHrA,C3,5.13E-05,0.039175338,C3,35,D2,30,C1,20,4,100
35549,THE RURAL CITY OF MURRAY BRIDGE,BRKQzZ,B2,1.28E-05,0.015481307,B2,55,B3,45,None,0,2,100
35553,COORONG DISTRICT COUNCIL,SHEUUJ,H2,4.64E-05,0.044529911,H2,36,B3,30.25,B1,11,6,100
35555,THE RURAL CITY OF MURRAY BRIDGE,MALO-B,H3,1.10E-05,0.018601241,H3,45,G1,35,A4,20,3,100
35558,THE DC OF KAROONDA EAST MURRAY,STWODa,H3,1.96E-05,0.019512478,H3,75,A4,11.25,C1,8.75,4,100
35560,THE RURAL CITY OF MURRAY BRIDGE,BRKO-B,H3,3.16E-05,0.047562924,H3,35,G2,30,G4,20,4,100
35562,THE RURAL CITY OF MURRAY BRIDGE,BRKO-B,H3,1.97E-05,0.040132308,H3,35,G2,30,G4,20,4,100
35564,THE DC OF KAROONDA EAST MURRAY,STWODb,H3,3.22E-05,0.033479097,H3,65,A4,15.75,C1,12.25,4,100
35568,THE DC OF KAROONDA EAST MURRAY,STWIaA,D2,1.05E-05,0.015770369,D2,100,None,0,None,0,1,100
35570,THE RURAL CITY OF MURRAY BRIDGE,MALHuT,F2,1.06E-05,0.018503239,F2,26.25,N2,25,A5,22.5,5,100
35575,THE RURAL CITY OF MURRAY BRIDGE,BRKZA-,N2,4.05E-06,0.008542406,N2,100,None,0,None,0,1,100
35576,THE RURAL CITY OF MURRAY BRIDGE,BRKO-B,H3,6.28E-05,0.08398989,H3,35,G2,30,G4,20,4,100
35580,THE RURAL CITY OF MURRAY BRIDGE,HARQMB,B2,7.88E-06,0.011282306,B2,55,A4,20,B3,15,4,100
35581,THE RURAL CITY OF MURRAY BRIDGE,JERQzA,B2,0.000121103,0.046436356,B2,35,B3,30,A4,20,4,100
35582,THE RURAL CITY OF MURRAY BRIDGE,BRKO-B,H3,6.89E-05,0.084805905,H3,35,G2,30,G4,20,4,100
35588,THE RURAL CITY OF MURRAY BRIDGE,BRKO-B,H3,3.07E-05,0.049938816,H3,35,G2,30,G4,20,4,100
35592,THE RURAL CITY OF MURRAY BRIDGE,BRKHuE,D2,3.29E-05,0.023072836,D2,55,A4,20,A6,15,4,100
35593,THE RURAL CITY OF MURRAY BRIDGE,BRKHuE,D2,1.67E-05,0.022100411,D2,55,A4,20,A6,15,4,100
35594,THE RURAL CITY OF MURRAY BRIDGE,BRKQcB,B2,7.61E-06,0.012453944,B2,35,A4,30,G4,20,4,100
35596,THE RURAL CITY OF MURRAY BRIDGE,BRKQzZ,B2,2.97E-06,0.006815855,B2,55,B3,45,None,0,2,100
35598,THE RURAL CITY OF MURRAY BRIDGE,BRKQzZ,B2,1.78E-05,0.017354879,B2,55,B3,45,None,0,2,100
35600,SOUTHERN MALLEE DC,BEWHfA,F2,0.000755499,0.14158704,F2,45.25,H3,20,G4,15,5,100
35602,THE DC OF KAROONDA EAST MURRAY,WYNUef,H2,0.000135381,0.059670882,H2,45,B2,24.75,C1,19.25,4,100
35605,COORONG DISTRICT COUNCIL,MAJQKE,B2,4.47E-05,0.048449877,B2,100,None,0,None,0,1,100
35606,COORONG DISTRICT COUNCIL,WYNQMB,B2,3.13E-05,0.024648179,B2,100,None,0,None,0,1,100
35617,THE RURAL CITY OF MURRAY BRIDGE,BRKSdA,B2,0.000114601,0.12891253,B2,26,A4,22.5,B3,19,10,100
35621,COORONG DISTRICT COUNCIL,SHENbA,B3,5.33E-05,0.047701033,B3,45,B2,35,A4,20,3,100
35626,THE RURAL CITY OF MURRAY BRIDGE,BRKO-B,H3,4.54E-05,0.0674492,H3,35,G2,30,G4,20,4,100
35631,THE RURAL CITY OF MURRAY BRIDGE,MALO-B,H3,2.79E-05,0.039969471,H3,45,G1,35,A4,20,3,100
35634,COORONG DISTRICT COUNCIL,SHENdP,B3,0.000309822,0.134822679,B3,41.25,H2,20,B1,15,6,100
35637,THE DC OF KAROONDA EAST MURRAY,SHEUUF,H2,8.64E-05,0.083913539,H2,52,B3,19.25,G3,13,6,100
35638,COORONG DISTRICT COUNCIL,LMVXi-,E3,4.75E-05,0.0387589,E3,65,G1,20,M2,15,3,100
35641,THE RURAL CITY OF MURRAY BRIDGE,BRKQzZ,B2,0.00023962,0.114651985,B2,55,B3,45,None,0,2,100
35642,THE RURAL CITY OF MURRAY BRIDGE,BRKO-B,H3,2.90E-05,0.041376701,H3,35,G2,30,G4,20,4,100
35643,THE RURAL CITY OF MURRAY BRIDGE,BRKSdA,B2,1.25E-05,0.014984456,B2,26,A4,22.5,B3,19,10,100
35649,THE RURAL CITY OF MURRAY BRIDGE,BRKHuE,D2,2.39E-05,0.029407617,D2,55,A4,20,A6,15,4,100
35651,COORONG DISTRICT COUNCIL,SHENbA,B3,0.00070879,0.359561056,B3,45,B2,35,A4,20,3,100
35652,THE RURAL CITY OF MURRAY BRIDGE,BRKQzZ,B2,4.23E-06,0.008368998,B2,55,B3,45,None,0,2,100
35654,THE RURAL CITY OF MURRAY BRIDGE,BRKO-B,H3,8.11E-06,0.017596875,H3,35,G2,30,G4,20,4,100
35655,THE DC OF KAROONDA EAST MURRAY,WYNQMB,B2,2.80E-05,0.025477562,B2,100,None,0,None,0,1,100
35659,THE RURAL CITY OF MURRAY BRIDGE,BRKO-B,H3,1.57E-05,0.022892247,H3,35,G2,30,G4,20,4,100
35660,THE RURAL CITY OF MURRAY BRIDGE,BRKO-B,H3,2.68E-05,0.042760652,H3,35,G2,30,G4,20,4,100
35661,THE RURAL CITY OF MURRAY BRIDGE,BRKO-B,H3,1.98E-05,0.023704278,H3,35,G2,30,G4,20,4,100
35663,THE RURAL CITY OF MURRAY BRIDGE,BRKHuE,D2,4.37E-05,0.034527158,D2,55,A4,20,A6,15,4,100
35664,COORONG DISTRICT COUNCIL,MAJHrA,C3,0.000113531,0.067567207,C3,35,D2,30,C1,20,4,100
35668,COORONG DISTRICT COUNCIL,MAJQKB,B2,0.000229468,0.089167082,B2,100,None,0,None,0,1,100
35672,THE RURAL CITY OF MURRAY BRIDGE,BRKO-B,H3,4.46E-05,0.069937384,H3,35,G2,30,G4,20,4,100
35674,THE RURAL CITY OF MURRAY BRIDGE,MALZC-,N2,2.23E-05,0.033770259,N2,82.475,E1,10,F2,7.525,3,100
35678,COORONG DISTRICT COUNCIL,SHEUUJ,H2,0.000263615,0.135809627,H2,36,B3,30.25,B1,11,6,100
35679,THE DC OF KAROONDA EAST MURRAY,WYNQkB,B2,0.000381782,0.138554298,B2,41.25,C1,33.75,H2,25,3,100
35683,COORONG DISTRICT COUNCIL,SHEUUJ,H2,0.000204385,0.087501348,H2,36,B3,30.25,B1,11,6,100
35684,THE DC OF KAROONDA EAST MURRAY,STWODe,H3,0.000903734,0.285501913,H3,45,A4,24.75,C1,19.25,4,100
35685,COORONG DISTRICT COUNCIL,SHEUUJ,H2,0.000281581,0.129217375,H2,36,B3,30.25,B1,11,6,100
35686,COORONG DISTRICT COUNCIL,BURQME,B2,2.14E-05,0.027536628,B2,65,B3,20,A4,15,3,100
35687,THE RURAL CITY OF MURRAY BRIDGE,BRKO-B,H3,3.05E-05,0.047874468,H3,35,G2,30,G4,20,4,100
35688,COORONG DISTRICT COUNCIL,SHEMxB,B2,7.07E-05,0.042548061,B2,80,A4,20,None,0,2,100
35689,THE DC OF KAROONDA EAST MURRAY,STWIbK,D2,3.74E-05,0.035672116,D2,85,H3,10,N2,3.25,5,100
35693,COORONG DISTRICT COUNCIL,SHEU-D,H2,3.18E-05,0.045152857,H2,80,G3,20,None,0,2,100
35699,THE RURAL CITY OF MURRAY BRIDGE,MALQyL,B3,0.000218135,0.162212653,B3,26.25,B7,22.5,B2,15,8,100
35702,THE DC OF KAROONDA EAST MURRAY,MAJQOB,B2,0.000263459,0.144980232,B2,41.25,G1,33.75,H3,13.75,4,100
35706,THE DC OF KAROONDA EAST MURRAY,GURHnA,C4,0.000229153,0.164152413,C4,22.5,D3,22.5,G1,16.25,8,100
35716,THE RURAL CITY OF MURRAY BRIDGE,JERQcB,A4,0.000208944,0.096689366,A4,41.25,G1,25,B2,15,5,100
35718,COORONG DISTRICT COUNCIL,LMVSXC,G1,4.71E-05,0.053827884,G1,37.5,A4,33.75,H2,28.75,3,100
35719,THE RURAL CITY OF MURRAY BRIDGE,BRKQzZ,B2,0.000251073,0.15576006,B2,55,B3,45,None,0,2,100
35721,THE RURAL CITY OF MURRAY BRIDGE,LMVSXII,A4,8.32E-05,0.089790329,A4,45,G1,35,H2,20,3,100
35725,THE RURAL CITY OF MURRAY BRIDGE,MALO-B,H3,2.18E-05,0.034514188,H3,45,G1,35,A4,20,3,100
35726,THE RURAL CITY OF MURRAY BRIDGE,BRKO-B,H3,5.39E-06,0.010990498,H3,35,G2,30,G4,20,4,100
35728,THE RURAL CITY OF MURRAY BRIDGE,JERQcB,A4,2.17E-05,0.019744892,A4,41.25,G1,25,B2,15,5,100
35729,THE RURAL CITY OF MURRAY BRIDGE,BRKHuE,D2,1.53E-05,0.022291442,D2,55,A4,20,A6,15,4,100
35733,THE RURAL CITY OF MURRAY BRIDGE,BRKO-B,H3,2.63E-05,0.032309651,H3,35,G2,30,G4,20,4,100
35738,THE RURAL CITY OF MURRAY BRIDGE,MALZC-,N2,2.03E-05,0.03109343,N2,82.475,E1,10,F2,7.525,3,100
35742,THE RURAL CITY OF MURRAY BRIDGE,BRKO-B,H3,3.88E-05,0.056450194,H3,35,G2,30,G4,20,4,100
35745,THE RURAL CITY OF MURRAY BRIDGE,BRKQzZ,B2,2.35E-05,0.023510193,B2,55,B3,45,None,0,2,100
35747,COORONG DISTRICT COUNCIL,WYNHoA,D2,4.86E-05,0.030338745,D2,45,C1,35,G1,20,3,100
35748,THE RURAL CITY OF MURRAY BRIDGE,BRKHuE,D2,2.88E-05,0.029607469,D2,55,A4,20,A6,15,4,100
35750,THE RURAL CITY OF MURRAY BRIDGE,BRKO-B,H3,5.43E-06,0.016842285,H3,35,G2,30,G4,20,4,100
35755,THE DC OF KAROONDA EAST MURRAY,BEWHfA,F2,0.000236724,0.105212884,F2,45.25,H3,20,G4,15,5,100
35757,THE RURAL CITY OF MURRAY BRIDGE,BRKO-B,H3,1.80E-05,0.026630279,H3,35,G2,30,G4,20,4,100
35759,THE RURAL CITY OF MURRAY BRIDGE,BRKO-B,H3,6.66E-06,0.014611092,H3,35,G2,30,G4,20,4,100
35760,THE RURAL CITY OF MURRAY BRIDGE,BRKQzZ,B2,1.24E-05,0.014617356,B2,55,B3,45,None,0,2,100
35763,THE RURAL CITY OF MURRAY BRIDGE,BRKSdA,B2,1.00E-05,0.018708449,B2,26,A4,22.5,B3,19,10,100
35764,THE RURAL CITY OF MURRAY BRIDGE,BRKO-B,H3,1.66E-05,0.028180525,H3,35,G2,30,G4,20,4,100
35769,THE DC OF KAROONDA EAST MURRAY,STWODa,H3,4.12E-05,0.028305151,H3,75,A4,11.25,C1,8.75,4,100
35771,THE RURAL CITY OF MURRAY BRIDGE,BRKZA-,N2,1.52E-05,0.014670281,N2,100,None,0,None,0,1,100
35772,COORONG DISTRICT COUNCIL,SHEU-D,H2,1.30E-05,0.015942328,H2,80,G3,20,None,0,2,100
35775,COORONG DISTRICT COUNCIL,SHEU-D,H2,1.60E-05,0.017156168,H2,80,G3,20,None,0,2,100
35777,THE DC OF KAROONDA EAST MURRAY,STWODb,H3,8.60E-05,0.036769672,H3,65,A4,15.75,C1,12.25,4,100
35779,THE RURAL CITY OF MURRAY BRIDGE,JERQcB,A4,6.77E-05,0.049479429,A4,41.25,G1,25,B2,15,5,100
35787,THE DC OF KAROONDA EAST MURRAY,STWIcB,D2,8.60E-05,0.065646848,D2,35,H3,25,A4,18,5,100
35788,THE RURAL CITY OF MURRAY BRIDGE,BRKHuE,D2,8.07E-06,0.011538905,D2,55,A4,20,A6,15,4,100
35793,THE RURAL CITY OF MURRAY BRIDGE,BRKO-B,H3,1.09E-05,0.019027615,H3,35,G2,30,G4,20,4,100
35802,THE DC OF KAROONDA EAST MURRAY,MAJQKB,B2,6.66E-05,0.059658884,B2,100,None,0,None,0,1,100
35804,COORONG DISTRICT COUNCIL,MAJQKE,B2,0.000197604,0.147213293,B2,100,None,0,None,0,1,100
35811,COORONG DISTRICT COUNCIL,MAJQKE,B2,0.000193969,0.075422606,B2,100,None,0,None,0,1,100
35812,THE RURAL CITY OF MURRAY BRIDGE,BRKO-B,H3,2.95E-05,0.038012789,H3,35,G2,30,G4,20,4,100
35816,THE RURAL CITY OF MURRAY BRIDGE,BRKO-B,H3,2.14E-05,0.025834657,H3,35,G2,30,G4,20,4,100
35818,THE RURAL CITY OF MURRAY BRIDGE,BRKO-B,H3,1.22E-05,0.020102079,H3,35,G2,30,G4,20,4,100
35820,THE RURAL CITY OF MURRAY BRIDGE,BRKO-B,H3,3.82E-05,0.047326315,H3,35,G2,30,G4,20,4,100
35823,THE RURAL CITY OF MURRAY BRIDGE,MALO-B,H3,6.01E-06,0.016326272,H3,45,G1,35,A4,20,3,100
35825,THE RURAL CITY OF MURRAY BRIDGE,BRKSdA,B2,6.99E-06,0.012352068,B2,26,A4,22.5,B3,19,10,100
35833,THE RURAL CITY OF MURRAY BRIDGE,BRKO-B,H3,1.71E-05,0.025102477,H3,35,G2,30,G4,20,4,100
35841,THE RURAL CITY OF MURRAY BRIDGE,MALZC-,N2,1.83E-05,0.019312845,N2,82.475,E1,10,F2,7.525,3,100
35846,THE RURAL CITY OF MURRAY BRIDGE,MALQzZ,B2,4.07E-05,0.048654187,B2,55,B3,45,None,0,2,100
35849,THE RURAL CITY OF MURRAY BRIDGE,BRKQcB,B2,1.97E-05,0.018423284,B2,35,A4,30,G4,20,4,100
35850,THE RURAL CITY OF MURRAY BRIDGE,BRKO-B,H3,8.44E-06,0.015768287,H3,35,G2,30,G4,20,4,100
35851,COORONG DISTRICT COUNCIL,SHEU-B,H2,1.16E-05,0.013370439,H2,80,G3,20,None,0,2,100
35853,THE RURAL CITY OF MURRAY BRIDGE,BRKO-B,H3,1.80E-05,0.028217447,H3,35,G2,30,G4,20,4,100
35854,THE RURAL CITY OF MURRAY BRIDGE,BRKZA-,N2,1.61E-05,0.016789373,N2,100,None,0,None,0,1,100
35855,THE RURAL CITY OF MURRAY BRIDGE,BRKQcB,B2,2.67E-05,0.028779879,B2,35,A4,30,G4,20,4,100
35857,COORONG DISTRICT COUNCIL,BURQME,B2,3.50E-05,0.036906311,B2,65,B3,20,A4,15,3,100
35859,THE RURAL CITY OF MURRAY BRIDGE,BRKZA-,N2,1.24E-05,0.013816473,N2,100,None,0,None,0,1,100
35866,THE DC OF KAROONDA EAST MURRAY,BILOAF,H3,0.000466394,0.141864606,H3,35.75,H2,29.25,G2,19.25,6,100
35868,COORONG DISTRICT COUNCIL,MAJQKB,B2,2.54E-05,0.022242831,B2,100,None,0,None,0,1,100
35871,THE RURAL CITY OF MURRAY BRIDGE,BRKO-B,H3,6.56E-06,0.013523797,H3,35,G2,30,G4,20,4,100
35872,THE RURAL CITY OF MURRAY BRIDGE,MALUUK,H2,0.00012136,0.089047366,H2,44,B3,15.75,B7,13.5,7,100
35873,THE RURAL CITY OF MURRAY BRIDGE,MALO-B,H3,2.24E-05,0.027042954,H3,45,G1,35,A4,20,3,100
35876,THE RURAL CITY OF MURRAY BRIDGE,MALHuT,F2,4.22E-06,0.007702368,F2,26.25,N2,25,A5,22.5,5,100
35881,THE RURAL CITY OF MURRAY BRIDGE,JERQcB,A4,1.31E-05,0.018931145,A4,41.25,G1,25,B2,15,5,100
35882,THE RURAL CITY OF MURRAY BRIDGE,MALZH-,N2,1.49E-05,0.016235121,N2,40.415,E1,34,F2,25.585,3,100
35883,THE RURAL CITY OF MURRAY BRIDGE,MALZC-,N2,1.38E-05,0.014484367,N2,82.475,E1,10,F2,7.525,3,100
35886,THE RURAL CITY OF MURRAY BRIDGE,MALO-B,H3,7.17E-06,0.014331654,H3,45,G1,35,A4,20,3,100
35888,COORONG DISTRICT COUNCIL,SHEU-D,H2,7.04E-06,0.011211626,H2,80,G3,20,None,0,2,100
35890,THE RURAL CITY OF MURRAY BRIDGE,JERQcB,A4,5.76E-05,0.03618433,A4,41.25,G1,25,B2,15,5,100
35894,THE DC OF KAROONDA EAST MURRAY,STWIbA,D2,0.00016579,0.071112421,D2,60,H3,25,A4,8.25,4,100
35898,COORONG DISTRICT COUNCIL,SHEUUI,H2,0.000153553,0.079436581,H2,36,B3,30.25,B1,11,6,100
35900,THE DC OF KAROONDA EAST MURRAY,GUROTG,H3,8.28E-05,0.062746316,H3,52,H2,13,C4,12.25,6,100
35901,SOUTHERN MALLEE DC,BEWHfA,F2,0.000847265,0.3714315,F2,45.25,H3,20,G4,15,5,100
35903,THE RURAL CITY OF MURRAY BRIDGE,BRKO-B,H3,4.38E-05,0.054541074,H3,35,G2,30,G4,20,4,100
35904,COORONG DISTRICT COUNCIL,SHEUUJ,H2,2.11E-05,0.021743229,H2,36,B3,30.25,B1,11,6,100
35908,THE RURAL CITY OF MURRAY BRIDGE,MALQyB,B3,0.00011204,0.107278819,B3,26.25,B7,22.5,B2,15,7,100
35912,THE DC OF KAROONDA EAST MURRAY,STWSfB,A4,0.000690407,0.194432346,A4,29.75,C1,25.5,B2,17,5,100
35913,COORONG DISTRICT COUNCIL,MAJODc,H3,6.79E-05,0.047200051,H3,35.75,G2,29.25,B2,19.25,4,100
35914,SOUTHERN MALLEE DC,BEWOUJ,H3,0.000474226,0.166429489,H3,40,G4,20.75,F2,18.25,5,100
35915,THE RURAL CITY OF MURRAY BRIDGE,JERUUK,G1,0.000253971,0.094424093,G1,55,A4,24.75,B2,9,5,100
35917,COORONG DISTRICT COUNCIL,MAJODc,H3,8.89E-05,0.044899794,H3,35.75,G2,29.25,B2,19.25,4,100
35918,THE RURAL CITY OF MURRAY BRIDGE,BRKHuE,D2,1.96E-05,0.025386443,D2,55,A4,20,A6,15,4,100
35921,COORONG DISTRICT COUNCIL,SHEU-D,H2,1.92E-05,0.021290249,H2,80,G3,20,None,0,2,100
35922,SOUTHERN MALLEE DC,BEWHfA,F2,0.002018744,0.448188917,F2,45.25,H3,20,G4,15,5,100
35924,COORONG DISTRICT COUNCIL,SHEUUJ,H2,2.97E-05,0.024163544,H2,36,B3,30.25,B1,11,6,100
35929,COORONG DISTRICT COUNCIL,MAJQKB,B2,0.000172173,0.078149938,B2,100,None,0,None,0,1,100
35931,THE DC OF KAROONDA EAST MURRAY,BILOAE,H3,0.000177332,0.071320113,H3,41.25,H2,33.75,G2,13.75,6,100
35936,THE RURAL CITY OF MURRAY BRIDGE,MALZC-,N2,3.47E-05,0.02671512,N2,82.475,E1,10,F2,7.525,3,100
35937,THE RURAL CITY OF MURRAY BRIDGE,BRKO-B,H3,8.96E-06,0.021799555,H3,35,G2,30,G4,20,4,100
35939,THE RURAL CITY OF MURRAY BRIDGE,MALZH-,N2,1.45E-05,0.021147454,N2,40.415,E1,34,F2,25.585,3,100
35945,COORONG DISTRICT COUNCIL,SHEMxB,B2,6.23E-05,0.047349076,B2,80,A4,20,None,0,2,100
35946,THE RURAL CITY OF MURRAY BRIDGE,BRKO-B,H3,1.79E-05,0.024685416,H3,35,G2,30,G4,20,4,100
35948,THE RURAL CITY OF MURRAY BRIDGE,BRKO-B,H3,1.12E-05,0.017880453,H3,35,G2,30,G4,20,4,100
35950,THE RURAL CITY OF MURRAY BRIDGE,MALZH-,N2,6.49E-06,0.013413453,N2,40.415,E1,34,F2,25.585,3,100
35951,THE RURAL CITY OF MURRAY BRIDGE,MALO-B,H3,1.10E-05,0.022477493,H3,45,G1,35,A4,20,3,100
35954,THE RURAL CITY OF MURRAY BRIDGE,BRKO-B,H3,1.38E-05,0.018946667,H3,35,G2,30,G4,20,4,100
35958,THE RURAL CITY OF MURRAY BRIDGE,MALHuT,F2,4.17E-06,0.008001822,F2,26.25,N2,25,A5,22.5,5,100
35959,THE RURAL CITY OF MURRAY BRIDGE,JERQcB,A4,0.001047936,0.414295427,A4,41.25,G1,25,B2,15,5,100
35962,THE RURAL CITY OF MURRAY BRIDGE,BRKO-B,H3,1.32E-05,0.02020591,H3,35,G2,30,G4,20,4,100
35963,THE RURAL CITY OF MURRAY BRIDGE,BRKO-B,H3,9.44E-06,0.018914772,H3,35,G2,30,G4,20,4,100
35964,COORONG DISTRICT COUNCIL,MAJQKB,B2,0.000131141,0.05502267,B2,100,None,0,None,0,1,100
35965,THE RURAL CITY OF MURRAY BRIDGE,BRKO-B,H3,4.76E-06,0.008430136,H3,35,G2,30,G4,20,4,100
35967,COORONG DISTRICT COUNCIL,SHENdA,B3,0.009969402,2.300405643,B3,55,A4,20,B1,15,4,100
35970,THE RURAL CITY OF MURRAY BRIDGE,BRKO-B,H3,9.34E-06,0.01758694,H3,35,G2,30,G4,20,4,100
35972,THE RURAL CITY OF MURRAY BRIDGE,BRKHuE,D2,8.66E-06,0.01208928,D2,55,A4,20,A6,15,4,100
35973,COORONG DISTRICT COUNCIL,MAJQXC,B2,0.001034539,0.351540762,B2,46.75,G1,38.25,H3,8.25,4,100
35976,THE RURAL CITY OF MURRAY BRIDGE,BRKQzZ,B2,4.90E-05,0.040599188,B2,55,B3,45,None,0,2,100
35977,THE RURAL CITY OF MURRAY BRIDGE,BRKO-B,H3,2.22E-05,0.030289011,H3,35,G2,30,G4,20,4,100
35978,THE RURAL CITY OF MURRAY BRIDGE,BRKO-B,H3,6.31E-06,0.0115673,H3,35,G2,30,G4,20,4,100
35979,THE RURAL CITY OF MURRAY BRIDGE,BRKO-B,H3,9.91E-06,0.017615817,H3,35,G2,30,G4,20,4,100
35980,THE RURAL CITY OF MURRAY BRIDGE,BRKO-B,H3,5.45E-06,0.01113572,H3,35,G2,30,G4,20,4,100
35981,THE DC OF KAROONDA EAST MURRAY,BILOAF,H3,0.002123232,0.435163053,H3,35.75,H2,29.25,G2,19.25,6,100
35983,THE RURAL CITY OF MURRAY BRIDGE,BRKO-B,H3,8.50E-06,0.016467922,H3,35,G2,30,G4,20,4,100
35984,SOUTHERN MALLEE DC,PINHkA,D3,0.017716789,2.53624224,D3,63.5,G4,20,A5,16.5,3,100
35985,THE RURAL CITY OF MURRAY BRIDGE,BRKO-B,H3,1.84E-05,0.026152757,H3,35,G2,30,G4,20,4,100
35987,THE RURAL CITY OF MURRAY BRIDGE,BRKHuE,D2,1.08E-05,0.016039291,D2,55,A4,20,A6,15,4,100
35989,THE DC OF KAROONDA EAST MURRAY,MAJQOB,B2,2.58E-05,0.022617369,B2,41.25,G1,33.75,H3,13.75,4,100
35991,THE RURAL CITY OF MURRAY BRIDGE,BRKQzZ,B2,3.06E-05,0.030446375,B2,55,B3,45,None,0,2,100
35992,THE RURAL CITY OF MURRAY BRIDGE,BRKHuE,D2,4.46E-05,0.051960908,D2,55,A4,20,A6,15,4,100
35999,THE DC OF KAROONDA EAST MURRAY,WYNQkB,B2,5.73E-05,0.033437753,B2,41.25,C1,33.75,H2,25,3,100
36000,THE DC OF KAROONDA EAST MURRAY,WYNHoA,D2,3.20E-05,0.043397916,D2,45,C1,35,G1,20,3,100
36002,COORONG DISTRICT COUNCIL,SHENdA,B3,0.000144137,0.062880041,B3,55,A4,20,B1,15,4,100
36004,THE RURAL CITY OF MURRAY BRIDGE,MALZH-,N2,6.62E-05,0.083860162,N2,40.415,E1,34,F2,25.585,3,100
36008,COORONG DISTRICT COUNCIL,SHENbA,B3,1.83E-05,0.019210308,B3,45,B2,35,A4,20,3,100
36012,THE RURAL CITY OF MURRAY BRIDGE,MALO-B,H3,1.50E-05,0.031147697,H3,45,G1,35,A4,20,3,100
36013,THE RURAL CITY OF MURRAY BRIDGE,MALHuO,F2,1.36E-05,0.020517552,F2,55,A5,45,None,0,2,100
36018,COORONG DISTRICT COUNCIL,SHEU-D,H2,1.35E-05,0.016137648,H2,80,G3,20,None,0,2,100
36020,THE RURAL CITY OF MURRAY BRIDGE,BRKQcB,B2,5.50E-05,0.051648236,B2,35,A4,30,G4,20,4,100
36021,THE RURAL CITY OF MURRAY BRIDGE,MALO-B,H3,4.60E-05,0.042012997,H3,45,G1,35,A4,20,3,100
36023,THE DC OF KAROONDA EAST MURRAY,BILOAJ,G2,0.000602515,0.144315582,G2,30.25,H3,24.75,H2,20.25,6,100
36030,THE DC OF KAROONDA EAST MURRAY,GUROTf,H3,0.000325755,0.165882649,H3,36,C4,19.25,D3,16.5,6,100
36042,SOUTHERN MALLEE DC,BILOAF,H3,0.002281861,0.433352904,H3,35.75,H2,29.25,G2,19.25,6,100
36048,THE RURAL CITY OF MURRAY BRIDGE,MALZH-,N2,0.000103852,0.062865549,N2,40.415,E1,34,F2,25.585,3,100
36054,COORONG DISTRICT COUNCIL,MAJHrA,C3,7.16E-05,0.037525791,C3,35,D2,30,C1,20,4,100
36064,THE DC OF KAROONDA EAST MURRAY,MAJQLB,B2,5.92E-05,0.038915875,B2,100,None,0,None,0,1,100
36066,THE RURAL CITY OF MURRAY BRIDGE,MALUUK,H2,3.63E-05,0.039547509,H2,44,B3,15.75,B7,13.5,7,100
36067,THE DC OF KAROONDA EAST MURRAY,STWIbA,D2,0.000146245,0.084722956,D2,60,H3,25,A4,8.25,4,100
36072,THE RURAL CITY OF MURRAY BRIDGE,MALZJ-,N2,1.10E-05,0.018565332,N2,35.93,E1,28,F2,21.07,4,100
36074,COORONG DISTRICT COUNCIL,SHEUUJ,H2,0.000176415,0.102192607,H2,36,B3,30.25,B1,11,6,100
36075,SOUTHERN MALLEE DC,GUROTJ,H3,0.000649527,0.182348216,H3,32,C4,20,D3,17.5,6,100
36081,SOUTHERN MALLEE DC,GUROTG,H3,0.000404021,0.114386956,H3,52,H2,13,C4,12.25,6,100
36087,SOUTHERN MALLEE DC,BEWHfA,F2,0.000900653,0.325262005,F2,45.25,H3,20,G4,15,5,100
36092,COORONG DISTRICT COUNCIL,EWEUUF,H2,0.000155683,0.082871826,H2,41.25,G2,33.75,B2,25,3,100
36093,SOUTHERN MALLEE DC,GUROTE,H3,3.77E-05,0.038940889,H3,60,H2,15,C4,8.75,6,100
36095,COORONG DISTRICT COUNCIL,SHEU-D,H2,4.36E-05,0.048888809,H2,80,G3,20,None,0,2,100
36097,SOUTHERN MALLEE DC,GUROTG,H3,0.000293897,0.116257856,H3,52,H2,13,C4,12.25,6,100
36099,SOUTHERN MALLEE DC,GUROTE,H3,0.000448844,0.261845124,H3,60,H2,15,C4,8.75,6,100
36101,SOUTHERN MALLEE DC,GURHmA,C4,9.29E-05,0.056176276,C4,27,D3,26,G1,19.5,8,100
36102,SOUTHERN MALLEE DC,BILOAJ,G2,0.000427625,0.187847891,G2,30.25,H3,24.75,H2,20.25,6,100
36103,COORONG DISTRICT COUNCIL,EWENbA,B2,0.000475129,0.185177702,B2,100,None,0,None,0,1,100
36115,COORONG DISTRICT COUNCIL,SHEUUJ,H2,0.000116245,0.068907848,H2,36,B3,30.25,B1,11,6,100
36117,THE RURAL CITY OF MURRAY BRIDGE,MALVwM,A7,4.36E-05,0.038386911,A7,29.75,E1,25.5,F2,17,5,100
36129,COORONG DISTRICT COUNCIL,EWENbA,B2,9.16E-05,0.069517922,B2,100,None,0,None,0,1,100
36135,THE RURAL CITY OF MURRAY BRIDGE,MALZC-,N2,4.47E-05,0.03742509,N2,82.475,E1,10,F2,7.525,3,100
36141,THE DC OF KAROONDA EAST MURRAY,GUROTF,H3,5.14E-05,0.037604988,H3,52,H2,13,C4,12.25,6,100
36142,THE DC OF KAROONDA EAST MURRAY,GURHnA,C4,0.00031067,0.199904408,C4,22.5,D3,22.5,G1,16.25,8,100
36145,THE DC OF KAROONDA EAST MURRAY,BILOAJ,G2,4.41E-05,0.034357478,G2,30.25,H3,24.75,H2,20.25,6,100
36150,THE RURAL CITY OF MURRAY BRIDGE,MALZC-,N2,2.88E-05,0.02145224,N2,82.475,E1,10,F2,7.525,3,100
36156,SOUTHERN MALLEE DC,GUROTF,H3,2.12E-05,0.020864168,H3,52,H2,13,C4,12.25,6,100
36159,COORONG DISTRICT COUNCIL,SHEU-D,H2,8.26E-06,0.017961962,H2,80,G3,20,None,0,2,100
36164,COORONG DISTRICT COUNCIL,SHENbA,B3,3.77E-05,0.034824639,B3,45,B2,35,A4,20,3,100
36165,COORONG DISTRICT COUNCIL,STWIaA,D2,1.22E-05,0.016694356,D2,100,None,0,None,0,1,100
36181,THE RURAL CITY OF MURRAY BRIDGE,MALVwM,A7,0.000390186,0.164530172,A7,29.75,E1,25.5,F2,17,5,100
36182,SOUTHERN MALLEE DC,BEWOUe,H3,0.000322645,0.122280811,H3,45,G4,19.25,F2,16.5,5,100
36186,THE RURAL CITY OF MURRAY BRIDGE,MALVxN,H1,0.000220064,0.106855258,H1,45,F1,24.75,A1,19.25,4,100
36187,THE RURAL CITY OF MURRAY BRIDGE,MALVwM,A7,0.000153301,0.073921753,A7,29.75,E1,25.5,F2,17,5,100
36189,COORONG DISTRICT COUNCIL,SHEMxB,B2,0.000273681,0.090664592,B2,80,A4,20,None,0,2,100
36192,COORONG DISTRICT COUNCIL,EWENbA,B2,4.68E-05,0.046800321,B2,100,None,0,None,0,1,100
36198,COORONG DISTRICT COUNCIL,EWENgA,B2,0.000360766,0.191846209,B2,75,H2,13.75,G2,11.25,3,100
36204,COORONG DISTRICT COUNCIL,BUCNaA,B2,0.000591091,0.154520626,B2,55,B3,45,None,0,2,100
36206,COORONG DISTRICT COUNCIL,SHEMyB,B2,6.92E-05,0.039282748,B2,60,H2,20,A4,15,4,100
36207,THE RURAL CITY OF MURRAY BRIDGE,MALZC-,N2,0.00019691,0.093620614,N2,82.475,E1,10,F2,7.525,3,100
36210,SOUTHERN MALLEE DC,BEWHfA,F2,0.000495,0.107931663,F2,45.25,H3,20,G4,15,5,100
36211,THE RURAL CITY OF MURRAY BRIDGE,MALQyL,B3,7.19E-05,0.045249611,B3,26.25,B7,22.5,B2,15,8,100
36214,THE DC OF KAROONDA EAST MURRAY,GUROTJ,H3,0.00013561,0.073148643,H3,32,C4,20,D3,17.5,6,100
36219,SOUTHERN MALLEE DC,GUROTE,H3,0.000166204,0.057943343,H3,60,H2,15,C4,8.75,6,100
36222,THE RURAL CITY OF MURRAY BRIDGE,MALVwM,A7,0.000208273,0.130558189,A7,29.75,E1,25.5,F2,17,5,100
36229,THE DC OF KAROONDA EAST MURRAY,GUROTQ,H3,0.00127368,0.314427427,H3,32,C4,21,D3,18,6,100
36240,THE RURAL CITY OF MURRAY BRIDGE,MALZH-,N2,4.90E-05,0.034404625,N2,40.415,E1,34,F2,25.585,3,100
36242,COORONG DISTRICT COUNCIL,SHENda,B3,3.58E-05,0.030195082,B3,52.25,A4,19,B1,14.25,5,100
36243,THE RURAL CITY OF MURRAY BRIDGE,MALZH-,N2,0.000465158,0.266604283,N2,40.415,E1,34,F2,25.585,3,100
36244,THE RURAL CITY OF MURRAY BRIDGE,MALZH-,N2,1.36E-05,0.014750679,N2,40.415,E1,34,F2,25.585,3,100
36247,SOUTHERN MALLEE DC,BEWHfA,F2,0.000525609,0.232656941,F2,45.25,H3,20,G4,15,5,100
36249,COORONG DISTRICT COUNCIL,SHEMxB,B2,0.000854493,0.280050687,B2,80,A4,20,None,0,2,100
36266,SOUTHERN MALLEE DC,GUROTF,H3,0.000231248,0.120799203,H3,52,H2,13,C4,12.25,6,100
36270,COORONG DISTRICT COUNCIL,EWEUUF,H2,0.00076081,0.341097729,H2,41.25,G2,33.75,B2,25,3,100
36272,COORONG DISTRICT COUNCIL,ALEVr-,WW,4.48E-05,0.062911901,WW,55,N3,45,None,0,2,100
36275,THE DC OF KAROONDA EAST MURRAY,GUROTF,H3,0.00011986,0.069945904,H3,52,H2,13,C4,12.25,6,100
36278,COORONG DISTRICT COUNCIL,MAJQOB,B2,0.000184049,0.078876916,B2,41.25,G1,33.75,H3,13.75,4,100
36280,THE RURAL CITY OF MURRAY BRIDGE,MALUUK,H2,7.61E-05,0.055948317,H2,44,B3,15.75,B7,13.5,7,100
36282,THE RURAL CITY OF MURRAY BRIDGE,MALZC-,N2,8.26E-06,0.012409961,N2,82.475,E1,10,F2,7.525,3,100
36285,COORONG DISTRICT COUNCIL,STWSfB,A4,0.001528402,0.333956945,A4,29.75,C1,25.5,B2,17,5,100
36302,THE RURAL CITY OF MURRAY BRIDGE,MALZJ-,N2,1.35E-05,0.028181383,N2,35.93,E1,28,F2,21.07,4,100
36304,COORONG DISTRICT COUNCIL,SHEMxB,B2,4.12E-05,0.031257984,B2,80,A4,20,None,0,2,100
36305,SOUTHERN MALLEE DC,GUROTJ,H3,0.000689396,0.220968464,H3,32,C4,20,D3,17.5,6,100
36307,COORONG DISTRICT COUNCIL,SHENda,B3,0.000159141,0.084330407,B3,52.25,A4,19,B1,14.25,5,100
36308,THE DC OF KAROONDA EAST MURRAY,GURHmA,C4,0.000132159,0.073584569,C4,27,D3,26,G1,19.5,8,100
36312,THE DC OF KAROONDA EAST MURRAY,GUROTF,H3,8.31E-05,0.076084488,H3,52,H2,13,C4,12.25,6,100
36320,COORONG DISTRICT COUNCIL,MAJHrA,C3,7.45E-05,0.041651736,C3,35,D2,30,C1,20,4,100
36321,COORONG DISTRICT COUNCIL,SHEU-D,H2,6.06E-06,0.013087312,H2,80,G3,20,None,0,2,100
36334,THE RURAL CITY OF MURRAY BRIDGE,MALZH-,N2,1.02E-05,0.013274039,N2,40.415,E1,34,F2,25.585,3,100
36348,COORONG DISTRICT COUNCIL,SHENdA,B3,0.011901687,2.55032345,B3,55,A4,20,B1,15,4,100
36352,SOUTHERN MALLEE DC,GURHnA,C4,5.53E-05,0.033643891,C4,22.5,D3,22.5,G1,16.25,8,100
36361,COORONG DISTRICT COUNCIL,MAJQXB,B2,0.000237393,0.100471561,B2,38.5,G1,31.5,H3,8.25,7,100
36376,COORONG DISTRICT COUNCIL,LMVSXC,G1,3.88E-05,0.030014659,G1,37.5,A4,33.75,H2,28.75,3,100
36378,COORONG DISTRICT COUNCIL,LMVXi-,E3,0.000136935,0.055985801,E3,65,G1,20,M2,15,3,100
36379,COORONG DISTRICT COUNCIL,SHENdP,B3,0.000127267,0.082985571,B3,41.25,H2,20,B1,15,6,100
36384,THE DC OF KAROONDA EAST MURRAY,BILOAE,H3,7.14E-05,0.043141231,H3,41.25,H2,33.75,G2,13.75,6,100
36385,THE RURAL CITY OF MURRAY BRIDGE,MALUUK,H2,2.73E-05,0.04400941,H2,44,B3,15.75,B7,13.5,7,100
36386,COORONG DISTRICT COUNCIL,MAJQLB,B2,0.000631604,0.195410357,B2,100,None,0,None,0,1,100
36387,COORONG DISTRICT COUNCIL,SHEUUJ,H2,0.000390734,0.197676832,H2,36,B3,30.25,B1,11,6,100
36388,THE RURAL CITY OF MURRAY BRIDGE,LMVA-l,RR,3.52E-05,0.044675269,RR,100,None,0,None,0,1,100
36392,COORONG DISTRICT COUNCIL,LMVXg-,E3,0.000225788,0.121327671,E3,39,H2,25,N3,15,5,100
36396,THE RURAL CITY OF MURRAY BRIDGE,MALVxJ,F1,0.000565292,0.179196836,F1,45,A1,35,M1,20,3,100
36399,COORONG DISTRICT COUNCIL,MAJQKB,B2,9.81E-05,0.048492978,B2,100,None,0,None,0,1,100
36403,THE RURAL CITY OF MURRAY BRIDGE,MALQyL,B3,0.000218747,0.097631716,B3,26.25,B7,22.5,B2,15,8,100
36412,THE RURAL CITY OF MURRAY BRIDGE,LMVXi-,E3,0.000124338,0.059396569,E3,65,G1,20,M2,15,3,100
36413,COORONG DISTRICT COUNCIL,SHENdA,B3,0.000302183,0.088163115,B3,55,A4,20,B1,15,4,100
36416,COORONG DISTRICT COUNCIL,SHEU-D,H2,1.41E-05,0.02367981,H2,80,G3,20,None,0,2,100
36419,SOUTHERN MALLEE DC,GUROTF,H3,5.15E-05,0.036387909,H3,52,H2,13,C4,12.25,6,100
36420,COORONG DISTRICT COUNCIL,SHENdP,B3,0.001119301,0.313909567,B3,41.25,H2,20,B1,15,6,100
36433,COORONG DISTRICT COUNCIL,MAJQMB,B2,1.35E-05,0.016013837,B2,100,None,0,None,0,1,100
36439,COORONG DISTRICT COUNCIL,MAJHrA,C3,3.85E-05,0.033392993,C3,35,D2,30,C1,20,4,100
36440,THE RURAL CITY OF MURRAY BRIDGE,MALQzZ,B2,0.000118581,0.073086026,B2,55,B3,45,None,0,2,100
36441,THE RURAL CITY OF MURRAY BRIDGE,MALUUK,H2,0.000252537,0.131358557,H2,44,B3,15.75,B7,13.5,7,100
36442,COORONG DISTRICT COUNCIL,EWEMyB,B2,0.001066048,0.398492644,B2,75,H2,13.75,G2,11.25,3,100
36443,THE RURAL CITY OF MURRAY BRIDGE,MALZH-,N2,1.11E-05,0.015837403,N2,40.415,E1,34,F2,25.585,3,100
36445,SOUTHERN MALLEE DC,BEWHfA,F2,0.000172811,0.075244699,F2,45.25,H3,20,G4,15,5,100
36446,COORONG DISTRICT COUNCIL,EWEUUF,H2,0.000905419,0.169114477,H2,41.25,G2,33.75,B2,25,3,100
36447,SOUTHERN MALLEE DC,BEWOUJ,H3,0.000187388,0.079993493,H3,40,G4,20.75,F2,18.25,5,100
36450,SOUTHERN MALLEE DC,BEWHeK,F2,9.53E-05,0.075414558,F2,58.75,G4,17,A5,12.75,4,100
36456,COORONG DISTRICT COUNCIL,SHEU-D,H2,1.84E-05,0.024458556,H2,80,G3,20,None,0,2,100
36464,SOUTHERN MALLEE DC,BEWOUI,H3,0.000337457,0.097792824,H3,40,G4,20.75,F2,18.25,5,100
36466,COORONG DISTRICT COUNCIL,SHEMxB,B2,1.60E-05,0.015232779,B2,80,A4,20,None,0,2,100
36485,COORONG DISTRICT COUNCIL,SHEU-D,H2,6.62E-06,0.015683733,H2,80,G3,20,None,0,2,100
36494,SOUTHERN MALLEE DC,GUROTE,H3,0.000435865,0.219716215,H3,60,H2,15,C4,8.75,6,100
36495,SOUTHERN MALLEE DC,GURHmA,C4,0.000463133,0.222425408,C4,27,D3,26,G1,19.5,8,100
36496,SOUTHERN MALLEE DC,BEWOUI,H3,0.000170555,0.094039677,H3,40,G4,20.75,F2,18.25,5,100
36499,THE RURAL CITY OF MURRAY BRIDGE,MALZC-,N2,3.69E-05,0.02732857,N2,82.475,E1,10,F2,7.525,3,100
36500,SOUTHERN MALLEE DC,GUROTF,H3,0.000173046,0.142826637,H3,52,H2,13,C4,12.25,6,100
36505,COORONG DISTRICT COUNCIL,SHEMxB,B2,0.000101169,0.04981292,B2,80,A4,20,None,0,2,100
36506,THE RURAL CITY OF MURRAY BRIDGE,MALZH-,N2,0.000108811,0.09736126,N2,40.415,E1,34,F2,25.585,3,100
36517,COORONG DISTRICT COUNCIL,MAJQLB,B2,0.000101786,0.053242144,B2,100,None,0,None,0,1,100
36521,THE RURAL CITY OF MURRAY BRIDGE,JERQzA,B2,8.43E-05,0.055805587,B2,35,B3,30,A4,20,4,100
36526,SOUTHERN MALLEE DC,BEWHfA,F2,0.000284497,0.096141286,F2,45.25,H3,20,G4,15,5,100
36532,THE DC OF KAROONDA EAST MURRAY,BILOAF,H3,0.000253438,0.120997611,H3,35.75,H2,29.25,G2,19.25,6,100
36535,SOUTHERN MALLEE DC,LAMHeK,G4,0.017289468,2.15968363,G4,52.25,F2,47.75,None,0,2,100
36536,COORONG DISTRICT COUNCIL,LMVSXC,G1,4.94E-05,0.046258745,G1,37.5,A4,33.75,H2,28.75,3,100
36539,COORONG DISTRICT COUNCIL,EWEUUF,H2,7.86E-05,0.048409489,H2,41.25,G2,33.75,B2,25,3,100
36543,SOUTHERN MALLEE DC,BILHaA,D3,7.89E-06,0.010572896,D3,65,G3,20,G2,15,3,100
36555,COORONG DISTRICT COUNCIL,SHEMxB,B2,8.83E-05,0.039266823,B2,80,A4,20,None,0,2,100
36557,COORONG DISTRICT COUNCIL,MAJODb,H3,0.000159241,0.057745807,H3,35.75,G2,29.25,B2,19.25,4,100
36558,THE RURAL CITY OF MURRAY BRIDGE,MALQzZ,B2,0.00030456,0.105825171,B2,55,B3,45,None,0,2,100
36559,SOUTHERN MALLEE DC,BEWOUI,H3,0.000150025,0.066153298,H3,40,G4,20.75,F2,18.25,5,100
36560,COORONG DISTRICT COUNCIL,BUCNcA,B1,0.003700094,0.579043628,B1,80,A1,20,None,0,2,100
36564,COORONG DISTRICT COUNCIL,SHENdA,B3,0.000462371,0.132081748,B3,55,A4,20,B1,15,4,100
36567,COORONG DISTRICT COUNCIL,MAJQKB,B2,0.000511962,0.143099978,B2,100,None,0,None,0,1,100
36568,SOUTHERN MALLEE DC,BEWHeA,F2,8.74E-05,0.048409864,F2,56.25,G4,19,A5,14.25,4,100
36570,COORONG DISTRICT COUNCIL,SHEMxB,B2,0.000200518,0.091865336,B2,80,A4,20,None,0,2,100
36572,COORONG DISTRICT COUNCIL,STWSfB,A4,0.000220339,0.092968186,A4,29.75,C1,25.5,B2,17,5,100
36574,SOUTHERN MALLEE DC,BEWOUI,H3,0.001150852,0.22638959,H3,40,G4,20.75,F2,18.25,5,100
36579,COORONG DISTRICT COUNCIL,MAJODa,H3,0.000235047,0.099350534,H3,41.25,G2,33.75,B2,13.75,4,100
36593,THE DC OF KAROONDA EAST MURRAY,GUROTF,H3,3.71E-05,0.028431107,H3,52,H2,13,C4,12.25,6,100
36598,THE RURAL CITY OF MURRAY BRIDGE,MALZC-,N2,8.90E-06,0.011443727,N2,82.475,E1,10,F2,7.525,3,100
36601,THE RURAL CITY OF MURRAY BRIDGE,BRKO-B,H3,2.30E-05,0.022160787,H3,35,G2,30,G4,20,4,100
36602,THE RURAL CITY OF MURRAY BRIDGE,MALZJ-,N2,3.42E-05,0.03195769,N2,35.93,E1,28,F2,21.07,4,100
36603,COORONG DISTRICT COUNCIL,SHEZB-,N2,3.97E-06,0.008111622,N2,100,None,0,None,0,1,100
36606,COORONG DISTRICT COUNCIL,SHEU-D,H2,9.39E-06,0.015826565,H2,80,G3,20,None,0,2,100
36607,THE DC OF KAROONDA EAST MURRAY,MAJHsK,C3,1.21E-05,0.014006862,C3,27.25,D2,23.25,C1,15,7,100
36613,COORONG DISTRICT COUNCIL,EWEUUF,H2,0.000198559,0.08046984,H2,41.25,G2,33.75,B2,25,3,100
36615,THE DC OF KAROONDA EAST MURRAY,STWIaA,D2,2.80E-05,0.021413179,D2,100,None,0,None,0,1,100
36619,COORONG DISTRICT COUNCIL,SHEMxB,B2,0.001714549,0.565646326,B2,80,A4,20,None,0,2,100
36623,COORONG DISTRICT COUNCIL,SHEU-D,H2,7.50E-06,0.015767865,H2,80,G3,20,None,0,2,100
36626,COORONG DISTRICT COUNCIL,SHEMxB,B2,0.000187792,0.107263185,B2,80,A4,20,None,0,2,100
36627,COORONG DISTRICT COUNCIL,MAJQXC,B2,0.00063602,0.189123098,B2,46.75,G1,38.25,H3,8.25,4,100
36632,COORONG DISTRICT COUNCIL,SHEUUJ,H2,6.86E-05,0.072342312,H2,36,B3,30.25,B1,11,6,100
36636,COORONG DISTRICT COUNCIL,MAJQKB,B2,0.000343654,0.156708898,B2,100,None,0,None,0,1,100
36644,SOUTHERN MALLEE DC,STWSfB,A4,3.02E-05,0.020936597,A4,29.75,C1,25.5,B2,17,5,100
36650,SOUTHERN MALLEE DC,GUROTE,H3,1.33E-05,0.016178157,H3,60,H2,15,C4,8.75,6,100
36653,COORONG DISTRICT COUNCIL,SHEUUJ,H2,3.36E-05,0.025806809,H2,36,B3,30.25,B1,11,6,100
36655,COORONG DISTRICT COUNCIL,MAJQOB,B2,0.000112712,0.058499829,B2,41.25,G1,33.75,H3,13.75,4,100
36658,SOUTHERN MALLEE DC,GUROTJ,H3,0.00210564,0.439779297,H3,32,C4,20,D3,17.5,6,100
36665,COORONG DISTRICT COUNCIL,SHENdA,B3,3.15E-05,0.028585851,B3,55,A4,20,B1,15,4,100
36671,SOUTHERN MALLEE DC,MAJHrA,C3,7.36E-05,0.0453559,C3,35,D2,30,C1,20,4,100
36677,COORONG DISTRICT COUNCIL,MAJHrA,C3,5.17E-05,0.037939644,C3,35,D2,30,C1,20,4,100
36686,COORONG DISTRICT COUNCIL,LMVSXII,A4,2.51E-05,0.02856648,A4,45,G1,35,H2,20,3,100
36690,COORONG DISTRICT COUNCIL,EWENbA,B2,6.72E-05,0.039429178,B2,100,None,0,None,0,1,100
36692,SOUTHERN MALLEE DC,GURHmA,C4,7.29E-05,0.045237843,C4,27,D3,26,G1,19.5,8,100
36702,COORONG DISTRICT COUNCIL,MAJQOB,B2,0.000110721,0.065891619,B2,41.25,G1,33.75,H3,13.75,4,100
36706,COORONG DISTRICT COUNCIL,SHEU-D,H2,9.24E-06,0.014573361,H2,80,G3,20,None,0,2,100
36707,THE RURAL CITY OF MURRAY BRIDGE,MALZC-,N2,0.000251042,0.092872701,N2,82.475,E1,10,F2,7.525,3,100
36709,THE DC OF KAROONDA EAST MURRAY,STWODb,H3,2.82E-05,0.026429295,H3,65,A4,15.75,C1,12.25,4,100
36711,THE RURAL CITY OF MURRAY BRIDGE,MALZH-,N2,4.32E-06,0.007938986,N2,40.415,E1,34,F2,25.585,3,100
36716,THE DC OF KAROONDA EAST MURRAY,GUROTF,H3,6.00E-05,0.046354702,H3,52,H2,13,C4,12.25,6,100
36721,SOUTHERN MALLEE DC,BEWHeA,F2,0.001721235,0.32884986,F2,56.25,G4,19,A5,14.25,4,100
36726,COORONG DISTRICT COUNCIL,SHENdA,B3,0.000229216,0.09702981,B3,55,A4,20,B1,15,4,100
36729,SOUTHERN MALLEE DC,BEWHeA,F2,0.000463454,0.200432862,F2,56.25,G4,19,A5,14.25,4,100
36730,COORONG DISTRICT COUNCIL,SHENdA,B3,0.000136511,0.065467983,B3,55,A4,20,B1,15,4,100
36732,COORONG DISTRICT COUNCIL,SHEMyB,B2,0.000198566,0.119400905,B2,60,H2,20,A4,15,4,100
36735,SOUTHERN MALLEE DC,BILOAM,H3,3.31E-05,0.028874553,H3,35.75,H2,29.25,G2,16.5,6,100
36736,THE RURAL CITY OF MURRAY BRIDGE,MALZD-,WW,0.000192233,0.09956018,WW,100,None,0,None,0,1,100
36749,SOUTHERN MALLEE DC,GUROTJ,H3,0.002733188,0.456367118,H3,32,C4,20,D3,17.5,6,100
36757,SOUTHERN MALLEE DC,BEWOUI,H3,0.000171945,0.070403242,H3,40,G4,20.75,F2,18.25,5,100
36760,COORONG DISTRICT COUNCIL,SHEMxB,B2,6.69E-06,0.009712078,B2,80,A4,20,None,0,2,100
36763,THE DC OF KAROONDA EAST MURRAY,STWIbA,D2,0.000445859,0.129879071,D2,60,H3,25,A4,8.25,4,100
36766,COORONG DISTRICT COUNCIL,STWODe,H3,0.001182869,0.23794043,H3,45,A4,24.75,C1,19.25,4,100
36767,COORONG DISTRICT COUNCIL,MAJORG,H3,0.000633637,0.1890101,H3,35.75,G2,29.25,C3,12.25,6,100
36769,COORONG DISTRICT COUNCIL,MAJODf,B2,0.000893097,0.243401567,B2,30.25,G1,24.75,H3,24.75,4,100
36771,THE RURAL CITY OF MURRAY BRIDGE,MALZC-,N2,0.000121731,0.068313141,N2,82.475,E1,10,F2,7.525,3,100
36774,THE RURAL CITY OF MURRAY BRIDGE,MALZJ-,N2,0.000185211,0.166071524,N2,35.93,E1,28,F2,21.07,4,100
36779,SOUTHERN MALLEE DC,BEWHfA,F2,0.000147878,0.059268949,F2,45.25,H3,20,G4,15,5,100
36781,THE RURAL CITY OF MURRAY BRIDGE,MALZH-,N2,0.000286638,0.141297273,N2,40.415,E1,34,F2,25.585,3,100
36782,SOUTHERN MALLEE DC,BEWOUe,H3,0.000481773,0.176430513,H3,45,G4,19.25,F2,16.5,5,100
36785,THE DC OF KAROONDA EAST MURRAY,BILOAJ,G2,0.000140408,0.09550553,G2,30.25,H3,24.75,H2,20.25,6,100
36788,COORONG DISTRICT COUNCIL,SHEUUJ,H2,0.000134267,0.095692155,H2,36,B3,30.25,B1,11,6,100
36790,COORONG DISTRICT COUNCIL,SHENdP,B3,0.000547074,0.170604878,B3,41.25,H2,20,B1,15,6,100
36797,SOUTHERN MALLEE DC,GUROTE,H3,1.22E-05,0.015829309,H3,60,H2,15,C4,8.75,6,100
36802,THE RURAL CITY OF MURRAY BRIDGE,MALZH-,N2,1.24E-05,0.012797257,N2,40.415,E1,34,F2,25.585,3,100
36808,THE RURAL CITY OF MURRAY BRIDGE,MALU-B,H2,1.50E-05,0.022747794,H2,80,H1,20,None,0,2,100
36811,SOUTHERN MALLEE DC,GURHmA,C4,6.72E-06,0.011500196,C4,27,D3,26,G1,19.5,8,100
36828,THE RURAL CITY OF MURRAY BRIDGE,MALUUK,H2,0.000233954,0.092053235,H2,44,B3,15.75,B7,13.5,7,100
36834,COORONG DISTRICT COUNCIL,SHEU-D,H2,1.09E-05,0.01402324,H2,80,G3,20,None,0,2,100
36852,COORONG DISTRICT COUNCIL,MAJODb,H3,5.81E-05,0.042180939,H3,35.75,G2,29.25,B2,19.25,4,100
36853,THE RURAL CITY OF MURRAY BRIDGE,MALQyL,B3,0.000766209,0.240837615,B3,26.25,B7,22.5,B2,15,8,100
36859,COORONG DISTRICT COUNCIL,SHEU-B,H2,2.09E-05,0.020528635,H2,80,G3,20,None,0,2,100
36862,COORONG DISTRICT COUNCIL,SHEZB-,N2,8.64E-06,0.013757355,N2,100,None,0,None,0,1,100
36863,THE DC OF KAROONDA EAST MURRAY,BILOAE,H3,0.000320243,0.165490182,H3,41.25,H2,33.75,G2,13.75,6,100
36865,THE RURAL CITY OF MURRAY BRIDGE,MALZC-,N2,4.10E-05,0.03730541,N2,82.475,E1,10,F2,7.525,3,100
36883,COORONG DISTRICT COUNCIL,LMVXi-,E3,0.000105345,0.046161093,E3,65,G1,20,M2,15,3,100
36886,COORONG DISTRICT COUNCIL,SHEMzB,B2,3.86E-05,0.031051425,B2,80,A4,20,None,0,2,100
36890,SOUTHERN MALLEE DC,GUROTE,H3,8.91E-05,0.070151285,H3,60,H2,15,C4,8.75,6,100
36898,SOUTHERN MALLEE DC,GURHnA,C4,0.000232897,0.117570179,C4,22.5,D3,22.5,G1,16.25,8,100
36900,COORONG DISTRICT COUNCIL,MAJQXB,B2,0.000160076,0.070264254,B2,38.5,G1,31.5,H3,8.25,7,100
36901,COORONG DISTRICT COUNCIL,MAJHrA,C3,9.63E-05,0.067237085,C3,35,D2,30,C1,20,4,100
36904,COORONG DISTRICT COUNCIL,EWEMyB,B2,0.001422747,0.479936835,B2,75,H2,13.75,G2,11.25,3,100
36911,THE RURAL CITY OF MURRAY BRIDGE,BRKO-B,H3,1.62E-05,0.019008004,H3,35,G2,30,G4,20,4,100
36916,COORONG DISTRICT COUNCIL,SHEUUJ,H2,1.16E-05,0.019229794,H2,36,B3,30.25,B1,11,6,100
36919,THE DC OF KAROONDA EAST MURRAY,GUROTF,H3,0.000767497,0.363584721,H3,52,H2,13,C4,12.25,6,100
36920,THE RURAL CITY OF MURRAY BRIDGE,MALUUK,H2,6.71E-05,0.044394498,H2,44,B3,15.75,B7,13.5,7,100
36923,THE RURAL CITY OF MURRAY BRIDGE,BRKO-B,H3,1.37E-05,0.019730914,H3,35,G2,30,G4,20,4,100
36925,COORONG DISTRICT COUNCIL,MAJQKE,B2,5.20E-05,0.036792507,B2,100,None,0,None,0,1,100
36927,SOUTHERN MALLEE DC,BEWOUI,H3,0.007520084,1.401530629,H3,40,G4,20.75,F2,18.25,5,100
36928,THE RURAL CITY OF MURRAY BRIDGE,BRKO-B,H3,6.29E-06,0.012182814,H3,35,G2,30,G4,20,4,100
36929,THE RURAL CITY OF MURRAY BRIDGE,MALZC-,N2,7.73E-06,0.011666437,N2,82.475,E1,10,F2,7.525,3,100
36930,THE RURAL CITY OF MURRAY BRIDGE,BRKHuE,D2,2.50E-05,0.027266285,D2,55,A4,20,A6,15,4,100
36941,SOUTHERN MALLEE DC,GURHmA,C4,0.000140788,0.085437115,C4,27,D3,26,G1,19.5,8,100
36948,COORONG DISTRICT COUNCIL,STWIcB,D2,0.003104328,0.663032799,D2,35,H3,25,A4,18,5,100
36954,THE RURAL CITY OF MURRAY BRIDGE,MALQzZ,B2,5.54E-05,0.041682086,B2,55,B3,45,None,0,2,100
36956,THE DC OF KAROONDA EAST MURRAY,GUROTJ,H3,0.001083753,0.352920031,H3,32,C4,20,D3,17.5,6,100
36958,THE RURAL CITY OF MURRAY BRIDGE,MALZH-,N2,7.69E-06,0.009993587,N2,40.415,E1,34,F2,25.585,3,100
36961,COORONG DISTRICT COUNCIL,SHEU-D,H2,4.32E-05,0.039841047,H2,80,G3,20,None,0,2,100
36965,COORONG DISTRICT COUNCIL,LMVUDu,H2,0.000118852,0.046960631,H2,55,G1,45,None,0,2,100
36966,COORONG DISTRICT COUNCIL,SHEU-D,H2,6.61E-06,0.013131046,H2,80,G3,20,None,0,2,100
36968,COORONG DISTRICT COUNCIL,SHEMxB,B2,3.17E-05,0.022475252,B2,80,A4,20,None,0,2,100
36970,COORONG DISTRICT COUNCIL,SHEZB-,N2,3.65E-05,0.025807931,N2,100,None,0,None,0,1,100
36971,SOUTHERN MALLEE DC,GUROTF,H3,4.26E-05,0.042329914,H3,52,H2,13,C4,12.25,6,100
36972,SOUTHERN MALLEE DC,GURHmA,C4,6.95E-05,0.050973999,C4,27,D3,26,G1,19.5,8,100
36987,THE RURAL CITY OF MURRAY BRIDGE,ALEVr-,WW,1.67E-05,0.025753506,WW,55,N3,45,None,0,2,100
37023,SOUTHERN MALLEE DC,BEWHeK,F2,0.000763061,0.365246932,F2,58.75,G4,17,A5,12.75,4,100
37025,COORONG DISTRICT COUNCIL,MAJODc,H3,0.000206918,0.063942078,H3,35.75,G2,29.25,B2,19.25,4,100
37026,THE DC OF KAROONDA EAST MURRAY,GURHnA,C4,9.81E-05,0.063254984,C4,22.5,D3,22.5,G1,16.25,8,100
37033,COORONG DISTRICT COUNCIL,MAJQOL,B2,0.00394324,1.001171546,B2,43.25,G1,35.255,H3,11,5,100
37035,COORONG DISTRICT COUNCIL,MAJQXB,B2,0.000534279,0.24738656,B2,38.5,G1,31.5,H3,8.25,7,100
37037,THE RURAL CITY OF MURRAY BRIDGE,MALVwM,A7,1.54E-05,0.018268872,A7,29.75,E1,25.5,F2,17,5,100
37046,THE RURAL CITY OF MURRAY BRIDGE,LMVXs-,N3,1.24E-05,0.017084691,N3,100,None,0,None,0,1,100
37049,THE RURAL CITY OF MURRAY BRIDGE,MALZH-,N2,6.08E-06,0.009545968,N2,40.415,E1,34,F2,25.585,3,100
37053,COORONG DISTRICT COUNCIL,EWENgA,B2,0.000187857,0.096793986,B2,75,H2,13.75,G2,11.25,3,100
37055,THE RURAL CITY OF MURRAY BRIDGE,MALZC-,N2,9.94E-06,0.013062525,N2,82.475,E1,10,F2,7.525,3,100
37058,COORONG DISTRICT COUNCIL,SHEMzB,B2,3.64E-05,0.037938853,B2,80,A4,20,None,0,2,100
37060,THE RURAL CITY OF MURRAY BRIDGE,MALUUK,H2,0.000202611,0.133408342,H2,44,B3,15.75,B7,13.5,7,100
37061,COORONG DISTRICT COUNCIL,MAJODa,H3,0.000179637,0.097934001,H3,41.25,G2,33.75,B2,13.75,4,100
37062,COORONG DISTRICT COUNCIL,SHEMxB,B2,0.000236251,0.155281228,B2,80,A4,20,None,0,2,100
37063,SOUTHERN MALLEE DC,GURHmA,C4,0.000388213,0.149951271,C4,27,D3,26,G1,19.5,8,100
37065,COORONG DISTRICT COUNCIL,SHEMxB,B2,0.001205098,0.309648799,B2,80,A4,20,None,0,2,100
37068,SOUTHERN MALLEE DC,LAMOUJ,H3,0.00016965,0.116470939,H3,45,F2,30.25,G4,24.75,3,100
37070,SOUTHERN MALLEE DC,BEWOUI,H3,0.001256363,0.374052708,H3,40,G4,20.75,F2,18.25,5,100
37086,SOUTHERN MALLEE DC,GUROTF,H3,9.38E-05,0.055440141,H3,52,H2,13,C4,12.25,6,100
37087,COORONG DISTRICT COUNCIL,SHEUUJ,H2,0.000108584,0.101433983,H2,36,B3,30.25,B1,11,6,100
37089,COORONG DISTRICT COUNCIL,SHENbA,B3,0.000120069,0.065958784,B3,45,B2,35,A4,20,3,100
37096,COORONG DISTRICT COUNCIL,MAJQMB,B2,0.000128404,0.106019261,B2,100,None,0,None,0,1,100
37098,THE DC OF KAROONDA EAST MURRAY,GUROTE,H3,8.34E-05,0.060748599,H3,60,H2,15,C4,8.75,6,100
37099,COORONG DISTRICT COUNCIL,MAJODc,H3,0.001389147,0.386966197,H3,35.75,G2,29.25,B2,19.25,4,100
37100,SOUTHERN MALLEE DC,BEWHeA,F2,0.000279084,0.106847325,F2,56.25,G4,19,A5,14.25,4,100
37101,THE DC OF KAROONDA EAST MURRAY,GURHmA,C4,5.73E-05,0.044239728,C4,27,D3,26,G1,19.5,8,100
37102,COORONG DISTRICT COUNCIL,MAJORE,H3,1.69E-05,0.018843906,H3,41.25,G2,33.75,C3,8.75,6,100
37103,THE DC OF KAROONDA EAST MURRAY,STWIaA,D2,2.19E-05,0.023945635,D2,100,None,0,None,0,1,100
37107,COORONG DISTRICT COUNCIL,STWIaA,D2,4.54E-05,0.030514021,D2,100,None,0,None,0,1,100
37109,COORONG DISTRICT COUNCIL,BUCNaP,B2,0.00056332,0.138305128,B2,46.75,B3,38.25,H2,15,3,100
37112,THE DC OF KAROONDA EAST MURRAY,GURHmB,C4,8.15E-05,0.041357521,C4,29.25,D3,22.75,G1,19.5,8,100
37114,COORONG DISTRICT COUNCIL,MAJQMB,B2,2.61E-05,0.020392655,B2,100,None,0,None,0,1,100
37124,SOUTHERN MALLEE DC,GURHmA,C4,5.63E-05,0.055779826,C4,27,D3,26,G1,19.5,8,100
37137,COORONG DISTRICT COUNCIL,MAJODa,H3,0.000230069,0.096794292,H3,41.25,G2,33.75,B2,13.75,4,100
37142,COORONG DISTRICT COUNCIL,BUCNaA,B2,0.000915004,0.217352942,B2,55,B3,45,None,0,2,100
37144,COORONG DISTRICT COUNCIL,EWENgA,B2,0.000266758,0.095828703,B2,75,H2,13.75,G2,11.25,3,100
37145,COORONG DISTRICT COUNCIL,MAJODf,B2,0.000461104,0.192676156,B2,30.25,G1,24.75,H3,24.75,4,100
37149,THE RURAL CITY OF MURRAY BRIDGE,MALVxJ,F1,0.00037239,0.139903338,F1,45,A1,35,M1,20,3,100
37150,COORONG DISTRICT COUNCIL,SHEU-D,H2,4.50E-06,0.011758157,H2,80,G3,20,None,0,2,100
37151,THE RURAL CITY OF MURRAY BRIDGE,BRKSdA,B2,0.000166697,0.070419086,B2,26,A4,22.5,B3,19,10,100
37152,THE DC OF KAROONDA EAST MURRAY,GUROTJ,H3,2.95E-05,0.029121982,H3,32,C4,20,D3,17.5,6,100
37153,THE RURAL CITY OF MURRAY BRIDGE,MALQzZ,B2,0.000215002,0.119216842,B2,55,B3,45,None,0,2,100
37155,THE RURAL CITY OF MURRAY BRIDGE,MALZC-,N2,1.12E-05,0.01598279,N2,82.475,E1,10,F2,7.525,3,100
37156,COORONG DISTRICT COUNCIL,SHEMxB,B2,2.01E-05,0.016707752,B2,80,A4,20,None,0,2,100
37157,THE RURAL CITY OF MURRAY BRIDGE,MALUUK,H2,4.77E-05,0.035344402,H2,44,B3,15.75,B7,13.5,7,100
37160,THE DC OF KAROONDA EAST MURRAY,MAJODi,H3,0.000111544,0.052914083,H3,35.75,G2,29.25,B2,18.5,5,100
37161,THE DC OF KAROONDA EAST MURRAY,GUROTJ,H3,5.38E-05,0.044688416,H3,32,C4,20,D3,17.5,6,100
37162,COORONG DISTRICT COUNCIL,MAJODf,B2,0.000344292,0.155070602,B2,30.25,G1,24.75,H3,24.75,4,100
37163,THE DC OF KAROONDA EAST MURRAY,GURHnA,C4,0.000251409,0.169708201,C4,22.5,D3,22.5,G1,16.25,8,100
37170,SOUTHERN MALLEE DC,GUROTE,H3,0.000295816,0.110643115,H3,60,H2,15,C4,8.75,6,100
37171,SOUTHERN MALLEE DC,GUROTE,H3,0.000109382,0.066597166,H3,60,H2,15,C4,8.75,6,100
37173,THE DC OF KAROONDA EAST MURRAY,GUROTF,H3,0.000305601,0.17584766,H3,52,H2,13,C4,12.25,6,100
37177,SOUTHERN MALLEE DC,GUROTJ,H3,0.000336418,0.179459171,H3,32,C4,20,D3,17.5,6,100
37182,THE RURAL CITY OF MURRAY BRIDGE,MALUUK,H2,9.71E-05,0.058312355,H2,44,B3,15.75,B7,13.5,7,100
37213,THE RURAL CITY OF MURRAY BRIDGE,ALEVr-,WW,0.000209167,0.13364481,WW,55,N3,45,None,0,2,100
37218,COORONG DISTRICT COUNCIL,MAJODb,H3,2.99E-05,0.033732799,H3,35.75,G2,29.25,B2,19.25,4,100
37219,COORONG DISTRICT COUNCIL,BUCMxB,B2,0.000124619,0.049268595,B2,80,B3,20,None,0,2,100
37224,COORONG DISTRICT COUNCIL,SHENbA,B3,0.000312961,0.131114362,B3,45,B2,35,A4,20,3,100
37226,SOUTHERN MALLEE DC,STWODf,H3,0.000919851,0.169138105,H3,45,A4,24.75,C1,19.25,4,100
37228,SOUTHERN MALLEE DC,BEWHfA,F2,0.002763359,0.454438875,F2,45.25,H3,20,G4,15,5,100
37234,COORONG DISTRICT COUNCIL,SHEUUJ,H2,1.79E-05,0.028657214,H2,36,B3,30.25,B1,11,6,100
37238,THE DC OF KAROONDA EAST MURRAY,GUROTJ,H3,0.001263104,0.408408809,H3,32,C4,20,D3,17.5,6,100
37243,THE DC OF KAROONDA EAST MURRAY,GURHmA,C4,1.25E-05,0.015035403,C4,27,D3,26,G1,19.5,8,100
37244,THE RURAL CITY OF MURRAY BRIDGE,MALZC-,N2,1.32E-05,0.017283199,N2,82.475,E1,10,F2,7.525,3,100
37251,THE DC OF KAROONDA EAST MURRAY,BILHaA,D3,9.63E-06,0.015269898,D3,65,G3,20,G2,15,3,100
37252,COORONG DISTRICT COUNCIL,SHEMxB,B2,3.92E-05,0.024887131,B2,80,A4,20,None,0,2,100
37257,THE RURAL CITY OF MURRAY BRIDGE,BRKO-B,H3,2.19E-05,0.023912793,H3,35,G2,30,G4,20,4,100
37263,SOUTHERN MALLEE DC,BILOAF,H3,0.000866142,0.223826874,H3,35.75,H2,29.25,G2,19.25,6,100
37265,COORONG DISTRICT COUNCIL,STWIbA,D2,0.000279545,0.110537922,D2,60,H3,25,A4,8.25,4,100
37266,THE DC OF KAROONDA EAST MURRAY,GUROTF,H3,6.85E-06,0.009653228,H3,52,H2,13,C4,12.25,6,100
37268,SOUTHERN MALLEE DC,GURHmA,C4,0.000116706,0.084344528,C4,27,D3,26,G1,19.5,8,100
37277,COORONG DISTRICT COUNCIL,MAJQLB,B2,0.0001945,0.075636042,B2,100,None,0,None,0,1,100
37278,COORONG DISTRICT COUNCIL,SHENda,B3,0.000820618,0.292715173,B3,52.25,A4,19,B1,14.25,5,100
37293,SOUTHERN MALLEE DC,ALLHaK,F2,0.000191158,0.114010643,F2,58.75,G4,41.25,None,0,2,100
37294,COORONG DISTRICT COUNCIL,MAJQOB,B2,0.000496469,0.157877293,B2,41.25,G1,33.75,H3,13.75,4,100
37297,COORONG DISTRICT COUNCIL,COLMwb,B3,0.001564983,0.418481638,B3,75,H2,11,G2,9,4,100
37302,COORONG DISTRICT COUNCIL,ALEVr-,WW,6.92E-06,0.012951952,WW,55,N3,45,None,0,2,100
37307,COORONG DISTRICT COUNCIL,SHEU-D,H2,3.38E-05,0.054508941,H2,80,G3,20,None,0,2,100
37309,THE RURAL CITY OF MURRAY BRIDGE,MALQzZ,B2,0.000191462,0.07075466,B2,55,B3,45,None,0,2,100
37317,THE RURAL CITY OF MURRAY BRIDGE,MALUUK,H2,4.91E-05,0.029845921,H2,44,B3,15.75,B7,13.5,7,100
37340,SOUTHERN MALLEE DC,BEWHfA,F2,0.000545411,0.162218216,F2,45.25,H3,20,G4,15,5,100
37347,SOUTHERN MALLEE DC,MAJQXB,B2,0.001920682,0.200544622,B2,38.5,G1,31.5,H3,8.25,7,100
37355,SOUTHERN MALLEE DC,ALLOUN,G2,0.00013752,0.057550993,G2,52,F2,17.5,G4,17.5,4,100
37361,SOUTHERN MALLEE DC,ALLHaA,F2,0.000262968,0.162970428,F2,56.25,G4,43.75,None,0,2,100
37371,SOUTHERN MALLEE DC,ALLHaK,F2,0.000720338,0.436228105,F2,58.75,G4,41.25,None,0,2,100
37377,COORONG DISTRICT COUNCIL,EWENbA,B2,9.53E-05,0.056064521,B2,100,None,0,None,0,1,100
37378,COORONG DISTRICT COUNCIL,EWENgA,B2,8.63E-05,0.065916987,B2,75,H2,13.75,G2,11.25,3,100
37381,SOUTHERN MALLEE DC,MAJHrA,C3,4.88E-05,0.039119315,C3,35,D2,30,C1,20,4,100
37382,COORONG DISTRICT COUNCIL,EWEUUF,H2,5.94E-05,0.038852751,H2,41.25,G2,33.75,B2,25,3,100
37385,THE RURAL CITY OF MURRAY BRIDGE,MALZH-,N2,1.62E-05,0.01658892,N2,40.415,E1,34,F2,25.585,3,100
37389,COORONG DISTRICT COUNCIL,SHEU-D,H2,2.37E-05,0.03170787,H2,80,G3,20,None,0,2,100
37392,COORONG DISTRICT COUNCIL,EWEUUF,H2,2.30E-05,0.022731582,H2,41.25,G2,33.75,B2,25,3,100
37395,COORONG DISTRICT COUNCIL,EWENbA,B2,4.39E-05,0.028986504,B2,100,None,0,None,0,1,100
37397,THE RURAL CITY OF MURRAY BRIDGE,MALUUK,H2,0.000171324,0.116387983,H2,44,B3,15.75,B7,13.5,7,100
37403,COORONG DISTRICT COUNCIL,SHEMyB,B2,0.000223694,0.10880908,B2,60,H2,20,A4,15,4,100
37405,COORONG DISTRICT COUNCIL,MAJQKB,B2,0.000462803,0.136112617,B2,100,None,0,None,0,1,100
37407,COORONG DISTRICT COUNCIL,SHEUUJ,H2,0.000254758,0.161800993,H2,36,B3,30.25,B1,11,6,100
37411,SOUTHERN MALLEE DC,GUROTJ,H3,0.000521203,0.151086538,H3,32,C4,20,D3,17.5,6,100
37423,COORONG DISTRICT COUNCIL,PEAOJf,G1,7.53E-05,0.041602312,G1,40,H3,35,B2,25,3,100
37424,COORONG DISTRICT COUNCIL,MAIMFB,B3,0.000182611,0.09489331,B3,45,B7,35,B8,20,3,100
37432,COORONG DISTRICT COUNCIL,BLCZA-,N2,0.000550555,0.223768542,N2,55,E1,45,None,0,2,100
37433,COORONG DISTRICT COUNCIL,ALEVr-,WW,1.88E-05,0.021425434,WW,55,N3,45,None,0,2,100
37435,COORONG DISTRICT COUNCIL,MAINeE,B7,0.000648957,0.150597779,B7,47.25,B3,40,H2,5.5,5,100
37437,COORONG DISTRICT COUNCIL,BLCZC-,N2,6.23E-05,0.034938511,N2,100,None,0,None,0,1,100
37440,SOUTHERN MALLEE DC,ALLOUG,G2,7.69E-06,0.010390639,G2,52,G4,19.25,F2,15.75,4,100
37442,SOUTHERN MALLEE DC,ALLOUQ,G2,0.001085308,0.364753735,G2,32,G4,31.25,F2,28.75,4,100
37450,COORONG DISTRICT COUNCIL,SHEUUI,H2,1.96E-05,0.027247629,H2,36,B3,30.25,B1,11,6,100
37451,SOUTHERN MALLEE DC,ALLOUI,G2,0.000871728,0.310200621,G2,36,G4,30.25,F2,24.75,4,100
37469,COORONG DISTRICT COUNCIL,SHEUUJ,H2,6.73E-05,0.048814217,H2,36,B3,30.25,B1,11,6,100
37470,COORONG DISTRICT COUNCIL,BLCZC-,N2,9.40E-06,0.011346854,N2,100,None,0,None,0,1,100
37476,COORONG DISTRICT COUNCIL,MAJHsA,C3,9.95E-05,0.054502948,C3,26.25,D2,22.5,C1,15,6,100
37478,COORONG DISTRICT COUNCIL,SHEUUJ,H2,0.000473644,0.24297237,H2,36,B3,30.25,B1,11,6,100
37494,COORONG DISTRICT COUNCIL,MAJQOB,B2,0.000232999,0.111302477,B2,41.25,G1,33.75,H3,13.75,4,100
37497,COORONG DISTRICT COUNCIL,BLCVWI,E1,6.24E-05,0.030462298,E1,46.75,F1,17,B7,12.75,7,100
37499,SOUTHERN MALLEE DC,LAMHeA,F2,5.06E-05,0.029174405,F2,55,G4,45,None,0,2,100
37512,COORONG DISTRICT COUNCIL,MAINeE,B7,0.00040243,0.127182837,B7,47.25,B3,40,H2,5.5,5,100
37516,COORONG DISTRICT COUNCIL,BLCZL-,G2,6.25E-05,0.054928557,G2,55,H3,45,None,0,2,100
37517,SOUTHERN MALLEE DC,BEWHeK,F2,5.53E-05,0.050386461,F2,58.75,G4,17,A5,12.75,4,100
37527,COORONG DISTRICT COUNCIL,BLCVWB,E1,0.000167389,0.067110985,E1,35,F1,30,B7,15,5,100
37539,SOUTHERN MALLEE DC,ALLOUX,F2,3.55E-05,0.028060916,F2,32.25,G2,32,G4,27.75,4,100
37541,SOUTHERN MALLEE DC,ALLOUF,G2,0.000161937,0.086383954,G2,60,H3,15,G4,13.75,4,100
37542,COORONG DISTRICT COUNCIL,SHEUUJ,H2,0.000464647,0.217119677,H2,36,B3,30.25,B1,11,6,100
37543,SOUTHERN MALLEE DC,ALLOUG,G2,0.000229081,0.100623368,G2,52,G4,19.25,F2,15.75,4,100
37547,COORONG DISTRICT COUNCIL,MAJODf,B2,9.75E-05,0.05310275,B2,30.25,G1,24.75,H3,24.75,4,100
37557,COORONG DISTRICT COUNCIL,SHENdA,B3,0.000217568,0.099342533,B3,55,A4,20,B1,15,4,100
37563,COORONG DISTRICT COUNCIL,MAJQOB,B2,6.89E-05,0.040747619,B2,41.25,G1,33.75,H3,13.75,4,100
37568,COORONG DISTRICT COUNCIL,SHENdA,B3,0.00040861,0.131358291,B3,55,A4,20,B1,15,4,100
37569,SOUTHERN MALLEE DC,STWODf,H3,0.000182041,0.061767275,H3,45,A4,24.75,C1,19.25,4,100
37575,COORONG DISTRICT COUNCIL,SHENdP,B3,5.77E-05,0.031672922,B3,41.25,H2,20,B1,15,6,100
37576,COORONG DISTRICT COUNCIL,COPVVL,E1,0.00015977,0.089901045,E1,41.25,A8,25,B5,15,5,100
37577,COORONG DISTRICT COUNCIL,SHENdP,B3,0.000135317,0.073149604,B3,41.25,H2,20,B1,15,6,100
37585,SOUTHERN MALLEE DC,ALLHaK,F2,0.001475916,0.703947813,F2,58.75,G4,41.25,None,0,2,100
37588,COORONG DISTRICT COUNCIL,BLCZC-,N2,9.74E-06,0.011720717,N2,100,None,0,None,0,1,100
37590,COORONG DISTRICT COUNCIL,COPZB-,N2,2.19E-05,0.031885013,N2,95,A8,5,None,0,2,100
37596,COORONG DISTRICT COUNCIL,BLCUgR,H2,0.000138941,0.058889836,H2,55,E1,29.25,F1,9,4,100
37601,SOUTHERN MALLEE DC,ALLHaK,F2,0.0004689,0.286377312,F2,58.75,G4,41.25,None,0,2,100
37612,SOUTHERN MALLEE DC,ALLHaA,F2,1.17E-05,0.013515413,F2,56.25,G4,43.75,None,0,2,100
37618,COORONG DISTRICT COUNCIL,MAIMwB,H2,5.93E-05,0.047837741,B3,24.75,H2,24.75,G2,20.25,5,100
37629,SOUTHERN MALLEE DC,MAJHsA,C3,0.0001692,0.059211454,C3,26.25,D2,22.5,C1,15,6,100
37637,SOUTHERN MALLEE DC,BILOAM,H3,0.00013671,0.074308925,H3,35.75,H2,29.25,G2,16.5,6,100
37638,COORONG DISTRICT COUNCIL,SHENdP,B3,0.000180458,0.08384637,B3,41.25,H2,20,B1,15,6,100
37639,COORONG DISTRICT COUNCIL,SHENdP,B3,0.000852985,0.324206552,B3,41.25,H2,20,B1,15,6,100
37640,SOUTHERN MALLEE DC,LAMHeA,F2,0.002110666,0.298788957,F2,55,G4,45,None,0,2,100
37650,SOUTHERN MALLEE DC,PINO-D,G1,3.68E-05,0.035599738,G1,100,None,0,None,0,1,100
37653,SOUTHERN MALLEE DC,BEWOUI,H3,0.00626867,1.123182441,H3,40,G4,20.75,F2,18.25,5,100
37657,COORONG DISTRICT COUNCIL,COLZB-,N2,4.08E-05,0.030009931,N2,100,None,0,None,0,1,100
37667,COORONG DISTRICT COUNCIL,COPVVB,E1,0.000496389,0.137327919,E1,52.25,B5,19,A4,14.25,5,100
37671,COORONG DISTRICT COUNCIL,SHENbA,B3,0.000148081,0.058924329,B3,45,B2,35,A4,20,3,100
37677,COORONG DISTRICT COUNCIL,PEAOJJ,G1,0.000157478,0.072158126,G1,40,H3,35,B2,25,3,100
37682,SOUTHERN MALLEE DC,MAJHrA,C3,6.97E-05,0.044434599,C3,35,D2,30,C1,20,4,100
37687,SOUTHERN MALLEE DC,ALLHaK,F2,0.000145774,0.110419834,F2,58.75,G4,41.25,None,0,2,100
37691,SOUTHERN MALLEE DC,ALLOUN,G2,2.78E-05,0.027251855,G2,52,F2,17.5,G4,17.5,4,100
37696,SOUTHERN MALLEE DC,ALLOUG,G2,5.26E-05,0.041519523,G2,52,G4,19.25,F2,15.75,4,100
37699,COORONG DISTRICT COUNCIL,EWENbA,B2,0.000371431,0.169935918,B2,100,None,0,None,0,1,100
37705,SOUTHERN MALLEE DC,LAMHfA,F2,0.001762489,0.358789908,F2,45,G4,40,H3,15,3,100
37707,SOUTHERN MALLEE DC,GURHnA,C4,9.44E-05,0.039820794,C4,22.5,D3,22.5,G1,16.25,8,100
37711,SOUTHERN MALLEE DC,MAJHsK,C3,9.41E-05,0.069458796,C3,27.25,D2,23.25,C1,15,7,100
37717,COORONG DISTRICT COUNCIL,BLCZA-,N2,0.000840398,0.368232986,N2,55,E1,45,None,0,2,100
37727,SOUTHERN MALLEE DC,PINOUJ,G1,0.000197125,0.106705835,G1,45,D3,44,G4,11,3,100
37746,SOUTHERN MALLEE DC,BEWHeK,F2,0.00043116,0.204505601,F2,58.75,G4,17,A5,12.75,4,100
37750,COORONG DISTRICT COUNCIL,ALEQzZ,B2,3.41E-05,0.027853713,B2,55,B3,45,None,0,2,100
37753,SOUTHERN MALLEE DC,ALLOUG,G2,0.000679233,0.285845029,G2,52,G4,19.25,F2,15.75,4,100
37755,SOUTHERN MALLEE DC,ALLHaK,F2,0.000167256,0.084160937,F2,58.75,G4,41.25,None,0,2,100
37757,COORONG DISTRICT COUNCIL,MAIZB-,N2,1.01E-05,0.016395886,N2,100,None,0,None,0,1,100
37761,SOUTHERN MALLEE DC,ALLHaA,F2,3.17E-05,0.025679125,F2,56.25,G4,43.75,None,0,2,100
37762,COORONG DISTRICT COUNCIL,BLCZC-,N2,1.19E-05,0.016799771,N2,100,None,0,None,0,1,100
37767,COORONG DISTRICT COUNCIL,MAIMFB,B3,2.19E-05,0.017291635,B3,45,B7,35,B8,20,3,100
37770,COORONG DISTRICT COUNCIL,COLMFa,B3,9.75E-05,0.057312385,B3,95,B7,5,None,0,2,100
37771,COORONG DISTRICT COUNCIL,BLCUgR,H2,4.68E-05,0.035985756,H2,55,E1,29.25,F1,9,4,100
37778,COORONG DISTRICT COUNCIL,MAJQLB,B2,0.000619602,0.158366142,B2,100,None,0,None,0,1,100
37785,COORONG DISTRICT COUNCIL,SHEUUJ,H2,0.000113156,0.073685184,H2,36,B3,30.25,B1,11,6,100
37786,COORONG DISTRICT COUNCIL,BLCZC-,N2,1.74E-05,0.018199345,N2,100,None,0,None,0,1,100
37789,COORONG DISTRICT COUNCIL,SHENdA,B3,0.000175446,0.102446016,B3,55,A4,20,B1,15,4,100
37790,COORONG DISTRICT COUNCIL,BLCNbA,B2,1.66E-05,0.015389672,B2,100,None,0,None,0,1,100
37793,COORONG DISTRICT COUNCIL,ASVUgN,H2,0.000274706,0.193431973,H2,85,N2,8.25,E1,3,5,100
37795,COORONG DISTRICT COUNCIL,MAJHsA,C3,0.000271055,0.133350267,C3,26.25,D2,22.5,C1,15,6,100
37796,COORONG DISTRICT COUNCIL,MAJODe,B2,0.001806593,0.366210142,B2,30.25,G1,24.75,H3,24.75,4,100
37802,COORONG DISTRICT COUNCIL,MAJQMB,B2,1.79E-05,0.01563936,B2,100,None,0,None,0,1,100
37811,COORONG DISTRICT COUNCIL,COLNeB,B3,0.002942164,0.42920404,B3,45,B7,44,B8,11,3,100
37816,SOUTHERN MALLEE DC,BEWHfA,F2,0.00028431,0.164829288,F2,45.25,H3,20,G4,15,5,100
37820,COORONG DISTRICT COUNCIL,SHENdP,B3,0.00013721,0.093494941,B3,41.25,H2,20,B1,15,6,100
37821,SOUTHERN MALLEE DC,ALLOUG,G2,5.54E-05,0.034731368,G2,52,G4,19.25,F2,15.75,4,100
37822,COORONG DISTRICT COUNCIL,BLCZC-,N2,0.00011097,0.045482281,N2,100,None,0,None,0,1,100
37823,COORONG DISTRICT COUNCIL,SHEUUJ,H2,8.10E-05,0.068292264,H2,36,B3,30.25,B1,11,6,100
37827,COORONG DISTRICT COUNCIL,SHEUUJ,H2,0.000413805,0.276446046,H2,36,B3,30.25,B1,11,6,100
37828,SOUTHERN MALLEE DC,MAJHrA,C3,7.50E-05,0.044631177,C3,35,D2,30,C1,20,4,100
37831,COORONG DISTRICT COUNCIL,SHEUUJ,H2,0.0006594,0.227234835,H2,36,B3,30.25,B1,11,6,100
37832,COORONG DISTRICT COUNCIL,MAJQMB,B2,1.77E-05,0.020685811,B2,100,None,0,None,0,1,100
37834,COORONG DISTRICT COUNCIL,COLNeI,B7,0.00031352,0.103578997,B7,46.75,B3,40,B8,11,4,100
37836,COORONG DISTRICT COUNCIL,SHENdA,B3,0.000180902,0.069734589,B3,55,A4,20,B1,15,4,100
37839,SOUTHERN MALLEE DC,BEWHeA,F2,0.001020516,0.312513538,F2,56.25,G4,19,A5,14.25,4,100
37842,COORONG DISTRICT COUNCIL,MAJQXB,B2,0.003208133,0.412229384,B2,38.5,G1,31.5,H3,8.25,7,100
37847,SOUTHERN MALLEE DC,ALLOUJ,G2,0.005699217,1.244591881,G2,36,G4,30.25,F2,24.75,4,100
37867,SOUTHERN MALLEE DC,BEWHeA,F2,0.000164391,0.061575462,F2,56.25,G4,19,A5,14.25,4,100
37872,SOUTHERN MALLEE DC,ALLOUJ,G2,0.000581187,0.137867537,G2,36,G4,30.25,F2,24.75,4,100
37874,SOUTHERN MALLEE DC,ALLOUX,F2,0.001434068,0.284838989,F2,32.25,G2,32,G4,27.75,4,100
37875,COORONG DISTRICT COUNCIL,BLCZC-,N2,0.000238615,0.064981227,N2,100,None,0,None,0,1,100
37878,COORONG DISTRICT COUNCIL,COLNfQ,B7,0.000892262,0.200050518,B7,37,B3,16.5,H2,13.75,6,100
37887,COORONG DISTRICT COUNCIL,MAIZB-,N2,0.000115748,0.081545589,N2,100,None,0,None,0,1,100
37889,SOUTHERN MALLEE DC,ALLOUN,G2,0.000664397,0.149379222,G2,52,F2,17.5,G4,17.5,4,100
37890,COORONG DISTRICT COUNCIL,SHENbA,B3,1.93E-05,0.021318134,B3,45,B2,35,A4,20,3,100
37895,COORONG DISTRICT COUNCIL,SHENdA,B3,9.65E-05,0.052749734,B3,55,A4,20,B1,15,4,100
37898,COORONG DISTRICT COUNCIL,PEAOJE,H3,0.000311521,0.129141567,H3,70,B2,15,G1,15,3,100
37904,COORONG DISTRICT COUNCIL,COPZB-,N2,0.001079637,0.219996717,N2,95,A8,5,None,0,2,100
37905,COORONG DISTRICT COUNCIL,MAJQOB,B2,0.000211703,0.079693158,B2,41.25,G1,33.75,H3,13.75,4,100
37906,COORONG DISTRICT COUNCIL,MAJHrA,C3,0.000259455,0.116906156,C3,35,D2,30,C1,20,4,100
37922,COORONG DISTRICT COUNCIL,SHENdP,B3,0.000246648,0.119142506,B3,41.25,H2,20,B1,15,6,100
37929,SOUTHERN MALLEE DC,STWIbK,D2,2.54E-05,0.021079824,D2,85,H3,10,N2,3.25,5,100
37930,SOUTHERN MALLEE DC,LAMOUJ,H3,5.32E-05,0.045434256,H3,45,F2,30.25,G4,24.75,3,100
37948,SOUTHERN MALLEE DC,ALLOUI,G2,0.003410524,0.956061984,G2,36,G4,30.25,F2,24.75,4,100
37967,COORONG DISTRICT COUNCIL,BUCMxB,B2,6.63E-05,0.03092072,B2,80,B3,20,None,0,2,100
37989,THE RURAL CITY OF MURRAY BRIDGE,MALVwM,A7,2.17E-05,0.024738345,A7,29.75,E1,25.5,F2,17,5,100
38008,COORONG DISTRICT COUNCIL,SHEMyB,B2,7.26E-05,0.039366528,B2,60,H2,20,A4,15,4,100
38013,COORONG DISTRICT COUNCIL,COLZB-,N2,1.25E-05,0.013252501,N2,100,None,0,None,0,1,100
38015,COORONG DISTRICT COUNCIL,SHENbA,B3,0.000105314,0.045973904,B3,45,B2,35,A4,20,3,100
38018,COORONG DISTRICT COUNCIL,COPVVF,E1,5.52E-05,0.035158085,E1,35.75,A8,30,B5,13,5,100
38021,COORONG DISTRICT COUNCIL,SHEMxB,B2,0.000131122,0.045609916,B2,80,A4,20,None,0,2,100
38041,COORONG DISTRICT COUNCIL,SHENbA,B3,0.000467454,0.160992274,B3,45,B2,35,A4,20,3,100
38049,COORONG DISTRICT COUNCIL,PEAOJE,H3,6.78E-05,0.066524778,H3,70,B2,15,G1,15,3,100
38050,COORONG DISTRICT COUNCIL,BLCVWC,E1,0.000676072,0.309171558,E1,55,F1,20,B7,15,4,100
38051,COORONG DISTRICT COUNCIL,SHENdA,B3,7.46E-05,0.042230108,B3,55,A4,20,B1,15,4,100
38052,COORONG DISTRICT COUNCIL,SHEMyB,B2,8.35E-05,0.04731132,B2,60,H2,20,A4,15,4,100
38053,SOUTHERN MALLEE DC,MAJHrA,C3,2.73E-05,0.024272953,C3,35,D2,30,C1,20,4,100
38066,COORONG DISTRICT COUNCIL,EWEUUF,H2,0.000106639,0.057608418,H2,41.25,G2,33.75,B2,25,3,100
38069,SOUTHERN MALLEE DC,PINOUI,G1,8.67E-05,0.073469908,G1,45,D3,44,G4,11,3,100
38085,COORONG DISTRICT COUNCIL,MAJQMB,B2,3.01E-05,0.027115729,B2,100,None,0,None,0,1,100
38086,SOUTHERN MALLEE DC,PINO-D,G1,3.54E-05,0.029869244,G1,100,None,0,None,0,1,100
38093,COORONG DISTRICT COUNCIL,SHEMyB,B2,6.52E-05,0.032494541,B2,60,H2,20,A4,15,4,100
38094,SOUTHERN MALLEE DC,BEWOUJ,H3,0.000299523,0.170349021,H3,40,G4,20.75,F2,18.25,5,100
38104,SOUTHERN MALLEE DC,BEWHeA,F2,0.000475647,0.222274667,F2,56.25,G4,19,A5,14.25,4,100
38105,COORONG DISTRICT COUNCIL,SHEMxB,B2,3.34E-05,0.023802195,B2,80,A4,20,None,0,2,100
38111,COORONG DISTRICT COUNCIL,SHENdP,B3,0.000100744,0.071799909,B3,41.25,H2,20,B1,15,6,100
38112,COORONG DISTRICT COUNCIL,BLCVWC,E1,0.002487134,0.702190824,E1,55,F1,20,B7,15,4,100
38113,COORONG DISTRICT COUNCIL,BLCZC-,N2,8.48E-06,0.011096621,N2,100,None,0,None,0,1,100
38127,COORONG DISTRICT COUNCIL,MAINfS,B7,0.000347247,0.14386733,B7,32.25,H2,29,G2,11.75,7,100
38136,COORONG DISTRICT COUNCIL,EWEUUF,H2,0.000289922,0.165615413,H2,41.25,G2,33.75,B2,25,3,100
38147,SOUTHERN MALLEE DC,GUROTE,H3,9.33E-05,0.057216416,H3,60,H2,15,C4,8.75,6,100
38156,SOUTHERN MALLEE DC,STWSfB,A4,0.000186007,0.07679044,A4,29.75,C1,25.5,B2,17,5,100
38170,COORONG DISTRICT COUNCIL,ASVVvG,E1,2.00E-05,0.024255691,E1,27.5,H2,25,N2,25,4,100
38171,SOUTHERN MALLEE DC,ALLOUF,G2,0.002101161,0.463959686,G2,60,H3,15,G4,13.75,4,100
38189,COORONG DISTRICT COUNCIL,SHEUUI,H2,0.000921314,0.390644365,H2,36,B3,30.25,B1,11,6,100
38191,COORONG DISTRICT COUNCIL,SHENbA,B3,7.59E-06,0.010089619,B3,45,B2,35,A4,20,3,100
38192,SOUTHERN MALLEE DC,LAMOUJ,H3,2.09E-05,0.02172947,H3,45,F2,30.25,G4,24.75,3,100
38199,COORONG DISTRICT COUNCIL,PEAOJJ,G1,0.001324537,0.339458057,G1,40,H3,35,B2,25,3,100
38203,COORONG DISTRICT COUNCIL,PEAOJf,G1,0.000393564,0.118515932,G1,40,H3,35,B2,25,3,100
38206,COORONG DISTRICT COUNCIL,BLCVWI,E1,0.000476465,0.23575158,E1,46.75,F1,17,B7,12.75,7,100
38208,COORONG DISTRICT COUNCIL,MAJODi,H3,0.000965422,0.283841355,H3,35.75,G2,29.25,B2,18.5,5,100
38210,SOUTHERN MALLEE DC,STWSfB,A4,6.96E-05,0.048915451,A4,29.75,C1,25.5,B2,17,5,100
38213,COORONG DISTRICT COUNCIL,SHEU-D,H2,2.20E-05,0.030363777,H2,80,G3,20,None,0,2,100
38223,SOUTHERN MALLEE DC,PINOUJ,G1,4.30E-05,0.03582689,G1,45,D3,44,G4,11,3,100
38228,COORONG DISTRICT COUNCIL,SHEMxB,B2,9.77E-05,0.045240717,B2,80,A4,20,None,0,2,100
38233,COORONG DISTRICT COUNCIL,BLCVWC,E1,0.000293499,0.114176597,E1,55,F1,20,B7,15,4,100
38234,COORONG DISTRICT COUNCIL,MAJQOB,B2,5.20E-05,0.044343695,B2,41.25,G1,33.75,H3,13.75,4,100
38237,COORONG DISTRICT COUNCIL,BLCZC-,N2,0.002441609,0.420673662,N2,100,None,0,None,0,1,100
38239,COORONG DISTRICT COUNCIL,SHEMxB,B2,9.34E-05,0.04116899,B2,80,A4,20,None,0,2,100
38244,SOUTHERN MALLEE DC,LAMHeA,F2,6.34E-05,0.030210071,F2,55,G4,45,None,0,2,100
38245,COORONG DISTRICT COUNCIL,SHEUUF,H2,0.000125709,0.095447232,H2,52,B3,19.25,G3,13,6,100
38246,COORONG DISTRICT COUNCIL,ASVVvG,E1,1.65E-05,0.027532628,E1,27.5,H2,25,N2,25,4,100
38249,COORONG DISTRICT COUNCIL,SHENbA,B3,0.000154073,0.066784159,B3,45,B2,35,A4,20,3,100
38250,COORONG DISTRICT COUNCIL,MAJQXB,B2,8.63E-05,0.04610425,B2,38.5,G1,31.5,H3,8.25,7,100
38251,SOUTHERN MALLEE DC,BEWHeK,F2,0.000152899,0.090997874,F2,58.75,G4,17,A5,12.75,4,100
38253,SOUTHERN MALLEE DC,BEWOUe,H3,0.000882192,0.246102782,H3,45,G4,19.25,F2,16.5,5,100
38265,COORONG DISTRICT COUNCIL,SHENbA,B3,1.64E-05,0.015112731,B3,45,B2,35,A4,20,3,100
38291,SOUTHERN MALLEE DC,STWSfB,A4,6.14E-05,0.034627011,A4,29.75,C1,25.5,B2,17,5,100
38299,SOUTHERN MALLEE DC,GUROTJ,H3,0.000270187,0.082157247,H3,32,C4,20,D3,17.5,6,100
38303,COORONG DISTRICT COUNCIL,SHENdP,B3,0.000190572,0.096837485,B3,41.25,H2,20,B1,15,6,100
38307,COORONG DISTRICT COUNCIL,BLCVWJ,E1,0.001099439,0.29393606,E1,46.75,F1,17,N2,15,5,100
38310,COORONG DISTRICT COUNCIL,COPZM-,A8,0.000145313,0.094670792,A8,100,None,0,None,0,1,100
38311,SOUTHERN MALLEE DC,BILOAM,H3,7.40E-05,0.05232868,H3,35.75,H2,29.25,G2,16.5,6,100
38313,COORONG DISTRICT COUNCIL,ASVVvG,E1,0.000321551,0.179331489,E1,27.5,H2,25,N2,25,4,100
38316,COORONG DISTRICT COUNCIL,BLCZC-,N2,3.53E-05,0.028247563,N2,100,None,0,None,0,1,100
38325,COORONG DISTRICT COUNCIL,SHENdP,B3,0.000145356,0.09561916,B3,41.25,H2,20,B1,15,6,100
38338,COORONG DISTRICT COUNCIL,SHENbA,B3,4.15E-05,0.039390523,B3,45,B2,35,A4,20,3,100
38343,SOUTHERN MALLEE DC,ALLOUJ,G2,0.00352784,1.202882585,G2,36,G4,30.25,F2,24.75,4,100
38359,COORONG DISTRICT COUNCIL,BLCVWC,E1,9.40E-06,0.014403647,E1,55,F1,20,B7,15,4,100
38361,COORONG DISTRICT COUNCIL,MAINfO,B7,0.002472836,0.487391311,B7,29.25,H2,29,B3,16.5,5,100
38377,SOUTHERN MALLEE DC,BILOAM,H3,6.40E-05,0.058957781,H3,35.75,H2,29.25,G2,16.5,6,100
38383,SOUTHERN MALLEE DC,PINOUJ,G1,9.81E-05,0.048726516,G1,45,D3,44,G4,11,3,100
38386,COORONG DISTRICT COUNCIL,EWENgA,B2,0.000261558,0.090096732,B2,75,H2,13.75,G2,11.25,3,100
38387,COORONG DISTRICT COUNCIL,SHENbA,B3,0.000281971,0.103907122,B3,45,B2,35,A4,20,3,100
38396,SOUTHERN MALLEE DC,PINOUJ,G1,5.35E-05,0.034030902,G1,45,D3,44,G4,11,3,100
38397,COORONG DISTRICT COUNCIL,MAJHsK,C3,6.13E-05,0.042742561,C3,27.25,D2,23.25,C1,15,7,100
38403,COORONG DISTRICT COUNCIL,EWEUUF,H2,2.74E-05,0.024342849,H2,41.25,G2,33.75,B2,25,3,100
38407,THE RURAL CITY OF MURRAY BRIDGE,MALU-B,H2,2.09E-05,0.024617622,H2,80,H1,20,None,0,2,100
38411,SOUTHERN MALLEE DC,MAJHrA,C3,0.000196417,0.090304175,C3,35,D2,30,C1,20,4,100
38416,COORONG DISTRICT COUNCIL,ASVUgN,H2,0.000143901,0.060569871,H2,85,N2,8.25,E1,3,5,100
38420,COORONG DISTRICT COUNCIL,ASVVvG,E1,0.00013869,0.072508261,E1,27.5,H2,25,N2,25,4,100
38422,COORONG DISTRICT COUNCIL,SHENbA,B3,1.37E-05,0.014839796,B3,45,B2,35,A4,20,3,100
38425,COORONG DISTRICT COUNCIL,SHEMxB,B2,3.47E-05,0.024081179,B2,80,A4,20,None,0,2,100
38428,COORONG DISTRICT COUNCIL,MAJQMB,B2,7.50E-05,0.05226866,B2,100,None,0,None,0,1,100
38444,SOUTHERN MALLEE DC,ALLGfA,G4,0.000159694,0.105580722,G4,55,F2,45,None,0,2,100
38451,COORONG DISTRICT COUNCIL,SHENdP,B3,0.000383753,0.24563116,B3,41.25,H2,20,B1,15,6,100
38455,COORONG DISTRICT COUNCIL,MAIZB-,N2,4.10E-05,0.02901309,N2,100,None,0,None,0,1,100
38456,COORONG DISTRICT COUNCIL,COLNeI,B7,0.000517083,0.145689104,B7,46.75,B3,40,B8,11,4,100
38461,COORONG DISTRICT COUNCIL,EWENgA,B2,0.000210849,0.115352346,B2,75,H2,13.75,G2,11.25,3,100
38463,THE RURAL CITY OF MURRAY BRIDGE,MALVwM,A7,0.000294829,0.124110205,A7,29.75,E1,25.5,F2,17,5,100
38466,SOUTHERN MALLEE DC,BEWOUI,H3,0.001064664,0.371132388,H3,40,G4,20.75,F2,18.25,5,100
38468,COORONG DISTRICT COUNCIL,EWENbA,B2,0.000127037,0.068775315,B2,100,None,0,None,0,1,100
38475,COORONG DISTRICT COUNCIL,BLCVWC,E1,0.00012125,0.074414872,E1,55,F1,20,B7,15,4,100
38478,COORONG DISTRICT COUNCIL,BLCUgR,H2,5.74E-05,0.049576797,H2,55,E1,29.25,F1,9,4,100
38479,COORONG DISTRICT COUNCIL,EWENbA,B2,4.10E-05,0.031331781,B2,100,None,0,None,0,1,100
38486,COORONG DISTRICT COUNCIL,ALEVr-,WW,9.54E-06,0.021745099,WW,55,N3,45,None,0,2,100
38487,SOUTHERN MALLEE DC,LAMHeA,F2,7.16E-05,0.041392893,F2,55,G4,45,None,0,2,100
38490,COORONG DISTRICT COUNCIL,SHEMyB,B2,0.000321101,0.09421077,B2,60,H2,20,A4,15,4,100
38494,COORONG DISTRICT COUNCIL,BLCVWC,E1,0.000500618,0.223532218,E1,55,F1,20,B7,15,4,100
38495,COORONG DISTRICT COUNCIL,SHEUUI,H2,0.000277563,0.085053223,H2,36,B3,30.25,B1,11,6,100
38515,COORONG DISTRICT COUNCIL,SHEMxB,B2,1.65E-05,0.01623042,B2,80,A4,20,None,0,2,100
38520,COORONG DISTRICT COUNCIL,PEAOJF,H3,0.000112298,0.065656117,H3,70,B2,15,G1,15,3,100
38527,SOUTHERN MALLEE DC,ALLHbA,F2,7.98E-05,0.053297264,F2,41.25,G4,33.75,G2,25,3,100
38528,COORONG DISTRICT COUNCIL,MAJHsK,C3,4.24E-05,0.046377216,C3,27.25,D2,23.25,C1,15,7,100
38534,SOUTHERN MALLEE DC,QUIGlA,G3,4.37E-05,0.047440677,G3,48.75,H3,25,G4,15,4,100
38535,COORONG DISTRICT COUNCIL,ASVUgM,H2,4.44E-05,0.028736769,H2,85,N2,8.25,E1,3,5,100
38536,SOUTHERN MALLEE DC,QUIHkA,D3,2.22E-05,0.031522647,D3,65,G4,20,G3,15,3,100
38538,COORONG DISTRICT COUNCIL,QUIOAb,H3,0.01987379,2.321890604,H3,65,G3,22.75,G4,7,4,100
38540,COORONG DISTRICT COUNCIL,ALBVWC,E1,7.71E-05,0.076930735,E1,80,N2,20,None,0,2,100
38541,COORONG DISTRICT COUNCIL,YUMMJYD,B3,0.016472188,2.407353414,B3,48,H3,25,C3,15,4,100
38543,COORONG DISTRICT COUNCIL,GOHOAE,H3,0.002354319,0.761620267,H3,52,G2,32.25,G3,15.75,3,100
38544,SOUTHERN MALLEE DC,QUIHkA,D3,4.27E-05,0.041410282,D3,65,G4,20,G3,15,3,100
38545,COORONG DISTRICT COUNCIL,COLNeB,B3,0.000351663,0.094502414,B3,45,B7,44,B8,11,3,100
38547,SOUTHERN MALLEE DC,QUIOAF,H3,1.30E-05,0.016556064,H3,65,G3,22.75,G4,7,4,100
38549,COORONG DISTRICT COUNCIL,SHEUUJ,H2,0.000559637,0.310048699,H2,36,B3,30.25,B1,11,6,100
38567,SOUTHERN MALLEE DC,ALLGfA,G4,0.000949647,0.362828299,G4,55,F2,45,None,0,2,100
38576,SOUTHERN MALLEE DC,ALLHaK,F2,2.74E-05,0.024311564,F2,58.75,G4,41.25,None,0,2,100
38577,SOUTHERN MALLEE DC,ALLHaK,F2,0.000642505,0.304119193,F2,58.75,G4,41.25,None,0,2,100
38582,COORONG DISTRICT COUNCIL,MAJODb,H3,0.001168824,0.282784915,H3,35.75,G2,29.25,B2,19.25,4,100
38590,COORONG DISTRICT COUNCIL,MAIZB-,N2,5.05E-05,0.031608178,N2,100,None,0,None,0,1,100
38591,COORONG DISTRICT COUNCIL,SHEUUJ,H2,0.000154735,0.144088479,H2,36,B3,30.25,B1,11,6,100
38601,SOUTHERN MALLEE DC,QUIGlA,G3,3.39E-05,0.035727499,G3,48.75,H3,25,G4,15,4,100
38603,SOUTHERN MALLEE DC,ALLHaK,F2,0.000923068,0.410249156,F2,58.75,G4,41.25,None,0,2,100
38616,COORONG DISTRICT COUNCIL,SHENdA,B3,2.48E-05,0.02131491,B3,55,A4,20,B1,15,4,100
38617,COORONG DISTRICT COUNCIL,MAIUXF,H2,3.24E-05,0.029082674,H2,52,B7,19.25,B3,15.75,4,100
38620,COORONG DISTRICT COUNCIL,MAIUXE,H2,0.000179415,0.086678477,H2,60,G2,15,B7,13.75,4,100
38623,COORONG DISTRICT COUNCIL,COLNfQ,B7,0.000220774,0.138670869,B7,37,B3,16.5,H2,13.75,6,100
38624,SOUTHERN MALLEE DC,ALLHbA,F2,0.000431031,0.163997798,F2,41.25,G4,33.75,G2,25,3,100
38626,SOUTHERN MALLEE DC,QUIHkA,D3,1.28E-05,0.017957976,D3,65,G4,20,G3,15,3,100
38628,SOUTHERN MALLEE DC,QUIHkA,D3,2.22E-05,0.024027975,D3,65,G4,20,G3,15,3,100
38629,COORONG DISTRICT COUNCIL,GOHMHE,B3,3.23E-05,0.050845989,B3,75,G2,13.75,H3,11.25,3,100
38635,SOUTHERN MALLEE DC,QUIOAJ,H3,0.000266086,0.114907113,H3,45,G3,35.75,G4,11,4,100
38637,COORONG DISTRICT COUNCIL,ASVZK-,N2,1.68E-05,0.023085009,N2,55,B2,24.75,H2,20.25,3,100
38640,COORONG DISTRICT COUNCIL,MAINeE,B7,9.75E-05,0.061750078,B7,47.25,B3,40,H2,5.5,5,100
38662,SOUTHERN MALLEE DC,QUIGlA,G3,6.70E-05,0.045566188,G3,48.75,H3,25,G4,15,4,100
38667,SOUTHERN MALLEE DC,ALLOUG,G2,0.000662098,0.414476913,G2,52,G4,19.25,F2,15.75,4,100
38672,SOUTHERN MALLEE DC,ALLOUF,G2,1.97E-05,0.024123839,G2,60,H3,15,G4,13.75,4,100
38685,SOUTHERN MALLEE DC,MAJODi,H3,2.98E-05,0.027191648,H3,35.75,G2,29.25,B2,18.5,5,100
38686,COORONG DISTRICT COUNCIL,MAINeA,B3,8.23E-05,0.061303928,B3,55,B7,45,None,0,2,100
38687,COORONG DISTRICT COUNCIL,MAIUXF,H2,0.000127768,0.113760346,H2,52,B7,19.25,B3,15.75,4,100
38691,COORONG DISTRICT COUNCIL,SHENdA,B3,4.85E-05,0.048758726,B3,55,A4,20,B1,15,4,100
38693,SOUTHERN MALLEE DC,QUIOAG,H3,0.000162109,0.120169837,H3,65,G3,22.75,G4,7,4,100
38698,COORONG DISTRICT COUNCIL,SHENdP,B3,0.000104646,0.071645278,B3,41.25,H2,20,B1,15,6,100
38699,SOUTHERN MALLEE DC,QUIOAF,H3,0.000238549,0.149993319,H3,65,G3,22.75,G4,7,4,100
38701,SOUTHERN MALLEE DC,ALLOUG,G2,6.45E-05,0.059431389,G2,52,G4,19.25,F2,15.75,4,100
38703,SOUTHERN MALLEE DC,QUIHkA,D3,1.53E-05,0.027150267,D3,65,G4,20,G3,15,3,100
38704,COORONG DISTRICT COUNCIL,GOHMHE,B3,4.72E-06,0.007944695,B3,75,G2,13.75,H3,11.25,3,100
38705,SOUTHERN MALLEE DC,QUIGlA,G3,0.000107117,0.086468412,G3,48.75,H3,25,G4,15,4,100
38706,COORONG DISTRICT COUNCIL,ALEVr-,WW,2.14E-05,0.024132353,WW,55,N3,45,None,0,2,100
38709,COORONG DISTRICT COUNCIL,MAIUXJ,H2,0.001932424,0.376582248,H2,36,B7,30.25,B3,24.75,4,100
38711,SOUTHERN MALLEE DC,ALLOUF,G2,0.000113164,0.056635243,G2,60,H3,15,G4,13.75,4,100
38712,SOUTHERN MALLEE DC,ALLOUJ,G2,0.000179005,0.081513797,G2,36,G4,30.25,F2,24.75,4,100
38716,COORONG DISTRICT COUNCIL,COLMFa,B3,0.000395887,0.114001741,B3,95,B7,5,None,0,2,100
38728,SOUTHERN MALLEE DC,ALLOUG,G2,3.21E-05,0.027273508,G2,52,G4,19.25,F2,15.75,4,100
38731,SOUTHERN MALLEE DC,ALLHaA,F2,0.001453638,0.372438805,F2,56.25,G4,43.75,None,0,2,100
38733,SOUTHERN MALLEE DC,MAJHrA,C3,1.54E-05,0.015489772,C3,35,D2,30,C1,20,4,100
38736,SOUTHERN MALLEE DC,ALLOUG,G2,5.98E-05,0.04108763,G2,52,G4,19.25,F2,15.75,4,100
38737,SOUTHERN MALLEE DC,QUIO-A,H3,2.33E-05,0.020371465,H3,100,None,0,None,0,1,100
38738,SOUTHERN MALLEE DC,QUIOAb,H3,0.000415231,0.139554046,H3,65,G3,22.75,G4,7,4,100
38739,COORONG DISTRICT COUNCIL,MAJQLB,B2,0.000557227,0.193242248,B2,100,None,0,None,0,1,100
38744,COORONG DISTRICT COUNCIL,ASVUgN,H2,0.000123847,0.088540474,H2,85,N2,8.25,E1,3,5,100
38747,COORONG DISTRICT COUNCIL,ALEVr-,WW,0.00019119,0.138229461,WW,55,N3,45,None,0,2,100
38748,SOUTHERN MALLEE DC,ALLOUJ,G2,0.000649629,0.144229726,G2,36,G4,30.25,F2,24.75,4,100
38759,SOUTHERN MALLEE DC,QUIOAE,H3,0.000226407,0.110040979,H3,65,G3,22.75,G4,7,4,100
38760,COORONG DISTRICT COUNCIL,COLNeQ,B3,0.000513554,0.123994733,B3,35,B7,30.75,H2,13.75,6,100
38763,COORONG DISTRICT COUNCIL,SHEMyB,B2,0.000111968,0.045101083,B2,60,H2,20,A4,15,4,100
38769,SOUTHERN MALLEE DC,ALLOUX,F2,7.83E-05,0.058991163,F2,32.25,G2,32,G4,27.75,4,100
38770,SOUTHERN MALLEE DC,ALLOUN,G2,0.000223746,0.136352615,G2,52,F2,17.5,G4,17.5,4,100
38777,SOUTHERN MALLEE DC,ALLOUX,F2,0.000533151,0.187441502,F2,32.25,G2,32,G4,27.75,4,100
38778,COORONG DISTRICT COUNCIL,SHEUUJ,H2,1.68E-05,0.027021612,H2,36,B3,30.25,B1,11,6,100
38784,SOUTHERN MALLEE DC,ALLOUG,G2,2.81E-05,0.03714469,G2,52,G4,19.25,F2,15.75,4,100
38788,SOUTHERN MALLEE DC,QUIOAG,H3,0.000125807,0.078077944,H3,65,G3,22.75,G4,7,4,100
38789,SOUTHERN MALLEE DC,MAJQOB,B2,0.000739094,0.186019158,B2,41.25,G1,33.75,H3,13.75,4,100
38790,SOUTHERN MALLEE DC,ALLOUJ,G2,0.001262468,0.313055769,G2,36,G4,30.25,F2,24.75,4,100
38794,COORONG DISTRICT COUNCIL,MAINeA,B3,8.76E-05,0.072740725,B3,55,B7,45,None,0,2,100
38796,COORONG DISTRICT COUNCIL,SHENdA,B3,0.000330778,0.154553234,B3,55,A4,20,B1,15,4,100
38798,SOUTHERN MALLEE DC,ALLOUJ,G2,0.000823705,0.207643244,G2,36,G4,30.25,F2,24.75,4,100
38805,SOUTHERN MALLEE DC,ALLOUJ,G2,0.000271284,0.144524573,G2,36,G4,30.25,F2,24.75,4,100
38807,SOUTHERN MALLEE DC,QUIOAF,H3,0.010041842,2.691091256,H3,65,G3,22.75,G4,7,4,100
38809,COORONG DISTRICT COUNCIL,ALEVr-,WW,1.22E-05,0.019986214,WW,55,N3,45,None,0,2,100
38810,COORONG DISTRICT COUNCIL,ALBZH-,N2,1.31E-05,0.018173885,N2,55,B3,45,None,0,2,100
38811,SOUTHERN MALLEE DC,QUIOAE,H3,0.002711138,1.340165746,H3,65,G3,22.75,G4,7,4,100
38815,COORONG DISTRICT COUNCIL,ALBZC-,N2,2.13E-05,0.018568678,N2,100,None,0,None,0,1,100
38820,COORONG DISTRICT COUNCIL,ASVUgN,H2,1.56E-06,0.006600319,H2,85,N2,8.25,E1,3,5,100
38821,COORONG DISTRICT COUNCIL,ASVUgN,H2,4.42E-06,0.01168924,H2,85,N2,8.25,E1,3,5,100
38822,COORONG DISTRICT COUNCIL,GOHGmA,G3,4.80E-05,0.040536345,G3,85,G2,8.25,H3,6.75,3,100
38824,COORONG DISTRICT COUNCIL,ALBU-A,H2,1.10E-05,0.012216764,H2,100,None,0,None,0,1,100
38825,COORONG DISTRICT COUNCIL,ASVUgM,H2,9.63E-05,0.061333597,H2,85,N2,8.25,E1,3,5,100
38829,SOUTHERN MALLEE DC,QUIHkA,D3,2.20E-05,0.019619384,D3,65,G4,20,G3,15,3,100
38830,SOUTHERN MALLEE DC,QUIHkA,D3,1.41E-05,0.016759686,D3,65,G4,20,G3,15,3,100
38835,SOUTHERN MALLEE DC,QUIOAF,H3,0.000796874,0.34363225,H3,65,G3,22.75,G4,7,4,100
38842,SOUTHERN MALLEE DC,ALLHaK,F2,0.000451799,0.260915425,F2,58.75,G4,41.25,None,0,2,100
38844,SOUTHERN MALLEE DC,MAJQOB,B2,0.000124762,0.052154355,B2,41.25,G1,33.75,H3,13.75,4,100
38847,COORONG DISTRICT COUNCIL,COLMwb,B3,0.000107993,0.058214634,B3,75,H2,11,G2,9,4,100
38858,COORONG DISTRICT COUNCIL,SHENdA,B3,1.66E-05,0.018819851,B3,55,A4,20,B1,15,4,100
38865,COORONG DISTRICT COUNCIL,SHEZB-,N2,5.49E-05,0.035653537,N2,100,None,0,None,0,1,100
38866,COORONG DISTRICT COUNCIL,SHENdP,B3,0.000215557,0.122902529,B3,41.25,H2,20,B1,15,6,100
38867,COORONG DISTRICT COUNCIL,MAINeA,B3,0.000189872,0.113786776,B3,55,B7,45,None,0,2,100
38868,COORONG DISTRICT COUNCIL,MAIMwB,H2,6.00E-05,0.04607409,B3,24.75,H2,24.75,G2,20.25,5,100
38869,SOUTHERN MALLEE DC,ALLHaA,F2,8.15E-05,0.056253617,F2,56.25,G4,43.75,None,0,2,100
38874,COORONG DISTRICT COUNCIL,MAINeB,B3,6.78E-05,0.044663769,B3,100,None,0,None,0,1,100
38884,COORONG DISTRICT COUNCIL,ASVUgN,H2,1.30E-05,0.017853432,H2,85,N2,8.25,E1,3,5,100
38885,COORONG DISTRICT COUNCIL,MAIUXE,H2,0.00011647,0.067950176,H2,60,G2,15,B7,13.75,4,100
38887,COORONG DISTRICT COUNCIL,GOHOAE,H3,0.001499209,0.559322645,H3,52,G2,32.25,G3,15.75,3,100
38888,COORONG DISTRICT COUNCIL,MAIUXJ,H2,0.000129886,0.073365305,H2,36,B7,30.25,B3,24.75,4,100
38889,SOUTHERN MALLEE DC,QUIOAE,H3,5.67E-05,0.041032145,H3,65,G3,22.75,G4,7,4,100
38899,COORONG DISTRICT COUNCIL,PEAOJJ,G1,0.000943558,0.271612222,G1,40,H3,35,B2,25,3,100
38903,SOUTHERN MALLEE DC,QUIHkA,D3,1.86E-05,0.01765643,D3,65,G4,20,G3,15,3,100
38904,COORONG DISTRICT COUNCIL,MAJODc,H3,0.000227589,0.087945042,H3,35.75,G2,29.25,B2,19.25,4,100
38909,COORONG DISTRICT COUNCIL,ASVUgM,H2,0.000313739,0.117662818,H2,85,N2,8.25,E1,3,5,100
38910,COORONG DISTRICT COUNCIL,ALEVr-,WW,3.74E-05,0.083442087,WW,55,N3,45,None,0,2,100
38912,COORONG DISTRICT COUNCIL,MAINfP,B7,0.000145029,0.080968496,B7,39,H2,32,G2,14,5,100
38913,SOUTHERN MALLEE DC,QUIOAF,H3,0.000258586,0.091416325,H3,65,G3,22.75,G4,7,4,100
38914,COORONG DISTRICT COUNCIL,ALBMvC,H2,0.000290455,0.1381966,H2,68,G1,17,B3,6,5,100
38916,SOUTHERN MALLEE DC,QUIOAE,H3,0.000603232,0.213269712,H3,65,G3,22.75,G4,7,4,100
38917,COORONG DISTRICT COUNCIL,BLCZC-,N2,0.000386499,0.09532002,N2,100,None,0,None,0,1,100
38919,SOUTHERN MALLEE DC,ALLOUE,G2,0.000181648,0.132820782,G2,68,H3,17,G4,8.25,4,100
38926,SOUTHERN MALLEE DC,ALLHaA,F2,0.000260855,0.191549445,F2,56.25,G4,43.75,None,0,2,100
38931,SOUTHERN MALLEE DC,ALLHaA,F2,0.000181085,0.082678408,F2,56.25,G4,43.75,None,0,2,100
38937,COORONG DISTRICT COUNCIL,SHEUUI,H2,0.000208324,0.17665757,H2,36,B3,30.25,B1,11,6,100
38941,COORONG DISTRICT COUNCIL,SHENdP,B3,4.78E-05,0.034618512,B3,41.25,H2,20,B1,15,6,100
38953,COORONG DISTRICT COUNCIL,COLNfQ,B7,1.98E-05,0.022788407,B7,37,B3,16.5,H2,13.75,6,100
38962,SOUTHERN MALLEE DC,QUIOAF,H3,7.56E-05,0.048878022,H3,65,G3,22.75,G4,7,4,100
38964,COORONG DISTRICT COUNCIL,GOHOAF,H3,0.000141542,0.061935019,H3,52,G2,32.25,G3,15.75,3,100
38971,COORONG DISTRICT COUNCIL,ASVZK-,N2,0.000772419,0.348546428,N2,55,B2,24.75,H2,20.25,3,100
38975,COORONG DISTRICT COUNCIL,ALBMoC,G1,0.001575614,0.372082005,G1,30.25,H2,24.75,B3,18,5,100
38977,SOUTHERN MALLEE DC,QUIHlA,D3,1.95E-05,0.025381005,D3,48.75,H3,25,G4,15,4,100
38981,SOUTHERN MALLEE DC,QUIOAG,H3,0.000108414,0.062399857,H3,65,G3,22.75,G4,7,4,100
38982,COORONG DISTRICT COUNCIL,ASVZK-,N2,2.10E-05,0.023285624,N2,55,B2,24.75,H2,20.25,3,100
38983,SOUTHERN MALLEE DC,QUIGlA,G3,3.36E-05,0.026165722,G3,48.75,H3,25,G4,15,4,100
38988,COORONG DISTRICT COUNCIL,ALBZC-,N2,2.99E-05,0.027893,N2,100,None,0,None,0,1,100
38990,COORONG DISTRICT COUNCIL,ASVUgN,H2,0.000112828,0.071931908,H2,85,N2,8.25,E1,3,5,100
38992,SOUTHERN MALLEE DC,ALLOUI,G2,0.000430524,0.179006151,G2,36,G4,30.25,F2,24.75,4,100
38996,COORONG DISTRICT COUNCIL,MAIMFB,B3,0.000510246,0.155319818,B3,45,B7,35,B8,20,3,100
39005,SOUTHERN MALLEE DC,QUIOAF,H3,0.000467871,0.254975098,H3,65,G3,22.75,G4,7,4,100
39026,SOUTHERN MALLEE DC,ALLHbK,F2,0.001788116,0.343979315,F2,50.5,G4,34.5,G2,15,3,100
39029,COORONG DISTRICT COUNCIL,MAIMwB,H2,7.81E-05,0.038584339,B3,24.75,H2,24.75,G2,20.25,5,100
39035,SOUTHERN MALLEE DC,ALLOUG,G2,6.70E-06,0.011194596,G2,52,G4,19.25,F2,15.75,4,100
39039,SOUTHERN MALLEE DC,QUIOAE,H3,7.07E-05,0.068580472,H3,65,G3,22.75,G4,7,4,100
39041,COORONG DISTRICT COUNCIL,SHEUUJ,H2,1.58E-05,0.02340476,H2,36,B3,30.25,B1,11,6,100
39042,COORONG DISTRICT COUNCIL,SHENbA,B3,0.000165058,0.082548294,B3,45,B2,35,A4,20,3,100
39045,COORONG DISTRICT COUNCIL,MAINeA,B3,0.000813035,0.397211997,B3,55,B7,45,None,0,2,100
39046,COORONG DISTRICT COUNCIL,GOHMHB,B3,5.17E-05,0.02977629,B3,65,G2,19.25,H3,15.75,3,100
39048,COORONG DISTRICT COUNCIL,ALBU-A,H2,2.64E-05,0.028681367,H2,100,None,0,None,0,1,100
39050,COORONG DISTRICT COUNCIL,PEAOJF,H3,0.000107985,0.048340331,H3,70,B2,15,G1,15,3,100
39051,COORONG DISTRICT COUNCIL,SHENdP,B3,0.000155991,0.099571153,B3,41.25,H2,20,B1,15,6,100
39052,SOUTHERN MALLEE DC,QUIHkA,D3,6.47E-05,0.067024576,D3,65,G4,20,G3,15,3,100
39053,COORONG DISTRICT COUNCIL,ALBMvC,H2,0.001038682,0.215343344,H2,68,G1,17,B3,6,5,100
39054,COORONG DISTRICT COUNCIL,YUMMJYD,B3,0.001158436,0.230203537,B3,48,H3,25,C3,15,4,100
39056,SOUTHERN MALLEE DC,QUIGlA,G3,0.000109817,0.06360751,G3,48.75,H3,25,G4,15,4,100
39058,SOUTHERN MALLEE DC,ALLGfA,G4,0.000554871,0.165743555,G4,55,F2,45,None,0,2,100
39059,COORONG DISTRICT COUNCIL,SHENdA,B3,0.000620899,0.158384366,B3,55,A4,20,B1,15,4,100
39061,SOUTHERN MALLEE DC,ALLOUI,G2,0.000503452,0.149741843,G2,36,G4,30.25,F2,24.75,4,100
39063,COORONG DISTRICT COUNCIL,MAINfP,B7,0.00103583,0.352959949,B7,39,H2,32,G2,14,5,100
39068,SOUTHERN MALLEE DC,QUIOAJ,H3,7.35E-05,0.047883272,H3,45,G3,35.75,G4,11,4,100
39077,SOUTHERN MALLEE DC,QUIOAJ,H3,0.000167936,0.130306495,H3,45,G3,35.75,G4,11,4,100
39082,COORONG DISTRICT COUNCIL,SHEUUJ,H2,8.17E-05,0.06601571,H2,36,B3,30.25,B1,11,6,100
39083,SOUTHERN MALLEE DC,QUIOAJ,H3,0.00017624,0.073138954,H3,45,G3,35.75,G4,11,4,100
39092,SOUTHERN MALLEE DC,ALLOUG,G2,0.000228025,0.117398436,G2,52,G4,19.25,F2,15.75,4,100
39093,COORONG DISTRICT COUNCIL,GOHOAI,G2,0.000142329,0.091886055,G2,39.25,H3,36,G3,24.75,3,100
39094,COORONG DISTRICT COUNCIL,SHENdO,B3,0.000823633,0.204926896,B3,45.5,B2,15,H2,15,5,100
39095,COORONG DISTRICT COUNCIL,GOHOAF,H3,2.41E-05,0.022538061,H3,52,G2,32.25,G3,15.75,3,100
39096,COORONG DISTRICT COUNCIL,ALBVWC,E1,0.00021062,0.153457348,E1,80,N2,20,None,0,2,100
39097,COORONG DISTRICT COUNCIL,ASVZK-,N2,0.00021585,0.13156818,N2,55,B2,24.75,H2,20.25,3,100
39101,SOUTHERN MALLEE DC,QUIOAH,H3,0.000323311,0.135732593,H3,45,G3,35.75,G4,11,4,100
39106,SOUTHERN MALLEE DC,ALLOUG,G2,0.000144037,0.067346089,G2,52,G4,19.25,F2,15.75,4,100
39114,SOUTHERN MALLEE DC,QUIOAF,H3,7.43E-05,0.039166816,H3,65,G3,22.75,G4,7,4,100
39115,COORONG DISTRICT COUNCIL,SHENdA,B3,8.83E-06,0.013025746,B3,55,A4,20,B1,15,4,100
39124,SOUTHERN MALLEE DC,QUIOAM,H3,0.000190168,0.079987608,H3,65,G3,22.75,G4,7,4,100
39127,SOUTHERN MALLEE DC,ALLOUX,F2,0.000120419,0.061258017,F2,32.25,G2,32,G4,27.75,4,100
39128,SOUTHERN MALLEE DC,QUIOAM,H3,0.000100416,0.052395219,H3,65,G3,22.75,G4,7,4,100
39132,SOUTHERN MALLEE DC,ALLOUG,G2,0.000400743,0.167476278,G2,52,G4,19.25,F2,15.75,4,100
39133,COORONG DISTRICT COUNCIL,SHEUUJ,H2,0.00016037,0.137362386,H2,36,B3,30.25,B1,11,6,100
39139,SOUTHERN MALLEE DC,ALLHaK,F2,0.000161315,0.113949433,F2,58.75,G4,41.25,None,0,2,100
39144,COORONG DISTRICT COUNCIL,MAIUXI,H2,0.000149267,0.055485752,H2,36,B7,30.25,B3,24.75,4,100
39145,COORONG DISTRICT COUNCIL,ASVUgM,H2,0.001276603,0.486557437,H2,85,N2,8.25,E1,3,5,100
39146,COORONG DISTRICT COUNCIL,ASVZK-,N2,0.000440562,0.191839409,N2,55,B2,24.75,H2,20.25,3,100
39147,SOUTHERN MALLEE DC,QUIGlA,G3,0.000155559,0.112996074,G3,48.75,H3,25,G4,15,4,100
39148,SOUTHERN MALLEE DC,QUIO-A,H3,2.68E-05,0.024282612,H3,100,None,0,None,0,1,100
39151,SOUTHERN MALLEE DC,QUIOAG,H3,0.000563447,0.208566546,H3,65,G3,22.75,G4,7,4,100
39153,COORONG DISTRICT COUNCIL,SHEUUF,H2,4.00E-05,0.054311755,H2,52,B3,19.25,G3,13,6,100
39158,COORONG DISTRICT COUNCIL,MAIUXI,H2,0.000728356,0.310049345,H2,36,B7,30.25,B3,24.75,4,100
39160,SOUTHERN MALLEE DC,ALLOUG,G2,1.05E-05,0.01197457,G2,52,G4,19.25,F2,15.75,4,100
39162,COORONG DISTRICT COUNCIL,ALEVr-,WW,8.73E-05,0.049773568,WW,55,N3,45,None,0,2,100
39163,COORONG DISTRICT COUNCIL,SHEUUI,H2,7.50E-05,0.04369528,H2,36,B3,30.25,B1,11,6,100
39170,SOUTHERN MALLEE DC,ALLOUI,G2,0.002518402,0.462619141,G2,36,G4,30.25,F2,24.75,4,100
39174,SOUTHERN MALLEE DC,QUIHkA,D3,7.73E-06,0.010665925,D3,65,G4,20,G3,15,3,100
39175,SOUTHERN MALLEE DC,QUIHkA,D3,7.90E-06,0.011770231,D3,65,G4,20,G3,15,3,100
39180,SOUTHERN MALLEE DC,ALLOUG,G2,8.86E-06,0.011389158,G2,52,G4,19.25,F2,15.75,4,100
39182,SOUTHERN MALLEE DC,QUIOAM,H3,0.000117889,0.052705913,H3,65,G3,22.75,G4,7,4,100
39185,SOUTHERN MALLEE DC,QUIOAE,H3,0.018634824,5.120640715,H3,65,G3,22.75,G4,7,4,100
39188,SOUTHERN MALLEE DC,ALLHbK,F2,0.000294503,0.110660618,F2,50.5,G4,34.5,G2,15,3,100
39190,COORONG DISTRICT COUNCIL,SHENdP,B3,0.00048386,0.23626669,B3,41.25,H2,20,B1,15,6,100
39192,COORONG DISTRICT COUNCIL,SHENdP,B3,0.00023045,0.080858084,B3,41.25,H2,20,B1,15,6,100
39194,SOUTHERN MALLEE DC,ALLOUN,G2,0.000298107,0.184158408,G2,52,F2,17.5,G4,17.5,4,100
39195,SOUTHERN MALLEE DC,ALLOUG,G2,0.000159586,0.112285251,G2,52,G4,19.25,F2,15.75,4,100
39196,SOUTHERN MALLEE DC,QUIOAF,H3,0.000334019,0.117105327,H3,65,G3,22.75,G4,7,4,100
39197,SOUTHERN MALLEE DC,QUIOAF,H3,6.87E-05,0.044363016,H3,65,G3,22.75,G4,7,4,100
39198,COORONG DISTRICT COUNCIL,MAIUXJ,H2,4.77E-05,0.039903399,H2,36,B7,30.25,B3,24.75,4,100
39199,SOUTHERN MALLEE DC,QUIOAE,H3,0.000489407,0.258121407,H3,65,G3,22.75,G4,7,4,100
39212,SOUTHERN MALLEE DC,QUIOAF,H3,2.98E-05,0.034695054,H3,65,G3,22.75,G4,7,4,100
39224,COORONG DISTRICT COUNCIL,SHENdA,B3,4.07E-05,0.034299456,B3,55,A4,20,B1,15,4,100
39226,COORONG DISTRICT COUNCIL,MAIUXF,H2,8.93E-05,0.06383131,H2,52,B7,19.25,B3,15.75,4,100
39232,SOUTHERN MALLEE DC,ALLHaK,F2,0.000520611,0.180747489,F2,58.75,G4,41.25,None,0,2,100
39233,SOUTHERN MALLEE DC,ALLOUG,G2,2.17E-05,0.021214302,G2,52,G4,19.25,F2,15.75,4,100
39234,COORONG DISTRICT COUNCIL,PEAOJF,H3,0.00011021,0.090007449,H3,70,B2,15,G1,15,3,100
39238,SOUTHERN MALLEE DC,ALLGnA,G4,0.0001909,0.110261836,G4,41.25,F2,33.75,G2,13.75,4,100
39242,SOUTHERN MALLEE DC,QUIHkK,D3,7.20E-05,0.060707079,D3,65,G4,20,G3,15,3,100
39248,SOUTHERN MALLEE DC,ALLHaK,F2,0.000305022,0.144967771,F2,58.75,G4,41.25,None,0,2,100
39249,COORONG DISTRICT COUNCIL,SHEUUI,H2,0.000499836,0.250613868,H2,36,B3,30.25,B1,11,6,100
39255,COORONG DISTRICT COUNCIL,SHENdP,B3,9.49E-05,0.053314077,B3,41.25,H2,20,B1,15,6,100
39257,SOUTHERN MALLEE DC,QUIOAM,H3,0.000169348,0.065795061,H3,65,G3,22.75,G4,7,4,100
39260,COORONG DISTRICT COUNCIL,SHENdA,B3,8.84E-05,0.063581439,B3,55,A4,20,B1,15,4,100
39262,COORONG DISTRICT COUNCIL,MAIUXF,H2,0.000577847,0.256574071,H2,52,B7,19.25,B3,15.75,4,100
39291,COORONG DISTRICT COUNCIL,SHENdA,B3,2.64E-05,0.023903315,B3,55,A4,20,B1,15,4,100
39292,SOUTHERN MALLEE DC,QUIHlA,D3,1.46E-05,0.016337987,D3,48.75,H3,25,G4,15,4,100
39293,COORONG DISTRICT COUNCIL,GOHOAE,H3,0.000436073,0.214348548,H3,52,G2,32.25,G3,15.75,3,100
39296,COORONG DISTRICT COUNCIL,MAINfP,B7,0.000170056,0.080211255,B7,39,H2,32,G2,14,5,100
39298,SOUTHERN MALLEE DC,ALLOUQ,G2,0.000610047,0.129357167,G2,32,G4,31.25,F2,28.75,4,100
39299,COORONG DISTRICT COUNCIL,MAINeA,B3,8.72E-05,0.062917882,B3,55,B7,45,None,0,2,100
39300,COORONG DISTRICT COUNCIL,SHEUUJ,H2,0.002255651,1.102620447,H2,36,B3,30.25,B1,11,6,100
39303,COORONG DISTRICT COUNCIL,SHENdA,B3,0.011272943,3.179259719,B3,55,A4,20,B1,15,4,100
39308,COORONG DISTRICT COUNCIL,COLZB-,N2,5.01E-05,0.046654059,N2,100,None,0,None,0,1,100
39322,SOUTHERN MALLEE DC,ALLHaA,F2,0.000197284,0.125079673,F2,56.25,G4,43.75,None,0,2,100
39324,SOUTHERN MALLEE DC,ALLOUG,G2,6.71E-05,0.048340985,G2,52,G4,19.25,F2,15.75,4,100
39328,SOUTHERN MALLEE DC,ALLOUF,G2,0.000123387,0.09417671,G2,60,H3,15,G4,13.75,4,100
39330,COORONG DISTRICT COUNCIL,BLCZC-,N2,9.61E-05,0.060722934,N2,100,None,0,None,0,1,100
39332,COORONG DISTRICT COUNCIL,COLZL-,G2,0.000294784,0.137025759,G2,80,G3,20,None,0,2,100
39340,COORONG DISTRICT COUNCIL,SHENdA,B3,1.78E-05,0.021770177,B3,55,A4,20,B1,15,4,100
39343,COORONG DISTRICT COUNCIL,BLCZC-,N2,2.19E-05,0.022897482,N2,100,None,0,None,0,1,100
39359,SOUTHERN MALLEE DC,ALLGmB,G2,0.001262482,0.415779295,G2,52,G4,19.25,F2,15.75,4,100
39364,SOUTHERN MALLEE DC,QUIOAF,H3,4.32E-05,0.038788426,H3,65,G3,22.75,G4,7,4,100
39366,COORONG DISTRICT COUNCIL,SHENdA,B3,8.95E-05,0.063371504,B3,55,A4,20,B1,15,4,100
39371,SOUTHERN MALLEE DC,ALLOUG,G2,0.000599298,0.202867514,G2,52,G4,19.25,F2,15.75,4,100
39372,COORONG DISTRICT COUNCIL,SHENdP,B3,0.00026167,0.112977424,B3,41.25,H2,20,B1,15,6,100
39379,SOUTHERN MALLEE DC,ALLOUG,G2,4.30E-05,0.030699129,G2,52,G4,19.25,F2,15.75,4,100
39380,COORONG DISTRICT COUNCIL,BLCVWC,E1,1.45E-05,0.017778308,E1,55,F1,20,B7,15,4,100
39390,SOUTHERN MALLEE DC,ALLOUN,G2,8.58E-05,0.043457633,G2,52,F2,17.5,G4,17.5,4,100
39399,COORONG DISTRICT COUNCIL,SHENdP,B3,2.99E-05,0.034482982,B3,41.25,H2,20,B1,15,6,100
39403,SOUTHERN MALLEE DC,ALLHaA,F2,0.000351142,0.202437474,F2,56.25,G4,43.75,None,0,2,100
39405,COORONG DISTRICT COUNCIL,MAIZB-,N2,0.000202788,0.078454216,N2,100,None,0,None,0,1,100
39412,COORONG DISTRICT COUNCIL,MAIUXI,H2,0.000318392,0.188424087,H2,36,B7,30.25,B3,24.75,4,100
39416,SOUTHERN MALLEE DC,QUIOAJ,H3,0.001165898,0.305334509,H3,45,G3,35.75,G4,11,4,100
39417,COORONG DISTRICT COUNCIL,PEAOJF,H3,0.000682357,0.20571283,H3,70,B2,15,G1,15,3,100
39418,COORONG DISTRICT COUNCIL,MAIUXI,H2,0.000354914,0.128167821,H2,36,B7,30.25,B3,24.75,4,100
39419,SOUTHERN MALLEE DC,QUIHkA,D3,4.43E-05,0.033854346,D3,65,G4,20,G3,15,3,100
39426,COORONG DISTRICT COUNCIL,MAJODf,B2,0.000337122,0.136286695,B2,30.25,G1,24.75,H3,24.75,4,100
39427,COORONG DISTRICT COUNCIL,ALEVr-,WW,2.16E-05,0.028449146,WW,55,N3,45,None,0,2,100
39432,COORONG DISTRICT COUNCIL,ALBMvC,H2,0.000952073,0.304818354,H2,68,G1,17,B3,6,5,100
39433,SOUTHERN MALLEE DC,QUIOAG,H3,0.000168043,0.073953053,H3,65,G3,22.75,G4,7,4,100
39434,COORONG DISTRICT COUNCIL,SHENdP,B3,0.00015615,0.096275689,B3,41.25,H2,20,B1,15,6,100
39436,SOUTHERN MALLEE DC,QUIHlA,D3,4.39E-05,0.038101437,D3,48.75,H3,25,G4,15,4,100
39438,COORONG DISTRICT COUNCIL,PEAOJb,H3,0.000693791,0.154048056,H3,70,B2,15,G1,15,3,100
39439,SOUTHERN MALLEE DC,ALLOUF,G2,0.000119486,0.119811688,G2,60,H3,15,G4,13.75,4,100
39444,SOUTHERN MALLEE DC,ALLGnA,G4,0.000611882,0.135437102,G4,41.25,F2,33.75,G2,13.75,4,100
39445,SOUTHERN MALLEE DC,ALLGmB,G2,0.000544724,0.198721989,G2,52,G4,19.25,F2,15.75,4,100
39447,SOUTHERN MALLEE DC,MAJODi,H3,0.00016584,0.066495496,H3,35.75,G2,29.25,B2,18.5,5,100
39448,SOUTHERN MALLEE DC,ALLHaK,F2,6.44E-05,0.033955674,F2,58.75,G4,41.25,None,0,2,100
39456,SOUTHERN MALLEE DC,ALLOUG,G2,2.99E-05,0.023143549,G2,52,G4,19.25,F2,15.75,4,100
39466,COORONG DISTRICT COUNCIL,MAIMFB,B3,2.74E-05,0.021656515,B3,45,B7,35,B8,20,3,100
39471,COORONG DISTRICT COUNCIL,SHENdA,B3,2.16E-05,0.020774996,B3,55,A4,20,B1,15,4,100
39480,SOUTHERN MALLEE DC,QUIHlK,D3,4.23E-05,0.035300908,D3,52,H3,20,G4,16,4,100
39488,SOUTHERN MALLEE DC,QUIHkA,D3,2.35E-05,0.027859154,D3,65,G4,20,G3,15,3,100
39490,SOUTHERN MALLEE DC,QUIGlA,G3,0.000553584,0.23844762,G3,48.75,H3,25,G4,15,4,100
39494,COORONG DISTRICT COUNCIL,PEAOJE,H3,0.000312502,0.150807922,H3,70,B2,15,G1,15,3,100
39495,COORONG DISTRICT COUNCIL,MAIUXJ,H2,0.000627993,0.220778483,H2,36,B7,30.25,B3,24.75,4,100
39497,COORONG DISTRICT COUNCIL,ASVUgN,H2,5.89E-05,0.04975068,H2,85,N2,8.25,E1,3,5,100
39498,COORONG DISTRICT COUNCIL,MAIUXI,H2,0.000262294,0.150026679,H2,36,B7,30.25,B3,24.75,4,100
39501,COORONG DISTRICT COUNCIL,ALBU-A,H2,0.000844317,0.342000304,H2,100,None,0,None,0,1,100
39509,SOUTHERN MALLEE DC,ALLGnA,G4,0.000513058,0.169201444,G4,41.25,F2,33.75,G2,13.75,4,100
39510,COORONG DISTRICT COUNCIL,BLCZL-,G2,0.000120643,0.096519186,G2,55,H3,45,None,0,2,100
39511,COORONG DISTRICT COUNCIL,BLCZL-,G2,3.99E-05,0.068342341,G2,55,H3,45,None,0,2,100
39515,SOUTHERN MALLEE DC,ALLGfA,G4,6.11E-05,0.032643264,G4,55,F2,45,None,0,2,100
39517,SOUTHERN MALLEE DC,ALLHaK,F2,5.15E-05,0.055260822,F2,58.75,G4,41.25,None,0,2,100
39523,SOUTHERN MALLEE DC,ALLOUG,G2,7.99E-06,0.013606217,G2,52,G4,19.25,F2,15.75,4,100
39524,COORONG DISTRICT COUNCIL,COLMFa,B3,6.28E-05,0.040271171,B3,95,B7,5,None,0,2,100
39536,SOUTHERN MALLEE DC,ALLHaK,F2,0.000333985,0.120846964,F2,58.75,G4,41.25,None,0,2,100
39541,COORONG DISTRICT COUNCIL,MAINfP,B7,0.000121765,0.069630958,B7,39,H2,32,G2,14,5,100
39542,COORONG DISTRICT COUNCIL,SHEMyB,B2,5.82E-05,0.042634384,B2,60,H2,20,A4,15,4,100
39544,SOUTHERN MALLEE DC,ALLHaK,F2,0.00024962,0.088294042,F2,58.75,G4,41.25,None,0,2,100
39545,COORONG DISTRICT COUNCIL,GOHOAE,H3,0.00014802,0.090527245,H3,52,G2,32.25,G3,15.75,3,100
39546,SOUTHERN MALLEE DC,QUIOAF,H3,0.000152452,0.088836513,H3,65,G3,22.75,G4,7,4,100
39550,COORONG DISTRICT COUNCIL,ALEVr-,WW,4.65E-05,0.0606456,WW,55,N3,45,None,0,2,100
39554,COORONG DISTRICT COUNCIL,GOHGmA,G3,2.48E-05,0.026493681,G3,85,G2,8.25,H3,6.75,3,100
39557,COORONG DISTRICT COUNCIL,ASVUgN,H2,5.72E-05,0.048003043,H2,85,N2,8.25,E1,3,5,100
39559,COORONG DISTRICT COUNCIL,ASVUgN,H2,1.25E-05,0.013949073,H2,85,N2,8.25,E1,3,5,100
39566,COORONG DISTRICT COUNCIL,BLCUgR,H2,7.55E-05,0.039602183,H2,55,E1,29.25,F1,9,4,100
39568,COORONG DISTRICT COUNCIL,BLCUgR,H2,1.88E-05,0.021702631,H2,55,E1,29.25,F1,9,4,100
39571,SOUTHERN MALLEE DC,ALLOUN,G2,3.49E-05,0.027019004,G2,52,F2,17.5,G4,17.5,4,100
39578,SOUTHERN MALLEE DC,ALLOUQ,G2,0.000139363,0.067799913,G2,32,G4,31.25,F2,28.75,4,100
39580,SOUTHERN MALLEE DC,QUIOAF,H3,0.009018332,1.914832583,H3,65,G3,22.75,G4,7,4,100
39581,SOUTHERN MALLEE DC,ALLHaA,F2,0.000363043,0.164380401,F2,56.25,G4,43.75,None,0,2,100
39588,SOUTHERN MALLEE DC,ALLOUF,G2,9.69E-05,0.062387599,G2,60,H3,15,G4,13.75,4,100
39608,SOUTHERN MALLEE DC,ALLOUG,G2,1.21E-05,0.016497794,G2,52,G4,19.25,F2,15.75,4,100
39611,COORONG DISTRICT COUNCIL,MAINfP,B7,4.26E-05,0.04163868,B7,39,H2,32,G2,14,5,100
39620,SOUTHERN MALLEE DC,ALLHaK,F2,4.16E-05,0.039984608,F2,58.75,G4,41.25,None,0,2,100
39622,COORONG DISTRICT COUNCIL,ALEVr-,WW,3.15E-05,0.029586483,WW,55,N3,45,None,0,2,100
39626,COORONG DISTRICT COUNCIL,QUIOAK,H3,8.57E-05,0.041052846,H3,52,G3,35.75,G4,7,4,100
39630,COORONG DISTRICT COUNCIL,NAUMta,B3,0.000151426,0.0859419,B3,38.5,B8,31.5,H2,15,6,100
39631,COORONG DISTRICT COUNCIL,ALEVr-,WW,2.29E-05,0.024070551,WW,55,N3,45,None,0,2,100
39635,COORONG DISTRICT COUNCIL,ASVZK-,N2,0.000119074,0.102685078,N2,55,B2,24.75,H2,20.25,3,100
39636,COORONG DISTRICT COUNCIL,SHENdA,B3,4.48E-05,0.042649694,B3,55,A4,20,B1,15,4,100
39639,COORONG DISTRICT COUNCIL,SHEUUJ,H2,0.000116643,0.081018972,H2,36,B3,30.25,B1,11,6,100
39640,COORONG DISTRICT COUNCIL,SHEUUJ,H2,6.46E-05,0.076515243,H2,36,B3,30.25,B1,11,6,100
39643,COORONG DISTRICT COUNCIL,ASVUgL,H2,0.00066485,0.200125039,H2,95,N2,2.75,E1,1,5,100
39646,SOUTHERN MALLEE DC,QUIHkA,D3,2.88E-05,0.046058342,D3,65,G4,20,G3,15,3,100
39649,COORONG DISTRICT COUNCIL,YUMMJA,B3,8.71E-06,0.014088918,B3,85,C3,10,H3,2.75,4,100
39651,SOUTHERN MALLEE DC,QUIOAJ,H3,0.000304584,0.148474468,H3,45,G3,35.75,G4,11,4,100
39652,COORONG DISTRICT COUNCIL,NAUZC-,N2,0.00027803,0.184189687,N2,100,None,0,None,0,1,100
39657,SOUTHERN MALLEE DC,QUIHlK,D3,0.000190937,0.107410954,D3,52,H3,20,G4,16,4,100
39658,SOUTHERN MALLEE DC,QUIO-A,H3,1.61E-05,0.017827837,H3,100,None,0,None,0,1,100
39659,SOUTHERN MALLEE DC,QUIHkK,D3,4.87E-05,0.034144789,D3,65,G4,20,G3,15,3,100
39670,COORONG DISTRICT COUNCIL,YUMMJB,B3,0.000706479,0.182996062,B3,85,C3,10,H3,2.75,4,100
39674,COORONG DISTRICT COUNCIL,COGWFF,H1,1.07E-05,0.014511165,H1,55,N2,45,None,0,2,100
39675,SOUTHERN MALLEE DC,QUIOAJ,H3,7.61E-05,0.068204152,H3,45,G3,35.75,G4,11,4,100
39676,COORONG DISTRICT COUNCIL,BIROEa,H3,0.00016295,0.091564403,H3,65,G2,19.25,B7,15.75,3,100
39680,SOUTHERN MALLEE DC,QUIHkA,D3,3.07E-05,0.026876147,D3,65,G4,20,G3,15,3,100
39681,COORONG DISTRICT COUNCIL,NAUVr-,WW,0.000337234,0.234666959,WW,55,N3,45,None,0,2,100
39682,SOUTHERN MALLEE DC,QUIHlB,D3,0.000429128,0.137352405,D3,48.75,H3,25,G4,15,4,100
39684,COORONG DISTRICT COUNCIL,PEAOJF,H3,3.41E-05,0.044359144,H3,70,B2,15,G1,15,3,100
39685,SOUTHERN MALLEE DC,QUIOAM,H3,0.00018116,0.088813601,H3,65,G3,22.75,G4,7,4,100
39689,COORONG DISTRICT COUNCIL,ALBU-A,H2,3.69E-05,0.032572917,H2,100,None,0,None,0,1,100
39691,COORONG DISTRICT COUNCIL,ALBMoE,B3,2.41E-05,0.019226844,B3,40,B2,30.1,B7,29.9,3,100
39695,COORONG DISTRICT COUNCIL,ASVUgM,H2,0.000180885,0.081424892,H2,85,N2,8.25,E1,3,5,100
39696,COORONG DISTRICT COUNCIL,ALBZC-,N2,8.46E-06,0.012275333,N2,100,None,0,None,0,1,100
39697,COORONG DISTRICT COUNCIL,GOHGmA,G3,4.62E-05,0.037530629,G3,85,G2,8.25,H3,6.75,3,100
39701,SOUTHERN MALLEE DC,QUIHkA,D3,5.88E-06,0.009339185,D3,65,G4,20,G3,15,3,100
39703,COORONG DISTRICT COUNCIL,BIRMJC,B6,0.009073787,1.437898572,B6,65,B7,35,None,0,2,100
39704,COORONG DISTRICT COUNCIL,NAUVv-,N2,7.96E-05,0.050609969,N2,55,WW,45,None,0,2,100
39707,SOUTHERN MALLEE DC,QUIHkA,D3,5.58E-06,0.010166684,D3,65,G4,20,G3,15,3,100
39713,SOUTHERN MALLEE DC,QUIHkA,D3,0.000114539,0.09590244,D3,65,G4,20,G3,15,3,100
39714,COORONG DISTRICT COUNCIL,ALBZC-,N2,5.35E-06,0.008706337,N2,100,None,0,None,0,1,100
39716,COORONG DISTRICT COUNCIL,YUMMJA,B3,1.10E-05,0.015134603,B3,85,C3,10,H3,2.75,4,100
39717,COORONG DISTRICT COUNCIL,NAUZK-,N2,8.67E-05,0.047258698,N2,65,B8,15,A7,8,5,100
39723,SOUTHERN MALLEE DC,QUIOAE,H3,0.001707144,0.752759293,H3,65,G3,22.75,G4,7,4,100
39724,COORONG DISTRICT COUNCIL,GOHGmA,G3,5.91E-06,0.008794656,G3,85,G2,8.25,H3,6.75,3,100
39727,COORONG DISTRICT COUNCIL,ALEVr-,WW,2.53E-05,0.020976503,WW,55,N3,45,None,0,2,100
39730,SOUTHERN MALLEE DC,QUIOAG,H3,5.41E-06,0.01020525,H3,65,G3,22.75,G4,7,4,100
39731,SOUTHERN MALLEE DC,QUIGkA,G3,8.13E-06,0.016097091,G3,65,G4,20,D3,15,3,100
39735,SOUTHERN MALLEE DC,QUIOAM,H3,6.18E-05,0.049299851,H3,65,G3,22.75,G4,7,4,100
39739,SOUTHERN MALLEE DC,QUIHkA,D3,1.36E-05,0.016573019,D3,65,G4,20,G3,15,3,100
39740,COORONG DISTRICT COUNCIL,BIRGrA,B7,2.26E-05,0.024901701,B7,35,B6,30,A6,20,4,100
39746,SOUTHERN MALLEE DC,QUIOAE,H3,4.58E-05,0.0415294,H3,65,G3,22.75,G4,7,4,100
39748,COORONG DISTRICT COUNCIL,ALEVr-,WW,7.85E-06,0.015126211,WW,55,N3,45,None,0,2,100
39750,SOUTHERN MALLEE DC,QUIHlA,D3,9.76E-05,0.056468238,D3,48.75,H3,25,G4,15,4,100
39755,SOUTHERN MALLEE DC,QUIO-A,H3,7.40E-06,0.011476092,H3,100,None,0,None,0,1,100
39759,SOUTHERN MALLEE DC,QUIHkA,D3,2.48E-05,0.028754138,D3,65,G4,20,G3,15,3,100
39760,SOUTHERN MALLEE DC,QUIHkA,D3,2.42E-05,0.026972938,D3,65,G4,20,G3,15,3,100
39762,SOUTHERN MALLEE DC,QUIGlA,G3,5.29E-05,0.043769318,G3,48.75,H3,25,G4,15,4,100
39765,COORONG DISTRICT COUNCIL,GOHGmA,G3,7.94E-06,0.011381486,G3,85,G2,8.25,H3,6.75,3,100
39768,SOUTHERN MALLEE DC,QUIHlA,D3,2.31E-05,0.021811655,D3,48.75,H3,25,G4,15,4,100
39769,COORONG DISTRICT COUNCIL,YUMMJB,B3,6.98E-05,0.042977954,B3,85,C3,10,H3,2.75,4,100
39772,COORONG DISTRICT COUNCIL,SHENdP,B3,1.39E-05,0.014723719,B3,41.25,H2,20,B1,15,6,100
39777,COORONG DISTRICT COUNCIL,ASVZB-,N2,6.27E-05,0.041839619,N2,100,None,0,None,0,1,100
39779,SOUTHERN MALLEE DC,QUIHkA,D3,8.63E-06,0.012708998,D3,65,G4,20,G3,15,3,100
39780,SOUTHERN MALLEE DC,QUIOAM,H3,3.17E-05,0.034230235,H3,65,G3,22.75,G4,7,4,100
39781,COORONG DISTRICT COUNCIL,ALBZH-,N2,3.51E-05,0.035087956,N2,55,B3,45,None,0,2,100
39783,COORONG DISTRICT COUNCIL,SHENbA,B3,2.34E-05,0.018951055,B3,45,B2,35,A4,20,3,100
39785,SOUTHERN MALLEE DC,QUIOAJ,H3,0.000474998,0.191690707,H3,45,G3,35.75,G4,11,4,100
39788,COORONG DISTRICT COUNCIL,GOHGmA,G3,5.12E-06,0.008868116,G3,85,G2,8.25,H3,6.75,3,100
39789,COORONG DISTRICT COUNCIL,ALEVr-,WW,1.87E-05,0.026473654,WW,55,N3,45,None,0,2,100
39793,COORONG DISTRICT COUNCIL,BIROEc,H3,1.50E-05,0.014486611,H3,65,G2,19.25,B7,15.75,3,100
39794,SOUTHERN MALLEE DC,QUIHkA,D3,4.61E-05,0.044055615,D3,65,G4,20,G3,15,3,100
39795,SOUTHERN MALLEE DC,QUIOAJ,H3,0.000160906,0.089310832,H3,45,G3,35.75,G4,11,4,100
39796,COORONG DISTRICT COUNCIL,GOHMHE,B3,1.78E-05,0.016128202,B3,75,G2,13.75,H3,11.25,3,100
39800,COORONG DISTRICT COUNCIL,ALBZC-,N2,1.04E-05,0.013535814,N2,100,None,0,None,0,1,100
39801,COORONG DISTRICT COUNCIL,YUMMJA,B3,1.60E-05,0.017663769,B3,85,C3,10,H3,2.75,4,100
39802,COORONG DISTRICT COUNCIL,ALEVr-,WW,7.88E-06,0.027779629,WW,55,N3,45,None,0,2,100
39808,SOUTHERN MALLEE DC,QUIOAM,H3,9.14E-05,0.053324009,H3,65,G3,22.75,G4,7,4,100
39810,COORONG DISTRICT COUNCIL,ASVZK-,N2,0.00013971,0.062776611,N2,55,B2,24.75,H2,20.25,3,100
39811,COORONG DISTRICT COUNCIL,ALEVr-,WW,2.55E-05,0.051383584,WW,55,N3,45,None,0,2,100
39814,SOUTHERN MALLEE DC,QUIHkA,D3,7.73E-05,0.046779774,D3,65,G4,20,G3,15,3,100
39817,SOUTHERN MALLEE DC,QUIOAJ,H3,0.000131495,0.056970954,H3,45,G3,35.75,G4,11,4,100
39822,SOUTHERN MALLEE DC,QUIGkA,G3,1.30E-05,0.016235495,G3,65,G4,20,D3,15,3,100
39824,COORONG DISTRICT COUNCIL,COGWFC,H1,0.012304198,2.817503877,H1,100,None,0,None,0,1,100
39825,SOUTHERN MALLEE DC,QUIOAF,H3,1.97E-05,0.020683385,H3,65,G3,22.75,G4,7,4,100
39826,COORONG DISTRICT COUNCIL,BIRGrA,B7,3.61E-05,0.032391241,B7,35,B6,30,A6,20,4,100
39829,SOUTHERN MALLEE DC,QUIOAF,H3,8.90E-05,0.075691097,H3,65,G3,22.75,G4,7,4,100
39836,SOUTHERN MALLEE DC,QUIO-A,H3,6.37E-06,0.010011238,H3,100,None,0,None,0,1,100
39838,SOUTHERN MALLEE DC,QUIHkA,D3,7.28E-05,0.04268481,D3,65,G4,20,G3,15,3,100
39841,COORONG DISTRICT COUNCIL,GOHO-A,H3,4.63E-05,0.039375909,H3,75,G2,13.75,G3,11.25,3,100
39844,COORONG DISTRICT COUNCIL,YUMMJB,B3,0.000102754,0.047444267,B3,85,C3,10,H3,2.75,4,100
39846,COORONG DISTRICT COUNCIL,YUMMJB,B3,0.000131351,0.055871395,B3,85,C3,10,H3,2.75,4,100
39848,SOUTHERN MALLEE DC,QUIOAG,H3,4.44E-05,0.040907776,H3,65,G3,22.75,G4,7,4,100
39849,SOUTHERN MALLEE DC,QUIHkA,D3,1.91E-05,0.026123104,D3,65,G4,20,G3,15,3,100
39852,SOUTHERN MALLEE DC,QUIHkA,D3,7.77E-06,0.011290189,D3,65,G4,20,G3,15,3,100
39855,COORONG DISTRICT COUNCIL,NAUVuR,N2,3.42E-05,0.024742611,N2,30,B8,19.25,H2,15.75,6,100
39856,COORONG DISTRICT COUNCIL,ALBMvC,H2,0.00014275,0.058470465,H2,68,G1,17,B3,6,5,100
39858,SOUTHERN MALLEE DC,QUIHkA,D3,1.08E-05,0.014014233,D3,65,G4,20,G3,15,3,100
39863,COORONG DISTRICT COUNCIL,ALBU-A,H2,0.000245426,0.12359198,H2,100,None,0,None,0,1,100
39866,SOUTHERN MALLEE DC,QUIO-A,H3,1.48E-05,0.0192248,H3,100,None,0,None,0,1,100
39869,COORONG DISTRICT COUNCIL,NAUVuR,N2,9.92E-05,0.062026564,N2,30,B8,19.25,H2,15.75,6,100
39874,SOUTHERN MALLEE DC,QUIOAE,H3,0.000101187,0.061803041,H3,65,G3,22.75,G4,7,4,100
39875,SOUTHERN MALLEE DC,QUIGlA,G3,9.82E-06,0.014121628,G3,48.75,H3,25,G4,15,4,100
39876,SOUTHERN MALLEE DC,QUIOAM,H3,5.51E-05,0.042679513,H3,65,G3,22.75,G4,7,4,100
39878,COORONG DISTRICT COUNCIL,SHENdA,B3,2.64E-05,0.024866917,B3,55,A4,20,B1,15,4,100
39879,COORONG DISTRICT COUNCIL,ALBMvC,H2,0.002123684,0.556270418,H2,68,G1,17,B3,6,5,100
39883,SOUTHERN MALLEE DC,QUIOAF,H3,8.79E-05,0.067130936,H3,65,G3,22.75,G4,7,4,100
39886,COORONG DISTRICT COUNCIL,YUMMJA,B3,1.11E-05,0.013179157,B3,85,C3,10,H3,2.75,4,100
39899,COORONG DISTRICT COUNCIL,SHENdO,B3,0.000262727,0.133211399,B3,45.5,B2,15,H2,15,5,100
39904,COORONG DISTRICT COUNCIL,HINZB-,E1,4.63E-05,0.054975656,E1,30.1,A7,30,F1,29.9,4,100
39906,SOUTHERN MALLEE DC,QUIOAG,H3,0.000133434,0.076793368,H3,65,G3,22.75,G4,7,4,100
39907,SOUTHERN MALLEE DC,QUIOAG,H3,0.000151137,0.101962394,H3,65,G3,22.75,G4,7,4,100
39908,SOUTHERN MALLEE DC,QUIOAE,H3,0.000619989,0.348146704,H3,65,G3,22.75,G4,7,4,100
39912,SOUTHERN MALLEE DC,QUIHkA,D3,4.24E-05,0.037741065,D3,65,G4,20,G3,15,3,100
39915,COORONG DISTRICT COUNCIL,YUMMJB,B3,1.05E-05,0.012116234,B3,85,C3,10,H3,2.75,4,100
39916,COORONG DISTRICT COUNCIL,YUMMJA,B3,1.91E-05,0.01699239,B3,85,C3,10,H3,2.75,4,100
39922,SOUTHERN MALLEE DC,QUIO-A,H3,1.28E-05,0.01457518,H3,100,None,0,None,0,1,100
39925,COORONG DISTRICT COUNCIL,NAUVuR,N2,9.82E-05,0.084536803,N2,30,B8,19.25,H2,15.75,6,100
39930,SOUTHERN MALLEE DC,QUIO-A,H3,2.49E-05,0.02754146,H3,100,None,0,None,0,1,100
39931,SOUTHERN MALLEE DC,QUIGlA,G3,5.23E-05,0.037184057,G3,48.75,H3,25,G4,15,4,100
39932,SOUTHERN MALLEE DC,QUIOAG,H3,4.46E-05,0.055265283,H3,65,G3,22.75,G4,7,4,100
39935,SOUTHERN MALLEE DC,QUIOAM,H3,0.001935441,0.705152186,H3,65,G3,22.75,G4,7,4,100
39939,COORONG DISTRICT COUNCIL,PEAOJF,H3,0.000191139,0.100397467,H3,70,B2,15,G1,15,3,100
39942,COORONG DISTRICT COUNCIL,NAUZK-,N2,0.000403403,0.170140669,N2,65,B8,15,A7,8,5,100
39945,SOUTHERN MALLEE DC,QUIOAE,H3,0.000213891,0.083903042,H3,65,G3,22.75,G4,7,4,100
39947,SOUTHERN MALLEE DC,QUIHlA,D3,5.29E-05,0.046182961,D3,48.75,H3,25,G4,15,4,100
39948,SOUTHERN MALLEE DC,QUIOAM,H3,0.000101546,0.073719963,H3,65,G3,22.75,G4,7,4,100
39953,COORONG DISTRICT COUNCIL,NAUZK-,N2,0.000465529,0.326984913,N2,65,B8,15,A7,8,5,100
39954,SOUTHERN MALLEE DC,QUIGlA,G3,0.000441344,0.220491545,G3,48.75,H3,25,G4,15,4,100
39955,SOUTHERN MALLEE DC,QUIGlA,G3,0.000166852,0.072675918,G3,48.75,H3,25,G4,15,4,100
39956,COORONG DISTRICT COUNCIL,ALBU-A,H2,0.001307079,0.25861271,H2,100,None,0,None,0,1,100
39959,SOUTHERN MALLEE DC,QUIGlA,G3,6.20E-05,0.040320431,G3,48.75,H3,25,G4,15,4,100
39960,SOUTHERN MALLEE DC,QUIOAJ,H3,0.001581749,0.586252208,H3,45,G3,35.75,G4,11,4,100
39962,COORONG DISTRICT COUNCIL,QUIGkA,G3,2.18E-05,0.017578971,G3,65,G4,20,D3,15,3,100
39963,SOUTHERN MALLEE DC,QUIO-A,H3,0.000204022,0.100315149,H3,100,None,0,None,0,1,100
39967,COORONG DISTRICT COUNCIL,ALEVr-,WW,9.54E-06,0.028331419,WW,55,N3,45,None,0,2,100
39971,COORONG DISTRICT COUNCIL,GOHGmA,G3,0.000161902,0.12669249,G3,85,G2,8.25,H3,6.75,3,100
39972,COORONG DISTRICT COUNCIL,YUMOEb,H3,2.67E-05,0.025326017,H3,65,B7,19.25,B3,15.75,3,100
39978,SOUTHERN MALLEE DC,QUIOAH,H3,7.99E-05,0.048514421,H3,45,G3,35.75,G4,11,4,100
39979,SOUTHERN MALLEE DC,QUIGkA,G3,3.27E-05,0.024555592,G3,65,G4,20,D3,15,3,100
39980,COORONG DISTRICT COUNCIL,YUMOEa,H3,0.000525127,0.302755707,H3,65,B7,19.25,B3,15.75,3,100
39982,COORONG DISTRICT COUNCIL,ALBU-A,H2,0.000272565,0.117078473,H2,100,None,0,None,0,1,100
39984,COORONG DISTRICT COUNCIL,NAUMta,B3,0.000254339,0.119322224,B3,38.5,B8,31.5,H2,15,6,100
39985,SOUTHERN MALLEE DC,QUIOAE,H3,0.000234139,0.117244551,H3,65,G3,22.75,G4,7,4,100
39986,COORONG DISTRICT COUNCIL,SHEUUJ,H2,0.000287601,0.198706019,H2,36,B3,30.25,B1,11,6,100
39988,SOUTHERN MALLEE DC,QUIHkA,D3,1.65E-05,0.021233019,D3,65,G4,20,G3,15,3,100
39992,SOUTHERN MALLEE DC,QUIGkA,G3,5.56E-05,0.044855464,G3,65,G4,20,D3,15,3,100
39999,COORONG DISTRICT COUNCIL,GOHGmA,G3,1.34E-05,0.016000248,G3,85,G2,8.25,H3,6.75,3,100
40011,SOUTHERN MALLEE DC,QUIOAE,H3,0.000233646,0.145587876,H3,65,G3,22.75,G4,7,4,100
40013,COORONG DISTRICT COUNCIL,BIRMJY,B6,0.000599911,0.192612593,B6,45,B7,40,G2,8.25,4,100
40016,SOUTHERN MALLEE DC,QUIO-A,H3,0.000139555,0.090148503,H3,100,None,0,None,0,1,100
40020,COORONG DISTRICT COUNCIL,COG-L-,WW,0.021187423,3.294131593,WW,100,None,0,None,0,1,100
40021,SOUTHERN MALLEE DC,QUIHlA,D3,5.98E-05,0.030366781,D3,48.75,H3,25,G4,15,4,100
40026,SOUTHERN MALLEE DC,QUIO-A,H3,5.07E-05,0.038019613,H3,100,None,0,None,0,1,100
40027,SOUTHERN MALLEE DC,QUIHkA,D3,2.37E-05,0.0189681,D3,65,G4,20,G3,15,3,100
40030,SOUTHERN MALLEE DC,QUIOAF,H3,1.23E-05,0.018266205,H3,65,G3,22.75,G4,7,4,100
40035,SOUTHERN MALLEE DC,QUIHkA,D3,3.22E-05,0.040129568,D3,65,G4,20,G3,15,3,100
40036,SOUTHERN MALLEE DC,QUIOAF,H3,7.68E-05,0.046907556,H3,65,G3,22.75,G4,7,4,100
40039,COORONG DISTRICT COUNCIL,SHENdA,B3,1.85E-05,0.016419359,B3,55,A4,20,B1,15,4,100
40041,SOUTHERN MALLEE DC,QUIO-A,H3,1.52E-05,0.0203669,H3,100,None,0,None,0,1,100
40042,COORONG DISTRICT COUNCIL,SHEUUJ,H2,1.63E-05,0.025546015,H2,36,B3,30.25,B1,11,6,100
40044,SOUTHERN MALLEE DC,QUIOAE,H3,2.68E-05,0.022171798,H3,65,G3,22.75,G4,7,4,100
40048,COORONG DISTRICT COUNCIL,YUMMJB,B3,0.000126553,0.118501926,B3,85,C3,10,H3,2.75,4,100
40051,SOUTHERN MALLEE DC,QUIHlK,D3,4.55E-05,0.040723939,D3,52,H3,20,G4,16,4,100
40053,COORONG DISTRICT COUNCIL,BIRMJB,B6,0.000326182,0.161187976,B6,100,None,0,None,0,1,100
40061,COORONG DISTRICT COUNCIL,GOHGmA,G3,5.80E-06,0.008882065,G3,85,G2,8.25,H3,6.75,3,100
40062,SOUTHERN MALLEE DC,QUIOAJ,H3,0.000592715,0.244715176,H3,45,G3,35.75,G4,11,4,100
40066,COORONG DISTRICT COUNCIL,COGWFF,H1,1.80E-05,0.022303924,H1,55,N2,45,None,0,2,100
40068,COORONG DISTRICT COUNCIL,NAUZK-,N2,9.49E-05,0.060389125,N2,65,B8,15,A7,8,5,100
40081,SOUTHERN MALLEE DC,QUIOAL,H3,4.56E-05,0.029618338,H3,65,G3,22.75,G4,7,4,100
40089,SOUTHERN MALLEE DC,QUIHkA,D3,0.000578189,0.298058263,D3,65,G4,20,G3,15,3,100
40090,COORONG DISTRICT COUNCIL,GOHGmA,G3,6.06E-06,0.009486819,G3,85,G2,8.25,H3,6.75,3,100
40095,COORONG DISTRICT COUNCIL,SHENdA,B3,1.65E-05,0.020843411,B3,55,A4,20,B1,15,4,100
40097,SOUTHERN MALLEE DC,QUIGkA,G3,5.01E-05,0.034290044,G3,65,G4,20,D3,15,3,100
40099,COORONG DISTRICT COUNCIL,QUIOAM,H3,5.18E-05,0.032662855,H3,65,G3,22.75,G4,7,4,100
40101,COORONG DISTRICT COUNCIL,NAUMtB,B3,0.006566244,0.968166366,B3,46.75,B8,38.25,H2,10,6,100
40108,COORONG DISTRICT COUNCIL,BIRO-A,H3,2.83E-05,0.024710942,H3,100,None,0,None,0,1,100
40109,SOUTHERN MALLEE DC,QUIO-A,H3,7.85E-06,0.011239549,H3,100,None,0,None,0,1,100
40111,COORONG DISTRICT COUNCIL,SHEUUF,H2,0.000139844,0.094503065,H2,52,B3,19.25,G3,13,6,100
40112,SOUTHERN MALLEE DC,QUIHkA,D3,1.78E-05,0.018708231,D3,65,G4,20,G3,15,3,100
40114,COORONG DISTRICT COUNCIL,YUMMJA,B3,1.66E-05,0.021221586,B3,85,C3,10,H3,2.75,4,100
40116,COORONG DISTRICT COUNCIL,NAUMta,B3,0.000695053,0.311818088,B3,38.5,B8,31.5,H2,15,6,100
40117,COORONG DISTRICT COUNCIL,GOHGmA,G3,6.92E-06,0.010844766,G3,85,G2,8.25,H3,6.75,3,100
40119,COORONG DISTRICT COUNCIL,NAUZK-,N2,5.21E-05,0.042225978,N2,65,B8,15,A7,8,5,100
40120,SOUTHERN MALLEE DC,QUIO-A,H3,2.51E-05,0.024849494,H3,100,None,0,None,0,1,100
40122,COORONG DISTRICT COUNCIL,YUMMJA,B3,1.75E-05,0.020947145,B3,85,C3,10,H3,2.75,4,100
40125,COORONG DISTRICT COUNCIL,BIROEb,H3,8.88E-05,0.068751824,H3,65,G2,19.25,B7,15.75,3,100
40126,SOUTHERN MALLEE DC,QUIGkA,G3,0.000189235,0.101535278,G3,65,G4,20,D3,15,3,100
40128,COORONG DISTRICT COUNCIL,ALEVr-,WW,6.46E-06,0.01010619,WW,55,N3,45,None,0,2,100
40130,COORONG DISTRICT COUNCIL,ALEVr-,WW,1.69E-06,0.005052539,WW,55,N3,45,None,0,2,100
40134,SOUTHERN MALLEE DC,QUIHkA,D3,3.26E-05,0.028093795,D3,65,G4,20,G3,15,3,100
40136,SOUTHERN MALLEE DC,QUIOAM,H3,0.000192969,0.105018763,H3,65,G3,22.75,G4,7,4,100
40137,SOUTHERN MALLEE DC,QUIOAM,H3,0.000214874,0.107562065,H3,65,G3,22.75,G4,7,4,100
40140,SOUTHERN MALLEE DC,QUIOAF,H3,0.013069454,3.836877332,H3,65,G3,22.75,G4,7,4,100
40148,COORONG DISTRICT COUNCIL,HINWJQ,A1,2.22E-05,0.024652474,A1,55,F1,45,None,0,2,100
40151,SOUTHERN MALLEE DC,QUIOAM,H3,8.71E-05,0.048293777,H3,65,G3,22.75,G4,7,4,100
40152,SOUTHERN MALLEE DC,QUIOAE,H3,5.43E-05,0.036731696,H3,65,G3,22.75,G4,7,4,100
40156,COORONG DISTRICT COUNCIL,GOHGmA,G3,1.34E-05,0.013632392,G3,85,G2,8.25,H3,6.75,3,100
40157,SOUTHERN MALLEE DC,QUIO-A,H3,1.05E-05,0.016968316,H3,100,None,0,None,0,1,100
40158,COORONG DISTRICT COUNCIL,QUIGkA,G3,4.69E-05,0.048804121,G3,65,G4,20,D3,15,3,100
40161,COORONG DISTRICT COUNCIL,ALBMvC,H2,2.91E-05,0.022576554,H2,68,G1,17,B3,6,5,100
40166,COORONG DISTRICT COUNCIL,NAUU-B,H2,3.89E-05,0.027822408,H2,100,None,0,None,0,1,100
40169,COORONG DISTRICT COUNCIL,ALEVr-,WW,2.15E-05,0.019221509,WW,55,N3,45,None,0,2,100
40172,COORONG DISTRICT COUNCIL,COGWQ-,N2,3.67E-05,0.033999682,N2,100,None,0,None,0,1,100
40173,SOUTHERN MALLEE DC,QUIOAK,H3,0.000112832,0.095754658,H3,52,G3,35.75,G4,7,4,100
40175,SOUTHERN MALLEE DC,QUIHkA,D3,4.51E-06,0.010400279,D3,65,G4,20,G3,15,3,100
40178,SOUTHERN MALLEE DC,QUIO-A,H3,1.01E-05,0.014505285,H3,100,None,0,None,0,1,100
40185,COORONG DISTRICT COUNCIL,BIROEc,H3,0.000111514,0.072654292,H3,65,G2,19.25,B7,15.75,3,100
40186,SOUTHERN MALLEE DC,QUIHkA,D3,2.48E-05,0.021900648,D3,65,G4,20,G3,15,3,100
40187,SOUTHERN MALLEE DC,QUIOAE,H3,0.000432423,0.20097989,H3,65,G3,22.75,G4,7,4,100
40195,SOUTHERN MALLEE DC,QUIGkA,G3,0.000176314,0.123348655,G3,65,G4,20,D3,15,3,100
40202,SOUTHERN MALLEE DC,QUIOAE,H3,0.000139236,0.071305147,H3,65,G3,22.75,G4,7,4,100
40204,COORONG DISTRICT COUNCIL,ALEVr-,WW,0.000166133,0.163770451,WW,55,N3,45,None,0,2,100
40206,SOUTHERN MALLEE DC,QUIGkA,G3,3.28E-05,0.029618957,G3,65,G4,20,D3,15,3,100
40211,COORONG DISTRICT COUNCIL,ALEVr-,WW,7.97E-06,0.010376192,WW,55,N3,45,None,0,2,100
40212,COORONG DISTRICT COUNCIL,ALEVr-,WW,2.55E-05,0.058743805,WW,55,N3,45,None,0,2,100
40219,SOUTHERN MALLEE DC,QUIHkA,D3,2.88E-05,0.033694661,D3,65,G4,20,G3,15,3,100
40220,COORONG DISTRICT COUNCIL,ALEVr-,WW,1.89E-05,0.034478512,WW,55,N3,45,None,0,2,100
40221,SOUTHERN MALLEE DC,QUIO-A,H3,4.66E-05,0.048818733,H3,100,None,0,None,0,1,100
40225,SOUTHERN MALLEE DC,QUIHkA,D3,0.000129038,0.113366698,D3,65,G4,20,G3,15,3,100
40229,COORONG DISTRICT COUNCIL,SHENdP,B3,0.000439367,0.171888692,B3,41.25,H2,20,B1,15,6,100
40231,COORONG DISTRICT COUNCIL,GOHMHE,B3,1.89E-05,0.027878024,B3,75,G2,13.75,H3,11.25,3,100
40236,COORONG DISTRICT COUNCIL,NAUU-B,H2,4.19E-05,0.04285319,H2,100,None,0,None,0,1,100
40237,COORONG DISTRICT COUNCIL,HINVr-,WW,0.000396543,0.194850828,WW,55,N3,45,None,0,2,100
40239,COORONG DISTRICT COUNCIL,NAUZK-,N2,0.000315513,0.166345231,N2,65,B8,15,A7,8,5,100
40241,SOUTHERN MALLEE DC,QUIHlA,D3,5.89E-05,0.046412677,D3,48.75,H3,25,G4,15,4,100
40244,SOUTHERN MALLEE DC,QUIHkA,D3,1.86E-05,0.025044959,D3,65,G4,20,G3,15,3,100
40248,SOUTHERN MALLEE DC,QUIOAJ,H3,0.000239324,0.112124392,H3,45,G3,35.75,G4,11,4,100
40258,COORONG DISTRICT COUNCIL,ALEVr-,WW,1.04E-05,0.01541873,WW,55,N3,45,None,0,2,100
40264,SOUTHERN MALLEE DC,QUIOAM,H3,0.00033319,0.169084014,H3,65,G3,22.75,G4,7,4,100
40267,SOUTHERN MALLEE DC,QUIGlA,G3,0.000875227,0.312592293,G3,48.75,H3,25,G4,15,4,100
40270,COORONG DISTRICT COUNCIL,ALEVr-,WW,1.39E-05,0.023580894,WW,55,N3,45,None,0,2,100
40271,SOUTHERN MALLEE DC,QUIOAE,H3,4.38E-05,0.02774898,H3,65,G3,22.75,G4,7,4,100
40275,SOUTHERN MALLEE DC,QUIHlA,D3,8.39E-05,0.053033552,D3,48.75,H3,25,G4,15,4,100
40278,SOUTHERN MALLEE DC,QUIOAG,H3,0.000178668,0.088134287,H3,65,G3,22.75,G4,7,4,100
40280,SOUTHERN MALLEE DC,QUIHkA,D3,6.64E-05,0.035342068,D3,65,G4,20,G3,15,3,100
40284,SOUTHERN MALLEE DC,QUIO-A,H3,2.24E-05,0.023570344,H3,100,None,0,None,0,1,100
40286,COORONG DISTRICT COUNCIL,ALBVtM,M1,0.000365798,0.275940138,M1,68,E1,17,N2,15,3,100
40291,SOUTHERN MALLEE DC,QUIHkA,D3,6.22E-06,0.009176536,D3,65,G4,20,G3,15,3,100
40299,SOUTHERN MALLEE DC,QUIOAJ,H3,0.000196884,0.100592993,H3,45,G3,35.75,G4,11,4,100
40312,COORONG DISTRICT COUNCIL,YUMOEa,H3,8.07E-05,0.088820205,H3,65,B7,19.25,B3,15.75,3,100
40313,COORONG DISTRICT COUNCIL,ALEVr-,WW,4.86E-05,0.050368261,WW,55,N3,45,None,0,2,100
40318,SOUTHERN MALLEE DC,QUIHlA,D3,9.27E-05,0.052564229,D3,48.75,H3,25,G4,15,4,100
40322,COORONG DISTRICT COUNCIL,ALBZC-,N2,6.59E-05,0.041872223,N2,100,None,0,None,0,1,100
40327,SOUTHERN MALLEE DC,QUIHkA,D3,7.77E-05,0.056553213,D3,65,G4,20,G3,15,3,100
40331,SOUTHERN MALLEE DC,QUIHkA,D3,5.92E-05,0.056212141,D3,65,G4,20,G3,15,3,100
40333,SOUTHERN MALLEE DC,QUIOAG,H3,0.000162556,0.083367036,H3,65,G3,22.75,G4,7,4,100
40335,SOUTHERN MALLEE DC,QUIHkA,D3,7.91E-05,0.052983354,D3,65,G4,20,G3,15,3,100
40337,SOUTHERN MALLEE DC,QUIOAJ,H3,0.000175394,0.057119039,H3,45,G3,35.75,G4,11,4,100
40338,COORONG DISTRICT COUNCIL,PEAO-A,H3,4.74E-05,0.043028294,H3,100,None,0,None,0,1,100
40339,COORONG DISTRICT COUNCIL,HINVr-,WW,0.000114634,0.058587419,WW,55,N3,45,None,0,2,100
40344,SOUTHERN MALLEE DC,QUIOAE,H3,0.000498643,0.170571824,H3,65,G3,22.75,G4,7,4,100
40345,SOUTHERN MALLEE DC,QUIOAJ,H3,5.04E-05,0.03585785,H3,45,G3,35.75,G4,11,4,100
40346,SOUTHERN MALLEE DC,QUIHlA,D3,2.74E-05,0.029548928,D3,48.75,H3,25,G4,15,4,100
40350,COORONG DISTRICT COUNCIL,ALBMoC,G1,0.000750414,0.291123936,G1,30.25,H2,24.75,B3,18,5,100
40351,COORONG DISTRICT COUNCIL,YUMMJB,B3,0.000120584,0.070861131,B3,85,C3,10,H3,2.75,4,100
40352,COORONG DISTRICT COUNCIL,YUMOEa,H3,0.000491509,0.310228433,H3,65,B7,19.25,B3,15.75,3,100
40356,SOUTHERN MALLEE DC,QUIOAF,H3,0.000197276,0.103572022,H3,65,G3,22.75,G4,7,4,100
40361,SOUTHERN MALLEE DC,QUIGlA,G3,6.15E-05,0.043520828,G3,48.75,H3,25,G4,15,4,100
40363,COORONG DISTRICT COUNCIL,YUMOEa,H3,4.57E-05,0.044510981,H3,65,B7,19.25,B3,15.75,3,100
40367,COORONG DISTRICT COUNCIL,ALBZC-,N2,8.81E-06,0.011962231,N2,100,None,0,None,0,1,100
40378,SOUTHERN MALLEE DC,QUIHlA,D3,1.83E-05,0.023758333,D3,48.75,H3,25,G4,15,4,100
40381,SOUTHERN MALLEE DC,QUIOAJ,H3,0.00204887,0.840934951,H3,45,G3,35.75,G4,11,4,100
40386,COORONG DISTRICT COUNCIL,GOHO-A,H3,0.002966926,0.669626389,H3,75,G2,13.75,G3,11.25,3,100
40395,COORONG DISTRICT COUNCIL,BIROEc,H3,1.47E-05,0.017476148,H3,65,G2,19.25,B7,15.75,3,100
40396,SOUTHERN MALLEE DC,QUIO-A,H3,2.33E-05,0.02488427,H3,100,None,0,None,0,1,100
40402,COORONG DISTRICT COUNCIL,GOHGmA,G3,3.61E-06,0.00702954,G3,85,G2,8.25,H3,6.75,3,100
40404,COORONG DISTRICT COUNCIL,GOHGmA,G3,2.86E-06,0.006963004,G3,85,G2,8.25,H3,6.75,3,100
40405,COORONG DISTRICT COUNCIL,GOHGmA,G3,7.73E-06,0.011242334,G3,85,G2,8.25,H3,6.75,3,100
40407,COORONG DISTRICT COUNCIL,ALEVr-,WW,7.69E-05,0.101618436,WW,55,N3,45,None,0,2,100
40409,COORONG DISTRICT COUNCIL,SHEUUF,H2,2.85E-05,0.024850983,H2,52,B3,19.25,G3,13,6,100
40410,COORONG DISTRICT COUNCIL,ALBMoE,B3,2.11E-05,0.025255963,B3,40,B2,30.1,B7,29.9,3,100
40411,COORONG DISTRICT COUNCIL,ALBZC-,N2,3.24E-06,0.007708784,N2,100,None,0,None,0,1,100
40413,COORONG DISTRICT COUNCIL,GOHGmA,G3,4.29E-05,0.028014381,G3,85,G2,8.25,H3,6.75,3,100
40419,COORONG DISTRICT COUNCIL,BIRGrA,B7,1.76E-05,0.023012854,B7,35,B6,30,A6,20,4,100
40421,COORONG DISTRICT COUNCIL,BIRO-A,H3,2.92E-05,0.039166782,H3,100,None,0,None,0,1,100
40422,SOUTHERN MALLEE DC,QUIOAE,H3,0.000110636,0.057782922,H3,65,G3,22.75,G4,7,4,100
40429,COORONG DISTRICT COUNCIL,ALEVr-,WW,3.25E-06,0.009196558,WW,55,N3,45,None,0,2,100
40431,COORONG DISTRICT COUNCIL,BIRGrA,B7,3.18E-05,0.027892279,B7,35,B6,30,A6,20,4,100
40434,COORONG DISTRICT COUNCIL,ALEVr-,WW,1.53E-05,0.015709543,WW,55,N3,45,None,0,2,100
40435,COORONG DISTRICT COUNCIL,ASVZD-,N2,0.000164076,0.077339382,N2,55,WW,45,None,0,2,100
40438,SOUTHERN MALLEE DC,QUIOAE,H3,1.91E-05,0.020351824,H3,65,G3,22.75,G4,7,4,100
40441,SOUTHERN MALLEE DC,QUIHkA,D3,8.68E-06,0.012197403,D3,65,G4,20,G3,15,3,100
40443,SOUTHERN MALLEE DC,QUIGkA,G3,7.56E-05,0.045126669,G3,65,G4,20,D3,15,3,100
40444,COORONG DISTRICT COUNCIL,ALEVr-,WW,0.000115677,0.12314082,WW,55,N3,45,None,0,2,100
40446,COORONG DISTRICT COUNCIL,NAUMta,B3,0.00016421,0.081296464,B3,38.5,B8,31.5,H2,15,6,100
40448,SOUTHERN MALLEE DC,QUIHkA,D3,2.88E-05,0.02669361,D3,65,G4,20,G3,15,3,100
40452,SOUTHERN MALLEE DC,QUIHkA,D3,1.25E-05,0.014217015,D3,65,G4,20,G3,15,3,100
40453,COORONG DISTRICT COUNCIL,COGWQ-,N2,9.36E-06,0.020271653,N2,100,None,0,None,0,1,100
40455,COORONG DISTRICT COUNCIL,ALEVr-,WW,3.47E-06,0.00707263,WW,55,N3,45,None,0,2,100
40458,COORONG DISTRICT COUNCIL,GOHO-A,H3,0.003371494,0.774391999,H3,75,G2,13.75,G3,11.25,3,100
40459,SOUTHERN MALLEE DC,QUIHlA,D3,6.55E-05,0.051282517,D3,48.75,H3,25,G4,15,4,100
40461,SOUTHERN MALLEE DC,QUIO-A,H3,1.23E-05,0.016757707,H3,100,None,0,None,0,1,100
40462,COORONG DISTRICT COUNCIL,ALEVr-,WW,1.27E-05,0.013662927,WW,55,N3,45,None,0,2,100
40467,COORONG DISTRICT COUNCIL,NAUVv-,N2,6.08E-05,0.048730527,N2,55,WW,45,None,0,2,100
40468,SOUTHERN MALLEE DC,QUIGkA,G3,2.46E-05,0.032732232,G3,65,G4,20,D3,15,3,100
40472,COORONG DISTRICT COUNCIL,PEAOJF,H3,8.37E-06,0.015246498,H3,70,B2,15,G1,15,3,100
40473,SOUTHERN MALLEE DC,QUIGlA,G3,4.17E-05,0.042560429,G3,48.75,H3,25,G4,15,4,100
40475,SOUTHERN MALLEE DC,QUIHkA,D3,6.84E-05,0.051143409,D3,65,G4,20,G3,15,3,100
40477,COORONG DISTRICT COUNCIL,SHENdA,B3,1.55E-05,0.020994787,B3,55,A4,20,B1,15,4,100
40481,COORONG DISTRICT COUNCIL,YUMMJA,B3,1.89E-05,0.0186598,B3,85,C3,10,H3,2.75,4,100
40483,COORONG DISTRICT COUNCIL,ALBU-A,H2,6.25E-05,0.034849623,H2,100,None,0,None,0,1,100
40484,COORONG DISTRICT COUNCIL,GOHGmA,G3,1.91E-06,0.006086537,G3,85,G2,8.25,H3,6.75,3,100
40486,SOUTHERN MALLEE DC,QUIO-A,H3,3.74E-06,0.007318038,H3,100,None,0,None,0,1,100
40497,SOUTHERN MALLEE DC,QUIO-A,H3,1.61E-05,0.015434268,H3,100,None,0,None,0,1,100
40500,COORONG DISTRICT COUNCIL,HINZB-,E1,0.000126821,0.081107519,E1,30.1,A7,30,F1,29.9,4,100
40502,COORONG DISTRICT COUNCIL,ASVZD-,N2,0.000440513,0.137826984,N2,55,WW,45,None,0,2,100
40503,COORONG DISTRICT COUNCIL,BIRGrA,B7,0.000115651,0.092190469,B7,35,B6,30,A6,20,4,100
40504,COORONG DISTRICT COUNCIL,ALBZC-,N2,1.12E-05,0.012776351,N2,100,None,0,None,0,1,100
40507,COORONG DISTRICT COUNCIL,BIRGrA,B7,4.67E-05,0.03760917,B7,35,B6,30,A6,20,4,100
40510,COORONG DISTRICT COUNCIL,YUMMJYD,B3,7.14E-05,0.038121513,B3,48,H3,25,C3,15,4,100
40512,SOUTHERN MALLEE DC,QUIHkK,D3,5.40E-05,0.040722805,D3,65,G4,20,G3,15,3,100
40513,COORONG DISTRICT COUNCIL,ALBMoE,B3,4.20E-05,0.035612364,B3,40,B2,30.1,B7,29.9,3,100
40517,SOUTHERN MALLEE DC,QUIOAM,H3,5.33E-05,0.044447337,H3,65,G3,22.75,G4,7,4,100
40520,SOUTHERN MALLEE DC,QUIGkA,G3,1.53E-05,0.024826514,G3,65,G4,20,D3,15,3,100
40522,COORONG DISTRICT COUNCIL,BIRMJC,B6,2.99E-05,0.025386774,B6,65,B7,35,None,0,2,100
40523,SOUTHERN MALLEE DC,QUIO-A,H3,9.08E-05,0.047466063,H3,100,None,0,None,0,1,100
40525,COORONG DISTRICT COUNCIL,ALEVr-,WW,0.000132828,0.055224838,WW,55,N3,45,None,0,2,100
40527,SOUTHERN MALLEE DC,QUIGlA,G3,8.03E-05,0.063518557,G3,48.75,H3,25,G4,15,4,100
40529,COORONG DISTRICT COUNCIL,YUMMJB,B3,6.06E-05,0.043554528,B3,85,C3,10,H3,2.75,4,100
40534,COORONG DISTRICT COUNCIL,BIRO-A,H3,1.89E-05,0.022614507,H3,100,None,0,None,0,1,100
40536,COORONG DISTRICT COUNCIL,GOHGmA,G3,9.13E-06,0.011111242,G3,85,G2,8.25,H3,6.75,3,100
40537,COORONG DISTRICT COUNCIL,ALBMvC,H2,3.72E-05,0.044433301,H2,68,G1,17,B3,6,5,100
40541,SOUTHERN MALLEE DC,QUIOAE,H3,9.65E-05,0.070746108,H3,65,G3,22.75,G4,7,4,100
40547,SOUTHERN MALLEE DC,QUIOAM,H3,0.000125685,0.074331371,H3,65,G3,22.75,G4,7,4,100
40549,COORONG DISTRICT COUNCIL,YUMOEa,H3,8.67E-05,0.085770885,H3,65,B7,19.25,B3,15.75,3,100
40550,SOUTHERN MALLEE DC,QUIHlK,D3,3.45E-05,0.03084498,D3,52,H3,20,G4,16,4,100
40553,COORONG DISTRICT COUNCIL,SHENdA,B3,1.22E-05,0.019947697,B3,55,A4,20,B1,15,4,100
40556,COORONG DISTRICT COUNCIL,SHEUUF,H2,0.000140143,0.135779882,H2,52,B3,19.25,G3,13,6,100
40562,SOUTHERN MALLEE DC,QUIGlA,G3,0.00010144,0.065255731,G3,48.75,H3,25,G4,15,4,100
40568,SOUTHERN MALLEE DC,QUIOAG,H3,0.000138235,0.093690548,H3,65,G3,22.75,G4,7,4,100
40569,SOUTHERN MALLEE DC,QUIHkA,D3,7.61E-05,0.042674017,D3,65,G4,20,G3,15,3,100
40571,SOUTHERN MALLEE DC,QUIOAE,H3,0.000144298,0.081832998,H3,65,G3,22.75,G4,7,4,100
40574,COORONG DISTRICT COUNCIL,SHENdO,B3,0.000402516,0.104079933,B3,45.5,B2,15,H2,15,5,100
40575,SOUTHERN MALLEE DC,QUIGlA,G3,4.10E-05,0.03493125,G3,48.75,H3,25,G4,15,4,100
40585,SOUTHERN MALLEE DC,QUIHlA,D3,4.41E-05,0.041745258,D3,48.75,H3,25,G4,15,4,100
40589,SOUTHERN MALLEE DC,QUIHkA,D3,2.44E-05,0.021860349,D3,65,G4,20,G3,15,3,100
40590,SOUTHERN MALLEE DC,QUIOAE,H3,0.00023878,0.164745544,H3,65,G3,22.75,G4,7,4,100
40597,SOUTHERN MALLEE DC,QUIOAJ,H3,0.000229542,0.092579929,H3,45,G3,35.75,G4,11,4,100
40599,SOUTHERN MALLEE DC,QUIOAE,H3,0.000160461,0.1156656,H3,65,G3,22.75,G4,7,4,100
40603,SOUTHERN MALLEE DC,QUIHkA,D3,3.53E-05,0.044276791,D3,65,G4,20,G3,15,3,100
40604,SOUTHERN MALLEE DC,QUIOAF,H3,0.000885968,0.277657102,H3,65,G3,22.75,G4,7,4,100
40609,SOUTHERN MALLEE DC,QUIHkA,D3,6.48E-05,0.048285826,D3,65,G4,20,G3,15,3,100
40624,COORONG DISTRICT COUNCIL,YUMMJC,B3,0.00052902,0.108081228,B3,85,C3,10,H3,2.75,4,100
40626,SOUTHERN MALLEE DC,QUIO-A,H3,3.21E-05,0.025186521,H3,100,None,0,None,0,1,100
40628,COORONG DISTRICT COUNCIL,YUMMJA,B3,1.06E-05,0.013840646,B3,85,C3,10,H3,2.75,4,100
40632,COORONG DISTRICT COUNCIL,ALEVr-,WW,4.32E-06,0.012242952,WW,55,N3,45,None,0,2,100
40634,SOUTHERN MALLEE DC,QUIOAG,H3,0.000169062,0.100339631,H3,65,G3,22.75,G4,7,4,100
40635,COORONG DISTRICT COUNCIL,NAUU-B,H2,0.000280282,0.179835484,H2,100,None,0,None,0,1,100
40640,COORONG DISTRICT COUNCIL,EMENGD,G3,0.000369019,0.198993803,G3,75,H3,20,B3,5,3,100
40646,COORONG DISTRICT COUNCIL,EMEOAE,H3,9.08E-05,0.058711818,H3,75,G3,25,None,0,2,100
40653,SOUTHERN MALLEE DC,QUIO-A,H3,3.91E-05,0.029651973,H3,100,None,0,None,0,1,100
40654,SOUTHERN MALLEE DC,QUIOAF,H3,6.52E-05,0.054922631,H3,65,G3,22.75,G4,7,4,100
40657,COORONG DISTRICT COUNCIL,ALEVr-,WW,3.12E-05,0.035251187,WW,55,N3,45,None,0,2,100
40659,SOUTHERN MALLEE DC,QUIHkK,D3,1.70E-05,0.018874621,D3,65,G4,20,G3,15,3,100
40661,COORONG DISTRICT COUNCIL,COGWFF,H1,4.51E-05,0.033827842,H1,55,N2,45,None,0,2,100
40664,SOUTHERN MALLEE DC,QUIHkA,D3,9.43E-06,0.014238322,D3,65,G4,20,G3,15,3,100
40668,COORONG DISTRICT COUNCIL,YUMMJB,B3,1.49E-05,0.015859847,B3,85,C3,10,H3,2.75,4,100
40672,SOUTHERN MALLEE DC,QUIHkA,D3,2.43E-05,0.027703647,D3,65,G4,20,G3,15,3,100
40674,SOUTHERN MALLEE DC,QUIHkA,D3,1.44E-05,0.01689459,D3,65,G4,20,G3,15,3,100
40681,SOUTHERN MALLEE DC,QUIO-A,H3,1.53E-05,0.015348823,H3,100,None,0,None,0,1,100
40683,SOUTHERN MALLEE DC,QUIOAb,H3,0.003125711,0.831462079,H3,65,G3,22.75,G4,7,4,100
40684,SOUTHERN MALLEE DC,QUIOAE,H3,0.000140819,0.088876521,H3,65,G3,22.75,G4,7,4,100
40686,COORONG DISTRICT COUNCIL,NAUVuR,N2,0.000209973,0.113520127,N2,30,B8,19.25,H2,15.75,6,100
40688,SOUTHERN MALLEE DC,QUIOAF,H3,0.000182069,0.072985045,H3,65,G3,22.75,G4,7,4,100
40689,SOUTHERN MALLEE DC,QUIOAF,H3,9.40E-05,0.052400183,H3,65,G3,22.75,G4,7,4,100
40693,SOUTHERN MALLEE DC,MREO-A,H3,0.000814921,0.275839525,H3,80,G3,20,None,0,2,100
40695,COORONG DISTRICT COUNCIL,ALEVr-,WW,2.88E-06,0.009153479,WW,55,N3,45,None,0,2,100
40699,SOUTHERN MALLEE DC,QUIHlA,D3,5.21E-05,0.035571549,D3,48.75,H3,25,G4,15,4,100
40700,SOUTHERN MALLEE DC,QUIOAJ,H3,5.02E-05,0.036407367,H3,45,G3,35.75,G4,11,4,100
40701,SOUTHERN MALLEE DC,QUIHkA,D3,3.80E-05,0.027736795,D3,65,G4,20,G3,15,3,100
40703,COORONG DISTRICT COUNCIL,NAUZK-,N2,1.12E-05,0.01470711,N2,65,B8,15,A7,8,5,100
40706,SOUTHERN MALLEE DC,QUIGlA,G3,3.02E-05,0.023970985,G3,48.75,H3,25,G4,15,4,100
40711,SOUTHERN MALLEE DC,NGAOAE,H3,0.000285644,0.153622208,H3,75,G3,20,D3,5,3,100
40715,SOUTHERN MALLEE DC,MREGkA,G3,3.62E-05,0.040231676,G3,80,D3,20,None,0,2,100
40719,SOUTHERN MALLEE DC,MREOAL,H3,0.000363027,0.095534087,H3,85,G3,12,D3,3,3,100
40724,SOUTHERN MALLEE DC,QUIO-A,H3,0.000110511,0.068554055,H3,100,None,0,None,0,1,100
40732,COORONG DISTRICT COUNCIL,NAUMta,B3,0.004192048,0.970844578,B3,38.5,B8,31.5,H2,15,6,100
40734,SOUTHERN MALLEE DC,QUIHkA,D3,9.81E-06,0.013219515,D3,65,G4,20,G3,15,3,100
40743,COORONG DISTRICT COUNCIL,YUMMJYD,B3,0.000273588,0.154282367,B3,48,H3,25,C3,15,4,100
40744,COORONG DISTRICT COUNCIL,QUIOAK,H3,0.000521391,0.192954161,H3,52,G3,35.75,G4,7,4,100
40750,COORONG DISTRICT COUNCIL,BIRMJC,B6,0.000317921,0.125854488,B6,65,B7,35,None,0,2,100
40754,COORONG DISTRICT COUNCIL,YUMMJA,B3,0.000655071,0.186318875,B3,85,C3,10,H3,2.75,4,100
40756,SOUTHERN MALLEE DC,MREGkA,G3,1.38E-05,0.01412768,G3,80,D3,20,None,0,2,100
40758,COORONG DISTRICT COUNCIL,EMEOAE,H3,0.000116854,0.063620383,H3,75,G3,25,None,0,2,100
40759,SOUTHERN MALLEE DC,QUIHkA,D3,8.68E-06,0.011274662,D3,65,G4,20,G3,15,3,100
40764,SOUTHERN MALLEE DC,MREGkA,G3,1.89E-05,0.019500728,G3,80,D3,20,None,0,2,100
40770,COORONG DISTRICT COUNCIL,YUMMJYD,B3,2.14E-05,0.018111521,B3,48,H3,25,C3,15,4,100
40774,SOUTHERN MALLEE DC,QUIHkA,D3,1.05E-05,0.013693912,D3,65,G4,20,G3,15,3,100
40777,SOUTHERN MALLEE DC,QUIGkA,G3,2.78E-05,0.032688147,G3,65,G4,20,D3,15,3,100
40778,SOUTHERN MALLEE DC,QUIHkA,D3,7.38E-05,0.048301117,D3,65,G4,20,G3,15,3,100
40780,COORONG DISTRICT COUNCIL,GOHGmA,G3,2.58E-05,0.020677703,G3,85,G2,8.25,H3,6.75,3,100
40781,COORONG DISTRICT COUNCIL,LIVMJYA,B6,1.54E-05,0.016010852,B6,27.5,B7,25,H3,25,4,100
40783,SOUTHERN MALLEE DC,QUIGlA,G3,3.94E-05,0.046003557,G3,48.75,H3,25,G4,15,4,100
40786,COORONG DISTRICT COUNCIL,EMEOAF,H3,2.40E-05,0.022139239,H3,75,G3,25,None,0,2,100
40789,SOUTHERN MALLEE DC,NGAGlA,G3,0.000407461,0.168831658,G3,60,H3,25,D3,15,3,100
40790,COORONG DISTRICT COUNCIL,LIVOEF,H3,0.000454804,0.280230205,H3,65,B7,22.75,B6,7,4,100
40792,SOUTHERN MALLEE DC,NGAOAJ,H3,7.63E-05,0.087259851,H3,45,G3,44,D3,11,3,100
40796,SOUTHERN MALLEE DC,QUIOAE,H3,4.54E-05,0.039006625,H3,65,G3,22.75,G4,7,4,100
40798,COORONG DISTRICT COUNCIL,LIVMJYD,B6,0.000133558,0.09526924,B6,27.5,B7,25,H3,25,4,100
40801,COORONG DISTRICT COUNCIL,COGWQ-,N2,3.23E-05,0.0469782,N2,100,None,0,None,0,1,100
40807,COORONG DISTRICT COUNCIL,NAUMta,B3,0.000211795,0.114876612,B3,38.5,B8,31.5,H2,15,6,100
40813,COORONG DISTRICT COUNCIL,BIRMJY,B6,0.00012066,0.102814764,B6,45,B7,40,G2,8.25,4,100
40814,COORONG DISTRICT COUNCIL,ASVUgW,H2,0.000538562,0.217501432,H2,45,N2,30.25,E1,11,5,100
40815,COORONG DISTRICT COUNCIL,BIROEc,H3,0.000358017,0.144821157,H3,65,G2,19.25,B7,15.75,3,100
40816,COORONG DISTRICT COUNCIL,YUMMJB,B3,0.000742771,0.257517615,B3,85,C3,10,H3,2.75,4,100
40824,SOUTHERN MALLEE DC,QUIOAF,H3,8.72E-05,0.056455689,H3,65,G3,22.75,G4,7,4,100
40827,COORONG DISTRICT COUNCIL,YUMOEf,H3,0.000843452,0.231536663,H3,45,B7,30.25,B3,24.75,3,100
40834,COORONG DISTRICT COUNCIL,ALEVr-,WW,1.66E-05,0.027317609,WW,55,N3,45,None,0,2,100
40835,COORONG DISTRICT COUNCIL,BLCZC-,N2,0.000204745,0.084176766,N2,100,None,0,None,0,1,100
40836,COORONG DISTRICT COUNCIL,ALEVr-,WW,1.51E-06,0.007038486,WW,55,N3,45,None,0,2,100
40837,COORONG DISTRICT COUNCIL,LIVMJA,B6,1.41E-05,0.015023111,B6,35.75,B7,35,B3,29.25,3,100
40840,COORONG DISTRICT COUNCIL,EMEOAG,H3,0.000277875,0.090339712,H3,75,G3,25,None,0,2,100
40845,COORONG DISTRICT COUNCIL,MREGkA,G3,5.41E-05,0.056284578,G3,80,D3,20,None,0,2,100
40849,COORONG DISTRICT COUNCIL,BIRMJC,B6,0.000778254,0.199556044,B6,65,B7,35,None,0,2,100
40850,SOUTHERN MALLEE DC,QUIOAG,H3,0.00041864,0.204122467,H3,65,G3,22.75,G4,7,4,100
40854,SOUTHERN MALLEE DC,QUIO-A,H3,1.30E-05,0.01569438,H3,100,None,0,None,0,1,100
40857,COORONG DISTRICT COUNCIL,MREGkA,G3,1.08E-05,0.015479081,G3,80,D3,20,None,0,2,100
40859,COORONG DISTRICT COUNCIL,MREGkA,G3,5.02E-06,0.008465699,G3,80,D3,20,None,0,2,100
40861,COORONG DISTRICT COUNCIL,NAUVuR,N2,3.64E-05,0.033178699,N2,30,B8,19.25,H2,15.75,6,100
40867,SOUTHERN MALLEE DC,QUIOAE,H3,6.40E-05,0.0396074,H3,65,G3,22.75,G4,7,4,100
40868,SOUTHERN MALLEE DC,QUIHlA,D3,2.18E-05,0.020753988,D3,48.75,H3,25,G4,15,4,100
40869,COORONG DISTRICT COUNCIL,MREGkA,G3,2.32E-05,0.028525331,G3,80,D3,20,None,0,2,100
40873,COORONG DISTRICT COUNCIL,YUMOEf,H3,0.00020547,0.083596024,H3,45,B7,30.25,B3,24.75,3,100
40880,SOUTHERN MALLEE DC,QUIOAJ,H3,0.000106795,0.077874942,H3,45,G3,35.75,G4,11,4,100
40881,COORONG DISTRICT COUNCIL,ASVUgW,H2,0.000809533,0.240568583,H2,45,N2,30.25,E1,11,5,100
40891,COORONG DISTRICT COUNCIL,QUIOAE,H3,1.28E-05,0.015200828,H3,65,G3,22.75,G4,7,4,100
40892,COORONG DISTRICT COUNCIL,EMEOAF,H3,8.67E-05,0.068260926,H3,75,G3,25,None,0,2,100
40896,COORONG DISTRICT COUNCIL,ALEVr-,WW,2.70E-05,0.089382069,WW,55,N3,45,None,0,2,100
40906,SOUTHERN MALLEE DC,NGAHkA,D3,8.47E-05,0.049221912,D3,80,G3,20,None,0,2,100
40910,SOUTHERN MALLEE DC,NGAOAF,H3,0.000201639,0.114018756,H3,75,G3,20,D3,5,3,100
40912,COORONG DISTRICT COUNCIL,EMEOAF,H3,7.25E-05,0.065363953,H3,75,G3,25,None,0,2,100
40913,COORONG DISTRICT COUNCIL,EMEOAE,H3,0.000115895,0.086102359,H3,75,G3,25,None,0,2,100
40915,SOUTHERN MALLEE DC,NGAGlA,G3,9.10E-05,0.058911725,G3,60,H3,25,D3,15,3,100
40921,COORONG DISTRICT COUNCIL,ASVZK-,N2,0.000197987,0.08466494,N2,55,B2,24.75,H2,20.25,3,100
40923,COORONG DISTRICT COUNCIL,ALBMvC,H2,4.69E-05,0.041155861,H2,68,G1,17,B3,6,5,100
40926,SOUTHERN MALLEE DC,QUIOAK,H3,0.000503352,0.224864476,H3,52,G3,35.75,G4,7,4,100
40930,COORONG DISTRICT COUNCIL,NAUVr-,WW,3.52E-05,0.042463455,WW,55,N3,45,None,0,2,100
40935,SOUTHERN MALLEE DC,QUIHkA,D3,7.94E-05,0.043683583,D3,65,G4,20,G3,15,3,100
40937,SOUTHERN MALLEE DC,QUIGkA,G3,9.13E-06,0.012089193,G3,65,G4,20,D3,15,3,100
40938,SOUTHERN MALLEE DC,QUIHkA,D3,1.50E-05,0.022976523,D3,65,G4,20,G3,15,3,100
40942,COORONG DISTRICT COUNCIL,NAUZK-,N2,2.92E-05,0.028239569,N2,65,B8,15,A7,8,5,100
40945,COORONG DISTRICT COUNCIL,YUMOEf,H3,4.87E-05,0.050041375,H3,45,B7,30.25,B3,24.75,3,100
40946,COORONG DISTRICT COUNCIL,YUMOEa,H3,1.84E-05,0.018508401,H3,65,B7,19.25,B3,15.75,3,100
40948,SOUTHERN MALLEE DC,QUIGlA,G3,5.38E-05,0.033359886,G3,48.75,H3,25,G4,15,4,100
40949,COORONG DISTRICT COUNCIL,NAUVr-,WW,2.84E-06,0.008895319,WW,55,N3,45,None,0,2,100
40951,COORONG DISTRICT COUNCIL,QUIOAE,H3,1.98E-05,0.019716258,H3,65,G3,22.75,G4,7,4,100
40952,SOUTHERN MALLEE DC,QUIHkA,D3,1.83E-05,0.026844511,D3,65,G4,20,G3,15,3,100
40953,SOUTHERN MALLEE DC,QUIGkA,G3,1.81E-05,0.016456896,G3,65,G4,20,D3,15,3,100
40956,SOUTHERN MALLEE DC,QUIO-A,H3,8.56E-06,0.011223958,H3,100,None,0,None,0,1,100
40964,COORONG DISTRICT COUNCIL,LIVOEE,H3,0.00256374,1.054002858,H3,65,B7,22.75,B6,7,4,100
40969,COORONG DISTRICT COUNCIL,YUMMJA,B3,0.0002434,0.090720042,B3,85,C3,10,H3,2.75,4,100
40974,SOUTHERN MALLEE DC,QUIOAK,H3,0.000154128,0.078896931,H3,52,G3,35.75,G4,7,4,100
40977,COORONG DISTRICT COUNCIL,BIRMJC,B6,0.000137984,0.065586641,B6,65,B7,35,None,0,2,100
40978,COORONG DISTRICT COUNCIL,BIROEb,H3,3.35E-05,0.034127543,H3,65,G2,19.25,B7,15.75,3,100
40980,COORONG DISTRICT COUNCIL,LIVMJA,B6,1.53E-05,0.015901052,B6,35.75,B7,35,B3,29.25,3,100
40982,COORONG DISTRICT COUNCIL,LIVMJYA,B6,9.48E-06,0.013284622,B6,27.5,B7,25,H3,25,4,100
40987,SOUTHERN MALLEE DC,NGAGkA,G3,1.59E-05,0.016182481,G3,80,D3,20,None,0,2,100
40990,SOUTHERN MALLEE DC,QUIHlA,D3,7.94E-05,0.067505511,D3,48.75,H3,25,G4,15,4,100
40993,COORONG DISTRICT COUNCIL,LIVMJB,B6,4.98E-05,0.034781195,B6,35.75,B7,35,B3,29.25,3,100
41001,COORONG DISTRICT COUNCIL,LIVOEb,H3,0.000121036,0.073526203,H3,65,B7,22.75,B6,7,4,100
41002,COORONG DISTRICT COUNCIL,GLYMHY,H3,0.000448759,0.098461041,H3,33,G2,27,B3,22,4,100
41005,COORONG DISTRICT COUNCIL,LIVOEJ,H3,0.00033856,0.185676043,H3,45,B7,35.75,B6,11,4,100
41006,COORONG DISTRICT COUNCIL,MREGlA,G3,2.52E-05,0.023142963,G3,60,H3,25,D3,15,3,100
41017,SOUTHERN MALLEE DC,QUIHkA,D3,2.63E-05,0.02919624,D3,65,G4,20,G3,15,3,100
41022,COORONG DISTRICT COUNCIL,QUIOAF,H3,0.001579762,0.709833895,H3,65,G3,22.75,G4,7,4,100
41023,SOUTHERN MALLEE DC,QUIHkA,D3,1.45E-05,0.023593965,D3,65,G4,20,G3,15,3,100
41024,SOUTHERN MALLEE DC,QUIHkA,D3,2.10E-05,0.019866086,D3,65,G4,20,G3,15,3,100
41025,COORONG DISTRICT COUNCIL,YUMOEa,H3,3.35E-05,0.029124847,H3,65,B7,19.25,B3,15.75,3,100
41026,SOUTHERN MALLEE DC,QUIHkA,D3,1.88E-05,0.017800441,D3,65,G4,20,G3,15,3,100
41029,SOUTHERN MALLEE DC,QUIOAF,H3,2.53E-05,0.022353734,H3,65,G3,22.75,G4,7,4,100
41030,SOUTHERN MALLEE DC,QUIHkA,D3,1.45E-05,0.018169598,D3,65,G4,20,G3,15,3,100
41036,COORONG DISTRICT COUNCIL,QUIOAE,H3,1.22E-05,0.012992534,H3,65,G3,22.75,G4,7,4,100
41037,COORONG DISTRICT COUNCIL,BLCZA-,N2,0.000596947,0.159267114,N2,55,E1,45,None,0,2,100
41044,COORONG DISTRICT COUNCIL,GOHGmA,G3,7.29E-05,0.048314216,G3,85,G2,8.25,H3,6.75,3,100
41051,SOUTHERN MALLEE DC,QUIOAG,H3,0.000425766,0.159281329,H3,65,G3,22.75,G4,7,4,100
41055,COORONG DISTRICT COUNCIL,EMEOAG,H3,0.000127791,0.070357982,H3,75,G3,25,None,0,2,100
41061,SOUTHERN MALLEE DC,QUIHkA,D3,5.41E-06,0.00871195,D3,65,G4,20,G3,15,3,100
41063,COORONG DISTRICT COUNCIL,BIROEc,H3,4.16E-05,0.041452639,H3,65,G2,19.25,B7,15.75,3,100
41067,SOUTHERN MALLEE DC,QUIHkA,D3,4.81E-05,0.054369412,D3,65,G4,20,G3,15,3,100
41069,COORONG DISTRICT COUNCIL,LIVO-A,H3,4.56E-05,0.045399008,H3,100,None,0,None,0,1,100
41070,COORONG DISTRICT COUNCIL,BIROEb,H3,0.000291452,0.145681986,H3,65,G2,19.25,B7,15.75,3,100
41072,COORONG DISTRICT COUNCIL,LIVMJYA,B6,1.33E-05,0.013352993,B6,27.5,B7,25,H3,25,4,100
41076,SOUTHERN MALLEE DC,QUIOAE,H3,0.003286917,0.816734872,H3,65,G3,22.75,G4,7,4,100
41079,COORONG DISTRICT COUNCIL,NAUVuR,N2,8.78E-05,0.063935668,N2,30,B8,19.25,H2,15.75,6,100
41083,COORONG DISTRICT COUNCIL,ALEVr-,WW,6.34E-07,0.003311323,WW,55,N3,45,None,0,2,100
41086,COORONG DISTRICT COUNCIL,YUMOEa,H3,8.34E-05,0.061188528,H3,65,B7,19.25,B3,15.75,3,100
41087,COORONG DISTRICT COUNCIL,ALE-L-,WW,6.28E-06,0.014809093,WW,100,None,0,None,0,1,100
41088,COORONG DISTRICT COUNCIL,NAUVuR,N2,1.80E-05,0.018989153,N2,30,B8,19.25,H2,15.75,6,100
41090,COORONG DISTRICT COUNCIL,GOHGmA,G3,5.67E-06,0.009632889,G3,85,G2,8.25,H3,6.75,3,100
41091,COORONG DISTRICT COUNCIL,EMEOAE,H3,0.000235088,0.088700657,H3,75,G3,25,None,0,2,100
41092,SOUTHERN MALLEE DC,QUIHkA,D3,1.32E-05,0.02062826,D3,65,G4,20,G3,15,3,100
41093,SOUTHERN MALLEE DC,QUIHkA,D3,1.04E-05,0.013005905,D3,65,G4,20,G3,15,3,100
41094,COORONG DISTRICT COUNCIL,EMEOAG,H3,0.000248006,0.126298393,H3,75,G3,25,None,0,2,100
41106,COORONG DISTRICT COUNCIL,LIVOEa,H3,0.000974529,0.447574008,H3,65,B7,22.75,B6,7,4,100
41116,SOUTHERN MALLEE DC,QUIOAJ,H3,8.90E-06,0.01242669,H3,45,G3,35.75,G4,11,4,100
41117,COORONG DISTRICT COUNCIL,LIVMJYA,B6,3.03E-05,0.023872791,B6,27.5,B7,25,H3,25,4,100
41118,SOUTHERN MALLEE DC,MREGkA,G3,1.33E-05,0.013391134,G3,80,D3,20,None,0,2,100
41121,SOUTHERN MALLEE DC,QUIHkA,D3,1.30E-05,0.014922682,D3,65,G4,20,G3,15,3,100
41122,SOUTHERN MALLEE DC,QUIHkA,D3,6.75E-06,0.010543354,D3,65,G4,20,G3,15,3,100
41125,SOUTHERN MALLEE DC,QUIO-A,H3,5.97E-05,0.054812021,H3,100,None,0,None,0,1,100
41128,COORONG DISTRICT COUNCIL,EMENGD,G3,0.000127318,0.077247647,G3,75,H3,20,B3,5,3,100
41131,SOUTHERN MALLEE DC,MREOAJ,H3,2.26E-05,0.02017847,H3,45,G3,44,D3,11,3,100
41134,COORONG DISTRICT COUNCIL,MREGkA,G3,1.61E-05,0.016790597,G3,80,D3,20,None,0,2,100
41137,SOUTHERN MALLEE DC,QUIOAG,H3,1.60E-05,0.0205937,H3,65,G3,22.75,G4,7,4,100
41141,COORONG DISTRICT COUNCIL,LIVO-B,H3,1.53E-05,0.021370281,H3,100,None,0,None,0,1,100
41143,SOUTHERN MALLEE DC,NGAOAJ,H3,0.005132699,1.682772207,H3,45,G3,44,D3,11,3,100
41144,SOUTHERN MALLEE DC,MREOAG,H3,9.21E-05,0.054239435,H3,75,G3,20,D3,5,3,100
41146,SOUTHERN MALLEE DC,QUIOAE,H3,3.48E-05,0.027371065,H3,65,G3,22.75,G4,7,4,100
41147,SOUTHERN MALLEE DC,NGAOAE,H3,0.001261932,0.696675278,H3,75,G3,20,D3,5,3,100
41148,SOUTHERN MALLEE DC,MREO-A,H3,7.60E-05,0.04706258,H3,80,G3,20,None,0,2,100
41155,SOUTHERN MALLEE DC,QUIOAF,H3,6.58E-05,0.043828096,H3,65,G3,22.75,G4,7,4,100
41158,SOUTHERN MALLEE DC,QUIO-A,H3,1.01E-05,0.013310705,H3,100,None,0,None,0,1,100
41160,COORONG DISTRICT COUNCIL,MREGkA,G3,7.38E-05,0.056250644,G3,80,D3,20,None,0,2,100
41161,SOUTHERN MALLEE DC,QUIOAE,H3,1.51E-07,0.001819109,H3,65,G3,22.75,G4,7,4,100
41163,COORONG DISTRICT COUNCIL,BIROEb,H3,3.38E-05,0.027397915,H3,65,G2,19.25,B7,15.75,3,100
41164,SOUTHERN MALLEE DC,NGAGkA,G3,1.89E-05,0.028604341,G3,80,D3,20,None,0,2,100
41165,COORONG DISTRICT COUNCIL,BIRGrA,B7,3.80E-05,0.023234293,B7,35,B6,30,A6,20,4,100
41168,COORONG DISTRICT COUNCIL,GOHMHB,B3,0.000111149,0.065008313,B3,65,G2,19.25,H3,15.75,3,100
41169,COORONG DISTRICT COUNCIL,GOHGmA,G3,8.32E-05,0.063392781,G3,85,G2,8.25,H3,6.75,3,100
41170,COORONG DISTRICT COUNCIL,BIRMJY,B6,0.001642282,0.390439249,B6,45,B7,40,G2,8.25,4,100
41174,COORONG DISTRICT COUNCIL,ALEVr-,WW,0.000131777,0.125943228,WW,55,N3,45,None,0,2,100
41177,SOUTHERN MALLEE DC,QUIOAE,H3,0.001167191,0.59662292,H3,65,G3,22.75,G4,7,4,100
41185,SOUTHERN MALLEE DC,QUIOAE,H3,9.48E-05,0.070325852,H3,65,G3,22.75,G4,7,4,100
41190,SOUTHERN MALLEE DC,QUIOAK,H3,0.000256375,0.093244321,H3,52,G3,35.75,G4,7,4,100
41195,SOUTHERN MALLEE DC,QUIOAG,H3,0.000564933,0.308372832,H3,65,G3,22.75,G4,7,4,100
41196,COORONG DISTRICT COUNCIL,ALEVr-,WW,0.000191212,0.113863274,WW,55,N3,45,None,0,2,100
41197,COORONG DISTRICT COUNCIL,YUMOEa,H3,0.000173915,0.135982661,H3,65,B7,19.25,B3,15.75,3,100
41198,SOUTHERN MALLEE DC,MREGlA,G3,0.000143643,0.084021178,G3,60,H3,25,D3,15,3,100
41200,COORONG DISTRICT COUNCIL,BIROEa,H3,0.000561622,0.305569738,H3,65,G2,19.25,B7,15.75,3,100
41203,COORONG DISTRICT COUNCIL,MREMHB,B3,5.53E-05,0.028045208,B3,30.25,B8,24.75,G2,18,5,100
41204,SOUTHERN MALLEE DC,QUIO-A,H3,0.000149628,0.108651113,H3,100,None,0,None,0,1,100
41205,COORONG DISTRICT COUNCIL,ASVUgN,H2,0.000138301,0.070931909,H2,85,N2,8.25,E1,3,5,100
41207,COORONG DISTRICT COUNCIL,GOHO-A,H3,0.00030332,0.112423228,H3,75,G2,13.75,G3,11.25,3,100
41210,COORONG DISTRICT COUNCIL,ALEVr-,WW,4.28E-05,0.039678817,WW,55,N3,45,None,0,2,100
41212,SOUTHERN MALLEE DC,QUIOAF,H3,0.000176998,0.094386604,H3,65,G3,22.75,G4,7,4,100
41213,SOUTHERN MALLEE DC,NGAO-A,H3,0.000490975,0.420891034,H3,80,G3,20,None,0,2,100
41219,SOUTHERN MALLEE DC,QUIOAG,H3,0.000870346,0.260173591,H3,65,G3,22.75,G4,7,4,100
41221,COORONG DISTRICT COUNCIL,YUMMJYA,B3,0.000711246,0.261730629,B3,48,H3,25,C3,15,4,100
41223,COORONG DISTRICT COUNCIL,NAUVr-,WW,3.39E-05,0.034857661,WW,55,N3,45,None,0,2,100
41224,COORONG DISTRICT COUNCIL,BLCVWB,E1,0.000340357,0.122926655,E1,35,F1,30,B7,15,5,100
41233,SOUTHERN MALLEE DC,QUIHkA,D3,4.50E-05,0.034113997,D3,65,G4,20,G3,15,3,100
41235,SOUTHERN MALLEE DC,QUIOAG,H3,0.001676896,0.802260208,H3,65,G3,22.75,G4,7,4,100
41238,SOUTHERN MALLEE DC,QUIOAE,H3,3.86E-05,0.038112409,H3,65,G3,22.75,G4,7,4,100
41242,SOUTHERN MALLEE DC,QUIHkA,D3,1.13E-05,0.017012631,D3,65,G4,20,G3,15,3,100
41245,SOUTHERN MALLEE DC,QUIGlA,G3,5.22E-05,0.03715415,G3,48.75,H3,25,G4,15,4,100
41248,SOUTHERN MALLEE DC,QUIHkA,D3,1.42E-05,0.017704413,D3,65,G4,20,G3,15,3,100
41250,COORONG DISTRICT COUNCIL,GOHGmA,G3,1.63E-06,0.004880309,G3,85,G2,8.25,H3,6.75,3,100
41251,COORONG DISTRICT COUNCIL,BLCZA-,N2,0.000162837,0.069817028,N2,55,E1,45,None,0,2,100
41259,SOUTHERN MALLEE DC,QUIHkA,D3,0.000134354,0.086095006,D3,65,G4,20,G3,15,3,100
41264,COORONG DISTRICT COUNCIL,EMEOAG,H3,4.07E-05,0.032391217,H3,75,G3,25,None,0,2,100
41269,COORONG DISTRICT COUNCIL,ASVVvN,H2,6.87E-05,0.065153733,H2,40,N2,28.455,E1,18,4,100
41273,SOUTHERN MALLEE DC,QUIOAJ,H3,0.000650398,0.170461999,H3,45,G3,35.75,G4,11,4,100
41279,COORONG DISTRICT COUNCIL,YUMMJB,B3,0.000646188,0.178442219,B3,85,C3,10,H3,2.75,4,100
41281,SOUTHERN MALLEE DC,QUIOAL,H3,1.98E-05,0.019538058,H3,65,G3,22.75,G4,7,4,100
41287,COORONG DISTRICT COUNCIL,COGWFF,H1,6.54E-05,0.064059022,H1,55,N2,45,None,0,2,100
41292,COORONG DISTRICT COUNCIL,YUMMJYE,B3,0.000984146,0.350440806,B3,48,H3,25,C3,15,4,100
41293,COORONG DISTRICT COUNCIL,QUIOAJ,H3,0.001374843,0.429198406,H3,45,G3,35.75,G4,11,4,100
41296,SOUTHERN MALLEE DC,QUIHlA,D3,6.92E-05,0.046626752,D3,48.75,H3,25,G4,15,4,100
41297,COORONG DISTRICT COUNCIL,LIVOEG,H3,3.99E-05,0.047294127,H3,65,B7,22.75,B6,7,4,100
41299,COORONG DISTRICT COUNCIL,YUMOEa,H3,3.31E-05,0.025377896,H3,65,B7,19.25,B3,15.75,3,100
41301,COORONG DISTRICT COUNCIL,YUMOEa,H3,3.61E-05,0.037015709,H3,65,B7,19.25,B3,15.75,3,100
41303,COORONG DISTRICT COUNCIL,GOHOAc,H3,0.000118653,0.054542543,H3,52,G2,32.25,G3,15.75,3,100
41305,COORONG DISTRICT COUNCIL,GOHGmA,G3,2.13E-05,0.019249154,G3,85,G2,8.25,H3,6.75,3,100
41309,SOUTHERN MALLEE DC,QUIHlA,D3,4.55E-05,0.04795313,D3,48.75,H3,25,G4,15,4,100
41314,SOUTHERN MALLEE DC,QUIOAF,H3,0.000338455,0.131690964,H3,65,G3,22.75,G4,7,4,100
41317,SOUTHERN MALLEE DC,QUIOAE,H3,5.94E-05,0.041221821,H3,65,G3,22.75,G4,7,4,100
41318,SOUTHERN MALLEE DC,QUIOAE,H3,0.000150601,0.07024479,H3,65,G3,22.75,G4,7,4,100
41319,SOUTHERN MALLEE DC,QUIOAE,H3,3.70E-05,0.035345404,H3,65,G3,22.75,G4,7,4,100
41322,SOUTHERN MALLEE DC,QUIGlA,G3,0.000118422,0.092583962,G3,48.75,H3,25,G4,15,4,100
41326,SOUTHERN MALLEE DC,QUIHkA,D3,4.79E-05,0.033603867,D3,65,G4,20,G3,15,3,100
41328,SOUTHERN MALLEE DC,QUIHlA,D3,7.38E-05,0.057210026,D3,48.75,H3,25,G4,15,4,100
41329,COORONG DISTRICT COUNCIL,NAUZK-,N2,2.19E-05,0.027578297,N2,65,B8,15,A7,8,5,100
41331,COORONG DISTRICT COUNCIL,LIVMJA,B6,7.09E-05,0.053670053,B6,35.75,B7,35,B3,29.25,3,100
41337,SOUTHERN MALLEE DC,QUIHlA,D3,1.53E-05,0.016734295,D3,48.75,H3,25,G4,15,4,100
41340,COORONG DISTRICT COUNCIL,LIVMJYA,B6,2.94E-05,0.02040155,B6,27.5,B7,25,H3,25,4,100
41342,COORONG DISTRICT COUNCIL,YUMMJA,B3,2.48E-05,0.018189932,B3,85,C3,10,H3,2.75,4,100
41354,COORONG DISTRICT COUNCIL,COGWFF,H1,0.000100419,0.05941998,H1,55,N2,45,None,0,2,100
41360,COORONG DISTRICT COUNCIL,NAUMtA,B3,0.001839138,0.283545337,B3,46.75,B8,38.25,H2,10,6,100
41362,SOUTHERN MALLEE DC,QUIO-A,H3,8.25E-05,0.074127166,H3,100,None,0,None,0,1,100
41365,SOUTHERN MALLEE DC,QUIHkA,D3,1.78E-05,0.016309149,D3,65,G4,20,G3,15,3,100
41366,COORONG DISTRICT COUNCIL,QUIGkA,G3,4.26E-05,0.043890283,G3,65,G4,20,D3,15,3,100
41367,COORONG DISTRICT COUNCIL,GOHOAb,H3,9.90E-05,0.060480904,H3,52,G2,32.25,G3,15.75,3,100
41368,COORONG DISTRICT COUNCIL,ALEVr-,WW,1.52E-06,0.005552964,WW,55,N3,45,None,0,2,100
41372,SOUTHERN MALLEE DC,QUIHkA,D3,9.87E-06,0.0130761,D3,65,G4,20,G3,15,3,100
41373,COORONG DISTRICT COUNCIL,GOHGmA,G3,8.61E-06,0.01340695,G3,85,G2,8.25,H3,6.75,3,100
41377,COORONG DISTRICT COUNCIL,YUMOEb,H3,0.000370155,0.097879725,H3,65,B7,19.25,B3,15.75,3,100
41381,SOUTHERN MALLEE DC,QUIHkA,D3,2.73E-05,0.03037059,D3,65,G4,20,G3,15,3,100
41388,SOUTHERN MALLEE DC,QUIHkA,D3,1.45E-05,0.019377039,D3,65,G4,20,G3,15,3,100
41392,SOUTHERN MALLEE DC,QUIOAE,H3,0.002716418,1.268102256,H3,65,G3,22.75,G4,7,4,100
41393,COORONG DISTRICT COUNCIL,LIVOEa,H3,0.000137589,0.065542633,H3,65,B7,22.75,B6,7,4,100
41395,SOUTHERN MALLEE DC,QUIHkA,D3,2.30E-05,0.026422753,D3,65,G4,20,G3,15,3,100
41399,COORONG DISTRICT COUNCIL,LIVOEF,H3,9.15E-05,0.05446567,H3,65,B7,22.75,B6,7,4,100
41405,SOUTHERN MALLEE DC,QUIHlA,D3,3.73E-05,0.028674157,D3,48.75,H3,25,G4,15,4,100
41407,SOUTHERN MALLEE DC,MREGkA,G3,9.73E-06,0.011719008,G3,80,D3,20,None,0,2,100
41409,COORONG DISTRICT COUNCIL,LIVOEE,H3,4.11E-05,0.037664676,H3,65,B7,22.75,B6,7,4,100
41410,COORONG DISTRICT COUNCIL,GOHGmA,G3,9.38E-06,0.011356486,G3,85,G2,8.25,H3,6.75,3,100
41411,SOUTHERN MALLEE DC,NGAHkA,D3,3.53E-05,0.037569301,D3,80,G3,20,None,0,2,100
41413,COORONG DISTRICT COUNCIL,YUMMJB,B3,0.000239,0.102135506,B3,85,C3,10,H3,2.75,4,100
41416,COORONG DISTRICT COUNCIL,YUMOEb,H3,0.000919713,0.401979569,H3,65,B7,19.25,B3,15.75,3,100
41418,COORONG DISTRICT COUNCIL,BIROEa,H3,0.000504452,0.270530954,H3,65,G2,19.25,B7,15.75,3,100
41421,SOUTHERN MALLEE DC,QUIOAG,H3,0.00050726,0.288292556,H3,65,G3,22.75,G4,7,4,100
41422,SOUTHERN MALLEE DC,QUIHlA,D3,0.000650571,0.223919787,D3,48.75,H3,25,G4,15,4,100
41425,COORONG DISTRICT COUNCIL,ALBMvC,H2,0.000169283,0.119636349,H2,68,G1,17,B3,6,5,100
41427,SOUTHERN MALLEE DC,QUIO-A,H3,4.64E-06,0.008225851,H3,100,None,0,None,0,1,100
41432,COORONG DISTRICT COUNCIL,BIROEb,H3,0.000101938,0.041252044,H3,65,G2,19.25,B7,15.75,3,100
41433,COORONG DISTRICT COUNCIL,YUMOEa,H3,4.36E-05,0.046299849,H3,65,B7,19.25,B3,15.75,3,100
41435,SOUTHERN MALLEE DC,QUIGkA,G3,1.01E-05,0.01340042,G3,65,G4,20,D3,15,3,100
41436,SOUTHERN MALLEE DC,QUIOAF,H3,0.000199663,0.096452365,H3,65,G3,22.75,G4,7,4,100
41437,COORONG DISTRICT COUNCIL,ASVZK-,N2,9.96E-05,0.061567561,N2,55,B2,24.75,H2,20.25,3,100
41439,COORONG DISTRICT COUNCIL,QUIGkA,G3,1.37E-05,0.013852712,G3,65,G4,20,D3,15,3,100
41440,COORONG DISTRICT COUNCIL,QUIGkA,G3,1.04E-05,0.015601902,G3,65,G4,20,D3,15,3,100
41441,SOUTHERN MALLEE DC,QUIHkA,D3,8.17E-06,0.014850817,D3,65,G4,20,G3,15,3,100
41443,SOUTHERN MALLEE DC,QUIGkA,G3,8.86E-06,0.011844053,G3,65,G4,20,D3,15,3,100
41444,COORONG DISTRICT COUNCIL,QUIGkA,G3,2.17E-05,0.017844465,G3,65,G4,20,D3,15,3,100
41445,COORONG DISTRICT COUNCIL,QUIOAE,H3,0.000124167,0.092939716,H3,65,G3,22.75,G4,7,4,100
41446,SOUTHERN MALLEE DC,QUIGkA,G3,2.21E-05,0.020759496,G3,65,G4,20,D3,15,3,100
41448,COORONG DISTRICT COUNCIL,QUIOAE,H3,4.34E-05,0.037772289,H3,65,G3,22.75,G4,7,4,100
41449,SOUTHERN MALLEE DC,QUIOAF,H3,1.99E-05,0.021384127,H3,65,G3,22.75,G4,7,4,100
41452,SOUTHERN MALLEE DC,QUIHlA,D3,4.70E-05,0.043295032,D3,48.75,H3,25,G4,15,4,100
41453,SOUTHERN MALLEE DC,QUIHlA,D3,2.37E-05,0.029706028,D3,48.75,H3,25,G4,15,4,100
41455,COORONG DISTRICT COUNCIL,GOHGmA,G3,2.09E-05,0.017924778,G3,85,G2,8.25,H3,6.75,3,100
41456,SOUTHERN MALLEE DC,QUIO-A,H3,5.20E-06,0.008991557,H3,100,None,0,None,0,1,100
41458,COORONG DISTRICT COUNCIL,MREO-A,H3,0.007262322,2.36693811,H3,80,G3,20,None,0,2,100
41459,COORONG DISTRICT COUNCIL,ALEVr-,WW,4.30E-06,0.009987757,WW,55,N3,45,None,0,2,100
41461,COORONG DISTRICT COUNCIL,QUIGkA,G3,2.22E-05,0.019408059,G3,65,G4,20,D3,15,3,100
41463,SOUTHERN MALLEE DC,QUIGkA,G3,3.11E-05,0.030431877,G3,65,G4,20,D3,15,3,100
41464,COORONG DISTRICT COUNCIL,LIVO-A,H3,1.85E-05,0.034817946,H3,100,None,0,None,0,1,100
41468,SOUTHERN MALLEE DC,QUIOAE,H3,0.000330412,0.220612951,H3,65,G3,22.75,G4,7,4,100
41470,SOUTHERN MALLEE DC,MREGkA,G3,1.22E-05,0.013378781,G3,80,D3,20,None,0,2,100
41473,COORONG DISTRICT COUNCIL,LIVMJA,B6,0.000553192,0.284135753,B6,35.75,B7,35,B3,29.25,3,100
41477,SOUTHERN MALLEE DC,QUIOAE,H3,0.000279652,0.124212758,H3,65,G3,22.75,G4,7,4,100
41478,COORONG DISTRICT COUNCIL,BIRMJY,B6,0.000419426,0.216828602,B6,45,B7,40,G2,8.25,4,100
41481,COORONG DISTRICT COUNCIL,BIRMJY,B6,0.000199072,0.086918442,B6,45,B7,40,G2,8.25,4,100
41482,SOUTHERN MALLEE DC,QUIGkA,G3,4.85E-05,0.044250318,G3,65,G4,20,D3,15,3,100
41487,SOUTHERN MALLEE DC,QUIOAG,H3,0.000238315,0.181407381,H3,65,G3,22.75,G4,7,4,100
41488,COORONG DISTRICT COUNCIL,GLYMJC,B3,0.000340901,0.108374283,B3,35.75,B2,29.25,H3,15.75,5,100
41490,COORONG DISTRICT COUNCIL,BLCVWB,E1,0.000402353,0.139755087,E1,35,F1,30,B7,15,5,100
41494,COORONG DISTRICT COUNCIL,COGWFF,H1,4.23E-06,0.010250097,H1,55,N2,45,None,0,2,100
41496,COORONG DISTRICT COUNCIL,ALBU-A,H2,3.15E-05,0.025160975,H2,100,None,0,None,0,1,100
41499,SOUTHERN MALLEE DC,QUIHkA,D3,7.58E-06,0.011053532,D3,65,G4,20,G3,15,3,100
41502,SOUTHERN MALLEE DC,QUIHkA,D3,1.51E-05,0.018308227,D3,65,G4,20,G3,15,3,100
41504,COORONG DISTRICT COUNCIL,ALBU-A,H2,0.000268212,0.167528238,H2,100,None,0,None,0,1,100
41505,SOUTHERN MALLEE DC,QUIOAF,H3,3.80E-05,0.04293106,H3,65,G3,22.75,G4,7,4,100
41506,COORONG DISTRICT COUNCIL,EMEOAF,H3,0.000190107,0.076052102,H3,75,G3,25,None,0,2,100
41509,SOUTHERN MALLEE DC,QUIOAF,H3,2.50E-05,0.031340765,H3,65,G3,22.75,G4,7,4,100
41510,COORONG DISTRICT COUNCIL,NAUVr-,WW,1.52E-05,0.027512233,WW,55,N3,45,None,0,2,100
41511,SOUTHERN MALLEE DC,QUIHkA,D3,4.09E-05,0.042077374,D3,65,G4,20,G3,15,3,100
41516,COORONG DISTRICT COUNCIL,BIRGrA,B7,3.81E-05,0.041181536,B7,35,B6,30,A6,20,4,100
41518,COORONG DISTRICT COUNCIL,ASVZK-,N2,0.000219395,0.070831386,N2,55,B2,24.75,H2,20.25,3,100
41523,COORONG DISTRICT COUNCIL,ALEVr-,WW,1.07E-06,0.005712214,WW,55,N3,45,None,0,2,100
41524,COORONG DISTRICT COUNCIL,BIRGrA,B7,7.27E-06,0.010058219,B7,35,B6,30,A6,20,4,100
41526,COORONG DISTRICT COUNCIL,ALBMvC,H2,3.91E-05,0.026913177,H2,68,G1,17,B3,6,5,100
41527,COORONG DISTRICT COUNCIL,GOHGmA,G3,9.07E-06,0.011064333,G3,85,G2,8.25,H3,6.75,3,100
41528,COORONG DISTRICT COUNCIL,QUIGkA,G3,6.06E-05,0.039624486,G3,65,G4,20,D3,15,3,100
41531,SOUTHERN MALLEE DC,QUIOAF,H3,0.000202874,0.092043693,H3,65,G3,22.75,G4,7,4,100
41533,SOUTHERN MALLEE DC,QUIGlA,G3,0.000193029,0.138523921,G3,48.75,H3,25,G4,15,4,100
41535,COORONG DISTRICT COUNCIL,QUIGkA,G3,7.88E-06,0.011149605,G3,65,G4,20,D3,15,3,100
41538,COORONG DISTRICT COUNCIL,ASVUgW,H2,0.000374178,0.11850622,H2,45,N2,30.25,E1,11,5,100
41539,SOUTHERN MALLEE DC,QUIOAE,H3,8.54E-05,0.071638829,H3,65,G3,22.75,G4,7,4,100
41541,COORONG DISTRICT COUNCIL,YUMMJA,B3,7.40E-05,0.064566398,B3,85,C3,10,H3,2.75,4,100
41542,SOUTHERN MALLEE DC,QUIO-A,H3,6.75E-05,0.057395252,H3,100,None,0,None,0,1,100
41543,COORONG DISTRICT COUNCIL,NAUMta,B3,0.000221193,0.116731035,B3,38.5,B8,31.5,H2,15,6,100
41544,COORONG DISTRICT COUNCIL,YUMO-A,H3,0.000233709,0.125721314,H3,100,None,0,None,0,1,100
41548,SOUTHERN MALLEE DC,QUIHkA,D3,3.11E-05,0.033971157,D3,65,G4,20,G3,15,3,100
41555,COORONG DISTRICT COUNCIL,EMENGA,G3,0.00022838,0.107212197,G3,100,None,0,None,0,1,100
41561,SOUTHERN MALLEE DC,QUIO-A,H3,9.37E-05,0.060509799,H3,100,None,0,None,0,1,100
41563,COORONG DISTRICT COUNCIL,NAUZK-,N2,1.48E-05,0.015343626,N2,65,B8,15,A7,8,5,100
41566,SOUTHERN MALLEE DC,NGAOAJ,H3,0.000315487,0.208859972,H3,45,G3,44,D3,11,3,100
41578,SOUTHERN MALLEE DC,QUIO-A,H3,7.43E-06,0.010462198,H3,100,None,0,None,0,1,100
41580,SOUTHERN MALLEE DC,QUIOAE,H3,2.44E-05,0.021340822,H3,65,G3,22.75,G4,7,4,100
41585,SOUTHERN MALLEE DC,QUIOAG,H3,0.000388671,0.170075949,H3,65,G3,22.75,G4,7,4,100
41586,COORONG DISTRICT COUNCIL,BIROEb,H3,0.000263757,0.137119225,H3,65,G2,19.25,B7,15.75,3,100
41588,SOUTHERN MALLEE DC,QUIHkA,D3,1.35E-05,0.018914702,D3,65,G4,20,G3,15,3,100
41592,SOUTHERN MALLEE DC,QUIOAJ,H3,0.000137346,0.082832216,H3,45,G3,35.75,G4,11,4,100
41595,COORONG DISTRICT COUNCIL,NAUVuR,N2,0.000108526,0.07017394,N2,30,B8,19.25,H2,15.75,6,100
41602,COORONG DISTRICT COUNCIL,QUIOAG,H3,0.000443957,0.168010696,H3,65,G3,22.75,G4,7,4,100
41605,COORONG DISTRICT COUNCIL,GOHGmA,G3,7.02E-06,0.011122835,G3,85,G2,8.25,H3,6.75,3,100
41606,COORONG DISTRICT COUNCIL,EMENGD,G3,6.92E-05,0.03893278,G3,75,H3,20,B3,5,3,100
41609,SOUTHERN MALLEE DC,QUIHkA,D3,3.42E-05,0.033834828,D3,65,G4,20,G3,15,3,100
41611,COORONG DISTRICT COUNCIL,NAUVuR,N2,6.86E-05,0.055737639,N2,30,B8,19.25,H2,15.75,6,100
41615,SOUTHERN MALLEE DC,QUIO-A,H3,7.52E-06,0.01037199,H3,100,None,0,None,0,1,100
41623,SOUTHERN MALLEE DC,QUIHkA,D3,1.16E-05,0.016704539,D3,65,G4,20,G3,15,3,100
41630,COORONG DISTRICT COUNCIL,YUMMJB,B3,1.97E-05,0.017943886,B3,85,C3,10,H3,2.75,4,100
41631,SOUTHERN MALLEE DC,QUIHlA,D3,3.55E-05,0.030413274,D3,48.75,H3,25,G4,15,4,100
41647,COORONG DISTRICT COUNCIL,LIVOEF,H3,0.000398535,0.18295325,H3,65,B7,22.75,B6,7,4,100
41649,COORONG DISTRICT COUNCIL,MREGkA,G3,3.10E-05,0.028544056,G3,80,D3,20,None,0,2,100
41653,COORONG DISTRICT COUNCIL,NAUZK-,N2,5.32E-05,0.043005192,N2,65,B8,15,A7,8,5,100
41655,COORONG DISTRICT COUNCIL,MREGkA,G3,9.26E-06,0.012884617,G3,80,D3,20,None,0,2,100
41661,SOUTHERN MALLEE DC,QUIHkA,D3,3.60E-05,0.0316993,D3,65,G4,20,G3,15,3,100
41662,COORONG DISTRICT COUNCIL,YUMMJB,B3,9.21E-05,0.053795125,B3,85,C3,10,H3,2.75,4,100
41663,COORONG DISTRICT COUNCIL,QUIOAK,H3,0.000256755,0.068801841,H3,52,G3,35.75,G4,7,4,100
41666,SOUTHERN MALLEE DC,QUIO-A,H3,0.000118955,0.07282498,H3,100,None,0,None,0,1,100
41670,COORONG DISTRICT COUNCIL,LIVMJYD,B6,0.000270682,0.093513225,B6,27.5,B7,25,H3,25,4,100
41671,SOUTHERN MALLEE DC,QUIOAG,H3,0.000267747,0.156267579,H3,65,G3,22.75,G4,7,4,100
41672,COORONG DISTRICT COUNCIL,GOHO-A,H3,0.000769742,0.331607158,H3,75,G2,13.75,G3,11.25,3,100
41674,COORONG DISTRICT COUNCIL,NAUVuH,E1,0.000102162,0.056501797,E1,40,M1,30.1,F2,29.9,3,100
41683,SOUTHERN MALLEE DC,QUIHkA,D3,2.19E-05,0.023875868,D3,65,G4,20,G3,15,3,100
41687,SOUTHERN MALLEE DC,QUIO-A,H3,1.58E-05,0.022297245,H3,100,None,0,None,0,1,100
41691,COORONG DISTRICT COUNCIL,BIRMJC,B6,3.28E-05,0.031313286,B6,65,B7,35,None,0,2,100
41697,SOUTHERN MALLEE DC,QUIHlA,D3,5.02E-05,0.045499232,D3,48.75,H3,25,G4,15,4,100
41699,SOUTHERN MALLEE DC,QUIOAF,H3,0.000305575,0.128092729,H3,65,G3,22.75,G4,7,4,100
41700,COORONG DISTRICT COUNCIL,NAUVuR,N2,0.000135413,0.120245204,N2,30,B8,19.25,H2,15.75,6,100
41702,COORONG DISTRICT COUNCIL,LIVMJYA,B6,0.000172072,0.102429743,B6,27.5,B7,25,H3,25,4,100
41703,COORONG DISTRICT COUNCIL,YUMOEa,H3,4.27E-05,0.040380705,H3,65,B7,19.25,B3,15.75,3,100
41707,SOUTHERN MALLEE DC,QUIHlA,D3,2.86E-05,0.030370207,D3,48.75,H3,25,G4,15,4,100
41717,COORONG DISTRICT COUNCIL,MREO-A,H3,0.001369087,0.605692209,H3,80,G3,20,None,0,2,100
41720,COORONG DISTRICT COUNCIL,EMENGA,G3,4.08E-05,0.028563888,G3,100,None,0,None,0,1,100
41723,COORONG DISTRICT COUNCIL,ALEVr-,WW,2.86E-06,0.008015149,WW,55,N3,45,None,0,2,100
41724,COORONG DISTRICT COUNCIL,EMENGA,G3,0.000137077,0.047594867,G3,100,None,0,None,0,1,100
41725,COORONG DISTRICT COUNCIL,BIROEc,H3,0.000131307,0.066081026,H3,65,G2,19.25,B7,15.75,3,100
41728,COORONG DISTRICT COUNCIL,NAUVuR,N2,6.84E-05,0.043122739,N2,30,B8,19.25,H2,15.75,6,100
41730,SOUTHERN MALLEE DC,QUIHkA,D3,1.60E-05,0.01814613,D3,65,G4,20,G3,15,3,100
41736,SOUTHERN MALLEE DC,QUIOAE,H3,0.000828047,0.478638717,H3,65,G3,22.75,G4,7,4,100
41737,SOUTHERN MALLEE DC,QUIOAG,H3,0.001414846,0.467980405,H3,65,G3,22.75,G4,7,4,100
41742,SOUTHERN MALLEE DC,QUIHkA,D3,1.07E-05,0.015717575,D3,65,G4,20,G3,15,3,100
41748,SOUTHERN MALLEE DC,QUIO-A,H3,3.05E-05,0.028585577,H3,100,None,0,None,0,1,100
41749,COORONG DISTRICT COUNCIL,EMENGD,G3,0.000302685,0.131587107,G3,75,H3,20,B3,5,3,100
41750,COORONG DISTRICT COUNCIL,ASVVvN,H2,0.001017887,0.305425441,H2,40,N2,28.455,E1,18,4,100
41751,SOUTHERN MALLEE DC,QUIHkA,D3,9.86E-05,0.060631634,D3,65,G4,20,G3,15,3,100
41752,SOUTHERN MALLEE DC,QUIHkA,D3,8.67E-06,0.015459746,D3,65,G4,20,G3,15,3,100
41753,SOUTHERN MALLEE DC,QUIO-A,H3,6.60E-05,0.049958387,H3,100,None,0,None,0,1,100
41754,SOUTHERN MALLEE DC,QUIHlA,D3,1.46E-05,0.01824094,D3,48.75,H3,25,G4,15,4,100
41755,COORONG DISTRICT COUNCIL,BIROEb,H3,0.000167848,0.103330198,H3,65,G2,19.25,B7,15.75,3,100
41757,COORONG DISTRICT COUNCIL,COGWQ-,N2,5.09E-06,0.009269667,N2,100,None,0,None,0,1,100
41758,SOUTHERN MALLEE DC,QUIHkA,D3,1.10E-05,0.018320401,D3,65,G4,20,G3,15,3,100
41759,SOUTHERN MALLEE DC,QUIGkA,G3,3.48E-05,0.023450991,G3,65,G4,20,D3,15,3,100
41760,SOUTHERN MALLEE DC,QUIO-A,H3,1.86E-05,0.017271985,H3,100,None,0,None,0,1,100
41761,COORONG DISTRICT COUNCIL,NAUVv-,N2,5.78E-05,0.038637735,N2,55,WW,45,None,0,2,100
41762,SOUTHERN MALLEE DC,QUIHkK,D3,1.01E-05,0.012752552,D3,65,G4,20,G3,15,3,100
41768,COORONG DISTRICT COUNCIL,ALEVr-,WW,1.47E-05,0.014364583,WW,55,N3,45,None,0,2,100
41769,COORONG DISTRICT COUNCIL,QUIOAF,H3,2.30E-05,0.024642836,H3,65,G3,22.75,G4,7,4,100
41771,COORONG DISTRICT COUNCIL,NAUVuR,N2,2.59E-05,0.029081718,N2,30,B8,19.25,H2,15.75,6,100
41775,COORONG DISTRICT COUNCIL,LIVMJYD,B6,0.004016052,1.100872238,B6,27.5,B7,25,H3,25,4,100
41780,SOUTHERN MALLEE DC,QUIO-A,H3,3.48E-05,0.030903602,H3,100,None,0,None,0,1,100
41781,COORONG DISTRICT COUNCIL,GOHO-A,H3,0.000297906,0.103887305,H3,75,G2,13.75,G3,11.25,3,100
41784,SOUTHERN MALLEE DC,QUIO-A,H3,0.000101175,0.084373471,H3,100,None,0,None,0,1,100
41788,COORONG DISTRICT COUNCIL,LIVMJB,B6,0.00032814,0.180313426,B6,35.75,B7,35,B3,29.25,3,100
41790,COORONG DISTRICT COUNCIL,YUMMJYE,B3,0.000199897,0.071323285,B3,48,H3,25,C3,15,4,100
41791,COORONG DISTRICT COUNCIL,YUMOEa,H3,2.03E-05,0.024197714,H3,65,B7,19.25,B3,15.75,3,100
41797,COORONG DISTRICT COUNCIL,LIVOEF,H3,4.63E-05,0.057550544,H3,65,B7,22.75,B6,7,4,100
41798,COORONG DISTRICT COUNCIL,MEDO-A,H3,9.78E-06,0.014742543,H3,100,None,0,None,0,1,100
41800,COORONG DISTRICT COUNCIL,MEDNGA,G3,5.54E-05,0.034513261,G3,100,None,0,None,0,1,100
41804,SOUTHERN MALLEE DC,MREGlA,G3,0.000126535,0.060130729,G3,60,H3,25,D3,15,3,100
41805,COORONG DISTRICT COUNCIL,GLYMHC,B3,0.002106048,0.419297005,B3,30.25,B7,24.75,H3,24.75,4,100
41819,SOUTHERN MALLEE DC,QUIOAF,H3,0.000553926,0.267337893,H3,65,G3,22.75,G4,7,4,100
41827,COORONG DISTRICT COUNCIL,MEDNGA,G3,0.000136005,0.072029505,G3,100,None,0,None,0,1,100
41844,SOUTHERN MALLEE DC,QUIOAJ,H3,0.000343352,0.208487017,H3,45,G3,35.75,G4,11,4,100
41845,SOUTHERN MALLEE DC,QUIOAF,H3,6.98E-05,0.052046347,H3,65,G3,22.75,G4,7,4,100
41851,SOUTHERN MALLEE DC,QUIOAJ,H3,0.000457908,0.1475055,H3,45,G3,35.75,G4,11,4,100
41853,SOUTHERN MALLEE DC,MREO-A,H3,0.000886227,0.404138074,H3,80,G3,20,None,0,2,100
41854,COORONG DISTRICT COUNCIL,MREGkA,G3,5.81E-06,0.010070494,G3,80,D3,20,None,0,2,100
41855,COORONG DISTRICT COUNCIL,MREGkA,G3,1.47E-05,0.015430647,G3,80,D3,20,None,0,2,100
41856,SOUTHERN MALLEE DC,NGAOAF,H3,5.28E-05,0.035106068,H3,75,G3,20,D3,5,3,100
41861,SOUTHERN MALLEE DC,QUIHlA,D3,1.58E-05,0.019428845,D3,48.75,H3,25,G4,15,4,100
41862,SOUTHERN MALLEE DC,QUIHlA,D3,6.13E-06,0.010419989,D3,48.75,H3,25,G4,15,4,100
41864,SOUTHERN MALLEE DC,QUIHlA,D3,9.43E-06,0.01515669,D3,48.75,H3,25,G4,15,4,100
41865,SOUTHERN MALLEE DC,QUIHlA,D3,1.34E-05,0.018387007,D3,48.75,H3,25,G4,15,4,100
41868,SOUTHERN MALLEE DC,QUIHlA,D3,7.04E-06,0.012398048,D3,48.75,H3,25,G4,15,4,100
41870,COORONG DISTRICT COUNCIL,MREGkA,G3,3.94E-05,0.032842018,G3,80,D3,20,None,0,2,100
41873,SOUTHERN MALLEE DC,QUIHkA,D3,1.65E-05,0.031088973,D3,65,G4,20,G3,15,3,100
41874,SOUTHERN MALLEE DC,QUIGlA,G3,1.91E-05,0.02237825,G3,48.75,H3,25,G4,15,4,100
41877,SOUTHERN MALLEE DC,QUIGlA,G3,0.000102797,0.051085327,G3,48.75,H3,25,G4,15,4,100
41894,COORONG DISTRICT COUNCIL,BIROEc,H3,2.18E-05,0.021897272,H3,65,G2,19.25,B7,15.75,3,100
41897,COORONG DISTRICT COUNCIL,MEDO-A,H3,6.76E-05,0.041960928,H3,100,None,0,None,0,1,100
41903,COORONG DISTRICT COUNCIL,MENMNn,H2,0.000112452,0.061903085,H2,38,B8,28.595,B3,28.405,4,100
41909,COORONG DISTRICT COUNCIL,MREGkA,G3,1.39E-05,0.015458486,G3,80,D3,20,None,0,2,100
41910,COORONG DISTRICT COUNCIL,LIVO-A,H3,0.00018611,0.114032936,H3,100,None,0,None,0,1,100
41912,SOUTHERN MALLEE DC,NGAGkA,G3,0.000132081,0.088243252,G3,80,D3,20,None,0,2,100
41913,SOUTHERN MALLEE DC,QUIO-A,H3,2.52E-05,0.033235304,H3,100,None,0,None,0,1,100
41915,COORONG DISTRICT COUNCIL,MREGlA,G3,2.06E-05,0.021633595,G3,60,H3,25,D3,15,3,100
41918,SOUTHERN MALLEE DC,QUIOAJ,H3,0.000133215,0.0880183,H3,45,G3,35.75,G4,11,4,100
41919,COORONG DISTRICT COUNCIL,LIVOEJ,H3,5.11E-05,0.038751172,H3,45,B7,35.75,B6,11,4,100
41920,SOUTHERN MALLEE DC,MREO-A,H3,0.001125002,0.653557655,H3,80,G3,20,None,0,2,100
41922,COORONG DISTRICT COUNCIL,LIVOEF,H3,6.88E-05,0.044388321,H3,65,B7,22.75,B6,7,4,100
41923,SOUTHERN MALLEE DC,NGAO-A,H3,0.000193981,0.134039328,H3,80,G3,20,None,0,2,100
41931,COORONG DISTRICT COUNCIL,LIVOEG,H3,0.000635963,0.277679466,H3,65,B7,22.75,B6,7,4,100
41933,SOUTHERN MALLEE DC,NGAOAG,H3,0.000264883,0.114445408,H3,75,G3,20,D3,5,3,100
41934,SOUTHERN MALLEE DC,MREGkA,G3,2.97E-05,0.022178234,G3,80,D3,20,None,0,2,100
41935,SOUTHERN MALLEE DC,QUIOAG,H3,0.003294377,1.247152983,H3,65,G3,22.75,G4,7,4,100
41951,SOUTHERN MALLEE DC,QUIOAF,H3,6.16E-05,0.049072257,H3,65,G3,22.75,G4,7,4,100
41953,COORONG DISTRICT COUNCIL,LIVOEF,H3,0.000368682,0.136091592,H3,65,B7,22.75,B6,7,4,100
41954,SOUTHERN MALLEE DC,NGAGkA,G3,7.02E-05,0.058846121,G3,80,D3,20,None,0,2,100
41956,COORONG DISTRICT COUNCIL,MENZC-,N2,8.97E-05,0.060049937,N2,100,None,0,None,0,1,100
41957,COORONG DISTRICT COUNCIL,LIVOEb,H3,0.000135776,0.048062554,H3,65,B7,22.75,B6,7,4,100
41962,COORONG DISTRICT COUNCIL,MREGkA,G3,8.73E-06,0.01095025,G3,80,D3,20,None,0,2,100
41964,SOUTHERN MALLEE DC,NGAHkA,D3,1.47E-05,0.01413186,D3,80,G3,20,None,0,2,100
41969,COORONG DISTRICT COUNCIL,NGAOAF,H3,0.000635945,0.220071757,H3,75,G3,20,D3,5,3,100
41978,COORONG DISTRICT COUNCIL,BIRGrA,B7,4.84E-05,0.049682632,B7,35,B6,30,A6,20,4,100
41980,COORONG DISTRICT COUNCIL,MEDOAF,H3,0.000146891,0.062635969,H3,75,G3,25,None,0,2,100
41988,SOUTHERN MALLEE DC,QUIOAF,H3,0.000426951,0.155665428,H3,65,G3,22.75,G4,7,4,100
41998,COORONG DISTRICT COUNCIL,NGAMHB,B6,7.24E-05,0.042912376,B6,30.25,B8,24.75,G2,18,5,100
41999,SOUTHERN MALLEE DC,NGAO-A,H3,4.47E-05,0.054196854,H3,80,G3,20,None,0,2,100
42000,COORONG DISTRICT COUNCIL,LIVOEE,H3,0.000135263,0.080289627,H3,65,B7,22.75,B6,7,4,100
42007,SOUTHERN MALLEE DC,QUIOAE,H3,0.000274491,0.186535082,H3,65,G3,22.75,G4,7,4,100
42011,COORONG DISTRICT COUNCIL,NGAOAE,H3,4.62E-05,0.041966433,H3,75,G3,20,D3,5,3,100
42019,COORONG DISTRICT COUNCIL,LIVMJYA,B6,3.01E-05,0.022997898,B6,27.5,B7,25,H3,25,4,100
42022,COORONG DISTRICT COUNCIL,LIVMJYA,B6,0.000133022,0.066271537,B6,27.5,B7,25,H3,25,4,100
42023,COORONG DISTRICT COUNCIL,COONKA,A4,0.000193561,0.071709891,A4,53.5,A5,38.25,B2,8.25,3,100
42026,COORONG DISTRICT COUNCIL,LIVMJYA,B6,0.000187906,0.083640679,B6,27.5,B7,25,H3,25,4,100
42029,SOUTHERN MALLEE DC,QUIOAJ,H3,0.000152605,0.074650463,H3,45,G3,35.75,G4,11,4,100
42044,COORONG DISTRICT COUNCIL,MREOAE,H3,5.19E-05,0.038358683,H3,75,G3,20,D3,5,3,100
42050,COORONG DISTRICT COUNCIL,BIRGrA,B7,1.49E-05,0.015660918,B7,35,B6,30,A6,20,4,100
42051,SOUTHERN MALLEE DC,QUIHkA,D3,1.91E-05,0.019606318,D3,65,G4,20,G3,15,3,100
42061,SOUTHERN MALLEE DC,QUIOAF,H3,0.000122645,0.07936666,H3,65,G3,22.75,G4,7,4,100
42072,COORONG DISTRICT COUNCIL,MEDNGA,G3,0.003370438,0.404986913,G3,100,None,0,None,0,1,100
42076,COORONG DISTRICT COUNCIL,COONKD,A4,0.002072717,0.401098866,A4,45.25,A5,31.5,H3,15,4,100
42077,SOUTHERN MALLEE DC,QUIHkA,D3,1.48E-05,0.023751842,D3,65,G4,20,G3,15,3,100
42080,COORONG DISTRICT COUNCIL,NAUVr-,WW,7.72E-05,0.051655406,WW,55,N3,45,None,0,2,100
42085,COORONG DISTRICT COUNCIL,GLYMJC,B3,0.000366533,0.123180998,B3,35.75,B2,29.25,H3,15.75,5,100
42086,COORONG DISTRICT COUNCIL,ASVVvN,H2,0.000267174,0.08761414,H2,40,N2,28.455,E1,18,4,100
42089,COORONG DISTRICT COUNCIL,MREGkA,G3,7.74E-06,0.010430502,G3,80,D3,20,None,0,2,100
42090,COORONG DISTRICT COUNCIL,MREGkA,G3,4.14E-05,0.029454065,G3,80,D3,20,None,0,2,100
42095,SOUTHERN MALLEE DC,MREGkA,G3,2.22E-05,0.027569743,G3,80,D3,20,None,0,2,100
42096,SOUTHERN MALLEE DC,QUIGlA,G3,0.000109659,0.072504125,G3,48.75,H3,25,G4,15,4,100
42100,COORONG DISTRICT COUNCIL,MEDNGA,G3,3.08E-05,0.031843038,G3,100,None,0,None,0,1,100
42101,SOUTHERN MALLEE DC,NGAGkA,G3,1.02E-05,0.012014897,G3,80,D3,20,None,0,2,100
42103,COORONG DISTRICT COUNCIL,LIVMJA,B6,1.88E-05,0.016438307,B6,35.75,B7,35,B3,29.25,3,100
42109,SOUTHERN MALLEE DC,MREGkA,G3,6.71E-06,0.00967696,G3,80,D3,20,None,0,2,100
42113,SOUTHERN MALLEE DC,NGAGkA,G3,1.04E-05,0.012096322,G3,80,D3,20,None,0,2,100
42118,COORONG DISTRICT COUNCIL,MREGkA,G3,3.11E-05,0.034961317,G3,80,D3,20,None,0,2,100
42119,COORONG DISTRICT COUNCIL,LIVMJYD,B6,0.000149388,0.062645236,B6,27.5,B7,25,H3,25,4,100
42122,SOUTHERN MALLEE DC,NGAO-A,H3,0.000123724,0.137131859,H3,80,G3,20,None,0,2,100
42126,COORONG DISTRICT COUNCIL,GOHO-A,H3,0.00047692,0.220627691,H3,75,G2,13.75,G3,11.25,3,100
42130,SOUTHERN MALLEE DC,QUIGlA,G3,9.01E-05,0.064631015,G3,48.75,H3,25,G4,15,4,100
42134,COORONG DISTRICT COUNCIL,BIRMJC,B6,0.006803787,1.276624752,B6,65,B7,35,None,0,2,100
42136,COORONG DISTRICT COUNCIL,LIVO-A,H3,1.46E-05,0.017192848,H3,100,None,0,None,0,1,100
42139,SOUTHERN MALLEE DC,QUIOAE,H3,7.99E-05,0.065885721,H3,65,G3,22.75,G4,7,4,100
42144,COORONG DISTRICT COUNCIL,GOHGmA,G3,1.69E-05,0.021145054,G3,85,G2,8.25,H3,6.75,3,100
42154,SOUTHERN MALLEE DC,QUIOAE,H3,3.61E-05,0.028161317,H3,65,G3,22.75,G4,7,4,100
42155,COORONG DISTRICT COUNCIL,LIVO-A,H3,1.94E-05,0.02194358,H3,100,None,0,None,0,1,100
42159,COORONG DISTRICT COUNCIL,MREOAJ,H3,1.54E-05,0.017089805,H3,45,G3,44,D3,11,3,100
42160,COORONG DISTRICT COUNCIL,LIVMJA,B6,1.01E-05,0.011740803,B6,35.75,B7,35,B3,29.25,3,100
42161,SOUTHERN MALLEE DC,MREGkA,G3,8.57E-06,0.010871165,G3,80,D3,20,None,0,2,100
42162,SOUTHERN MALLEE DC,QUIHlA,D3,1.26E-05,0.014369043,D3,48.75,H3,25,G4,15,4,100
42166,SOUTHERN MALLEE DC,MAJHrA,C3,7.50E-05,0.054637494,C3,35,D2,30,C1,20,4,100
42167,COORONG DISTRICT COUNCIL,MENNgr,B3,0.000224213,0.09914677,B3,31.565,B7,27,M1,19.435,6,100
42171,SOUTHERN MALLEE DC,QUIHlA,D3,9.84E-06,0.013276992,D3,48.75,H3,25,G4,15,4,100
42175,SOUTHERN MALLEE DC,QUIGlA,G3,0.000207915,0.093410628,G3,48.75,H3,25,G4,15,4,100
42176,SOUTHERN MALLEE DC,QUIHlA,D3,1.38E-05,0.020111743,D3,48.75,H3,25,G4,15,4,100
42183,COORONG DISTRICT COUNCIL,LIVMJA,B6,6.28E-05,0.031888063,B6,35.75,B7,35,B3,29.25,3,100
42197,SOUTHERN MALLEE DC,QUIOAF,H3,0.000615897,0.34674759,H3,65,G3,22.75,G4,7,4,100
42198,COORONG DISTRICT COUNCIL,LIVO-B,H3,4.37E-05,0.051202999,H3,100,None,0,None,0,1,100
42200,COORONG DISTRICT COUNCIL,MENMNn,H2,0.00023986,0.177261329,H2,38,B8,28.595,B3,28.405,4,100
42206,SOUTHERN MALLEE DC,QUIOAE,H3,0.000284245,0.160958896,H3,65,G3,22.75,G4,7,4,100
42209,COORONG DISTRICT COUNCIL,MENZoO,N2,1.87E-05,0.020522601,N2,70,B3,9.75,B7,5.25,8,100
42211,SOUTHERN MALLEE DC,QUIHlA,D3,9.52E-06,0.014311396,D3,48.75,H3,25,G4,15,4,100
42212,COORONG DISTRICT COUNCIL,MEDO-B,H3,3.81E-05,0.036778093,H3,100,None,0,None,0,1,100
42219,SOUTHERN MALLEE DC,QUIOAG,H3,0.001041408,0.3181864,H3,65,G3,22.75,G4,7,4,100
42224,COORONG DISTRICT COUNCIL,BIROEb,H3,6.26E-05,0.034700073,H3,65,G2,19.25,B7,15.75,3,100
42226,COORONG DISTRICT COUNCIL,LIVMJYA,B6,0.004153635,1.006166633,B6,27.5,B7,25,H3,25,4,100
42227,COORONG DISTRICT COUNCIL,MREOAJ,H3,1.35E-05,0.014784018,H3,45,G3,44,D3,11,3,100
42229,SOUTHERN MALLEE DC,NGAGlA,G3,0.000181206,0.079444076,G3,60,H3,25,D3,15,3,100
42230,COORONG DISTRICT COUNCIL,MREGkA,G3,1.81E-05,0.020112541,G3,80,D3,20,None,0,2,100
42232,SOUTHERN MALLEE DC,NGAOAG,H3,0.000148302,0.055871261,H3,75,G3,20,D3,5,3,100
42233,COORONG DISTRICT COUNCIL,LIVMJYA,B6,0.000118275,0.066674016,B6,27.5,B7,25,H3,25,4,100
42234,SOUTHERN MALLEE DC,MREO-A,H3,0.005107251,1.495164029,H3,80,G3,20,None,0,2,100
42235,COORONG DISTRICT COUNCIL,BLCZC-,N2,4.51E-05,0.038298417,N2,100,None,0,None,0,1,100
42243,SOUTHERN MALLEE DC,QUIOAE,H3,2.70E-05,0.019614088,H3,65,G3,22.75,G4,7,4,100
42252,COORONG DISTRICT COUNCIL,LIVOEI,B7,0.00047346,0.177429722,B7,42.25,H3,35,B6,13,4,100
42259,COORONG DISTRICT COUNCIL,LIVMJYD,B6,0.000540894,0.223497262,B6,27.5,B7,25,H3,25,4,100
42262,COORONG DISTRICT COUNCIL,MEDOAF,H3,0.000240199,0.095828861,H3,75,G3,25,None,0,2,100
42265,SOUTHERN MALLEE DC,QUIOAE,H3,8.34E-05,0.052525964,H3,65,G3,22.75,G4,7,4,100
42271,COORONG DISTRICT COUNCIL,LIVOEF,H3,2.67E-05,0.030214053,H3,65,B7,22.75,B6,7,4,100
42275,COORONG DISTRICT COUNCIL,NGAOAE,H3,7.88E-05,0.040113702,H3,75,G3,20,D3,5,3,100
42279,SOUTHERN MALLEE DC,MREGkA,G3,7.99E-05,0.044745001,G3,80,D3,20,None,0,2,100
42281,COORONG DISTRICT COUNCIL,LIVO-B,H3,1.88E-05,0.017840971,H3,100,None,0,None,0,1,100
42283,COORONG DISTRICT COUNCIL,MREGkA,G3,1.73E-05,0.036564332,G3,80,D3,20,None,0,2,100
42290,SOUTHERN MALLEE DC,QUIOAE,H3,2.48E-05,0.022508205,H3,65,G3,22.75,G4,7,4,100
42291,SOUTHERN MALLEE DC,QUIOAJ,H3,9.12E-05,0.065858091,H3,45,G3,35.75,G4,11,4,100
42309,SOUTHERN MALLEE DC,QUIOAJ,H3,0.000218671,0.148429587,H3,45,G3,35.75,G4,11,4,100
42310,COORONG DISTRICT COUNCIL,MREO-A,H3,0.000692047,0.244912811,H3,80,G3,20,None,0,2,100
42327,SOUTHERN MALLEE DC,QUIOAE,H3,7.16E-05,0.075938273,H3,65,G3,22.75,G4,7,4,100
42333,SOUTHERN MALLEE DC,QUIHlA,D3,0.000115107,0.095651078,D3,48.75,H3,25,G4,15,4,100
42337,COORONG DISTRICT COUNCIL,NGAOAJ,H3,0.002518486,0.840025289,H3,45,G3,44,D3,11,3,100
42339,SOUTHERN MALLEE DC,QUIGlA,G3,0.000101905,0.090265388,G3,48.75,H3,25,G4,15,4,100
42349,COORONG DISTRICT COUNCIL,LIVOEI,B7,0.000893464,0.234351023,B7,42.25,H3,35,B6,13,4,100
42353,SOUTHERN MALLEE DC,MAJQOB,B2,0.000264524,0.106896624,B2,41.25,G1,33.75,H3,13.75,4,100
42354,SOUTHERN MALLEE DC,QUIOAF,H3,0.000392115,0.243015289,H3,65,G3,22.75,G4,7,4,100
42355,COORONG DISTRICT COUNCIL,NGAOAE,H3,0.00016528,0.101050042,H3,75,G3,20,D3,5,3,100
42358,SOUTHERN MALLEE DC,QUIOAE,H3,0.000207964,0.106788806,H3,65,G3,22.75,G4,7,4,100
42362,COORONG DISTRICT COUNCIL,MREGkA,G3,1.10E-05,0.01313961,G3,80,D3,20,None,0,2,100
42366,SOUTHERN MALLEE DC,QUIHkA,D3,1.06E-05,0.015667357,D3,65,G4,20,G3,15,3,100
42367,COORONG DISTRICT COUNCIL,LIVMJA,B6,3.73E-05,0.029728013,B6,35.75,B7,35,B3,29.25,3,100
42371,COORONG DISTRICT COUNCIL,LIVOEJ,H3,0.000482463,0.19581867,H3,45,B7,35.75,B6,11,4,100
42372,SOUTHERN MALLEE DC,MREGkA,G3,7.53E-06,0.010090886,G3,80,D3,20,None,0,2,100
42373,COORONG DISTRICT COUNCIL,MREGkA,G3,1.01E-05,0.012785901,G3,80,D3,20,None,0,2,100
42374,SOUTHERN MALLEE DC,NGAGkA,G3,1.24E-05,0.013145515,G3,80,D3,20,None,0,2,100
42380,SOUTHERN MALLEE DC,MAJQOB,B2,0.000101693,0.057979548,B2,41.25,G1,33.75,H3,13.75,4,100
42383,SOUTHERN MALLEE DC,NGAGlA,G3,6.76E-05,0.041564833,G3,60,H3,25,D3,15,3,100
42385,COORONG DISTRICT COUNCIL,MENZoO,N2,2.37E-05,0.032975846,N2,70,B3,9.75,B7,5.25,8,100
42387,SOUTHERN MALLEE DC,QUIHlA,D3,1.81E-05,0.016316555,D3,48.75,H3,25,G4,15,4,100
42389,SOUTHERN MALLEE DC,NGAMHB,B6,1.81E-05,0.015815347,B6,30.25,B8,24.75,G2,18,5,100
42392,COORONG DISTRICT COUNCIL,NGAOAF,H3,0.002403408,0.752935105,H3,75,G3,20,D3,5,3,100
42394,COORONG DISTRICT COUNCIL,LIVO-B,H3,5.82E-05,0.056575536,H3,100,None,0,None,0,1,100
42396,COORONG DISTRICT COUNCIL,MEDNGD,G3,0.010850912,1.781482726,G3,75,H3,25,None,0,2,100
42403,COORONG DISTRICT COUNCIL,MREO-A,H3,0.000796883,0.400386234,H3,80,G3,20,None,0,2,100
42404,SOUTHERN MALLEE DC,NGAO-A,H3,4.11E-05,0.041573635,H3,80,G3,20,None,0,2,100
42410,SOUTHERN MALLEE DC,NGAO-A,H3,2.50E-05,0.033873692,H3,80,G3,20,None,0,2,100
42417,COORONG DISTRICT COUNCIL,LIVOEF,H3,0.000198417,0.106092843,H3,65,B7,22.75,B6,7,4,100
42418,COORONG DISTRICT COUNCIL,BIROEc,H3,6.48E-05,0.037035412,H3,65,G2,19.25,B7,15.75,3,100
42422,COORONG DISTRICT COUNCIL,NAUZK-,N2,0.000136927,0.059760927,N2,65,B8,15,A7,8,5,100
42429,COORONG DISTRICT COUNCIL,LIVMJYA,B6,3.52E-05,0.024722122,B6,27.5,B7,25,H3,25,4,100
42431,SOUTHERN MALLEE DC,MREGkA,G3,5.81E-05,0.047279062,G3,80,D3,20,None,0,2,100
42434,SOUTHERN MALLEE DC,MREGkA,G3,2.40E-05,0.022535846,G3,80,D3,20,None,0,2,100
42435,SOUTHERN MALLEE DC,QUIHlA,D3,1.25E-05,0.016872608,D3,48.75,H3,25,G4,15,4,100
42437,SOUTHERN MALLEE DC,QUIOAE,H3,2.45E-06,0.006093035,H3,65,G3,22.75,G4,7,4,100
42438,COORONG DISTRICT COUNCIL,BLCZC-,N2,0.000120001,0.064407804,N2,100,None,0,None,0,1,100
42439,COORONG DISTRICT COUNCIL,NGAOAF,H3,0.008269891,1.768154153,H3,75,G3,20,D3,5,3,100
42441,COORONG DISTRICT COUNCIL,MREGkA,G3,1.46E-05,0.018618754,G3,80,D3,20,None,0,2,100
42442,SOUTHERN MALLEE DC,MREGkA,G3,9.26E-06,0.01165696,G3,80,D3,20,None,0,2,100
42443,SOUTHERN MALLEE DC,NGAOAE,H3,2.59E-05,0.028693624,H3,75,G3,20,D3,5,3,100
42444,COORONG DISTRICT COUNCIL,EMEOAF,H3,0.000133551,0.106184577,H3,75,G3,25,None,0,2,100
42449,COORONG DISTRICT COUNCIL,BIROEb,H3,0.000177566,0.103662985,H3,65,G2,19.25,B7,15.75,3,100
42450,SOUTHERN MALLEE DC,MREGkA,G3,6.20E-06,0.009284748,G3,80,D3,20,None,0,2,100
42451,COORONG DISTRICT COUNCIL,ASVUgN,H2,0.001061632,0.203894657,H2,85,N2,8.25,E1,3,5,100
42452,SOUTHERN MALLEE DC,QUIOAF,H3,0.00041575,0.149784614,H3,65,G3,22.75,G4,7,4,100
42455,COORONG DISTRICT COUNCIL,LIVOEG,H3,0.000235285,0.129524917,H3,65,B7,22.75,B6,7,4,100
42458,SOUTHERN MALLEE DC,MAJO-B,H3,6.83E-05,0.053324697,H3,55,G2,45,None,0,2,100
42462,COORONG DISTRICT COUNCIL,MREGkA,G3,8.63E-06,0.011702492,G3,80,D3,20,None,0,2,100
42463,SOUTHERN MALLEE DC,MREGkA,G3,2.60E-05,0.022882739,G3,80,D3,20,None,0,2,100
42468,COORONG DISTRICT COUNCIL,LIVMJA,B6,6.69E-06,0.010047383,B6,35.75,B7,35,B3,29.25,3,100
42473,COORONG DISTRICT COUNCIL,BIROEb,H3,3.07E-05,0.030187991,H3,65,G2,19.25,B7,15.75,3,100
42474,COORONG DISTRICT COUNCIL,MREGkA,G3,1.40E-05,0.021439918,G3,80,D3,20,None,0,2,100
42489,COORONG DISTRICT COUNCIL,GOHGmA,G3,1.80E-05,0.017710013,G3,85,G2,8.25,H3,6.75,3,100
42502,SOUTHERN MALLEE DC,QUIGlA,G3,7.63E-05,0.072339589,G3,48.75,H3,25,G4,15,4,100
42504,SOUTHERN MALLEE DC,QUIHkA,D3,2.68E-05,0.028985972,D3,65,G4,20,G3,15,3,100
42505,SOUTHERN MALLEE DC,QUIOAE,H3,8.40E-05,0.05387761,H3,65,G3,22.75,G4,7,4,100
42507,SOUTHERN MALLEE DC,MREGlA,G3,0.000115245,0.069919198,G3,60,H3,25,D3,15,3,100
42508,SOUTHERN MALLEE DC,NGAOAF,H3,0.000619818,0.22355175,H3,75,G3,20,D3,5,3,100
42510,COORONG DISTRICT COUNCIL,LIVMJA,B6,0.000162613,0.102813942,B6,35.75,B7,35,B3,29.25,3,100
42511,COORONG DISTRICT COUNCIL,LIVMJYA,B6,0.000251292,0.09503757,B6,27.5,B7,25,H3,25,4,100
42512,SOUTHERN MALLEE DC,QUIHlA,D3,0.000110409,0.09160582,D3,48.75,H3,25,G4,15,4,100
42513,SOUTHERN MALLEE DC,MREGkA,G3,0.000106587,0.06522259,G3,80,D3,20,None,0,2,100
42514,SOUTHERN MALLEE DC,QUIOAE,H3,0.000173104,0.121432119,H3,65,G3,22.75,G4,7,4,100
42522,SOUTHERN MALLEE DC,MREGlA,G3,1.97E-05,0.016848698,G3,60,H3,25,D3,15,3,100
42523,COORONG DISTRICT COUNCIL,MENMNC,H2,0.0003038,0.10054584,H2,40,B8,30.1,B3,29.9,3,100
42531,SOUTHERN MALLEE DC,QUIHlA,D3,1.82E-05,0.028165036,D3,48.75,H3,25,G4,15,4,100
42536,COORONG DISTRICT COUNCIL,LIVMJA,B6,4.68E-06,0.008555139,B6,35.75,B7,35,B3,29.25,3,100
42538,SOUTHERN MALLEE DC,QUIHkA,D3,3.12E-05,0.030366088,D3,65,G4,20,G3,15,3,100
42539,COORONG DISTRICT COUNCIL,MEDNGD,G3,0.00222948,0.924550845,G3,75,H3,25,None,0,2,100
42541,COORONG DISTRICT COUNCIL,MREGkA,G3,1.50E-05,0.017239141,G3,80,D3,20,None,0,2,100
42543,COORONG DISTRICT COUNCIL,LIVMJYA,B6,5.98E-05,0.038614836,B6,27.5,B7,25,H3,25,4,100
42546,COORONG DISTRICT COUNCIL,MREGkA,G3,9.12E-06,0.011607644,G3,80,D3,20,None,0,2,100
42547,SOUTHERN MALLEE DC,MREGkA,G3,1.30E-05,0.014948233,G3,80,D3,20,None,0,2,100
42550,SOUTHERN MALLEE DC,NGAGkA,G3,4.54E-05,0.029147105,G3,80,D3,20,None,0,2,100
42553,COORONG DISTRICT COUNCIL,LIVMJA,B6,1.62E-05,0.018927727,B6,35.75,B7,35,B3,29.25,3,100
42557,COORONG DISTRICT COUNCIL,MREGlA,G3,0.000108413,0.07437605,G3,60,H3,25,D3,15,3,100
42559,SOUTHERN MALLEE DC,NGAOAJ,H3,0.000743142,0.217242045,H3,45,G3,44,D3,11,3,100
42561,COORONG DISTRICT COUNCIL,COONKF,A4,0.001294209,0.357240996,A4,49.75,A5,31.5,B2,8.25,5,100
42563,SOUTHERN MALLEE DC,NGAO-A,H3,0.00015186,0.127632553,H3,80,G3,20,None,0,2,100
42565,COORONG DISTRICT COUNCIL,LIVOEJ,H3,0.000120487,0.065905356,H3,45,B7,35.75,B6,11,4,100
42569,COORONG DISTRICT COUNCIL,MENMNC,H2,5.52E-05,0.040624338,H2,40,B8,30.1,B3,29.9,3,100
42570,SOUTHERN MALLEE DC,MREGkA,G3,7.63E-05,0.045145579,G3,80,D3,20,None,0,2,100
42571,SOUTHERN MALLEE DC,NGAO-A,H3,1.83E-05,0.022314391,H3,80,G3,20,None,0,2,100
42578,SOUTHERN MALLEE DC,NGAGkA,G3,5.46E-05,0.033337063,G3,80,D3,20,None,0,2,100
42583,COORONG DISTRICT COUNCIL,MENVuR,N2,6.72E-05,0.042403991,N2,40,B7,15.75,F2,13.5,7,100
42586,SOUTHERN MALLEE DC,NGAO-A,H3,1.31E-05,0.0208526,H3,80,G3,20,None,0,2,100
42590,SOUTHERN MALLEE DC,MREGlA,G3,5.78E-05,0.031091852,G3,60,H3,25,D3,15,3,100
42592,SOUTHERN MALLEE DC,QUIGkA,G3,0.000112083,0.087736248,G3,65,G4,20,D3,15,3,100
42594,SOUTHERN MALLEE DC,QUIHlA,D3,4.37E-05,0.034741268,D3,48.75,H3,25,G4,15,4,100
42597,SOUTHERN MALLEE DC,NGAHlA,D3,0.000170853,0.126656495,D3,68,G3,17,H3,15,3,100
42599,COORONG DISTRICT COUNCIL,BIROEc,H3,6.72E-05,0.047788815,H3,65,G2,19.25,B7,15.75,3,100
42603,SOUTHERN MALLEE DC,MAJQXB,B2,0.000640482,0.204540618,B2,38.5,G1,31.5,H3,8.25,7,100
42604,SOUTHERN MALLEE DC,QUIOAF,H3,0.000160671,0.07386348,H3,65,G3,22.75,G4,7,4,100
42607,SOUTHERN MALLEE DC,NGAOAJ,H3,0.000562286,0.19589668,H3,45,G3,44,D3,11,3,100
42614,COORONG DISTRICT COUNCIL,MENZoO,N2,0.000580871,0.258820694,N2,70,B3,9.75,B7,5.25,8,100
42615,SOUTHERN MALLEE DC,NGAOAG,H3,0.000171868,0.120239829,H3,75,G3,20,D3,5,3,100
42616,COORONG DISTRICT COUNCIL,LIVOEF,H3,0.000618332,0.268782273,H3,65,B7,22.75,B6,7,4,100
42618,SOUTHERN MALLEE DC,NGAO-A,H3,4.42E-05,0.049088955,H3,80,G3,20,None,0,2,100
42621,SOUTHERN MALLEE DC,NGAGkA,G3,5.47E-05,0.048704034,G3,80,D3,20,None,0,2,100
42624,SOUTHERN MALLEE DC,MAJQOB,B2,0.00023754,0.101043597,B2,41.25,G1,33.75,H3,13.75,4,100
42628,SOUTHERN MALLEE DC,NGAOCa,H3,0.000290879,0.193972884,H3,75,G3,13.75,F1,11.25,3,100
42631,COORONG DISTRICT COUNCIL,NGAO-A,H3,0.000348775,0.206561629,H3,80,G3,20,None,0,2,100
42633,COORONG DISTRICT COUNCIL,COOODJ,H3,0.000202691,0.103470705,H3,40,A4,20.25,A5,15.75,5,100
42637,SOUTHERN MALLEE DC,QUIOAG,H3,0.000241064,0.140290877,H3,65,G3,22.75,G4,7,4,100
42639,COORONG DISTRICT COUNCIL,MREGkA,G3,2.60E-05,0.028711623,G3,80,D3,20,None,0,2,100
42642,SOUTHERN MALLEE DC,QUIOAG,H3,6.83E-05,0.051080561,H3,65,G3,22.75,G4,7,4,100
42650,COORONG DISTRICT COUNCIL,NGAGlA,G3,7.00E-05,0.049127294,G3,60,H3,25,D3,15,3,100
42660,SOUTHERN MALLEE DC,MREO-A,H3,0.000271712,0.174264164,H3,80,G3,20,None,0,2,100
42662,COORONG DISTRICT COUNCIL,LIVO-A,H3,2.66E-05,0.026821935,H3,100,None,0,None,0,1,100
42663,COORONG DISTRICT COUNCIL,LIVMJA,B6,4.46E-05,0.035505647,B6,35.75,B7,35,B3,29.25,3,100
42664,SOUTHERN MALLEE DC,MREGlA,G3,2.79E-05,0.025718652,G3,60,H3,25,D3,15,3,100
42668,COORONG DISTRICT COUNCIL,BIRMJD,B6,0.001896215,0.603826592,B6,65,B7,35,None,0,2,100
42671,COORONG DISTRICT COUNCIL,LIVOEE,H3,2.87E-05,0.024292389,H3,65,B7,22.75,B6,7,4,100
42673,COORONG DISTRICT COUNCIL,GLYZpO,N2,6.80E-05,0.034027022,N2,65,G4,30,B3,2.75,4,100
42675,COORONG DISTRICT COUNCIL,LIVMJYA,B6,2.30E-05,0.01980143,B6,27.5,B7,25,H3,25,4,100
42679,SOUTHERN MALLEE DC,QUIOAF,H3,0.000598017,0.144118417,H3,65,G3,22.75,G4,7,4,100
42681,COORONG DISTRICT COUNCIL,GLYZpO,N2,5.57E-05,0.049744468,N2,65,G4,30,B3,2.75,4,100
42686,SOUTHERN MALLEE DC,QUIOAF,H3,0.000265535,0.130908393,H3,65,G3,22.75,G4,7,4,100
42687,SOUTHERN MALLEE DC,QUIHlA,D3,1.07E-05,0.016002167,D3,48.75,H3,25,G4,15,4,100
42688,COORONG DISTRICT COUNCIL,BIROEc,H3,0.00028768,0.097506148,H3,65,G2,19.25,B7,15.75,3,100
42694,SOUTHERN MALLEE DC,QUIOAF,H3,3.50E-05,0.042659974,H3,65,G3,22.75,G4,7,4,100
42699,COORONG DISTRICT COUNCIL,NGAOAJ,H3,0.000160897,0.074728631,H3,45,G3,44,D3,11,3,100
42707,COORONG DISTRICT COUNCIL,GLYZpO,N2,4.23E-05,0.033024481,N2,65,G4,30,B3,2.75,4,100
42714,COORONG DISTRICT COUNCIL,MENMNC,H2,1.65E-05,0.022552203,H2,40,B8,30.1,B3,29.9,3,100
42733,COORONG DISTRICT COUNCIL,MENZoO,N2,0.000103554,0.076142403,N2,70,B3,9.75,B7,5.25,8,100
42737,SOUTHERN MALLEE DC,QUIOAE,H3,4.38E-05,0.042682809,H3,65,G3,22.75,G4,7,4,100
42739,SOUTHERN MALLEE DC,NGAGlA,G3,5.08E-05,0.031116633,G3,60,H3,25,D3,15,3,100
42743,SOUTHERN MALLEE DC,QUIHkA,D3,1.44E-05,0.016762247,D3,65,G4,20,G3,15,3,100
42744,COORONG DISTRICT COUNCIL,EMEOAE,H3,6.52E-05,0.050972823,H3,75,G3,25,None,0,2,100
42745,SOUTHERN MALLEE DC,MREGlA,G3,4.55E-05,0.038946189,G3,60,H3,25,D3,15,3,100
42748,COORONG DISTRICT COUNCIL,LIVMJA,B6,1.91E-05,0.016652218,B6,35.75,B7,35,B3,29.25,3,100
42751,COORONG DISTRICT COUNCIL,LIVO-B,H3,5.75E-05,0.060844014,H3,100,None,0,None,0,1,100
42752,SOUTHERN MALLEE DC,MREGlA,G3,8.72E-06,0.011789129,G3,60,H3,25,D3,15,3,100
42759,COORONG DISTRICT COUNCIL,EMENGA,G3,3.40E-05,0.031025324,G3,100,None,0,None,0,1,100
42760,COORONG DISTRICT COUNCIL,MEDNGA,G3,0.005859292,1.15073376,G3,100,None,0,None,0,1,100
42768,COORONG DISTRICT COUNCIL,MENMNC,H2,0.000585173,0.283825135,H2,40,B8,30.1,B3,29.9,3,100
42769,SOUTHERN MALLEE DC,MAJORH,H3,0.000112901,0.075462223,H3,24.75,G2,20.25,C3,19.25,6,100
42773,COORONG DISTRICT COUNCIL,GLYMHY,H3,0.000843658,0.154407753,H3,33,G2,27,B3,22,4,100
42779,COORONG DISTRICT COUNCIL,MENZoO,N2,7.39E-05,0.075091238,N2,70,B3,9.75,B7,5.25,8,100
42781,SOUTHERN MALLEE DC,QUIOAF,H3,6.10E-05,0.037975438,H3,65,G3,22.75,G4,7,4,100
42782,COORONG DISTRICT COUNCIL,LIVMJYD,B6,8.15E-05,0.048974897,B6,27.5,B7,25,H3,25,4,100
42783,COORONG DISTRICT COUNCIL,MREGkA,G3,3.32E-05,0.032048427,G3,80,D3,20,None,0,2,100
42785,SOUTHERN MALLEE DC,QUIHkA,D3,7.60E-06,0.011570084,D3,65,G4,20,G3,15,3,100
42786,SOUTHERN MALLEE DC,QUIHlA,D3,0.000120175,0.077792647,D3,48.75,H3,25,G4,15,4,100
42787,SOUTHERN MALLEE DC,NGAO-A,H3,2.16E-05,0.027493817,H3,80,G3,20,None,0,2,100
42788,SOUTHERN MALLEE DC,NGAGkA,G3,1.12E-05,0.012424497,G3,80,D3,20,None,0,2,100
42789,SOUTHERN MALLEE DC,NGAO-A,H3,7.94E-06,0.01052814,H3,80,G3,20,None,0,2,100
42790,SOUTHERN MALLEE DC,QUIHkA,D3,4.61E-05,0.046074173,D3,65,G4,20,G3,15,3,100
42791,SOUTHERN MALLEE DC,QUIHlA,D3,1.21E-05,0.014873471,D3,48.75,H3,25,G4,15,4,100
42793,COORONG DISTRICT COUNCIL,LIVMJYD,B6,7.61E-05,0.043742151,B6,27.5,B7,25,H3,25,4,100
42802,COORONG DISTRICT COUNCIL,MREGkA,G3,2.09E-05,0.022843926,G3,80,D3,20,None,0,2,100
42811,SOUTHERN MALLEE DC,QUIGlA,G3,0.000122306,0.097862771,G3,48.75,H3,25,G4,15,4,100
42813,COORONG DISTRICT COUNCIL,NGAOAF,H3,0.000156392,0.089577782,H3,75,G3,20,D3,5,3,100
42824,COORONG DISTRICT COUNCIL,MREGkA,G3,2.72E-05,0.024344311,G3,80,D3,20,None,0,2,100
42825,SOUTHERN MALLEE DC,QUIHlA,D3,0.000229653,0.122202678,D3,48.75,H3,25,G4,15,4,100
42830,SOUTHERN MALLEE DC,QUIGkA,G3,1.25E-05,0.020211479,G3,65,G4,20,D3,15,3,100
42831,COORONG DISTRICT COUNCIL,EMENGA,G3,5.82E-05,0.038169195,G3,100,None,0,None,0,1,100
42833,COORONG DISTRICT COUNCIL,MENMNn,H2,0.000610751,0.22775919,H2,38,B8,28.595,B3,28.405,4,100
42834,COORONG DISTRICT COUNCIL,BIRMJC,B6,0.002000363,0.370942842,B6,65,B7,35,None,0,2,100
42836,COORONG DISTRICT COUNCIL,EMEOAF,H3,4.02E-05,0.032560635,H3,75,G3,25,None,0,2,100
42842,SOUTHERN MALLEE DC,QUIOAF,H3,0.000151194,0.082337915,H3,65,G3,22.75,G4,7,4,100
42843,COORONG DISTRICT COUNCIL,LIVMJA,B6,2.85E-05,0.021607583,B6,35.75,B7,35,B3,29.25,3,100
42851,COORONG DISTRICT COUNCIL,NAUZK-,N2,9.06E-05,0.048608146,N2,65,B8,15,A7,8,5,100
42852,COORONG DISTRICT COUNCIL,MREGkA,G3,6.65E-06,0.009795206,G3,80,D3,20,None,0,2,100
42854,SOUTHERN MALLEE DC,QUIGlA,G3,1.64E-05,0.020032422,G3,48.75,H3,25,G4,15,4,100
42857,SOUTHERN MALLEE DC,QUIHkA,D3,1.02E-05,0.013484762,D3,65,G4,20,G3,15,3,100
42859,COORONG DISTRICT COUNCIL,MREGkA,G3,6.97E-06,0.010464245,G3,80,D3,20,None,0,2,100
42862,SOUTHERN MALLEE DC,NGAOAE,H3,9.20E-05,0.066479185,H3,75,G3,20,D3,5,3,100
42870,COORONG DISTRICT COUNCIL,MEDNGA,G3,1.88E-05,0.021291411,G3,100,None,0,None,0,1,100
42875,SOUTHERN MALLEE DC,QUIOAH,H3,0.001135348,0.430752318,H3,45,G3,35.75,G4,11,4,100
42876,SOUTHERN MALLEE DC,QUIOAE,H3,4.37E-05,0.042261565,H3,65,G3,22.75,G4,7,4,100
42878,SOUTHERN MALLEE DC,QUIGlA,G3,7.09E-05,0.045307435,G3,48.75,H3,25,G4,15,4,100
42885,SOUTHERN MALLEE DC,NGAOAJ,H3,0.019988452,5.004765201,H3,45,G3,44,D3,11,3,100
42887,COORONG DISTRICT COUNCIL,LIVO-A,H3,3.00E-05,0.03146266,H3,100,None,0,None,0,1,100
42892,COORONG DISTRICT COUNCIL,LIVOEJ,H3,0.002343652,0.88095308,H3,45,B7,35.75,B6,11,4,100
42894,SOUTHERN MALLEE DC,NGAO-A,H3,3.03E-05,0.0367192,H3,80,G3,20,None,0,2,100
42904,COORONG DISTRICT COUNCIL,BIRO-A,H3,4.63E-05,0.030658045,H3,100,None,0,None,0,1,100
42906,COORONG DISTRICT COUNCIL,GOHGmA,G3,6.00E-06,0.010288277,G3,85,G2,8.25,H3,6.75,3,100
42907,COORONG DISTRICT COUNCIL,GLYMHC,B3,8.15E-05,0.053754725,B3,30.25,B7,24.75,H3,24.75,4,100
42909,SOUTHERN MALLEE DC,QUIOAF,H3,0.000193453,0.121268018,H3,65,G3,22.75,G4,7,4,100
42912,COORONG DISTRICT COUNCIL,LIVMJA,B6,1.05E-05,0.012492253,B6,35.75,B7,35,B3,29.25,3,100
42914,COORONG DISTRICT COUNCIL,NAUVuR,N2,0.001236082,0.480673385,N2,30,B8,19.25,H2,15.75,6,100
42915,SOUTHERN MALLEE DC,QUIOAJ,H3,8.78E-05,0.072020816,H3,45,G3,35.75,G4,11,4,100
42919,COORONG DISTRICT COUNCIL,LIVMJYA,B6,9.24E-05,0.056238881,B6,27.5,B7,25,H3,25,4,100
42922,COORONG DISTRICT COUNCIL,BIROEc,H3,0.000109933,0.053120918,H3,65,G2,19.25,B7,15.75,3,100
42924,COORONG DISTRICT COUNCIL,BLCVWJ,E1,0.000102218,0.046367742,E1,46.75,F1,17,N2,15,5,100
42927,COORONG DISTRICT COUNCIL,BIRGrA,B7,1.04E-05,0.011737295,B7,35,B6,30,A6,20,4,100
42934,COORONG DISTRICT COUNCIL,MREGlA,G3,2.29E-05,0.02001673,G3,60,H3,25,D3,15,3,100
42937,SOUTHERN MALLEE DC,QUIHlA,D3,3.81E-05,0.043707317,D3,48.75,H3,25,G4,15,4,100
42938,SOUTHERN MALLEE DC,NGAGkA,G3,1.58E-05,0.018896338,G3,80,D3,20,None,0,2,100
42941,SOUTHERN MALLEE DC,MREGkA,G3,2.88E-05,0.020061242,G3,80,D3,20,None,0,2,100
42944,SOUTHERN MALLEE DC,QUIHkA,D3,1.12E-05,0.016493758,D3,65,G4,20,G3,15,3,100
42947,SOUTHERN MALLEE DC,MREGkA,G3,8.85E-06,0.01100526,G3,80,D3,20,None,0,2,100
42948,SOUTHERN MALLEE DC,MREGkA,G3,5.70E-05,0.03723331,G3,80,D3,20,None,0,2,100
42951,SOUTHERN MALLEE DC,QUIHlA,D3,7.46E-06,0.011274372,D3,48.75,H3,25,G4,15,4,100
42957,COORONG DISTRICT COUNCIL,BIROEb,H3,0.000595644,0.14773426,H3,65,G2,19.25,B7,15.75,3,100
42959,COORONG DISTRICT COUNCIL,GLYMJC,B3,0.002149017,0.382850234,B3,35.75,B2,29.25,H3,15.75,5,100
42966,COORONG DISTRICT COUNCIL,MEDNGA,G3,0.000185157,0.116888886,G3,100,None,0,None,0,1,100
42983,COORONG DISTRICT COUNCIL,LIVO-B,H3,1.72E-05,0.020168923,H3,100,None,0,None,0,1,100
42988,SOUTHERN MALLEE DC,MREOCa,H3,0.000500476,0.131075097,H3,65,G1,14,A4,10.535,4,100
42997,COORONG DISTRICT COUNCIL,MENVuR,N2,0.000165982,0.058098843,N2,40,B7,15.75,F2,13.5,7,100
43000,COORONG DISTRICT COUNCIL,LIVOEG,H3,6.40E-05,0.039705911,H3,65,B7,22.75,B6,7,4,100
43003,SOUTHERN MALLEE DC,NGAO-A,H3,4.81E-05,0.048523683,H3,80,G3,20,None,0,2,100
43007,COORONG DISTRICT COUNCIL,NGAOAF,H3,2.28E-05,0.027369753,H3,75,G3,20,D3,5,3,100
43009,SOUTHERN MALLEE DC,NGAOAF,H3,0.000371493,0.283553983,H3,75,G3,20,D3,5,3,100
43010,COORONG DISTRICT COUNCIL,MEDO-A,H3,2.06E-05,0.019110314,H3,100,None,0,None,0,1,100
43013,COORONG DISTRICT COUNCIL,LIVO-B,H3,1.23E-05,0.014976049,H3,100,None,0,None,0,1,100
43028,COORONG DISTRICT COUNCIL,LIVOEF,H3,7.07E-05,0.060113148,H3,65,B7,22.75,B6,7,4,100
43037,COORONG DISTRICT COUNCIL,MENMvm,B3,6.74E-05,0.051785781,B3,42.75,H2,33.25,M1,19,5,100
43043,COORONG DISTRICT COUNCIL,MEDOAJ,G3,0.001286788,0.250395132,G3,65,H3,35,None,0,2,100
43048,COORONG DISTRICT COUNCIL,LIVO-B,H3,6.39E-05,0.059824058,H3,100,None,0,None,0,1,100
43051,SOUTHERN MALLEE DC,NGAOAE,H3,3.66E-05,0.036950753,H3,75,G3,20,D3,5,3,100
43053,SOUTHERN MALLEE DC,NGAOAF,H3,0.000129613,0.131668841,H3,75,G3,20,D3,5,3,100
43065,SOUTHERN MALLEE DC,NGAHkA,D3,1.87E-05,0.024633951,D3,80,G3,20,None,0,2,100
43077,SOUTHERN MALLEE DC,MREQXB,G1,1.18E-05,0.013342617,G1,40,A4,30.1,B2,29.9,3,100
43078,SOUTHERN MALLEE DC,NGAGlA,G3,8.58E-06,0.011845228,G3,60,H3,25,D3,15,3,100
43080,SOUTHERN MALLEE DC,MREGlA,G3,1.32E-05,0.014731737,G3,60,H3,25,D3,15,3,100
43082,COORONG DISTRICT COUNCIL,GOHGmA,G3,8.51E-06,0.012338788,G3,85,G2,8.25,H3,6.75,3,100
43085,COORONG DISTRICT COUNCIL,BIRGrA,B7,8.21E-06,0.010453911,B7,35,B6,30,A6,20,4,100
43089,SOUTHERN MALLEE DC,NGAGlA,G3,9.53E-06,0.012036833,G3,60,H3,25,D3,15,3,100
43090,COORONG DISTRICT COUNCIL,NGAOAG,H3,6.78E-05,0.038826211,H3,75,G3,20,D3,5,3,100
43091,COORONG DISTRICT COUNCIL,LIVOEG,H3,8.02E-05,0.052193964,H3,65,B7,22.75,B6,7,4,100
43095,SOUTHERN MALLEE DC,NGAOAF,H3,2.78E-05,0.028622996,H3,75,G3,20,D3,5,3,100
43096,COORONG DISTRICT COUNCIL,COONKA,A4,5.78E-05,0.03331069,A4,53.5,A5,38.25,B2,8.25,3,100
43109,COORONG DISTRICT COUNCIL,NGAOAE,H3,0.000172791,0.115288382,H3,75,G3,20,D3,5,3,100
43111,COORONG DISTRICT COUNCIL,LIVOEF,H3,9.58E-05,0.070025081,H3,65,B7,22.75,B6,7,4,100
43117,SOUTHERN MALLEE DC,NGAO-A,H3,1.21E-05,0.012708946,H3,80,G3,20,None,0,2,100
43118,COORONG DISTRICT COUNCIL,BIRO-A,H3,0.000146878,0.09685347,H3,100,None,0,None,0,1,100
43119,SOUTHERN MALLEE DC,NGAGlA,G3,0.000513266,0.2098722,G3,60,H3,25,D3,15,3,100
43123,SOUTHERN MALLEE DC,QUIO-A,H3,1.36E-05,0.016782935,H3,100,None,0,None,0,1,100
43129,SOUTHERN MALLEE DC,NGAOAF,H3,4.04E-05,0.037879067,H3,75,G3,20,D3,5,3,100
43131,SOUTHERN MALLEE DC,LAWOCa,H3,4.18E-05,0.042273028,H3,65,G2,35,None,0,2,100
43133,COORONG DISTRICT COUNCIL,LIVO-A,H3,6.15E-05,0.059933454,H3,100,None,0,None,0,1,100
43137,COORONG DISTRICT COUNCIL,GLYZpO,N2,3.02E-05,0.038355564,N2,65,G4,30,B3,2.75,4,100
43141,COORONG DISTRICT COUNCIL,LIVOEF,H3,1.34E-05,0.01635744,H3,65,B7,22.75,B6,7,4,100
43142,SOUTHERN MALLEE DC,NGAOAF,H3,0.000814874,0.605845882,H3,75,G3,20,D3,5,3,100
43146,COORONG DISTRICT COUNCIL,LIVMJA,B6,0.000106052,0.058183636,B6,35.75,B7,35,B3,29.25,3,100
43147,COORONG DISTRICT COUNCIL,COONKA,A4,0.002930008,0.379315508,A4,53.5,A5,38.25,B2,8.25,3,100
43154,COORONG DISTRICT COUNCIL,LIVOEE,H3,0.000184005,0.125053539,H3,65,B7,22.75,B6,7,4,100
43162,SOUTHERN MALLEE DC,MREGkA,G3,9.33E-06,0.011192771,G3,80,D3,20,None,0,2,100
43171,SOUTHERN MALLEE DC,MREGkA,G3,3.39E-05,0.022969603,G3,80,D3,20,None,0,2,100
43194,COORONG DISTRICT COUNCIL,MREGkA,G3,4.89E-05,0.039055604,G3,80,D3,20,None,0,2,100
43195,COORONG DISTRICT COUNCIL,NGAO-A,H3,2.00E-05,0.017373233,H3,80,G3,20,None,0,2,100
43196,COORONG DISTRICT COUNCIL,GOHO-A,H3,3.64E-05,0.031868336,H3,75,G2,13.75,G3,11.25,3,100
43203,COORONG DISTRICT COUNCIL,LIVO-B,H3,4.35E-05,0.038742777,H3,100,None,0,None,0,1,100
43215,COORONG DISTRICT COUNCIL,MEDOAG,H3,0.000220229,0.108124045,H3,55,G3,45,None,0,2,100
43228,COORONG DISTRICT COUNCIL,MEDO-A,H3,8.51E-06,0.010829264,H3,100,None,0,None,0,1,100
43230,SOUTHERN MALLEE DC,MREGkA,G3,6.00E-05,0.032847096,G3,80,D3,20,None,0,2,100
43233,SOUTHERN MALLEE DC,QUIOAE,H3,3.33E-05,0.032440356,H3,65,G3,22.75,G4,7,4,100
43242,COORONG DISTRICT COUNCIL,LIVMJA,B6,4.79E-05,0.040084002,B6,35.75,B7,35,B3,29.25,3,100
43250,COORONG DISTRICT COUNCIL,NGAOAE,H3,0.000323876,0.169202712,H3,75,G3,20,D3,5,3,100
43255,COORONG DISTRICT COUNCIL,MENVuR,N2,9.49E-05,0.076224753,N2,40,B7,15.75,F2,13.5,7,100
43256,COORONG DISTRICT COUNCIL,MENVuR,N2,8.94E-05,0.071154819,N2,40,B7,15.75,F2,13.5,7,100
43257,COORONG DISTRICT COUNCIL,COOODG,H3,0.000188064,0.148261718,H3,45,A4,24.75,A5,19.25,4,100
43268,SOUTHERN MALLEE DC,NGAOAF,H3,1.38E-05,0.019192392,H3,75,G3,20,D3,5,3,100
43278,SOUTHERN MALLEE DC,MREGkA,G3,1.81E-05,0.01793503,G3,80,D3,20,None,0,2,100
43288,SOUTHERN MALLEE DC,MREGlA,G3,0.000128735,0.068899967,G3,60,H3,25,D3,15,3,100
43290,SOUTHERN MALLEE DC,NGAGlA,G3,0.000472547,0.160896275,G3,60,H3,25,D3,15,3,100
43292,SOUTHERN MALLEE DC,LAWHjA,F1,0.00076096,0.213555195,F1,41.25,G2,33.75,H3,25,3,100
43294,COORONG DISTRICT COUNCIL,LIVOEF,H3,0.000193236,0.111554423,H3,65,B7,22.75,B6,7,4,100
43295,COORONG DISTRICT COUNCIL,MEDNGA,G3,0.000159018,0.080098816,G3,100,None,0,None,0,1,100
43297,COORONG DISTRICT COUNCIL,MENMNn,H2,0.000537999,0.220132319,H2,38,B8,28.595,B3,28.405,4,100
43321,COORONG DISTRICT COUNCIL,MREGkA,G3,2.25E-05,0.024300089,G3,80,D3,20,None,0,2,100
43336,COORONG DISTRICT COUNCIL,NGAGkA,G3,6.45E-05,0.057031454,G3,80,D3,20,None,0,2,100
43351,COORONG DISTRICT COUNCIL,GLYZpO,N2,8.55E-06,0.011273832,N2,65,G4,30,B3,2.75,4,100
43361,SOUTHERN MALLEE DC,NGAOAE,H3,3.44E-05,0.03115294,H3,75,G3,20,D3,5,3,100
43363,SOUTHERN MALLEE DC,NGAOAF,H3,2.81E-05,0.032143844,H3,75,G3,20,D3,5,3,100
43365,COORONG DISTRICT COUNCIL,BIRMJC,B6,0.000194268,0.074757906,B6,65,B7,35,None,0,2,100
43374,COORONG DISTRICT COUNCIL,LIVMJYA,B6,0.000245295,0.104525489,B6,27.5,B7,25,H3,25,4,100
43378,COORONG DISTRICT COUNCIL,MENZoO,N2,0.000291394,0.132857258,N2,70,B3,9.75,B7,5.25,8,100
43380,SOUTHERN MALLEE DC,NGAO-A,H3,6.42E-05,0.062346695,H3,80,G3,20,None,0,2,100
43387,SOUTHERN MALLEE DC,NGAOAF,H3,0.000231638,0.160039578,H3,75,G3,20,D3,5,3,100
43389,COORONG DISTRICT COUNCIL,LIVO-A,H3,3.91E-05,0.042186584,H3,100,None,0,None,0,1,100
43392,COORONG DISTRICT COUNCIL,MEDNGA,G3,3.60E-05,0.027784,G3,100,None,0,None,0,1,100
43395,COORONG DISTRICT COUNCIL,GOHO-A,H3,0.000703108,0.248801362,H3,75,G2,13.75,G3,11.25,3,100
43402,COORONG DISTRICT COUNCIL,NGAGkA,G3,2.20E-05,0.021167109,G3,80,D3,20,None,0,2,100
43407,COORONG DISTRICT COUNCIL,GLYO-A,H3,3.39E-05,0.02281195,H3,100,None,0,None,0,1,100
43411,COORONG DISTRICT COUNCIL,MREO-A,H3,0.007128936,2.981187138,H3,80,G3,20,None,0,2,100
43421,COORONG DISTRICT COUNCIL,MEDO-B,H3,1.93E-05,0.027323859,H3,100,None,0,None,0,1,100
43425,COORONG DISTRICT COUNCIL,COONKF,A4,0.006154501,1.047841953,A4,49.75,A5,31.5,B2,8.25,5,100
43441,SOUTHERN MALLEE DC,NGAOAF,H3,2.78E-05,0.030919811,H3,75,G3,20,D3,5,3,100
43447,COORONG DISTRICT COUNCIL,MENMNC,H2,0.00013664,0.08633783,H2,40,B8,30.1,B3,29.9,3,100
43451,SOUTHERN MALLEE DC,MREOAE,H3,0.001134624,0.388157561,H3,75,G3,20,D3,5,3,100
43456,COORONG DISTRICT COUNCIL,COOODJ,H3,0.000391803,0.128362866,H3,40,A4,20.25,A5,15.75,5,100
43460,COORONG DISTRICT COUNCIL,NGAGkA,G3,2.00E-05,0.016698669,G3,80,D3,20,None,0,2,100
43473,COORONG DISTRICT COUNCIL,LIVO-A,H3,0.00013256,0.099194996,H3,100,None,0,None,0,1,100
43477,COORONG DISTRICT COUNCIL,NGAOAE,H3,5.09E-05,0.046117201,H3,75,G3,20,D3,5,3,100
43479,SOUTHERN MALLEE DC,NGAOAF,H3,1.86E-05,0.02279542,H3,75,G3,20,D3,5,3,100
43487,COORONG DISTRICT COUNCIL,MEDNGA,G3,1.44E-05,0.014001846,G3,100,None,0,None,0,1,100
43496,COORONG DISTRICT COUNCIL,GOHGmA,G3,4.90E-06,0.008126653,G3,85,G2,8.25,H3,6.75,3,100
43499,COORONG DISTRICT COUNCIL,LIVMJA,B6,9.14E-06,0.011729193,B6,35.75,B7,35,B3,29.25,3,100
43500,COORONG DISTRICT COUNCIL,MREO-A,H3,9.74E-05,0.053198668,H3,80,G3,20,None,0,2,100
43510,SOUTHERN MALLEE DC,NGAOAE,H3,7.12E-05,0.04401225,H3,75,G3,20,D3,5,3,100
43511,COORONG DISTRICT COUNCIL,NGAGlA,G3,0.000972873,0.43626742,G3,60,H3,25,D3,15,3,100
43513,COORONG DISTRICT COUNCIL,LIVMJYA,B6,0.002826501,0.726472758,B6,27.5,B7,25,H3,25,4,100
43515,COORONG DISTRICT COUNCIL,MREGkA,G3,9.33E-06,0.01261237,G3,80,D3,20,None,0,2,100
43519,COORONG DISTRICT COUNCIL,LIVOEG,H3,2.30E-05,0.024566457,H3,65,B7,22.75,B6,7,4,100
43522,COORONG DISTRICT COUNCIL,LIVO-B,H3,2.32E-05,0.019059759,H3,100,None,0,None,0,1,100
43523,SOUTHERN MALLEE DC,NGAOCb,H3,2.76E-05,0.020937907,H3,75,G3,13.75,F1,11.25,3,100
43524,SOUTHERN MALLEE DC,QUIO-A,H3,5.38E-06,0.00899411,H3,100,None,0,None,0,1,100
43525,COORONG DISTRICT COUNCIL,MENVuR,N2,8.67E-05,0.065402966,N2,40,B7,15.75,F2,13.5,7,100
43526,COORONG DISTRICT COUNCIL,MREGkA,G3,4.71E-05,0.043164115,G3,80,D3,20,None,0,2,100
43530,COORONG DISTRICT COUNCIL,LIVO-B,H3,1.11E-05,0.012128369,H3,100,None,0,None,0,1,100
43534,SOUTHERN MALLEE DC,NGAOAF,H3,1.81E-05,0.024001314,H3,75,G3,20,D3,5,3,100
43537,SOUTHERN MALLEE DC,NGAGkA,G3,6.33E-05,0.043342029,G3,80,D3,20,None,0,2,100
43538,COORONG DISTRICT COUNCIL,NGAO-A,H3,3.06E-05,0.029084811,H3,80,G3,20,None,0,2,100
43539,COORONG DISTRICT COUNCIL,LIVO-B,H3,1.16E-05,0.015947928,H3,100,None,0,None,0,1,100
43549,COORONG DISTRICT COUNCIL,COONKF,A4,0.000212686,0.111495178,A4,49.75,A5,31.5,B2,8.25,5,100
43550,COORONG DISTRICT COUNCIL,GOHGmA,G3,6.69E-06,0.009834551,G3,85,G2,8.25,H3,6.75,3,100
43554,SOUTHERN MALLEE DC,MREGlA,G3,0.000110728,0.058991949,G3,60,H3,25,D3,15,3,100
43563,SOUTHERN MALLEE DC,NGAOAF,H3,1.91E-05,0.022263618,H3,75,G3,20,D3,5,3,100
43580,COORONG DISTRICT COUNCIL,LIVOEF,H3,0.000481895,0.222969673,H3,65,B7,22.75,B6,7,4,100
43583,COORONG DISTRICT COUNCIL,LIVOEE,H3,0.000129438,0.070611459,H3,65,B7,22.75,B6,7,4,100
43588,COORONG DISTRICT COUNCIL,MENVuR,N2,1.74E-05,0.022278576,N2,40,B7,15.75,F2,13.5,7,100
43589,COORONG DISTRICT COUNCIL,MENMNC,H2,0.000240539,0.121361991,H2,40,B8,30.1,B3,29.9,3,100
43593,SOUTHERN MALLEE DC,NGAOAE,H3,0.000247191,0.198288436,H3,75,G3,20,D3,5,3,100
43598,COORONG DISTRICT COUNCIL,NGAMHB,B6,6.83E-05,0.046505943,B6,30.25,B8,24.75,G2,18,5,100
43601,COORONG DISTRICT COUNCIL,LIVOEF,H3,0.00016764,0.100142521,H3,65,B7,22.75,B6,7,4,100
43616,COORONG DISTRICT COUNCIL,COGWFF,H1,8.16E-06,0.012995211,H1,55,N2,45,None,0,2,100
43617,COORONG DISTRICT COUNCIL,MENZoO,N2,3.83E-05,0.031354404,N2,70,B3,9.75,B7,5.25,8,100
43622,SOUTHERN MALLEE DC,MREGlA,G3,1.62E-05,0.018239425,G3,60,H3,25,D3,15,3,100
43626,SOUTHERN MALLEE DC,NGAGlA,G3,1.69E-05,0.01599404,G3,60,H3,25,D3,15,3,100
43629,COORONG DISTRICT COUNCIL,MENVuR,N2,3.91E-05,0.035240813,N2,40,B7,15.75,F2,13.5,7,100
43638,COORONG DISTRICT COUNCIL,MEDOAF,H3,3.14E-05,0.031298129,H3,75,G3,25,None,0,2,100
43643,COORONG DISTRICT COUNCIL,NGAO-A,H3,3.78E-05,0.033542528,H3,80,G3,20,None,0,2,100
43645,COORONG DISTRICT COUNCIL,LIVOEJ,H3,0.000186374,0.080005736,H3,45,B7,35.75,B6,11,4,100
43659,COORONG DISTRICT COUNCIL,MREGkA,G3,3.88E-05,0.039248914,G3,80,D3,20,None,0,2,100
43661,COORONG DISTRICT COUNCIL,GLYMHB,B3,0.000121478,0.059680574,B3,30.25,B7,24.75,H3,24.75,4,100
43662,SOUTHERN MALLEE DC,QUIHlA,D3,8.49E-06,0.017208268,D3,48.75,H3,25,G4,15,4,100
43663,COORONG DISTRICT COUNCIL,MEDNGA,G3,0.000127121,0.058399193,G3,100,None,0,None,0,1,100
43665,SOUTHERN MALLEE DC,NGAO-A,H3,5.10E-06,0.00874538,H3,80,G3,20,None,0,2,100
43666,COORONG DISTRICT COUNCIL,LIVMJYA,B6,4.10E-05,0.031438652,B6,27.5,B7,25,H3,25,4,100
43670,SOUTHERN MALLEE DC,QUIHkA,D3,9.06E-06,0.013295839,D3,65,G4,20,G3,15,3,100
43673,COORONG DISTRICT COUNCIL,MEDO-B,H3,1.42E-05,0.021808908,H3,100,None,0,None,0,1,100
43680,SOUTHERN MALLEE DC,NGAOAF,H3,2.09E-05,0.027978124,H3,75,G3,20,D3,5,3,100
43683,COORONG DISTRICT COUNCIL,NGAO-A,H3,1.20E-05,0.017546717,H3,80,G3,20,None,0,2,100
43685,COORONG DISTRICT COUNCIL,NGAGkA,G3,5.05E-05,0.03300912,G3,80,D3,20,None,0,2,100
43688,SOUTHERN MALLEE DC,NGAGkA,G3,8.36E-06,0.010717912,G3,80,D3,20,None,0,2,100
43699,SOUTHERN MALLEE DC,NGAGlA,G3,2.11E-05,0.019342237,G3,60,H3,25,D3,15,3,100
43704,COORONG DISTRICT COUNCIL,NGAOAJ,H3,5.79E-05,0.040118983,H3,45,G3,44,D3,11,3,100
43716,SOUTHERN MALLEE DC,NGAOAF,H3,7.06E-05,0.067839654,H3,75,G3,20,D3,5,3,100
43735,SOUTHERN MALLEE DC,NGAOAI,H3,0.009274285,2.707989157,H3,45,G3,44,D3,11,3,100
43737,SOUTHERN MALLEE DC,NGAGlA,G3,2.29E-05,0.019144313,G3,60,H3,25,D3,15,3,100
43740,COORONG DISTRICT COUNCIL,MENZoO,N2,0.000115072,0.08597164,N2,70,B3,9.75,B7,5.25,8,100
43749,COORONG DISTRICT COUNCIL,NGAO-A,H3,4.70E-05,0.03284603,H3,80,G3,20,None,0,2,100
43752,COORONG DISTRICT COUNCIL,LIVOEF,H3,5.68E-05,0.03719045,H3,65,B7,22.75,B6,7,4,100
43755,SOUTHERN MALLEE DC,NGAOAF,H3,1.61E-05,0.024384913,H3,75,G3,20,D3,5,3,100
43758,COORONG DISTRICT COUNCIL,BIROEb,H3,5.77E-05,0.030750713,H3,65,G2,19.25,B7,15.75,3,100
43760,SOUTHERN MALLEE DC,MREGkA,G3,0.000181798,0.095276734,G3,80,D3,20,None,0,2,100
43776,COORONG DISTRICT COUNCIL,MENNgv,N2,2.07E-05,0.02134222,N2,28,B7,23,B3,22.04,6,100
43779,SOUTHERN MALLEE DC,NGAGlA,G3,0.00032152,0.127160903,G3,60,H3,25,D3,15,3,100
43787,SOUTHERN MALLEE DC,NGAOAF,H3,1.51E-05,0.018114214,H3,75,G3,20,D3,5,3,100
43792,SOUTHERN MALLEE DC,NGAOAF,H3,2.59E-05,0.037921789,H3,75,G3,20,D3,5,3,100
43810,SOUTHERN MALLEE DC,MREGlA,G3,0.000102019,0.04535851,G3,60,H3,25,D3,15,3,100
43820,COORONG DISTRICT COUNCIL,NGAOAJ,H3,0.000153466,0.080554885,H3,45,G3,44,D3,11,3,100
43827,COORONG DISTRICT COUNCIL,MENMNn,H2,3.73E-05,0.028216648,H2,38,B8,28.595,B3,28.405,4,100
43837,COORONG DISTRICT COUNCIL,NGAOAG,H3,0.00063428,0.250993801,H3,75,G3,20,D3,5,3,100
43842,SOUTHERN MALLEE DC,MREO-A,H3,0.000189169,0.129904856,H3,80,G3,20,None,0,2,100
43847,COORONG DISTRICT COUNCIL,NGAO-A,H3,0.000108503,0.08847145,H3,80,G3,20,None,0,2,100
43850,COORONG DISTRICT COUNCIL,LIVOEG,H3,8.86E-05,0.071189862,H3,65,B7,22.75,B6,7,4,100
43860,COORONG DISTRICT COUNCIL,LIVOEF,H3,2.64E-05,0.024752713,H3,65,B7,22.75,B6,7,4,100
43865,COORONG DISTRICT COUNCIL,LIVO-B,H3,1.39E-05,0.016475132,H3,100,None,0,None,0,1,100
43866,COORONG DISTRICT COUNCIL,MEDOAF,H3,5.39E-05,0.038739759,H3,75,G3,25,None,0,2,100
43867,SOUTHERN MALLEE DC,LAWOCc,H3,4.87E-05,0.031796589,H3,65,G2,35,None,0,2,100
43871,SOUTHERN MALLEE DC,MREO-A,H3,3.36E-05,0.033837936,H3,80,G3,20,None,0,2,100
43886,SOUTHERN MALLEE DC,MAJQXB,B2,0.000662714,0.210529876,B2,38.5,G1,31.5,H3,8.25,7,100
43893,SOUTHERN MALLEE DC,MREGkA,G3,5.42E-05,0.046117583,G3,80,D3,20,None,0,2,100
43899,SOUTHERN MALLEE DC,NGAGlA,G3,3.86E-05,0.035992146,G3,60,H3,25,D3,15,3,100
43900,COORONG DISTRICT COUNCIL,BIROEb,H3,0.0002031,0.156339542,H3,65,G2,19.25,B7,15.75,3,100
43913,SOUTHERN MALLEE DC,QUIGlA,G3,0.000167067,0.130418636,G3,48.75,H3,25,G4,15,4,100
43919,COORONG DISTRICT COUNCIL,MEDO-A,H3,7.83E-05,0.057286933,H3,100,None,0,None,0,1,100
43923,COORONG DISTRICT COUNCIL,NGAO-A,H3,7.76E-05,0.069462074,H3,80,G3,20,None,0,2,100
43926,COORONG DISTRICT COUNCIL,NGAGkA,G3,0.000118629,0.061924203,G3,80,D3,20,None,0,2,100
43934,SOUTHERN MALLEE DC,NGAOAF,H3,0.000180396,0.146591122,H3,75,G3,20,D3,5,3,100
43939,SOUTHERN MALLEE DC,MREGkA,G3,3.69E-05,0.027414509,G3,80,D3,20,None,0,2,100
43941,COORONG DISTRICT COUNCIL,GOHGmA,G3,3.11E-06,0.007280407,G3,85,G2,8.25,H3,6.75,3,100
43947,SOUTHERN MALLEE DC,MREGlA,G3,2.96E-05,0.025106733,G3,60,H3,25,D3,15,3,100
43949,SOUTHERN MALLEE DC,NGAGlA,G3,1.29E-05,0.015078703,G3,60,H3,25,D3,15,3,100
43952,SOUTHERN MALLEE DC,MREGkA,G3,3.70E-05,0.022415027,G3,80,D3,20,None,0,2,100
43954,COORONG DISTRICT COUNCIL,MENMNn,H2,8.80E-05,0.065190829,H2,38,B8,28.595,B3,28.405,4,100
43955,SOUTHERN MALLEE DC,MREO-A,H3,1.79E-05,0.020979175,H3,80,G3,20,None,0,2,100
43959,SOUTHERN MALLEE DC,MREO-A,H3,6.55E-05,0.070845997,H3,80,G3,20,None,0,2,100
43964,COORONG DISTRICT COUNCIL,GOHGmA,G3,5.78E-06,0.010457775,G3,85,G2,8.25,H3,6.75,3,100
43967,SOUTHERN MALLEE DC,NGAGlA,G3,1.64E-05,0.018350556,G3,60,H3,25,D3,15,3,100
43979,SOUTHERN MALLEE DC,NGAOAF,H3,6.70E-06,0.009898902,H3,75,G3,20,D3,5,3,100
43990,COORONG DISTRICT COUNCIL,LIVO-A,H3,2.62E-05,0.027793307,H3,100,None,0,None,0,1,100
44003,COORONG DISTRICT COUNCIL,NGAGlA,G3,1.11E-05,0.012417745,G3,60,H3,25,D3,15,3,100
44005,COORONG DISTRICT COUNCIL,MENNgv,N2,2.44E-05,0.024545989,N2,28,B7,23,B3,22.04,6,100
44008,SOUTHERN MALLEE DC,NGAOAF,H3,0.000131212,0.094570508,H3,75,G3,20,D3,5,3,100
44020,SOUTHERN MALLEE DC,QUIOAE,H3,7.94E-05,0.05500214,H3,65,G3,22.75,G4,7,4,100
44021,COORONG DISTRICT COUNCIL,MREGlA,G3,2.26E-05,0.02238091,G3,60,H3,25,D3,15,3,100
44025,SOUTHERN MALLEE DC,MREGlA,G3,4.07E-05,0.031333704,G3,60,H3,25,D3,15,3,100
44027,SOUTHERN MALLEE DC,NGAGlA,G3,1.79E-05,0.016419949,G3,60,H3,25,D3,15,3,100
44029,COORONG DISTRICT COUNCIL,MEDOAE,H3,8.52E-05,0.059451123,H3,85,G3,15,None,0,2,100
44043,COORONG DISTRICT COUNCIL,LIVO-A,H3,0.000204844,0.165595727,H3,100,None,0,None,0,1,100
44051,COORONG DISTRICT COUNCIL,GLYZoO,N2,3.34E-05,0.024412138,N2,60,H3,30,G4,10,3,100
44060,SOUTHERN MALLEE DC,NGAOAF,H3,1.98E-05,0.020775625,H3,75,G3,20,D3,5,3,100
44062,COORONG DISTRICT COUNCIL,LIVO-A,H3,1.83E-05,0.022288968,H3,100,None,0,None,0,1,100
44063,SOUTHERN MALLEE DC,NGAOAF,H3,3.11E-05,0.033259378,H3,75,G3,20,D3,5,3,100
44064,COORONG DISTRICT COUNCIL,MENVtM,E1,5.15E-05,0.03927562,E1,85,N2,15,None,0,2,100
44066,SOUTHERN MALLEE DC,MREO-A,H3,5.24E-05,0.040870684,H3,80,G3,20,None,0,2,100
44067,SOUTHERN MALLEE DC,NGAOAF,H3,1.91E-05,0.02194001,H3,75,G3,20,D3,5,3,100
44069,SOUTHERN MALLEE DC,QUIHlA,D3,8.14E-05,0.067604503,D3,48.75,H3,25,G4,15,4,100
44071,COORONG DISTRICT COUNCIL,MREGkA,G3,2.69E-05,0.031559951,G3,80,D3,20,None,0,2,100
44093,COORONG DISTRICT COUNCIL,GOHOAE,H3,0.000453646,0.229472488,H3,52,G2,32.25,G3,15.75,3,100
44094,SOUTHERN MALLEE DC,NGAOAG,H3,0.000302445,0.214449594,H3,75,G3,20,D3,5,3,100
44102,SOUTHERN MALLEE DC,NGAOAF,H3,0.000105693,0.073688118,H3,75,G3,20,D3,5,3,100
44113,COORONG DISTRICT COUNCIL,NGAO-A,H3,5.21E-05,0.045337535,H3,80,G3,20,None,0,2,100
44114,COORONG DISTRICT COUNCIL,COONKD,A4,0.002099999,0.419153574,A4,45.25,A5,31.5,H3,15,4,100
44124,COORONG DISTRICT COUNCIL,LIVMJA,B6,1.64E-05,0.016589533,B6,35.75,B7,35,B3,29.25,3,100
44130,COORONG DISTRICT COUNCIL,COOODG,H3,1.68E-05,0.020442048,H3,45,A4,24.75,A5,19.25,4,100
44131,SOUTHERN MALLEE DC,MREGlA,G3,1.40E-05,0.014473708,G3,60,H3,25,D3,15,3,100
44134,COORONG DISTRICT COUNCIL,NGAGkA,G3,1.06E-05,0.012676426,G3,80,D3,20,None,0,2,100
44135,COORONG DISTRICT COUNCIL,LIVOEF,H3,0.000121703,0.066536244,H3,65,B7,22.75,B6,7,4,100
44140,COORONG DISTRICT COUNCIL,NGAOAF,H3,0.004407936,0.899444367,H3,75,G3,20,D3,5,3,100
44142,SOUTHERN MALLEE DC,NGAO-A,H3,3.22E-05,0.030740823,H3,80,G3,20,None,0,2,100
44147,COORONG DISTRICT COUNCIL,MENMNn,H2,0.000129974,0.065455133,H2,38,B8,28.595,B3,28.405,4,100
44153,COORONG DISTRICT COUNCIL,MENMvm,B3,0.000266564,0.13451193,B3,42.75,H2,33.25,M1,19,5,100
44154,COORONG DISTRICT COUNCIL,LIVOEF,H3,0.000428149,0.145413149,H3,65,B7,22.75,B6,7,4,100
44159,COORONG DISTRICT COUNCIL,LIVO-B,H3,2.71E-05,0.03673549,H3,100,None,0,None,0,1,100
44170,SOUTHERN MALLEE DC,MREGkA,G3,7.08E-05,0.044614723,G3,80,D3,20,None,0,2,100
44171,SOUTHERN MALLEE DC,NGAGkA,G3,6.33E-06,0.010219726,G3,80,D3,20,None,0,2,100
44173,COORONG DISTRICT COUNCIL,NGAOAJ,H3,0.007271246,1.540933237,H3,45,G3,44,D3,11,3,100
44177,COORONG DISTRICT COUNCIL,MENMNC,H2,0.000183639,0.087003287,H2,40,B8,30.1,B3,29.9,3,100
44179,SOUTHERN MALLEE DC,LAWOCb,H3,0.000116076,0.070931987,H3,65,G2,35,None,0,2,100
44180,SOUTHERN MALLEE DC,MREGkA,G3,6.59E-06,0.009729583,G3,80,D3,20,None,0,2,100
44188,COORONG DISTRICT COUNCIL,MENZoO,N2,3.68E-05,0.027668832,N2,70,B3,9.75,B7,5.25,8,100
44200,SOUTHERN MALLEE DC,MREOAE,H3,4.60E-05,0.041022053,H3,75,G3,20,D3,5,3,100
44201,SOUTHERN MALLEE DC,MREGkA,G3,4.97E-05,0.035843817,G3,80,D3,20,None,0,2,100
44218,COORONG DISTRICT COUNCIL,BIRMJD,B6,0.000142044,0.082161761,B6,65,B7,35,None,0,2,100
44221,COORONG DISTRICT COUNCIL,MREGkA,G3,1.20E-05,0.013574695,G3,80,D3,20,None,0,2,100
44228,COORONG DISTRICT COUNCIL,LIVMJA,B6,7.79E-05,0.037894661,B6,35.75,B7,35,B3,29.25,3,100
44229,SOUTHERN MALLEE DC,NGAOAF,H3,1.24E-05,0.013405772,H3,75,G3,20,D3,5,3,100
44235,COORONG DISTRICT COUNCIL,LIVMJA,B6,3.12E-05,0.024077372,B6,35.75,B7,35,B3,29.25,3,100
44236,COORONG DISTRICT COUNCIL,MENZoO,N2,2.47E-05,0.027936492,N2,70,B3,9.75,B7,5.25,8,100
44245,COORONG DISTRICT COUNCIL,LIVOEJ,H3,0.000169234,0.07103783,H3,45,B7,35.75,B6,11,4,100
44246,SOUTHERN MALLEE DC,MREGlA,G3,2.59E-05,0.021113599,G3,60,H3,25,D3,15,3,100
44247,COORONG DISTRICT COUNCIL,MENVuR,N2,7.30E-05,0.048310215,N2,40,B7,15.75,F2,13.5,7,100
44248,COORONG DISTRICT COUNCIL,LIVMJA,B6,6.40E-06,0.009914628,B6,35.75,B7,35,B3,29.25,3,100
44252,COORONG DISTRICT COUNCIL,BIRMJD,B6,0.00011172,0.066427857,B6,65,B7,35,None,0,2,100
44269,COORONG DISTRICT COUNCIL,MREGkA,G3,3.24E-05,0.031356048,G3,80,D3,20,None,0,2,100
44271,COORONG DISTRICT COUNCIL,GLYO-A,H3,0.000156761,0.073330387,H3,100,None,0,None,0,1,100
44273,COORONG DISTRICT COUNCIL,BONOAJ,G3,0.000476782,0.118533919,G3,45,H3,40,B3,12,4,100
44279,SOUTHERN MALLEE DC,NGAMHB,B6,1.45E-05,0.014677043,B6,30.25,B8,24.75,G2,18,5,100
44286,COORONG DISTRICT COUNCIL,LIVOEE,H3,0.000120172,0.059128353,H3,65,B7,22.75,B6,7,4,100
44315,COORONG DISTRICT COUNCIL,COOODJ,H3,6.74E-05,0.036680518,H3,40,A4,20.25,A5,15.75,5,100
44317,COORONG DISTRICT COUNCIL,MREOAF,H3,5.74E-05,0.036205864,H3,75,G3,20,D3,5,3,100
44321,COORONG DISTRICT COUNCIL,BONNGD,G3,0.000379284,0.114155616,G3,75,H3,20,B3,4,4,100
44324,COORONG DISTRICT COUNCIL,MREGkA,G3,0.000158932,0.063793672,G3,80,D3,20,None,0,2,100
44327,COORONG DISTRICT COUNCIL,COGWFF,H1,9.35E-05,0.060691101,H1,55,N2,45,None,0,2,100
44333,COORONG DISTRICT COUNCIL,MENMNn,H2,0.000528733,0.188911711,H2,38,B8,28.595,B3,28.405,4,100
44334,COORONG DISTRICT COUNCIL,MEDOAE,H3,0.000161288,0.10090336,H3,85,G3,15,None,0,2,100
44336,COORONG DISTRICT COUNCIL,COOODG,H3,3.21E-05,0.033477659,H3,45,A4,24.75,A5,19.25,4,100
44351,COORONG DISTRICT COUNCIL,MENZC-,N2,6.94E-05,0.045315195,N2,100,None,0,None,0,1,100
44352,SOUTHERN MALLEE DC,NGAOAF,H3,8.72E-06,0.010825833,H3,75,G3,20,D3,5,3,100
44357,COORONG DISTRICT COUNCIL,NGAOAF,H3,2.32E-05,0.021112756,H3,75,G3,20,D3,5,3,100
44372,SOUTHERN MALLEE DC,NGAOAE,H3,2.54E-05,0.028178093,H3,75,G3,20,D3,5,3,100
44381,SOUTHERN MALLEE DC,NGAOAJ,H3,1.13E-05,0.012399337,H3,45,G3,44,D3,11,3,100
44384,COORONG DISTRICT COUNCIL,MREGkA,G3,5.69E-05,0.039271499,G3,80,D3,20,None,0,2,100
44392,COORONG DISTRICT COUNCIL,MREGkA,G3,1.16E-05,0.012488726,G3,80,D3,20,None,0,2,100
44401,SOUTHERN MALLEE DC,NGAOAE,H3,3.67E-05,0.032524825,H3,75,G3,20,D3,5,3,100
44403,SOUTHERN MALLEE DC,MREGkA,G3,3.48E-05,0.024465962,G3,80,D3,20,None,0,2,100
44405,COORONG DISTRICT COUNCIL,MREGkA,G3,2.50E-05,0.018512776,G3,80,D3,20,None,0,2,100
44406,SOUTHERN MALLEE DC,NGAOAE,H3,5.98E-05,0.059886793,H3,75,G3,20,D3,5,3,100
44423,SOUTHERN MALLEE DC,NGAOAE,H3,0.000291229,0.157812175,H3,75,G3,20,D3,5,3,100
44430,COORONG DISTRICT COUNCIL,GLYMHo,B3,8.54E-05,0.058904332,B3,30.25,B7,24.75,H3,22,6,100
44431,COORONG DISTRICT COUNCIL,MENVuR,N2,0.000180098,0.10248493,N2,40,B7,15.75,F2,13.5,7,100
44435,COORONG DISTRICT COUNCIL,LIVMJA,B6,4.79E-05,0.026267441,B6,35.75,B7,35,B3,29.25,3,100
44446,COORONG DISTRICT COUNCIL,NGAOAG,H3,0.000102972,0.046751052,H3,75,G3,20,D3,5,3,100
44459,COORONG DISTRICT COUNCIL,LIVOEJ,H3,0.001092075,0.32467605,H3,45,B7,35.75,B6,11,4,100
44476,SOUTHERN MALLEE DC,NGAOAF,H3,0.000635268,0.432364565,H3,75,G3,20,D3,5,3,100
44486,SOUTHERN MALLEE DC,MAJORH,H3,0.000132668,0.086086301,H3,24.75,G2,20.25,C3,19.25,6,100
44489,COORONG DISTRICT COUNCIL,GLYMHo,B3,0.000227442,0.095411252,B3,30.25,B7,24.75,H3,22,6,100
44490,COORONG DISTRICT COUNCIL,ALEMvm,B7,1.13E-05,0.013628513,B7,40,B2,30.1,H2,29.9,3,100
44498,COORONG DISTRICT COUNCIL,LIVO-B,H3,2.37E-05,0.026116658,H3,100,None,0,None,0,1,100
44530,COORONG DISTRICT COUNCIL,BIRGrA,B7,1.10E-05,0.014657429,B7,35,B6,30,A6,20,4,100
44537,COORONG DISTRICT COUNCIL,GLYMHC,B3,0.000388382,0.135417003,B3,30.25,B7,24.75,H3,24.75,4,100
44553,SOUTHERN MALLEE DC,MAJORH,H3,3.27E-05,0.032582331,H3,24.75,G2,20.25,C3,19.25,6,100
44554,COORONG DISTRICT COUNCIL,MEDO-B,H3,1.58E-05,0.022199837,H3,100,None,0,None,0,1,100
44557,SOUTHERN MALLEE DC,NGAOAF,H3,2.15E-05,0.026084641,H3,75,G3,20,D3,5,3,100
44558,SOUTHERN MALLEE DC,NGAO-A,H3,6.96E-05,0.05361692,H3,80,G3,20,None,0,2,100
44559,COORONG DISTRICT COUNCIL,LIVO-B,H3,2.77E-05,0.030233001,H3,100,None,0,None,0,1,100
44576,COORONG DISTRICT COUNCIL,GLYO-A,H3,7.78E-05,0.068701318,H3,100,None,0,None,0,1,100
44583,SOUTHERN MALLEE DC,NGAOAE,H3,8.65E-05,0.071769595,H3,75,G3,20,D3,5,3,100
44584,SOUTHERN MALLEE DC,MAJQXB,B2,0.000452926,0.183685924,B2,38.5,G1,31.5,H3,8.25,7,100
44587,COORONG DISTRICT COUNCIL,NGAGlA,G3,0.000330604,0.149981039,G3,60,H3,25,D3,15,3,100
44588,COORONG DISTRICT COUNCIL,NGAOAE,H3,0.000532493,0.27956285,H3,75,G3,20,D3,5,3,100
44600,SOUTHERN MALLEE DC,NGAMHB,B6,1.35E-05,0.017928162,B6,30.25,B8,24.75,G2,18,5,100
44603,SOUTHERN MALLEE DC,NGAOAE,H3,3.08E-05,0.036133917,H3,75,G3,20,D3,5,3,100
44610,SOUTHERN MALLEE DC,LAWHiB,F1,6.43E-05,0.045989203,F1,55,G2,45,None,0,2,100
44635,COORONG DISTRICT COUNCIL,MREGkA,G3,1.63E-05,0.016011135,G3,80,D3,20,None,0,2,100
44650,COORONG DISTRICT COUNCIL,MEDNGp,G3,3.73E-05,0.032682123,G3,75,H3,20,B7,5,3,100
44653,SOUTHERN MALLEE DC,NGAHiB,F1,9.15E-05,0.043581667,F1,55,G3,45,None,0,2,100
44666,SOUTHERN MALLEE DC,NGAOAE,H3,0.000189366,0.15744537,H3,75,G3,20,D3,5,3,100
44672,COORONG DISTRICT COUNCIL,MREO-A,H3,0.00013101,0.072100331,H3,80,G3,20,None,0,2,100
44674,COORONG DISTRICT COUNCIL,LIVO-A,H3,1.40E-05,0.017627437,H3,100,None,0,None,0,1,100
44687,COORONG DISTRICT COUNCIL,BONOAJ,G3,0.000448214,0.144023408,G3,45,H3,40,B3,12,4,100
44689,SOUTHERN MALLEE DC,NGAO-A,H3,0.000100371,0.079133158,H3,80,G3,20,None,0,2,100
44699,COORONG DISTRICT COUNCIL,MEDNGD,G3,0.003094987,0.59828529,G3,75,H3,25,None,0,2,100
44700,COORONG DISTRICT COUNCIL,MREGkA,G3,5.00E-05,0.039656283,G3,80,D3,20,None,0,2,100
44701,COORONG DISTRICT COUNCIL,BONOAF,H3,8.25E-05,0.053605368,H3,65,G3,30,B3,4,4,100
44707,COORONG DISTRICT COUNCIL,MENVuR,N2,1.62E-05,0.021549263,N2,40,B7,15.75,F2,13.5,7,100
44708,COORONG DISTRICT COUNCIL,MREGkA,G3,5.40E-05,0.037740192,G3,80,D3,20,None,0,2,100
44719,COORONG DISTRICT COUNCIL,MREGlA,G3,0.000105248,0.064918446,G3,60,H3,25,D3,15,3,100
44730,COORONG DISTRICT COUNCIL,COONKF,A4,0.000181932,0.080015213,A4,49.75,A5,31.5,B2,8.25,5,100
44733,SOUTHERN MALLEE DC,NGAOAF,H3,5.79E-05,0.069634438,H3,75,G3,20,D3,5,3,100
44734,COORONG DISTRICT COUNCIL,MEDOAG,H3,4.82E-05,0.048492489,H3,55,G3,45,None,0,2,100
44758,SOUTHERN MALLEE DC,NGAOAE,H3,6.72E-05,0.060861577,H3,75,G3,20,D3,5,3,100
44766,SOUTHERN MALLEE DC,NGAOAE,H3,1.02E-05,0.015059844,H3,75,G3,20,D3,5,3,100
44783,COORONG DISTRICT COUNCIL,BIRO-A,H3,5.68E-05,0.037229861,H3,100,None,0,None,0,1,100
44808,COORONG DISTRICT COUNCIL,GLYMHC,B3,0.000222343,0.111044287,B3,30.25,B7,24.75,H3,24.75,4,100
44818,SOUTHERN MALLEE DC,NGAOAF,H3,0.000497669,0.336569722,H3,75,G3,20,D3,5,3,100
44820,COORONG DISTRICT COUNCIL,MEDNGD,G3,0.0002987,0.162352581,G3,75,H3,25,None,0,2,100
44826,SOUTHERN MALLEE DC,NGAOAF,H3,0.00015975,0.120659455,H3,75,G3,20,D3,5,3,100
44827,SOUTHERN MALLEE DC,NGAOAE,H3,4.10E-05,0.035462673,H3,75,G3,20,D3,5,3,100
44829,COORONG DISTRICT COUNCIL,MREOAI,H3,0.000163995,0.067833133,H3,45,G3,44,D3,11,3,100
44831,COORONG DISTRICT COUNCIL,MREGlA,G3,7.90E-05,0.065553162,G3,60,H3,25,D3,15,3,100
44832,SOUTHERN MALLEE DC,NGAOAE,H3,0.000216148,0.164274369,H3,75,G3,20,D3,5,3,100
44835,COORONG DISTRICT COUNCIL,MENNgr,B3,0.000336309,0.134536028,B3,31.565,B7,27,M1,19.435,6,100
44855,COORONG DISTRICT COUNCIL,MEDOAF,H3,2.24E-05,0.029443694,H3,75,G3,25,None,0,2,100
44874,COORONG DISTRICT COUNCIL,GOHGmA,G3,1.15E-05,0.015116825,G3,85,G2,8.25,H3,6.75,3,100
44877,SOUTHERN MALLEE DC,NGAOAF,H3,1.90E-05,0.021997515,H3,75,G3,20,D3,5,3,100
44885,COORONG DISTRICT COUNCIL,MREOAF,H3,0.000333253,0.156725886,H3,75,G3,20,D3,5,3,100
44906,COORONG DISTRICT COUNCIL,MREGkA,G3,1.11E-05,0.015046558,G3,80,D3,20,None,0,2,100
44907,SOUTHERN MALLEE DC,NGAGkA,G3,5.31E-05,0.028546071,G3,80,D3,20,None,0,2,100
44908,SOUTHERN MALLEE DC,NGAOAE,H3,3.81E-06,0.007551552,H3,75,G3,20,D3,5,3,100
44916,COORONG DISTRICT COUNCIL,MEDOAF,H3,1.77E-05,0.022523779,H3,75,G3,25,None,0,2,100
44917,COORONG DISTRICT COUNCIL,MREGkA,G3,5.32E-05,0.032820086,G3,80,D3,20,None,0,2,100
44927,COORONG DISTRICT COUNCIL,MENZC-,N2,0.000333556,0.139343709,N2,100,None,0,None,0,1,100
44930,SOUTHERN MALLEE DC,NGAOAF,H3,4.28E-05,0.04320466,H3,75,G3,20,D3,5,3,100
44950,COORONG DISTRICT COUNCIL,MREGkA,G3,0.000233775,0.079768997,G3,80,D3,20,None,0,2,100
44980,COORONG DISTRICT COUNCIL,MREGkA,G3,6.85E-06,0.010145727,G3,80,D3,20,None,0,2,100
44981,SOUTHERN MALLEE DC,NGAO-A,H3,7.81E-05,0.063523362,H3,80,G3,20,None,0,2,100
44989,COORONG DISTRICT COUNCIL,GLYMJt,B3,0.000955903,0.183538976,B3,24.75,B2,20.25,H3,18,8,100
45005,SOUTHERN MALLEE DC,NGAOAE,H3,0.000189098,0.104063536,H3,75,G3,20,D3,5,3,100
45008,SOUTHERN MALLEE DC,MREGkA,G3,6.14E-05,0.03761247,G3,80,D3,20,None,0,2,100
45010,COORONG DISTRICT COUNCIL,LIVO-A,H3,0.000234063,0.162365789,H3,100,None,0,None,0,1,100
45018,COORONG DISTRICT COUNCIL,BIRMIC,B6,0.001820209,0.290661539,B6,65,B7,35,None,0,2,100
45019,COORONG DISTRICT COUNCIL,LIVOEJ,H3,0.000273529,0.091551895,H3,45,B7,35.75,B6,11,4,100
45032,COORONG DISTRICT COUNCIL,NGAOAI,H3,0.000966474,0.295005782,H3,45,G3,44,D3,11,3,100
45043,COORONG DISTRICT COUNCIL,MREGkA,G3,2.49E-05,0.025066941,G3,80,D3,20,None,0,2,100
45044,SOUTHERN MALLEE DC,NGAOAJ,H3,0.001254932,0.372692133,H3,45,G3,44,D3,11,3,100
45046,COORONG DISTRICT COUNCIL,MENNgv,N2,0.000181909,0.131900483,N2,28,B7,23,B3,22.04,6,100
45059,COORONG DISTRICT COUNCIL,LIVMJA,B6,5.36E-06,0.008609885,B6,35.75,B7,35,B3,29.25,3,100
45061,SOUTHERN MALLEE DC,MREO-A,H3,2.17E-05,0.029721833,H3,80,G3,20,None,0,2,100
45066,COORONG DISTRICT COUNCIL,LIVO-B,H3,8.26E-05,0.100942773,H3,100,None,0,None,0,1,100
45072,COORONG DISTRICT COUNCIL,BIROEc,H3,6.99E-05,0.040283662,H3,65,G2,19.25,B7,15.75,3,100
45078,SOUTHERN MALLEE DC,NGAMHB,B6,1.03E-05,0.0119339,B6,30.25,B8,24.75,G2,18,5,100
45093,COORONG DISTRICT COUNCIL,MENVuR,N2,2.80E-05,0.023245992,N2,40,B7,15.75,F2,13.5,7,100
45100,COORONG DISTRICT COUNCIL,MEDOAF,H3,6.87E-05,0.051424908,H3,75,G3,25,None,0,2,100
45114,COORONG DISTRICT COUNCIL,MENNgv,N2,0.000130169,0.085790183,N2,28,B7,23,B3,22.04,6,100
45134,SOUTHERN MALLEE DC,MREGlA,G3,4.13E-05,0.035260168,G3,60,H3,25,D3,15,3,100
45156,SOUTHERN MALLEE DC,NGAOAI,H3,0.000762661,0.182499366,H3,45,G3,44,D3,11,3,100
45161,COORONG DISTRICT COUNCIL,BONOAF,H3,0.000338501,0.131856186,H3,65,G3,30,B3,4,4,100
45178,COORONG DISTRICT COUNCIL,MENNgv,N2,0.000143269,0.056971065,N2,28,B7,23,B3,22.04,6,100
45183,COORONG DISTRICT COUNCIL,MREGkA,G3,0.000104448,0.087804793,G3,80,D3,20,None,0,2,100
45192,COORONG DISTRICT COUNCIL,MENNgv,N2,5.88E-05,0.03647076,N2,28,B7,23,B3,22.04,6,100
45199,COORONG DISTRICT COUNCIL,MREGkA,G3,2.84E-05,0.025140099,G3,80,D3,20,None,0,2,100
45205,COORONG DISTRICT COUNCIL,NGAHkA,D3,0.000180391,0.074479306,D3,80,G3,20,None,0,2,100
45211,COORONG DISTRICT COUNCIL,MEDO-B,H3,7.67E-06,0.011684946,H3,100,None,0,None,0,1,100
45219,COORONG DISTRICT COUNCIL,MENMvm,B3,1.61E-05,0.02061093,B3,42.75,H2,33.25,M1,19,5,100
45224,COORONG DISTRICT COUNCIL,NGAHkA,D3,7.70E-05,0.045853685,D3,80,G3,20,None,0,2,100
45227,COORONG DISTRICT COUNCIL,GLYZoO,N2,9.93E-06,0.01681984,N2,60,H3,30,G4,10,3,100
45229,SOUTHERN MALLEE DC,NGAGlA,G3,3.94E-05,0.035615828,G3,60,H3,25,D3,15,3,100
45235,COORONG DISTRICT COUNCIL,MENMNC,H2,0.000204752,0.087467763,H2,40,B8,30.1,B3,29.9,3,100
45242,COORONG DISTRICT COUNCIL,COOODJ,H3,0.000151106,0.080448578,H3,40,A4,20.25,A5,15.75,5,100
45250,SOUTHERN MALLEE DC,NGAOAE,H3,8.13E-05,0.06812292,H3,75,G3,20,D3,5,3,100
45258,SOUTHERN MALLEE DC,NGAOAE,H3,1.33E-05,0.015226737,H3,75,G3,20,D3,5,3,100
45267,SOUTHERN MALLEE DC,NGAOAE,H3,1.97E-05,0.022032185,H3,75,G3,20,D3,5,3,100
45274,COORONG DISTRICT COUNCIL,MREGkA,G3,3.27E-05,0.030619672,G3,80,D3,20,None,0,2,100
45284,COORONG DISTRICT COUNCIL,BONNGd,G3,0.000843485,0.139020249,G3,85,N2,5,H3,4.5,5,100
45286,SOUTHERN MALLEE DC,NGAOAF,H3,7.15E-05,0.064645963,H3,75,G3,20,D3,5,3,100
45301,COORONG DISTRICT COUNCIL,LIVOEE,H3,3.32E-05,0.031129094,H3,65,B7,22.75,B6,7,4,100
45310,SOUTHERN MALLEE DC,MAJQXB,B2,6.85E-06,0.01010751,B2,38.5,G1,31.5,H3,8.25,7,100
45311,COORONG DISTRICT COUNCIL,MREGkA,G3,8.92E-05,0.066286388,G3,80,D3,20,None,0,2,100
45313,COORONG DISTRICT COUNCIL,MENMNn,H2,4.55E-05,0.03261357,H2,38,B8,28.595,B3,28.405,4,100
45314,SOUTHERN MALLEE DC,NGAOAF,H3,5.64E-06,0.008867434,H3,75,G3,20,D3,5,3,100
45320,SOUTHERN MALLEE DC,NGAOAF,H3,1.08E-05,0.013566307,H3,75,G3,20,D3,5,3,100
45333,SOUTHERN MALLEE DC,LAWHjA,F1,0.00027843,0.121465741,F1,41.25,G2,33.75,H3,25,3,100
45351,SOUTHERN MALLEE DC,LAWOCb,H3,0.000132836,0.083727813,H3,65,G2,35,None,0,2,100
45362,COORONG DISTRICT COUNCIL,LIVOEF,H3,0.000174949,0.121596278,H3,65,B7,22.75,B6,7,4,100
45369,COORONG DISTRICT COUNCIL,MREGkA,G3,1.90E-05,0.019472358,G3,80,D3,20,None,0,2,100
45371,SOUTHERN MALLEE DC,MREO-A,H3,0.002287133,1.146016743,H3,80,G3,20,None,0,2,100
45373,COORONG DISTRICT COUNCIL,GLYO-A,H3,2.80E-05,0.021371553,H3,100,None,0,None,0,1,100
45379,SOUTHERN MALLEE DC,NGAOAF,H3,8.11E-05,0.082744828,H3,75,G3,20,D3,5,3,100
45395,COORONG DISTRICT COUNCIL,MENZoO,N2,5.60E-05,0.053387633,N2,70,B3,9.75,B7,5.25,8,100
45396,COORONG DISTRICT COUNCIL,MENZoO,N2,3.06E-05,0.02770324,N2,70,B3,9.75,B7,5.25,8,100
45401,SOUTHERN MALLEE DC,MAJO-B,H3,6.81E-05,0.057932589,H3,55,G2,45,None,0,2,100
45410,SOUTHERN MALLEE DC,NGAGkA,G3,3.85E-05,0.034067827,G3,80,D3,20,None,0,2,100
45422,SOUTHERN MALLEE DC,NGAOAF,H3,1.28E-05,0.016923984,H3,75,G3,20,D3,5,3,100
45423,COORONG DISTRICT COUNCIL,GLYMJB,B3,0.001030316,0.204541871,B3,35.75,B2,29.25,H3,15.75,5,100
45434,SOUTHERN MALLEE DC,NGAOAF,H3,0.000116406,0.105155673,H3,75,G3,20,D3,5,3,100
45435,COORONG DISTRICT COUNCIL,MREGkA,G3,5.28E-05,0.040870619,G3,80,D3,20,None,0,2,100
45437,SOUTHERN MALLEE DC,NGAOAE,H3,0.000100328,0.07062424,H3,75,G3,20,D3,5,3,100
45439,COORONG DISTRICT COUNCIL,ARCMRL,G3,0.000239609,0.159736143,G3,29,B7,21.705,B3,19.25,5,100
45445,COORONG DISTRICT COUNCIL,MREGlA,G3,2.07E-05,0.018021281,G3,60,H3,25,D3,15,3,100
45457,SOUTHERN MALLEE DC,NGAOAE,H3,2.19E-05,0.023344976,H3,75,G3,20,D3,5,3,100
45467,SOUTHERN MALLEE DC,MREGkA,G3,4.74E-05,0.055414701,G3,80,D3,20,None,0,2,100
45472,SOUTHERN MALLEE DC,NGAOAF,H3,1.66E-05,0.015206692,H3,75,G3,20,D3,5,3,100
45488,SOUTHERN MALLEE DC,NGAOAF,H3,0.000346469,0.200927707,H3,75,G3,20,D3,5,3,100
45518,COORONG DISTRICT COUNCIL,MREGkA,G3,6.89E-05,0.03400156,G3,80,D3,20,None,0,2,100
45519,COORONG DISTRICT COUNCIL,ARCGrA,G3,6.86E-06,0.009935512,G3,40,A6,30.1,B7,29.9,3,100
45523,SOUTHERN MALLEE DC,NGAOAE,H3,5.53E-05,0.048587577,H3,75,G3,20,D3,5,3,100
45524,COORONG DISTRICT COUNCIL,GLYZS-,N2,1.82E-05,0.017180627,N2,100,None,0,None,0,1,100
45525,COORONG DISTRICT COUNCIL,MREGkA,G3,7.69E-05,0.043246537,G3,80,D3,20,None,0,2,100
45545,COORONG DISTRICT COUNCIL,ARCOEb,H3,0.000120634,0.097945873,H3,65,G3,19.25,G2,15.75,3,100
45546,SOUTHERN MALLEE DC,LAWHiB,F1,0.000332778,0.124341181,F1,55,G2,45,None,0,2,100
45550,SOUTHERN MALLEE DC,NGAOAE,H3,8.39E-05,0.062020968,H3,75,G3,20,D3,5,3,100
45551,COORONG DISTRICT COUNCIL,MREGkA,G3,1.26E-05,0.014026595,G3,80,D3,20,None,0,2,100
45580,COORONG DISTRICT COUNCIL,BIROEb,H3,0.000992274,0.459409804,H3,65,G2,19.25,B7,15.75,3,100
45583,COORONG DISTRICT COUNCIL,MREGkA,G3,7.60E-05,0.082514401,G3,80,D3,20,None,0,2,100
45620,COORONG DISTRICT COUNCIL,ARCGrA,G3,7.00E-06,0.009767193,G3,40,A6,30.1,B7,29.9,3,100
45642,COORONG DISTRICT COUNCIL,NGAO-A,H3,4.40E-05,0.031464485,H3,80,G3,20,None,0,2,100
45649,COORONG DISTRICT COUNCIL,GOHGmA,G3,4.22E-05,0.02582162,G3,85,G2,8.25,H3,6.75,3,100
45651,SOUTHERN MALLEE DC,NGAOAE,H3,1.55E-05,0.025443712,H3,75,G3,20,D3,5,3,100
45662,SOUTHERN MALLEE DC,LAWOCb,H3,3.89E-05,0.029520418,H3,65,G2,35,None,0,2,100
45668,COORONG DISTRICT COUNCIL,MREGkA,G3,2.44E-05,0.026861417,G3,80,D3,20,None,0,2,100
45669,COORONG DISTRICT COUNCIL,BIROEc,H3,2.95E-05,0.032191697,H3,65,G2,19.25,B7,15.75,3,100
45696,SOUTHERN MALLEE DC,NGAHkA,D3,3.77E-05,0.025499378,D3,80,G3,20,None,0,2,100
45704,SOUTHERN MALLEE DC,LAWOCc,H3,0.0012779,0.377596837,H3,65,G2,35,None,0,2,100
45707,COORONG DISTRICT COUNCIL,ARCO-A,H3,5.55E-05,0.064976543,H3,100,None,0,None,0,1,100
45718,COORONG DISTRICT COUNCIL,MREOAG,H3,0.000248103,0.136449823,H3,75,G3,20,D3,5,3,100
45729,COORONG DISTRICT COUNCIL,MREGkA,G3,5.35E-06,0.010813513,G3,80,D3,20,None,0,2,100
45738,COORONG DISTRICT COUNCIL,GOHGmA,G3,1.01E-05,0.015216065,G3,85,G2,8.25,H3,6.75,3,100
45739,COORONG DISTRICT COUNCIL,GOHGmA,G3,7.17E-05,0.049024513,G3,85,G2,8.25,H3,6.75,3,100
45742,COORONG DISTRICT COUNCIL,ARCGrA,G3,1.64E-05,0.015107669,G3,40,A6,30.1,B7,29.9,3,100
45749,COORONG DISTRICT COUNCIL,GOHGmA,G3,6.20E-05,0.034678505,G3,85,G2,8.25,H3,6.75,3,100
45755,COORONG DISTRICT COUNCIL,MREGkA,G3,2.32E-05,0.024153612,G3,80,D3,20,None,0,2,100
45770,COORONG DISTRICT COUNCIL,LIVMJYA,B6,0.000269642,0.113060895,B6,27.5,B7,25,H3,25,4,100
45782,COORONG DISTRICT COUNCIL,LIVMJA,B6,6.45E-05,0.041184851,B6,35.75,B7,35,B3,29.25,3,100
45787,SOUTHERN MALLEE DC,NGAOAF,H3,6.04E-06,0.012938492,H3,75,G3,20,D3,5,3,100
45799,SOUTHERN MALLEE DC,NGAOAE,H3,6.35E-05,0.039395665,H3,75,G3,20,D3,5,3,100
45808,COORONG DISTRICT COUNCIL,ARCOEa,H3,9.35E-05,0.070769335,H3,65,G3,19.25,G2,15.75,3,100
45820,COORONG DISTRICT COUNCIL,MREGkA,G3,4.81E-05,0.041290443,G3,80,D3,20,None,0,2,100
45822,SOUTHERN MALLEE DC,NGAO-A,H3,6.34E-05,0.05397562,H3,80,G3,20,None,0,2,100
45846,COORONG DISTRICT COUNCIL,LIVOEG,H3,0.000195378,0.146310311,H3,65,B7,22.75,B6,7,4,100
45856,COORONG DISTRICT COUNCIL,ARCMHC,B6,0.009218685,2.252251881,B6,24.75,B8,19.25,G2,18,6,100
45857,COORONG DISTRICT COUNCIL,LIVMJA,B6,4.76E-05,0.035593463,B6,35.75,B7,35,B3,29.25,3,100
45865,COORONG DISTRICT COUNCIL,ARCGrA,G3,3.98E-06,0.007363467,G3,40,A6,30.1,B7,29.9,3,100
45866,COORONG DISTRICT COUNCIL,MREGkA,G3,1.41E-05,0.018095393,G3,80,D3,20,None,0,2,100
45876,COORONG DISTRICT COUNCIL,ARCMHC,B6,6.81E-05,0.039018438,B6,24.75,B8,19.25,G2,18,6,100
45878,SOUTHERN MALLEE DC,NGAOAF,H3,7.68E-05,0.062051989,H3,75,G3,20,D3,5,3,100
45886,COORONG DISTRICT COUNCIL,BIRGrA,B7,7.39E-05,0.06690182,B7,35,B6,30,A6,20,4,100
45888,COORONG DISTRICT COUNCIL,MREO-A,H3,0.000291474,0.14214378,H3,80,G3,20,None,0,2,100
45889,COORONG DISTRICT COUNCIL,COGWFF,H1,1.58E-05,0.019456337,H1,55,N2,45,None,0,2,100
45890,COORONG DISTRICT COUNCIL,NGAOAE,H3,9.06E-05,0.060501235,H3,75,G3,20,D3,5,3,100
45892,COORONG DISTRICT COUNCIL,MREGlA,G3,3.58E-05,0.029149416,G3,60,H3,25,D3,15,3,100
45903,COORONG DISTRICT COUNCIL,ARCO-A,H3,1.10E-05,0.014541318,H3,100,None,0,None,0,1,100
45912,COORONG DISTRICT COUNCIL,GLYMHB,B3,0.000322601,0.095615175,B3,30.25,B7,24.75,H3,24.75,4,100
45921,SOUTHERN MALLEE DC,NGAOAF,H3,7.31E-05,0.060611823,H3,75,G3,20,D3,5,3,100
45922,SOUTHERN MALLEE DC,NGAOAF,H3,3.54E-05,0.027660474,H3,75,G3,20,D3,5,3,100
45924,SOUTHERN MALLEE DC,NGAOAJ,H3,3.37E-05,0.02701462,H3,45,G3,44,D3,11,3,100
45932,SOUTHERN MALLEE DC,MREGlA,G3,9.97E-05,0.04873761,G3,60,H3,25,D3,15,3,100
45954,COORONG DISTRICT COUNCIL,ARCMHC,B6,0.000170507,0.098928675,B6,24.75,B8,19.25,G2,18,6,100
45955,SOUTHERN MALLEE DC,NGAMHB,B6,1.49E-05,0.019658043,B6,30.25,B8,24.75,G2,18,5,100
45958,COORONG DISTRICT COUNCIL,BIROEb,H3,0.000199169,0.082219299,H3,65,G2,19.25,B7,15.75,3,100
45965,COORONG DISTRICT COUNCIL,MREOAG,H3,7.12E-05,0.033363682,H3,75,G3,20,D3,5,3,100
45969,SOUTHERN MALLEE DC,NGAOAF,H3,2.74E-05,0.032552397,H3,75,G3,20,D3,5,3,100
45979,SOUTHERN MALLEE DC,NGAHlA,D3,2.12E-05,0.027033235,D3,68,G3,17,H3,15,3,100
45986,COORONG DISTRICT COUNCIL,BONNGD,G3,0.000539999,0.112527653,G3,75,H3,20,B3,4,4,100
45989,COORONG DISTRICT COUNCIL,ARCOEa,H3,0.000153274,0.104742238,H3,65,G3,19.25,G2,15.75,3,100
46005,COORONG DISTRICT COUNCIL,MENZoO,N2,0.00056196,0.107986951,N2,70,B3,9.75,B7,5.25,8,100
46007,COORONG DISTRICT COUNCIL,MEDOAF,H3,2.86E-05,0.029316746,H3,75,G3,25,None,0,2,100
46009,COORONG DISTRICT COUNCIL,MEDNGA,G3,0.004749954,0.915042423,G3,100,None,0,None,0,1,100
46021,COORONG DISTRICT COUNCIL,MEDNGA,G3,1.09E-05,0.01569575,G3,100,None,0,None,0,1,100
46023,SOUTHERN MALLEE DC,LAWHjA,F1,8.31E-05,0.039717226,F1,41.25,G2,33.75,H3,25,3,100
46024,COORONG DISTRICT COUNCIL,MEDNGA,G3,5.12E-06,0.009431846,G3,100,None,0,None,0,1,100
46027,SOUTHERN MALLEE DC,NGAOAE,H3,4.62E-05,0.051577891,H3,75,G3,20,D3,5,3,100
46031,SOUTHERN MALLEE DC,NGAGlA,G3,7.89E-05,0.044248581,G3,60,H3,25,D3,15,3,100
46061,SOUTHERN MALLEE DC,NGAOAJ,H3,0.000849252,0.309217169,H3,45,G3,44,D3,11,3,100
46083,SOUTHERN MALLEE DC,NGAOAE,H3,5.62E-05,0.060040219,H3,75,G3,20,D3,5,3,100
46084,COORONG DISTRICT COUNCIL,BIRO-A,H3,2.40E-05,0.025148338,H3,100,None,0,None,0,1,100
46085,COORONG DISTRICT COUNCIL,MREGkA,G3,5.28E-05,0.028997149,G3,80,D3,20,None,0,2,100
46087,SOUTHERN MALLEE DC,NGAOAE,H3,2.14E-05,0.022125587,H3,75,G3,20,D3,5,3,100
46098,COORONG DISTRICT COUNCIL,GOHO-A,H3,0.000667517,0.15807517,H3,75,G2,13.75,G3,11.25,3,100
46104,SOUTHERN MALLEE DC,NGAOAF,H3,1.64E-05,0.016613048,H3,75,G3,20,D3,5,3,100
46121,SOUTHERN MALLEE DC,NGAOAJ,H3,0.00041141,0.288044189,H3,45,G3,44,D3,11,3,100
46128,SOUTHERN MALLEE DC,NGAOAE,H3,4.87E-05,0.034133402,H3,75,G3,20,D3,5,3,100
46133,SOUTHERN MALLEE DC,NGAOAE,H3,0.000400954,0.274334363,H3,75,G3,20,D3,5,3,100
46139,COORONG DISTRICT COUNCIL,BONOAG,H3,0.00365187,0.390321444,H3,65,G3,30,B3,4,4,100
46153,COORONG DISTRICT COUNCIL,NGAGlA,G3,0.00058822,0.268621761,G3,60,H3,25,D3,15,3,100
46167,COORONG DISTRICT COUNCIL,MREGkA,G3,1.13E-05,0.013379432,G3,80,D3,20,None,0,2,100
46168,COORONG DISTRICT COUNCIL,GOHO-A,H3,0.005961351,1.880908157,H3,75,G2,13.75,G3,11.25,3,100
46182,COORONG DISTRICT COUNCIL,ARCGrA,G3,1.23E-05,0.012830403,G3,40,A6,30.1,B7,29.9,3,100
46190,COORONG DISTRICT COUNCIL,GLYMHC,B3,0.000683896,0.121280172,B3,30.25,B7,24.75,H3,24.75,4,100
46194,COORONG DISTRICT COUNCIL,LIVO-B,H3,5.11E-05,0.042172193,H3,100,None,0,None,0,1,100
46215,COORONG DISTRICT COUNCIL,MEDOAF,H3,0.000202232,0.144154296,H3,75,G3,25,None,0,2,100
46220,COORONG DISTRICT COUNCIL,MREGkA,G3,4.35E-05,0.029938382,G3,80,D3,20,None,0,2,100
46225,SOUTHERN MALLEE DC,NGAGkA,G3,1.77E-05,0.015906234,G3,80,D3,20,None,0,2,100
46227,COORONG DISTRICT COUNCIL,MREGkA,G3,6.56E-05,0.061705351,G3,80,D3,20,None,0,2,100
46231,SOUTHERN MALLEE DC,LAWGiA,G2,1.08E-05,0.015367201,G2,65,G4,20,E3,15,3,100
46239,COORONG DISTRICT COUNCIL,MEDOAF,H3,0.000100354,0.087717735,H3,75,G3,25,None,0,2,100
46241,COORONG DISTRICT COUNCIL,MREGkA,G3,5.69E-05,0.039589165,G3,80,D3,20,None,0,2,100
46252,COORONG DISTRICT COUNCIL,LIVOEF,H3,6.86E-05,0.06176909,H3,65,B7,22.75,B6,7,4,100
46261,COORONG DISTRICT COUNCIL,MEDOAF,H3,2.16E-05,0.030404818,H3,75,G3,25,None,0,2,100
46267,COORONG DISTRICT COUNCIL,MREMHB,B3,7.59E-06,0.010671196,B3,30.25,B8,24.75,G2,18,5,100
46270,COORONG DISTRICT COUNCIL,LIVOEF,H3,5.43E-05,0.038365983,H3,65,B7,22.75,B6,7,4,100
46272,COORONG DISTRICT COUNCIL,MREGlA,G3,4.45E-05,0.041721668,G3,60,H3,25,D3,15,3,100
46277,COORONG DISTRICT COUNCIL,ARCOEb,H3,4.29E-05,0.049344559,H3,65,G3,19.25,G2,15.75,3,100
46288,COORONG DISTRICT COUNCIL,NGAO-A,H3,5.65E-05,0.041308378,H3,80,G3,20,None,0,2,100
46289,COORONG DISTRICT COUNCIL,MREGkA,G3,1.48E-05,0.01403154,G3,80,D3,20,None,0,2,100
46297,COORONG DISTRICT COUNCIL,MREGkA,G3,3.52E-05,0.024152366,G3,80,D3,20,None,0,2,100
46302,COORONG DISTRICT COUNCIL,MREGkA,G3,1.53E-05,0.01760999,G3,80,D3,20,None,0,2,100
46310,COORONG DISTRICT COUNCIL,NGAOAE,H3,0.001916391,0.692210639,H3,75,G3,20,D3,5,3,100
46327,COORONG DISTRICT COUNCIL,GOHGmA,G3,0.000221455,0.125838787,G3,85,G2,8.25,H3,6.75,3,100
46329,SOUTHERN MALLEE DC,NGAOAJ,H3,0.000366706,0.248441856,H3,45,G3,44,D3,11,3,100
46356,COORONG DISTRICT COUNCIL,MEDOAF,H3,0.000265827,0.141604998,H3,75,G3,25,None,0,2,100
46369,COORONG DISTRICT COUNCIL,GOHO-A,H3,0.000141651,0.105419265,H3,75,G2,13.75,G3,11.25,3,100
46373,COORONG DISTRICT COUNCIL,LIVMJYB,B6,0.003044675,0.708207571,B6,27.5,B7,25,H3,25,4,100
46396,COORONG DISTRICT COUNCIL,ARCO-A,H3,3.36E-05,0.047604742,H3,100,None,0,None,0,1,100
46398,COORONG DISTRICT COUNCIL,ARCO-A,H3,0.000279562,0.144869532,H3,100,None,0,None,0,1,100
46402,SOUTHERN MALLEE DC,NGAOAJ,H3,2.31E-05,0.021356788,H3,45,G3,44,D3,11,3,100
46403,COORONG DISTRICT COUNCIL,MREGkA,G3,4.50E-05,0.034065615,G3,80,D3,20,None,0,2,100
46404,COORONG DISTRICT COUNCIL,MREGkA,G3,7.49E-05,0.049319185,G3,80,D3,20,None,0,2,100
46422,COORONG DISTRICT COUNCIL,MREGkA,G3,0.000174813,0.097003741,G3,80,D3,20,None,0,2,100
46432,SOUTHERN MALLEE DC,NGAOAF,H3,6.49E-05,0.056433232,H3,75,G3,20,D3,5,3,100
46436,SOUTHERN MALLEE DC,NGAOAE,H3,1.05E-05,0.014493929,H3,75,G3,20,D3,5,3,100
46440,SOUTHERN MALLEE DC,NGAOAJ,H3,0.000241783,0.140421507,H3,45,G3,44,D3,11,3,100
46442,COORONG DISTRICT COUNCIL,COOODJ,H3,6.96E-05,0.053650683,H3,40,A4,20.25,A5,15.75,5,100
46448,COORONG DISTRICT COUNCIL,MREGkA,G3,6.00E-05,0.046589645,G3,80,D3,20,None,0,2,100
46449,COORONG DISTRICT COUNCIL,MREGkA,G3,1.46E-05,0.015642868,G3,80,D3,20,None,0,2,100
46457,SOUTHERN MALLEE DC,NGAOAF,H3,0.000112468,0.054215856,H3,75,G3,20,D3,5,3,100
46461,COORONG DISTRICT COUNCIL,MREGlA,G3,3.95E-05,0.040321246,G3,60,H3,25,D3,15,3,100
46466,SOUTHERN MALLEE DC,NGAOAE,H3,1.16E-05,0.015524341,H3,75,G3,20,D3,5,3,100
46468,SOUTHERN MALLEE DC,NGAOAE,H3,4.35E-05,0.037953649,H3,75,G3,20,D3,5,3,100
46478,SOUTHERN MALLEE DC,NGAOAJ,H3,0.000180693,0.096693048,H3,45,G3,44,D3,11,3,100
46485,SOUTHERN MALLEE DC,NGAOAE,H3,6.81E-05,0.057223936,H3,75,G3,20,D3,5,3,100
46494,COORONG DISTRICT COUNCIL,BIROEb,H3,4.93E-05,0.033567774,H3,65,G2,19.25,B7,15.75,3,100
46500,COORONG DISTRICT COUNCIL,FIENGD,G3,0.011295247,1.079744465,G3,68,B7,22,H3,10,3,100
46521,COORONG DISTRICT COUNCIL,MREGkA,G3,1.59E-05,0.020548057,G3,80,D3,20,None,0,2,100
46522,COORONG DISTRICT COUNCIL,ARCO-A,H3,1.32E-05,0.01997077,H3,100,None,0,None,0,1,100
46523,SOUTHERN MALLEE DC,NGAGlA,G3,2.22E-05,0.018651254,G3,60,H3,25,D3,15,3,100
46524,COORONG DISTRICT COUNCIL,GOHGmA,G3,5.06E-05,0.038270772,G3,85,G2,8.25,H3,6.75,3,100
46528,SOUTHERN MALLEE DC,NGAOAF,H3,2.53E-05,0.020519923,H3,75,G3,20,D3,5,3,100
46531,COORONG DISTRICT COUNCIL,LIVOGJ,H3,0.000272731,0.0973156,H3,40,B7,35.75,B6,11,5,100
46544,COORONG DISTRICT COUNCIL,LIVOEG,H3,9.41E-05,0.0787802,H3,65,B7,22.75,B6,7,4,100
46548,SOUTHERN MALLEE DC,LAWOCc,H3,0.000147152,0.064795372,H3,65,G2,35,None,0,2,100
46550,COORONG DISTRICT COUNCIL,MREGkA,G3,0.000112686,0.056571614,G3,80,D3,20,None,0,2,100
46560,COORONG DISTRICT COUNCIL,ARCMHY,B6,0.000266131,0.095874202,B6,20.25,G2,16,B8,15.75,7,100
46574,COORONG DISTRICT COUNCIL,MREGlA,G3,6.52E-05,0.044080125,G3,60,H3,25,D3,15,3,100
46592,COORONG DISTRICT COUNCIL,GOHGmA,G3,1.04E-05,0.01361523,G3,85,G2,8.25,H3,6.75,3,100
46594,SOUTHERN MALLEE DC,NGAOAE,H3,2.98E-05,0.030173316,H3,75,G3,20,D3,5,3,100
46599,COORONG DISTRICT COUNCIL,GOHMHB,B3,5.56E-05,0.039047785,B3,65,G2,19.25,H3,15.75,3,100
46623,COORONG DISTRICT COUNCIL,MREGkA,G3,1.47E-05,0.014200119,G3,80,D3,20,None,0,2,100
46626,SOUTHERN MALLEE DC,NGAOAE,H3,3.59E-05,0.034371559,H3,75,G3,20,D3,5,3,100
46640,SOUTHERN MALLEE DC,NGAOAE,H3,1.28E-05,0.017629191,H3,75,G3,20,D3,5,3,100
46648,SOUTHERN MALLEE DC,NGAMHB,B6,1.50E-05,0.01622681,B6,30.25,B8,24.75,G2,18,5,100
46649,COORONG DISTRICT COUNCIL,ARCOEa,H3,0.000135164,0.079346243,H3,65,G3,19.25,G2,15.75,3,100
46650,COORONG DISTRICT COUNCIL,BONOAJ,G3,0.000725268,0.168855707,G3,45,H3,40,B3,12,4,100
46662,SOUTHERN MALLEE DC,NGAOAF,H3,3.05E-05,0.040770573,H3,75,G3,20,D3,5,3,100
46669,SOUTHERN MALLEE DC,NGAOAF,H3,6.78E-05,0.050298234,H3,75,G3,20,D3,5,3,100
46674,SOUTHERN MALLEE DC,NGAOAE,H3,6.31E-05,0.051280596,H3,75,G3,20,D3,5,3,100
46696,COORONG DISTRICT COUNCIL,ARCO-A,H3,1.89E-05,0.024616905,H3,100,None,0,None,0,1,100
46699,SOUTHERN MALLEE DC,LAWOCa,H3,2.25E-05,0.017790562,H3,65,G2,35,None,0,2,100
46701,COORONG DISTRICT COUNCIL,ARCGrA,G3,4.86E-05,0.039354329,G3,40,A6,30.1,B7,29.9,3,100
46702,COORONG DISTRICT COUNCIL,COGWFF,H1,1.56E-05,0.016946126,H1,55,N2,45,None,0,2,100
46719,COORONG DISTRICT COUNCIL,GOHGmA,G3,9.39E-06,0.011133998,G3,85,G2,8.25,H3,6.75,3,100
46720,COORONG DISTRICT COUNCIL,BIRMJC,B6,4.08E-05,0.03467752,B6,65,B7,35,None,0,2,100
46733,SOUTHERN MALLEE DC,NGAGlA,G3,0.000105546,0.071576318,G3,60,H3,25,D3,15,3,100
46742,COORONG DISTRICT COUNCIL,ARCMHY,B6,0.004002609,1.138849037,B6,20.25,G2,16,B8,15.75,7,100
46745,COORONG DISTRICT COUNCIL,GOHMHB,B3,7.64E-06,0.010815141,B3,65,G2,19.25,H3,15.75,3,100
46746,COORONG DISTRICT COUNCIL,ARCOEg,H3,7.61E-05,0.045291396,H3,45,G3,30.25,G2,24.75,3,100
46802,COORONG DISTRICT COUNCIL,GOHGmA,G3,3.34E-05,0.027221766,G3,85,G2,8.25,H3,6.75,3,100
46803,SOUTHERN MALLEE DC,NGAOAJ,H3,2.57E-05,0.026478579,H3,45,G3,44,D3,11,3,100
46812,COORONG DISTRICT COUNCIL,BIRMJC,B6,0.000428362,0.12447429,B6,65,B7,35,None,0,2,100
46815,COORONG DISTRICT COUNCIL,BONOAG,H3,0.001208143,0.1898117,H3,65,G3,30,B3,4,4,100
46817,COORONG DISTRICT COUNCIL,BIRMJC,B6,6.32E-05,0.04136804,B6,65,B7,35,None,0,2,100
46818,SOUTHERN MALLEE DC,FISOAF,H3,0.000135645,0.101508399,H3,75,G3,20,D3,5,3,100
46828,COORONG DISTRICT COUNCIL,ARCOEa,H3,0.000143992,0.099807277,H3,65,G3,19.25,G2,15.75,3,100
46861,COORONG DISTRICT COUNCIL,LIVO-A,H3,1.58E-05,0.018193713,H3,100,None,0,None,0,1,100
46862,COORONG DISTRICT COUNCIL,NGAHkA,D3,0.000249231,0.10831297,D3,80,G3,20,None,0,2,100
46870,COORONG DISTRICT COUNCIL,BIROEc,H3,0.000135401,0.091650362,H3,65,G2,19.25,B7,15.75,3,100
46890,COORONG DISTRICT COUNCIL,BONNGd,G3,9.99E-05,0.061284833,G3,85,N2,5,H3,4.5,5,100
46896,COORONG DISTRICT COUNCIL,GOHGmA,G3,4.59E-05,0.043665165,G3,85,G2,8.25,H3,6.75,3,100
46898,COORONG DISTRICT COUNCIL,GOHGmA,G3,1.74E-05,0.019202491,G3,85,G2,8.25,H3,6.75,3,100
46904,COORONG DISTRICT COUNCIL,ARCOEa,H3,0.000111964,0.094206048,H3,65,G3,19.25,G2,15.75,3,100
46923,COORONG DISTRICT COUNCIL,TIWNAC,B7,0.000248646,0.123367245,B7,85,H3,10,B6,5,3,100
46934,COORONG DISTRICT COUNCIL,ARCOEa,H3,3.58E-05,0.038580023,H3,65,G3,19.25,G2,15.75,3,100
46941,COORONG DISTRICT COUNCIL,MREOAG,H3,0.000180742,0.119413921,H3,75,G3,20,D3,5,3,100
46954,COORONG DISTRICT COUNCIL,MREGkA,G3,1.68E-05,0.016056959,G3,80,D3,20,None,0,2,100
46955,COORONG DISTRICT COUNCIL,NGAOAE,H3,0.000190413,0.108248798,H3,75,G3,20,D3,5,3,100
46957,COORONG DISTRICT COUNCIL,BIRGrA,B7,4.91E-05,0.036442734,B7,35,B6,30,A6,20,4,100
46959,SOUTHERN MALLEE DC,NGAOAE,H3,2.04E-05,0.022237034,H3,75,G3,20,D3,5,3,100
46983,COORONG DISTRICT COUNCIL,ARCGrA,G3,2.16E-05,0.017239064,G3,40,A6,30.1,B7,29.9,3,100
46987,COORONG DISTRICT COUNCIL,GOHMHE,B3,3.55E-05,0.025670385,B3,75,G2,13.75,H3,11.25,3,100
47024,COORONG DISTRICT COUNCIL,GOHGmA,G3,6.13E-06,0.009743148,G3,85,G2,8.25,H3,6.75,3,100
47027,COORONG DISTRICT COUNCIL,ARCMHC,B6,2.30E-05,0.023558992,B6,24.75,B8,19.25,G2,18,6,100
47038,COORONG DISTRICT COUNCIL,MREMHB,B3,1.39E-05,0.017059602,B3,30.25,B8,24.75,G2,18,5,100
47039,COORONG DISTRICT COUNCIL,ARCGrA,G3,1.47E-05,0.014346423,G3,40,A6,30.1,B7,29.9,3,100
47046,COORONG DISTRICT COUNCIL,GOHOAF,H3,0.000155395,0.106248061,H3,52,G2,32.25,G3,15.75,3,100
47048,COORONG DISTRICT COUNCIL,FIEOAG,H3,6.03E-05,0.055877991,H3,75,G3,25,None,0,2,100
47051,COORONG DISTRICT COUNCIL,MEDNGD,G3,0.000222339,0.101107323,G3,75,H3,25,None,0,2,100
47059,COORONG DISTRICT COUNCIL,GOHMHB,B3,0.00029607,0.127639732,B3,65,G2,19.25,H3,15.75,3,100
47072,COORONG DISTRICT COUNCIL,TIENGD,H3,0.000562685,0.288645006,H3,58.75,G2,41.25,None,0,2,100
47082,COORONG DISTRICT COUNCIL,GOHGmA,G3,7.45E-05,0.051539762,G3,85,G2,8.25,H3,6.75,3,100
47084,COORONG DISTRICT COUNCIL,ARCOEb,H3,7.57E-05,0.0673967,H3,65,G3,19.25,G2,15.75,3,100
47099,COORONG DISTRICT COUNCIL,NGAOAF,H3,0.01187372,2.337778472,H3,75,G3,20,D3,5,3,100
47103,SOUTHERN MALLEE DC,NGAOAE,H3,0.00015296,0.104802694,H3,75,G3,20,D3,5,3,100
47108,COORONG DISTRICT COUNCIL,GOHMHE,B3,2.91E-05,0.025979381,B3,75,G2,13.75,H3,11.25,3,100
47118,COORONG DISTRICT COUNCIL,MEDOAE,H3,0.000150731,0.095893155,H3,85,G3,15,None,0,2,100
47125,COORONG DISTRICT COUNCIL,ARCMHY,B6,0.000157249,0.096255167,B6,20.25,G2,16,B8,15.75,7,100
47127,COORONG DISTRICT COUNCIL,GOHMHB,B3,2.87E-05,0.026064032,B3,65,G2,19.25,H3,15.75,3,100
47132,COORONG DISTRICT COUNCIL,TIWMJB,B6,0.000360169,0.167311907,B6,85,B7,8.25,H3,6.75,3,100
47136,COORONG DISTRICT COUNCIL,GOHOAa,H3,0.000103933,0.066957725,H3,52,G2,32.25,G3,15.75,3,100
47142,COORONG DISTRICT COUNCIL,ARCO-A,H3,7.32E-05,0.058444942,H3,100,None,0,None,0,1,100
47145,COORONG DISTRICT COUNCIL,GOHGmA,G3,3.29E-05,0.032471154,G3,85,G2,8.25,H3,6.75,3,100
47164,COORONG DISTRICT COUNCIL,ARCMHY,B6,0.000307313,0.168761555,B6,20.25,G2,16,B8,15.75,7,100
47170,COORONG DISTRICT COUNCIL,BONNGA,G3,0.00034531,0.117844359,G3,100,None,0,None,0,1,100
47189,COORONG DISTRICT COUNCIL,GOHGmA,G3,2.42E-05,0.020575987,G3,85,G2,8.25,H3,6.75,3,100
47201,COORONG DISTRICT COUNCIL,TIWNAC,B7,0.001279869,0.514547094,B7,85,H3,10,B6,5,3,100
47203,COORONG DISTRICT COUNCIL,GLYMHC,B3,0.004609893,0.715996693,B3,30.25,B7,24.75,H3,24.75,4,100
47211,COORONG DISTRICT COUNCIL,GOHMHB,B3,1.35E-05,0.015317481,B3,65,G2,19.25,H3,15.75,3,100
47224,COORONG DISTRICT COUNCIL,MREOAF,H3,0.000149227,0.126484649,H3,75,G3,20,D3,5,3,100
47230,COORONG DISTRICT COUNCIL,NGAHkA,D3,0.000254883,0.073400788,D3,80,G3,20,None,0,2,100
47232,COORONG DISTRICT COUNCIL,ARCGrA,G3,1.80E-05,0.017154849,G3,40,A6,30.1,B7,29.9,3,100
47275,COORONG DISTRICT COUNCIL,GOHMHE,B3,1.16E-05,0.01414004,B3,75,G2,13.75,H3,11.25,3,100
47282,COORONG DISTRICT COUNCIL,BONZoO,N2,0.000168842,0.08148655,N2,40,H3,35,B3,20,4,100
47287,COORONG DISTRICT COUNCIL,TIEO-B,H3,2.03E-05,0.027031253,H3,100,None,0,None,0,1,100
47289,COORONG DISTRICT COUNCIL,GOHMHE,B3,8.21E-06,0.01082169,B3,75,G2,13.75,H3,11.25,3,100
47305,SOUTHERN MALLEE DC,FISOAG,H3,0.000438006,0.156511349,H3,75,G3,20,D3,5,3,100
47310,COORONG DISTRICT COUNCIL,MREOAF,H3,0.000300141,0.177371014,H3,75,G3,20,D3,5,3,100
47311,COORONG DISTRICT COUNCIL,MREOAJ,H3,0.000169547,0.138104333,H3,45,G3,44,D3,11,3,100
47324,SOUTHERN MALLEE DC,FISOAE,H3,0.000158082,0.080446247,H3,75,G3,20,D3,5,3,100
47342,COORONG DISTRICT COUNCIL,ARCOEa,H3,1.37E-05,0.018684661,H3,65,G3,19.25,G2,15.75,3,100
47345,COORONG DISTRICT COUNCIL,GOHMHB,B3,1.58E-05,0.014915538,B3,65,G2,19.25,H3,15.75,3,100
47346,COORONG DISTRICT COUNCIL,GOHOAF,H3,0.000105577,0.048547787,H3,52,G2,32.25,G3,15.75,3,100
47377,COORONG DISTRICT COUNCIL,NGAGlA,G3,9.08E-05,0.044121068,G3,60,H3,25,D3,15,3,100
47378,COORONG DISTRICT COUNCIL,ARCGrA,G3,1.68E-05,0.015869308,G3,40,A6,30.1,B7,29.9,3,100
47404,COORONG DISTRICT COUNCIL,ARCOEb,H3,2.89E-05,0.032409392,H3,65,G3,19.25,G2,15.75,3,100
47405,COORONG DISTRICT COUNCIL,ARCMHC,B6,1.81E-05,0.020076578,B6,24.75,B8,19.25,G2,18,6,100
47410,COORONG DISTRICT COUNCIL,GOHGmA,G3,7.73E-05,0.057698945,G3,85,G2,8.25,H3,6.75,3,100
47411,COORONG DISTRICT COUNCIL,TIENGD,H3,0.000942986,0.286940593,H3,58.75,G2,41.25,None,0,2,100
47420,COORONG DISTRICT COUNCIL,TINNAA,B7,0.014471538,1.204959861,B7,45,B3,35,B6,20,3,100
47446,COORONG DISTRICT COUNCIL,FIENGD,G3,0.000344885,0.13435528,G3,68,B7,22,H3,10,3,100
47459,SOUTHERN MALLEE DC,LAWOCb,H3,7.79E-05,0.056232915,H3,65,G2,35,None,0,2,100
47465,COORONG DISTRICT COUNCIL,GOHMHB,B3,3.80E-05,0.022988777,B3,65,G2,19.25,H3,15.75,3,100
47487,COORONG DISTRICT COUNCIL,GOHGmA,G3,0.000152717,0.086979462,G3,85,G2,8.25,H3,6.75,3,100
47494,COORONG DISTRICT COUNCIL,GOHGmA,G3,2.52E-05,0.025410125,G3,85,G2,8.25,H3,6.75,3,100
47497,COORONG DISTRICT COUNCIL,ARCMHY,B6,0.000139495,0.065161725,B6,20.25,G2,16,B8,15.75,7,100
47499,COORONG DISTRICT COUNCIL,BIRO-A,H3,0.000115879,0.067408167,H3,100,None,0,None,0,1,100
47503,COORONG DISTRICT COUNCIL,ARCOEa,H3,0.000160342,0.114603975,H3,65,G3,19.25,G2,15.75,3,100
47513,COORONG DISTRICT COUNCIL,ARCGrA,G3,2.68E-05,0.019480955,G3,40,A6,30.1,B7,29.9,3,100
47520,SOUTHERN MALLEE DC,NGAOAJ,H3,1.47E-05,0.015296386,H3,45,G3,44,D3,11,3,100
47522,COORONG DISTRICT COUNCIL,MREGlA,G3,3.56E-05,0.029351372,G3,60,H3,25,D3,15,3,100
47525,COORONG DISTRICT COUNCIL,BIRO-A,H3,4.08E-05,0.032397728,H3,100,None,0,None,0,1,100
47531,COORONG DISTRICT COUNCIL,NGAHlA,D3,0.000217383,0.080299874,D3,68,G3,17,H3,15,3,100
47539,SOUTHERN MALLEE DC,FISOAG,H3,0.001863217,0.52910062,H3,75,G3,20,D3,5,3,100
47540,SOUTHERN MALLEE DC,LAWHjB,F1,0.000216752,0.074014587,F1,41.25,G2,33.75,H3,25,3,100
47549,SOUTHERN MALLEE DC,FISHkA,D3,4.91E-05,0.04164005,D3,80,G3,20,None,0,2,100
47550,COORONG DISTRICT COUNCIL,GOHGmA,G3,4.10E-05,0.027521845,G3,85,G2,8.25,H3,6.75,3,100
47562,COORONG DISTRICT COUNCIL,MREGkA,G3,9.51E-06,0.011601092,G3,80,D3,20,None,0,2,100
47564,COORONG DISTRICT COUNCIL,ARCMHC,B6,6.35E-05,0.040872692,B6,24.75,B8,19.25,G2,18,6,100
47571,COORONG DISTRICT COUNCIL,MREOAF,H3,5.58E-06,0.008997116,H3,75,G3,20,D3,5,3,100
47575,COORONG DISTRICT COUNCIL,GLYMJC,B3,0.000928646,0.287466424,B3,35.75,B2,29.25,H3,15.75,5,100
47578,COORONG DISTRICT COUNCIL,TIEOAF,H3,0.000248269,0.165519514,H3,86.25,G2,13.75,None,0,2,100
47592,COORONG DISTRICT COUNCIL,ARCO-A,H3,6.09E-05,0.040457083,H3,100,None,0,None,0,1,100
47597,SOUTHERN MALLEE DC,NGAGkA,G3,2.62E-05,0.018926515,G3,80,D3,20,None,0,2,100
47611,SOUTHERN MALLEE DC,NGAOAJ,H3,2.23E-05,0.019695191,H3,45,G3,44,D3,11,3,100
47636,COORONG DISTRICT COUNCIL,MREGkA,G3,6.85E-06,0.010153886,G3,80,D3,20,None,0,2,100
47655,COORONG DISTRICT COUNCIL,GOHOAF,H3,0.000107146,0.041267008,H3,52,G2,32.25,G3,15.75,3,100
47671,COORONG DISTRICT COUNCIL,GOHGmA,G3,1.03E-05,0.013145567,G3,85,G2,8.25,H3,6.75,3,100
47674,COORONG DISTRICT COUNCIL,TIWNAC,B7,1.25E-05,0.016331456,B7,85,H3,10,B6,5,3,100
47683,COORONG DISTRICT COUNCIL,LIVMJYD,B6,0.000176859,0.097495573,B6,27.5,B7,25,H3,25,4,100
47692,SOUTHERN MALLEE DC,NGAOAF,H3,4.59E-05,0.041632635,H3,75,G3,20,D3,5,3,100
47711,COORONG DISTRICT COUNCIL,GOHGmA,G3,5.67E-05,0.032239604,G3,85,G2,8.25,H3,6.75,3,100
47722,COORONG DISTRICT COUNCIL,GOHMHB,B3,5.94E-05,0.028791573,B3,65,G2,19.25,H3,15.75,3,100
47733,COORONG DISTRICT COUNCIL,LIVOEE,H3,5.38E-05,0.058336517,H3,65,B7,22.75,B6,7,4,100
47737,COORONG DISTRICT COUNCIL,TIEOAG,H3,0.000208845,0.176845054,H3,75.25,G2,24.75,None,0,2,100
47739,COORONG DISTRICT COUNCIL,BIROEc,H3,0.000114998,0.061925365,H3,65,G2,19.25,B7,15.75,3,100
47740,COORONG DISTRICT COUNCIL,ARCOEg,H3,2.04E-05,0.016848636,H3,45,G3,30.25,G2,24.75,3,100
47741,COORONG DISTRICT COUNCIL,GOHGmA,G3,1.48E-05,0.016719907,G3,85,G2,8.25,H3,6.75,3,100
47769,SOUTHERN MALLEE DC,FISOAG,H3,0.002727858,0.679255984,H3,75,G3,20,D3,5,3,100
47774,COORONG DISTRICT COUNCIL,ARCGrA,G3,3.63E-05,0.037220334,G3,40,A6,30.1,B7,29.9,3,100
47776,SOUTHERN MALLEE DC,FISOAF,H3,6.57E-05,0.088909914,H3,75,G3,20,D3,5,3,100
47785,COORONG DISTRICT COUNCIL,LIVOEF,H3,6.06E-05,0.030328902,H3,65,B7,22.75,B6,7,4,100
47787,SOUTHERN MALLEE DC,NGAOAF,H3,4.87E-05,0.047371453,H3,75,G3,20,D3,5,3,100
47806,COORONG DISTRICT COUNCIL,ARCOEa,H3,0.000190685,0.106385075,H3,65,G3,19.25,G2,15.75,3,100
47833,COORONG DISTRICT COUNCIL,BONNGD,G3,0.001132161,0.209866515,G3,75,H3,20,B3,4,4,100
47836,SOUTHERN MALLEE DC,NGAOAE,H3,3.40E-05,0.026962281,H3,75,G3,20,D3,5,3,100
47837,COORONG DISTRICT COUNCIL,ARCGrA,G3,6.09E-05,0.053219115,G3,40,A6,30.1,B7,29.9,3,100
47842,COORONG DISTRICT COUNCIL,MREGkA,G3,1.64E-05,0.01773801,G3,80,D3,20,None,0,2,100
47844,COORONG DISTRICT COUNCIL,NGAO-A,H3,1.36E-05,0.017652887,H3,80,G3,20,None,0,2,100
47859,COORONG DISTRICT COUNCIL,BONNGD,G3,0.000787538,0.203953684,G3,75,H3,20,B3,4,4,100
47865,COORONG DISTRICT COUNCIL,TIEOAG,H3,2.39E-05,0.020329751,H3,75.25,G2,24.75,None,0,2,100
47873,COORONG DISTRICT COUNCIL,TIENGD,H3,0.000226472,0.091472246,H3,58.75,G2,41.25,None,0,2,100
47884,COORONG DISTRICT COUNCIL,TIEOAF,H3,4.48E-05,0.032406424,H3,86.25,G2,13.75,None,0,2,100
47899,COORONG DISTRICT COUNCIL,KUMNGA,G3,0.000262528,0.084029465,G3,80,B7,20,None,0,2,100
47926,COORONG DISTRICT COUNCIL,TIENGD,H3,8.54E-06,0.011338036,H3,58.75,G2,41.25,None,0,2,100
47936,COORONG DISTRICT COUNCIL,BIRMJC,B6,0.002132959,0.290772973,B6,65,B7,35,None,0,2,100
47963,COORONG DISTRICT COUNCIL,ARCMHC,B6,1.52E-05,0.020289729,B6,24.75,B8,19.25,G2,18,6,100
47970,COORONG DISTRICT COUNCIL,ARCMHC,B6,3.84E-05,0.026737213,B6,24.75,B8,19.25,G2,18,6,100
47980,COORONG DISTRICT COUNCIL,ARCOEa,H3,0.000167426,0.1429199,H3,65,G3,19.25,G2,15.75,3,100
47986,COORONG DISTRICT COUNCIL,ARCO-A,H3,0.000610838,0.246427509,H3,100,None,0,None,0,1,100
47993,COORONG DISTRICT COUNCIL,ARCOEa,H3,0.000289267,0.141735487,H3,65,G3,19.25,G2,15.75,3,100
47995,COORONG DISTRICT COUNCIL,GOHOAa,H3,0.000280371,0.117177779,H3,52,G2,32.25,G3,15.75,3,100
48015,COORONG DISTRICT COUNCIL,MREO-A,H3,0.000204559,0.065823639,H3,80,G3,20,None,0,2,100
48020,COORONG DISTRICT COUNCIL,NGAOAE,H3,0.000200983,0.106670289,H3,75,G3,20,D3,5,3,100
48036,COORONG DISTRICT COUNCIL,MEDMHB,H3,0.000329195,0.108656408,H3,55,B3,45,None,0,2,100
48040,COORONG DISTRICT COUNCIL,TIEOAF,H3,0.000127508,0.116122682,H3,86.25,G2,13.75,None,0,2,100
48045,COORONG DISTRICT COUNCIL,ARCOEg,H3,0.000244697,0.132274381,H3,45,G3,30.25,G2,24.75,3,100
48051,COORONG DISTRICT COUNCIL,BIROEc,H3,0.000128239,0.090484668,H3,65,G2,19.25,B7,15.75,3,100
48062,COORONG DISTRICT COUNCIL,GOHMHB,B3,1.43E-05,0.014145741,B3,65,G2,19.25,H3,15.75,3,100
48115,COORONG DISTRICT COUNCIL,ARCMHC,B6,2.42E-05,0.017865725,B6,24.75,B8,19.25,G2,18,6,100
48128,COORONG DISTRICT COUNCIL,COGWI-,N2,1.03E-05,0.018536236,N2,35,B7,22,B2,18,6,100
48144,COORONG DISTRICT COUNCIL,TIENGD,H3,3.17E-05,0.033319206,H3,58.75,G2,41.25,None,0,2,100
48155,COORONG DISTRICT COUNCIL,GOHMHB,B3,9.92E-06,0.011732989,B3,65,G2,19.25,H3,15.75,3,100
48162,COORONG DISTRICT COUNCIL,GLYMJB,B3,0.000717835,0.217251849,B3,35.75,B2,29.25,H3,15.75,5,100
48163,COORONG DISTRICT COUNCIL,TIWNAA,B7,9.11E-05,0.053181075,B7,100,None,0,None,0,1,100
48179,COORONG DISTRICT COUNCIL,TIENGD,H3,1.02E-05,0.01257455,H3,58.75,G2,41.25,None,0,2,100
48199,COORONG DISTRICT COUNCIL,GOHO-A,H3,0.000663654,0.399616785,H3,75,G2,13.75,G3,11.25,3,100
48222,COORONG DISTRICT COUNCIL,TIEOAE,H3,3.16E-05,0.034332818,H3,93.25,G2,6.75,None,0,2,100
48226,COORONG DISTRICT COUNCIL,GOHMHB,B3,1.53E-05,0.016548547,B3,65,G2,19.25,H3,15.75,3,100
48238,COORONG DISTRICT COUNCIL,GLYNGF,G3,0.00024884,0.088969502,G3,45.5,G2,14,H3,10.5,7,100
48248,COORONG DISTRICT COUNCIL,GOHMHB,B3,2.46E-05,0.018212654,B3,65,G2,19.25,H3,15.75,3,100
48260,COORONG DISTRICT COUNCIL,TIEOAJ,H3,7.94E-05,0.065532597,H3,64.25,G2,35.75,None,0,2,100
48278,COORONG DISTRICT COUNCIL,TIWMJB,B6,8.20E-05,0.047457405,B6,85,B7,8.25,H3,6.75,3,100
48288,COORONG DISTRICT COUNCIL,ARCGrA,G3,9.09E-06,0.012544948,G3,40,A6,30.1,B7,29.9,3,100
48310,COORONG DISTRICT COUNCIL,GOHMHB,B3,4.08E-06,0.007731422,B3,65,G2,19.25,H3,15.75,3,100
48314,COORONG DISTRICT COUNCIL,MREO-A,H3,0.000361198,0.200542279,H3,80,G3,20,None,0,2,100
48317,COORONG DISTRICT COUNCIL,TIENGD,H3,8.43E-05,0.046899826,H3,58.75,G2,41.25,None,0,2,100
48350,COORONG DISTRICT COUNCIL,ARCMHC,B6,0.000327535,0.161833331,B6,24.75,B8,19.25,G2,18,6,100
48371,COORONG DISTRICT COUNCIL,GLYMHY,H3,0.00076295,0.276550948,H3,33,G2,27,B3,22,4,100
48401,COORONG DISTRICT COUNCIL,TIWMJB,B6,6.56E-05,0.039615764,B6,85,B7,8.25,H3,6.75,3,100
48402,COORONG DISTRICT COUNCIL,TIWMJB,B6,1.62E-05,0.014876166,B6,85,B7,8.25,H3,6.75,3,100
48407,COORONG DISTRICT COUNCIL,ARCOEg,H3,1.31E-05,0.015163922,H3,45,G3,30.25,G2,24.75,3,100
48414,COORONG DISTRICT COUNCIL,TIWMJB,B6,0.00012988,0.090923262,B6,85,B7,8.25,H3,6.75,3,100
48448,COORONG DISTRICT COUNCIL,COGMJn,B3,3.78E-05,0.024347678,B3,95,N2,5,None,0,2,100
48463,COORONG DISTRICT COUNCIL,COGMJn,B3,2.58E-06,0.00692709,B3,95,N2,5,None,0,2,100
48493,COORONG DISTRICT COUNCIL,TIEOAJ,H3,4.81E-05,0.046086527,H3,64.25,G2,35.75,None,0,2,100
48496,COORONG DISTRICT COUNCIL,GOHOAF,H3,6.72E-05,0.041733309,H3,52,G2,32.25,G3,15.75,3,100
48511,COORONG DISTRICT COUNCIL,TIWMJB,B6,1.59E-05,0.014941908,B6,85,B7,8.25,H3,6.75,3,100
48518,COORONG DISTRICT COUNCIL,TIEOAF,H3,3.40E-05,0.036855273,H3,86.25,G2,13.75,None,0,2,100
48589,COORONG DISTRICT COUNCIL,ARCMHC,B6,0.000304037,0.17589198,B6,24.75,B8,19.25,G2,18,6,100
48611,COORONG DISTRICT COUNCIL,GOHGmA,G3,5.26E-05,0.034419958,G3,85,G2,8.25,H3,6.75,3,100
48649,COORONG DISTRICT COUNCIL,COGWI-,N2,0.000286809,0.144840961,N2,35,B7,22,B2,18,6,100
48656,COORONG DISTRICT COUNCIL,NGAMHB,B6,1.87E-05,0.018333341,B6,30.25,B8,24.75,G2,18,5,100
48660,COORONG DISTRICT COUNCIL,GOHOAa,H3,8.16E-05,0.06860053,H3,52,G2,32.25,G3,15.75,3,100
48661,COORONG DISTRICT COUNCIL,TIENGD,H3,1.94E-05,0.019159379,H3,58.75,G2,41.25,None,0,2,100
48671,COORONG DISTRICT COUNCIL,MEDMHB,H3,0.000220927,0.109203537,H3,55,B3,45,None,0,2,100
48689,COORONG DISTRICT COUNCIL,FIEOAG,H3,7.62E-05,0.064374302,H3,75,G3,25,None,0,2,100
48695,COORONG DISTRICT COUNCIL,ARCMHY,B6,1.69E-05,0.016250135,B6,20.25,G2,16,B8,15.75,7,100
48700,COORONG DISTRICT COUNCIL,GOHGmA,G3,3.99E-05,0.031452025,G3,85,G2,8.25,H3,6.75,3,100
48720,COORONG DISTRICT COUNCIL,ARCOEg,H3,1.48E-05,0.014749388,H3,45,G3,30.25,G2,24.75,3,100
48726,COORONG DISTRICT COUNCIL,TIEOAF,H3,3.64E-05,0.044915524,H3,86.25,G2,13.75,None,0,2,100
48729,COORONG DISTRICT COUNCIL,ARCOEg,H3,4.78E-05,0.051410741,H3,45,G3,30.25,G2,24.75,3,100
48777,COORONG DISTRICT COUNCIL,GOHMHB,B3,1.64E-05,0.015777411,B3,65,G2,19.25,H3,15.75,3,100
48787,COORONG DISTRICT COUNCIL,GLYNGF,G3,8.85E-05,0.05466283,G3,45.5,G2,14,H3,10.5,7,100
48799,COORONG DISTRICT COUNCIL,TIEOAJ,H3,0.000138507,0.069980026,H3,64.25,G2,35.75,None,0,2,100
48803,COORONG DISTRICT COUNCIL,NGAOAE,H3,0.000233621,0.16260093,H3,75,G3,20,D3,5,3,100
48811,COORONG DISTRICT COUNCIL,TIWOEG,B7,1.41E-05,0.020907261,B7,55,H3,45,None,0,2,100
48837,COORONG DISTRICT COUNCIL,TIEOAF,H3,0.000199847,0.182172982,H3,86.25,G2,13.75,None,0,2,100
48843,COORONG DISTRICT COUNCIL,ARCMHY,B6,0.000103501,0.080091084,B6,20.25,G2,16,B8,15.75,7,100
48854,COORONG DISTRICT COUNCIL,TIENGD,H3,0.000128948,0.079003705,H3,58.75,G2,41.25,None,0,2,100
48855,COORONG DISTRICT COUNCIL,ARCOEa,H3,0.000169731,0.092982409,H3,65,G3,19.25,G2,15.75,3,100
48870,COORONG DISTRICT COUNCIL,TIENGD,H3,0.004540715,1.501034622,H3,58.75,G2,41.25,None,0,2,100
48871,COORONG DISTRICT COUNCIL,ARCOEa,H3,2.19E-05,0.029789313,H3,65,G3,19.25,G2,15.75,3,100
48872,COORONG DISTRICT COUNCIL,MEDMHB,H3,1.96E-05,0.022151383,H3,55,B3,45,None,0,2,100
48891,COORONG DISTRICT COUNCIL,ARCOEg,H3,5.63E-05,0.052055223,H3,45,G3,30.25,G2,24.75,3,100
48896,COORONG DISTRICT COUNCIL,GLYMJC,B3,0.00091067,0.196909892,B3,35.75,B2,29.25,H3,15.75,5,100
48898,COORONG DISTRICT COUNCIL,ARCOEa,H3,0.000183179,0.092371022,H3,65,G3,19.25,G2,15.75,3,100
48931,COORONG DISTRICT COUNCIL,TIWMJB,B6,5.82E-05,0.053901433,B6,85,B7,8.25,H3,6.75,3,100
48932,COORONG DISTRICT COUNCIL,ARCO-A,H3,3.39E-05,0.036365066,H3,100,None,0,None,0,1,100
48949,COORONG DISTRICT COUNCIL,GOHO-A,H3,0.0001275,0.074990791,H3,75,G2,13.75,G3,11.25,3,100
48955,COORONG DISTRICT COUNCIL,BIRMJD,B6,0.001059128,0.196092351,B6,65,B7,35,None,0,2,100
48963,COORONG DISTRICT COUNCIL,TIEOAF,H3,3.54E-05,0.040728043,H3,86.25,G2,13.75,None,0,2,100
48966,COORONG DISTRICT COUNCIL,NGAOAE,H3,5.53E-05,0.036795806,H3,75,G3,20,D3,5,3,100
48994,COORONG DISTRICT COUNCIL,BIRMJC,B6,4.58E-05,0.032963699,B6,65,B7,35,None,0,2,100
48995,COORONG DISTRICT COUNCIL,GOHMHB,B3,2.29E-05,0.019560154,B3,65,G2,19.25,H3,15.75,3,100
49000,COORONG DISTRICT COUNCIL,TIEOAE,H3,6.04E-05,0.055024402,H3,93.25,G2,6.75,None,0,2,100
49013,COORONG DISTRICT COUNCIL,GOHMHB,B3,6.53E-05,0.033353944,B3,65,G2,19.25,H3,15.75,3,100
49024,COORONG DISTRICT COUNCIL,MREO-A,H3,0.000173265,0.080702156,H3,80,G3,20,None,0,2,100
49026,COORONG DISTRICT COUNCIL,GLYNGF,G3,0.000199418,0.10922631,G3,45.5,G2,14,H3,10.5,7,100
49039,COORONG DISTRICT COUNCIL,NGAOEb,H3,9.49E-05,0.048705061,H3,65,G1,19.25,B6,15.75,3,100
49041,COORONG DISTRICT COUNCIL,GOHMHB,B3,1.01E-05,0.012471306,B3,65,G2,19.25,H3,15.75,3,100
49042,COORONG DISTRICT COUNCIL,ARCGrA,G3,2.18E-05,0.026832465,G3,40,A6,30.1,B7,29.9,3,100
49050,COORONG DISTRICT COUNCIL,COGMJn,B3,1.13E-05,0.021784592,B3,95,N2,5,None,0,2,100
49078,COORONG DISTRICT COUNCIL,ARCOEb,H3,0.000309191,0.225836378,H3,65,G3,19.25,G2,15.75,3,100
49086,COORONG DISTRICT COUNCIL,NGAOAE,H3,3.81E-05,0.035433512,H3,75,G3,20,D3,5,3,100
49088,COORONG DISTRICT COUNCIL,TIEO-B,H3,1.55E-05,0.01948055,H3,100,None,0,None,0,1,100
49093,COORONG DISTRICT COUNCIL,TIEOAJ,H3,1.34E-05,0.022319643,H3,64.25,G2,35.75,None,0,2,100
49100,COORONG DISTRICT COUNCIL,TIEOAJ,H3,2.23E-05,0.0282809,H3,64.25,G2,35.75,None,0,2,100
49122,COORONG DISTRICT COUNCIL,MEDNGp,G3,0.000477021,0.178330062,G3,75,H3,20,B7,5,3,100
49127,COORONG DISTRICT COUNCIL,ARCO-A,H3,3.89E-05,0.049437253,H3,100,None,0,None,0,1,100
49134,COORONG DISTRICT COUNCIL,COGMJn,B3,1.04E-05,0.016725517,B3,95,N2,5,None,0,2,100
49140,COORONG DISTRICT COUNCIL,KUMOAF,H3,2.62E-05,0.029278564,H3,75,G2,13.75,G3,11.25,3,100
49155,COORONG DISTRICT COUNCIL,KUMO-B,H3,1.89E-05,0.024383547,H3,100,None,0,None,0,1,100
49156,COORONG DISTRICT COUNCIL,KUMZS-,N2,3.30E-06,0.007162749,N2,100,None,0,None,0,1,100
49213,COORONG DISTRICT COUNCIL,ARCOEg,H3,0.000443437,0.225042924,H3,45,G3,30.25,G2,24.75,3,100
49214,COORONG DISTRICT COUNCIL,GOHOAa,H3,0.000107545,0.065846159,H3,52,G2,32.25,G3,15.75,3,100
49216,COORONG DISTRICT COUNCIL,KUMOAF,H3,6.25E-05,0.062533706,H3,75,G2,13.75,G3,11.25,3,100
49220,COORONG DISTRICT COUNCIL,MEDOAF,H3,0.000238996,0.177639805,H3,75,G3,25,None,0,2,100
49226,COORONG DISTRICT COUNCIL,GLYZS-,N2,5.76E-06,0.008974738,N2,100,None,0,None,0,1,100
49235,COORONG DISTRICT COUNCIL,KUMOAF,H3,0.000382025,0.165369614,H3,75,G2,13.75,G3,11.25,3,100
49247,COORONG DISTRICT COUNCIL,GLYNGD,G3,1.34E-05,0.014012656,G3,39,H3,34,G2,12,5,100
49249,COORONG DISTRICT COUNCIL,TIEOAF,H3,4.49E-05,0.044980239,H3,86.25,G2,13.75,None,0,2,100
49257,COORONG DISTRICT COUNCIL,ARCOEa,H3,5.45E-05,0.041948405,H3,65,G3,19.25,G2,15.75,3,100
49276,COORONG DISTRICT COUNCIL,ARCOEg,H3,1.06E-05,0.014106236,H3,45,G3,30.25,G2,24.75,3,100
49279,COORONG DISTRICT COUNCIL,ARCMHC,B6,2.04E-05,0.01800597,B6,24.75,B8,19.25,G2,18,6,100
49286,COORONG DISTRICT COUNCIL,ARCOEg,H3,1.58E-05,0.015811068,H3,45,G3,30.25,G2,24.75,3,100
49292,COORONG DISTRICT COUNCIL,KUMZS-,N2,1.16E-05,0.017737595,N2,100,None,0,None,0,1,100
49294,COORONG DISTRICT COUNCIL,TIEOAF,H3,6.63E-05,0.083491313,H3,86.25,G2,13.75,None,0,2,100
49303,COORONG DISTRICT COUNCIL,ARCOEa,H3,0.000195052,0.078091227,H3,65,G3,19.25,G2,15.75,3,100
49311,COORONG DISTRICT COUNCIL,TIEOAE,H3,1.81E-05,0.024326457,H3,93.25,G2,6.75,None,0,2,100
49314,COORONG DISTRICT COUNCIL,GLYZoO,N2,5.05E-05,0.039766207,N2,60,H3,30,G4,10,3,100
49322,COORONG DISTRICT COUNCIL,KUMZS-,N2,1.36E-05,0.021816751,N2,100,None,0,None,0,1,100
49341,COORONG DISTRICT COUNCIL,NGAOAJ,H3,0.000150372,0.09142335,H3,45,G3,44,D3,11,3,100
49350,COORONG DISTRICT COUNCIL,ARCOEa,H3,0.000155345,0.073386897,H3,65,G3,19.25,G2,15.75,3,100
49360,COORONG DISTRICT COUNCIL,ARCGrA,G3,1.53E-05,0.017186053,G3,40,A6,30.1,B7,29.9,3,100
49361,COORONG DISTRICT COUNCIL,ARCMHC,B6,0.000178024,0.092794957,B6,24.75,B8,19.25,G2,18,6,100
49369,COORONG DISTRICT COUNCIL,GOHO-A,H3,0.00057535,0.258522143,H3,75,G2,13.75,G3,11.25,3,100
49376,COORONG DISTRICT COUNCIL,TIEOAJ,H3,4.96E-06,0.011996708,H3,64.25,G2,35.75,None,0,2,100
49381,COORONG DISTRICT COUNCIL,ARCMHC,B6,1.79E-05,0.021381579,B6,24.75,B8,19.25,G2,18,6,100
49384,COORONG DISTRICT COUNCIL,ARCMHC,B6,5.39E-05,0.033086566,B6,24.75,B8,19.25,G2,18,6,100
49390,COORONG DISTRICT COUNCIL,GLYZoO,N2,1.33E-05,0.019411091,N2,60,H3,30,G4,10,3,100
49391,COORONG DISTRICT COUNCIL,MREO-A,H3,0.002943584,0.792322102,H3,80,G3,20,None,0,2,100
49403,COORONG DISTRICT COUNCIL,ARCMHC,B6,1.42E-05,0.01627121,B6,24.75,B8,19.25,G2,18,6,100
49406,COORONG DISTRICT COUNCIL,MREOAI,H3,0.000259632,0.10997422,H3,45,G3,44,D3,11,3,100
49408,COORONG DISTRICT COUNCIL,COGMJn,B3,0.000255565,0.164138231,B3,95,N2,5,None,0,2,100
49411,COORONG DISTRICT COUNCIL,TIENGD,H3,6.92E-05,0.043897706,H3,58.75,G2,41.25,None,0,2,100
49418,COORONG DISTRICT COUNCIL,ARCGrA,G3,0.00013856,0.058339848,G3,40,A6,30.1,B7,29.9,3,100
49419,COORONG DISTRICT COUNCIL,ARCGrA,G3,2.52E-05,0.025334512,G3,40,A6,30.1,B7,29.9,3,100
49421,COORONG DISTRICT COUNCIL,BIRMIC,B6,0.00285421,0.446188559,B6,65,B7,35,None,0,2,100
49422,COORONG DISTRICT COUNCIL,GLYNGF,G3,0.000198709,0.101608802,G3,45.5,G2,14,H3,10.5,7,100
49427,COORONG DISTRICT COUNCIL,KUMOAJ,G2,4.22E-05,0.037122668,G2,35.75,H3,35,G3,29.25,3,100
49436,COORONG DISTRICT COUNCIL,TIEOAE,H3,2.40E-05,0.027790295,H3,93.25,G2,6.75,None,0,2,100
49440,COORONG DISTRICT COUNCIL,GLYMHC,B3,0.000150208,0.075329903,B3,30.25,B7,24.75,H3,24.75,4,100
49447,COORONG DISTRICT COUNCIL,BIRGrE,B7,0.000115728,0.058410195,B7,35,B6,30,A6,20,4,100
49457,COORONG DISTRICT COUNCIL,TIEOAF,H3,2.16E-05,0.023549123,H3,86.25,G2,13.75,None,0,2,100
49464,COORONG DISTRICT COUNCIL,ARCMHC,B6,0.001413968,0.324839412,B6,24.75,B8,19.25,G2,18,6,100
49467,COORONG DISTRICT COUNCIL,ARCOEa,H3,0.000197592,0.12305263,H3,65,G3,19.25,G2,15.75,3,100
49473,COORONG DISTRICT COUNCIL,MEDOAF,H3,4.70E-05,0.036123981,H3,75,G3,25,None,0,2,100
49474,COORONG DISTRICT COUNCIL,KUMOAM,H3,0.000395618,0.143938655,H3,75,G2,11,G3,9,5,100
49481,COORONG DISTRICT COUNCIL,MREMHB,B3,7.50E-06,0.012510237,B3,30.25,B8,24.75,G2,18,5,100
49490,COORONG DISTRICT COUNCIL,KUMMJB,B6,2.37E-05,0.017995066,B6,100,None,0,None,0,1,100
49493,COORONG DISTRICT COUNCIL,ARCGrA,G3,9.00E-06,0.011936574,G3,40,A6,30.1,B7,29.9,3,100
49494,COORONG DISTRICT COUNCIL,COGMJn,B3,5.58E-05,0.037505245,B3,95,N2,5,None,0,2,100
49495,COORONG DISTRICT COUNCIL,GLYMHC,B3,8.42E-05,0.037757518,B3,30.25,B7,24.75,H3,24.75,4,100
49506,COORONG DISTRICT COUNCIL,COGWI-,N2,2.06E-05,0.032066211,N2,35,B7,22,B2,18,6,100
49518,COORONG DISTRICT COUNCIL,KUMOAF,H3,0.000144204,0.091715309,H3,75,G2,13.75,G3,11.25,3,100
49550,COORONG DISTRICT COUNCIL,ARCOEa,H3,1.94E-05,0.02101128,H3,65,G3,19.25,G2,15.75,3,100
49555,COORONG DISTRICT COUNCIL,GLYZS-,N2,5.02E-05,0.044449422,N2,100,None,0,None,0,1,100
49559,COORONG DISTRICT COUNCIL,KUMO-B,H3,8.68E-06,0.011664391,H3,100,None,0,None,0,1,100
49562,COORONG DISTRICT COUNCIL,COGWP-,N2,9.91E-05,0.04306565,N2,100,None,0,None,0,1,100
49567,COORONG DISTRICT COUNCIL,TIEOAE,H3,1.93E-05,0.026234008,H3,93.25,G2,6.75,None,0,2,100
49574,COORONG DISTRICT COUNCIL,ARCOEg,H3,4.02E-05,0.023247511,H3,45,G3,30.25,G2,24.75,3,100
49575,COORONG DISTRICT COUNCIL,GLYZS-,N2,8.78E-06,0.011221123,N2,100,None,0,None,0,1,100
49576,COORONG DISTRICT COUNCIL,COGWVF,H1,2.97E-05,0.02413812,H1,55,B3,45,None,0,2,100
49596,COORONG DISTRICT COUNCIL,ARCOEa,H3,0.000595136,0.248950737,H3,65,G3,19.25,G2,15.75,3,100
49602,COORONG DISTRICT COUNCIL,TIEOAJ,H3,1.02E-05,0.014148929,H3,64.25,G2,35.75,None,0,2,100
49626,COORONG DISTRICT COUNCIL,ARCMHC,B6,0.000513396,0.232919827,B6,24.75,B8,19.25,G2,18,6,100
49644,COORONG DISTRICT COUNCIL,MEDNGA,G3,0.000317838,0.151730209,G3,100,None,0,None,0,1,100
49657,COORONG DISTRICT COUNCIL,ARCMHY,B6,2.93E-05,0.029580371,B6,20.25,G2,16,B8,15.75,7,100
49660,COORONG DISTRICT COUNCIL,TIEOAF,H3,1.60E-05,0.030111469,H3,86.25,G2,13.75,None,0,2,100
49677,COORONG DISTRICT COUNCIL,ARCO-A,H3,6.32E-05,0.043530088,H3,100,None,0,None,0,1,100
49682,COORONG DISTRICT COUNCIL,COGMJn,B3,1.45E-05,0.015255236,B3,95,N2,5,None,0,2,100
49684,COORONG DISTRICT COUNCIL,GLYMJC,B3,0.005509307,0.602592414,B3,35.75,B2,29.25,H3,15.75,5,100
49697,COORONG DISTRICT COUNCIL,GOHOAa,H3,0.000339545,0.143863408,H3,52,G2,32.25,G3,15.75,3,100
49707,COORONG DISTRICT COUNCIL,TIEOAJ,H3,4.95E-05,0.055512638,H3,64.25,G2,35.75,None,0,2,100
49708,COORONG DISTRICT COUNCIL,MEDNGD,G3,8.64E-05,0.049185401,G3,75,H3,25,None,0,2,100
49711,COORONG DISTRICT COUNCIL,ARCO-A,H3,3.84E-05,0.032825031,H3,100,None,0,None,0,1,100
49712,COORONG DISTRICT COUNCIL,ARCOEg,H3,1.15E-05,0.01528005,H3,45,G3,30.25,G2,24.75,3,100
49714,COORONG DISTRICT COUNCIL,MEDO-B,H3,1.17E-05,0.014076127,H3,100,None,0,None,0,1,100
49718,COORONG DISTRICT COUNCIL,GOHOAI,G2,2.56E-05,0.022459917,G2,39.25,H3,36,G3,24.75,3,100
49719,COORONG DISTRICT COUNCIL,COGMJn,B3,6.54E-06,0.010470313,B3,95,N2,5,None,0,2,100
49720,COORONG DISTRICT COUNCIL,ARCOEg,H3,7.56E-05,0.052325122,H3,45,G3,30.25,G2,24.75,3,100
49727,COORONG DISTRICT COUNCIL,ARCMRL,G3,3.69E-05,0.033823003,G3,29,B7,21.705,B3,19.25,5,100
49729,COORONG DISTRICT COUNCIL,MEDOAF,H3,2.11E-05,0.022680826,H3,75,G3,25,None,0,2,100
49734,COORONG DISTRICT COUNCIL,KUMO-B,H3,2.00E-05,0.019007366,H3,100,None,0,None,0,1,100
49738,COORONG DISTRICT COUNCIL,KUMOAJ,G2,0.001882008,0.655340131,G2,35.75,H3,35,G3,29.25,3,100
49741,COORONG DISTRICT COUNCIL,COGWP-,N2,4.31E-05,0.037338064,N2,100,None,0,None,0,1,100
49750,COORONG DISTRICT COUNCIL,MEDO-B,H3,3.00E-05,0.034680589,H3,100,None,0,None,0,1,100
49753,COORONG DISTRICT COUNCIL,COGMJn,B3,5.74E-05,0.039170639,B3,95,N2,5,None,0,2,100
49754,COORONG DISTRICT COUNCIL,ARCMHC,B6,4.22E-05,0.023991595,B6,24.75,B8,19.25,G2,18,6,100
49755,COORONG DISTRICT COUNCIL,GLYMJB,B3,0.000265878,0.072822324,B3,35.75,B2,29.25,H3,15.75,5,100
49763,COORONG DISTRICT COUNCIL,KUMOAF,H3,6.30E-05,0.047733578,H3,75,G2,13.75,G3,11.25,3,100
49767,COORONG DISTRICT COUNCIL,GLYNGD,G3,0.000950304,0.346836588,G3,39,H3,34,G2,12,5,100
49775,COORONG DISTRICT COUNCIL,MEDNGA,G3,0.00085152,0.318391356,G3,100,None,0,None,0,1,100
49777,COORONG DISTRICT COUNCIL,ARCMHC,B6,0.0001803,0.071583928,B6,24.75,B8,19.25,G2,18,6,100
49778,COORONG DISTRICT COUNCIL,BIRGrA,B7,0.000211436,0.08215644,B7,35,B6,30,A6,20,4,100
49786,COORONG DISTRICT COUNCIL,COGWI-,N2,0.000107971,0.109209722,N2,35,B7,22,B2,18,6,100
49794,COORONG DISTRICT COUNCIL,MEDOAG,H3,2.03E-05,0.020842895,H3,55,G3,45,None,0,2,100
49803,COORONG DISTRICT COUNCIL,MEDNGA,G3,0.000328551,0.124437283,G3,100,None,0,None,0,1,100
49804,COORONG DISTRICT COUNCIL,ARCMHC,B6,0.000231631,0.108686002,B6,24.75,B8,19.25,G2,18,6,100
49812,COORONG DISTRICT COUNCIL,GLYMJC,B3,0.000110368,0.071903302,B3,35.75,B2,29.25,H3,15.75,5,100
49815,COORONG DISTRICT COUNCIL,KUMOAE,H3,6.90E-05,0.05507924,H3,85,G2,8.25,G3,6.75,3,100
49816,COORONG DISTRICT COUNCIL,TIEOAJ,H3,6.95E-05,0.069354065,H3,64.25,G2,35.75,None,0,2,100
49825,COORONG DISTRICT COUNCIL,ARCMHC,B6,0.000710416,0.18830874,B6,24.75,B8,19.25,G2,18,6,100
49830,COORONG DISTRICT COUNCIL,ARCOEg,H3,7.81E-05,0.042693931,H3,45,G3,30.25,G2,24.75,3,100
49850,COORONG DISTRICT COUNCIL,NGAOAJ,H3,0.000402663,0.171939654,H3,45,G3,44,D3,11,3,100
49854,COORONG DISTRICT COUNCIL,NGAOAE,H3,6.79E-05,0.052056862,H3,75,G3,20,D3,5,3,100
49857,COORONG DISTRICT COUNCIL,COGMJn,B3,0.000259367,0.104900438,B3,95,N2,5,None,0,2,100
49876,COORONG DISTRICT COUNCIL,ARCGrA,G3,1.53E-05,0.015974211,G3,40,A6,30.1,B7,29.9,3,100
49920,COORONG DISTRICT COUNCIL,ARCMRL,G3,7.34E-05,0.041505841,G3,29,B7,21.705,B3,19.25,5,100
49929,COORONG DISTRICT COUNCIL,ARCOEg,H3,2.93E-05,0.025012037,H3,45,G3,30.25,G2,24.75,3,100
49958,COORONG DISTRICT COUNCIL,TINNAD,B7,0.000608072,0.282731361,B7,29.25,B3,22.75,H3,19.25,5,100
49962,COORONG DISTRICT COUNCIL,TIEOAF,H3,0.000170553,0.149935624,H3,86.25,G2,13.75,None,0,2,100
49967,COORONG DISTRICT COUNCIL,MEDOAJ,G3,0.000545508,0.204737591,G3,65,H3,35,None,0,2,100
49980,COORONG DISTRICT COUNCIL,KUMOAF,H3,3.61E-05,0.034718989,H3,75,G2,13.75,G3,11.25,3,100
50006,COORONG DISTRICT COUNCIL,GOHOAe,G2,0.000262375,0.076604375,G2,39.25,H3,36,G3,24.75,3,100
50012,COORONG DISTRICT COUNCIL,COGWI-,N2,2.03E-05,0.028235787,N2,35,B7,22,B2,18,6,100
50025,COORONG DISTRICT COUNCIL,ARCMHC,B6,0.000464363,0.106954198,B6,24.75,B8,19.25,G2,18,6,100
50044,COORONG DISTRICT COUNCIL,KUMOAF,H3,0.001792289,0.554618848,H3,75,G2,13.75,G3,11.25,3,100
50058,COORONG DISTRICT COUNCIL,TIEOAE,H3,0.000191074,0.163704611,H3,93.25,G2,6.75,None,0,2,100
50062,COORONG DISTRICT COUNCIL,ARCOEg,H3,0.001600599,0.539041272,H3,45,G3,30.25,G2,24.75,3,100
50071,COORONG DISTRICT COUNCIL,ARCMHY,B6,0.001057639,0.303790448,B6,20.25,G2,16,B8,15.75,7,100
50081,COORONG DISTRICT COUNCIL,GOHGmA,G3,1.40E-05,0.014056397,G3,85,G2,8.25,H3,6.75,3,100
50084,COORONG DISTRICT COUNCIL,TIEOAE,H3,1.52E-05,0.021640485,H3,93.25,G2,6.75,None,0,2,100
50085,COORONG DISTRICT COUNCIL,TIEOAJ,H3,4.67E-05,0.05441608,H3,64.25,G2,35.75,None,0,2,100
50086,COORONG DISTRICT COUNCIL,TIEOAJ,H3,5.37E-05,0.039487216,H3,64.25,G2,35.75,None,0,2,100
50091,COORONG DISTRICT COUNCIL,ARCMHC,B6,0.000118747,0.058006823,B6,24.75,B8,19.25,G2,18,6,100
50096,COORONG DISTRICT COUNCIL,MEDNGA,G3,0.000187296,0.068393633,G3,100,None,0,None,0,1,100
50106,COORONG DISTRICT COUNCIL,GLYMJC,B3,0.000992511,0.276627294,B3,35.75,B2,29.25,H3,15.75,5,100
50110,COORONG DISTRICT COUNCIL,ARCMHC,B6,8.79E-06,0.015031393,B6,24.75,B8,19.25,G2,18,6,100
50119,COORONG DISTRICT COUNCIL,COGMJn,B3,1.99E-05,0.02113866,B3,95,N2,5,None,0,2,100
50135,COORONG DISTRICT COUNCIL,KUMNGD,G3,0.004184355,0.978122821,G3,52,B7,21.97,H3,12,6,100
50141,COORONG DISTRICT COUNCIL,ARCMRL,G3,0.001320859,0.323894136,G3,29,B7,21.705,B3,19.25,5,100
50144,COORONG DISTRICT COUNCIL,GLYMHB,B3,0.000212066,0.094323217,B3,30.25,B7,24.75,H3,24.75,4,100
50173,COORONG DISTRICT COUNCIL,ARCMHC,B6,0.000207883,0.083834895,B6,24.75,B8,19.25,G2,18,6,100
50178,COORONG DISTRICT COUNCIL,GLYNGF,G3,0.000191901,0.115972626,G3,45.5,G2,14,H3,10.5,7,100
50179,COORONG DISTRICT COUNCIL,MEDOAF,H3,0.000109754,0.070611061,H3,75,G3,25,None,0,2,100
50186,COORONG DISTRICT COUNCIL,GOHGmA,G3,1.32E-05,0.015545869,G3,85,G2,8.25,H3,6.75,3,100
50216,COORONG DISTRICT COUNCIL,GOHMHB,B3,6.70E-06,0.010636821,B3,65,G2,19.25,H3,15.75,3,100
50229,COORONG DISTRICT COUNCIL,GOHGmA,G3,1.96E-05,0.025190333,G3,85,G2,8.25,H3,6.75,3,100
50240,COORONG DISTRICT COUNCIL,ARCMHC,B6,7.71E-05,0.052075735,B6,24.75,B8,19.25,G2,18,6,100
50253,COORONG DISTRICT COUNCIL,GLYZoO,N2,7.36E-05,0.060748975,N2,60,H3,30,G4,10,3,100
50256,COORONG DISTRICT COUNCIL,ARCMHC,B6,2.83E-05,0.028791349,B6,24.75,B8,19.25,G2,18,6,100
50259,COORONG DISTRICT COUNCIL,KUMZS-,N2,9.36E-06,0.013387176,N2,100,None,0,None,0,1,100
50266,COORONG DISTRICT COUNCIL,TIEOAJ,H3,2.85E-05,0.035987467,H3,64.25,G2,35.75,None,0,2,100
50279,COORONG DISTRICT COUNCIL,GLYZnO,G4,0.00036779,0.215380381,G4,55,N2,40,B3,2.75,4,100
50280,COORONG DISTRICT COUNCIL,ARCOEg,H3,0.000383747,0.214192996,H3,45,G3,30.25,G2,24.75,3,100
50283,COORONG DISTRICT COUNCIL,KUMNGA,G3,0.000122513,0.065869177,G3,80,B7,20,None,0,2,100
50287,COORONG DISTRICT COUNCIL,GOHOAa,H3,0.000214799,0.11687649,H3,52,G2,32.25,G3,15.75,3,100
50288,COORONG DISTRICT COUNCIL,TIEOAJ,H3,5.64E-05,0.067822041,H3,64.25,G2,35.75,None,0,2,100
50290,COORONG DISTRICT COUNCIL,NGAO-A,H3,4.15E-05,0.04323008,H3,80,G3,20,None,0,2,100
50298,COORONG DISTRICT COUNCIL,NGAOAE,H3,0.000152559,0.096150996,H3,75,G3,20,D3,5,3,100
50304,COORONG DISTRICT COUNCIL,FIEOAG,H3,7.65E-05,0.078516365,H3,75,G3,25,None,0,2,100
50306,COORONG DISTRICT COUNCIL,MEDNGD,G3,0.004471468,1.164247417,G3,75,H3,25,None,0,2,100
50326,COORONG DISTRICT COUNCIL,ARCO-A,H3,5.38E-05,0.032523267,H3,100,None,0,None,0,1,100
50335,COORONG DISTRICT COUNCIL,FIEOAG,H3,5.21E-05,0.066422391,H3,75,G3,25,None,0,2,100
50340,COORONG DISTRICT COUNCIL,TIEOAF,H3,1.09E-05,0.013163382,H3,86.25,G2,13.75,None,0,2,100
50366,COORONG DISTRICT COUNCIL,TIEOAE,H3,6.75E-05,0.056785363,H3,93.25,G2,6.75,None,0,2,100
50378,COORONG DISTRICT COUNCIL,TIEOAJ,H3,6.87E-06,0.01011635,H3,64.25,G2,35.75,None,0,2,100
50380,COORONG DISTRICT COUNCIL,ARCOEg,H3,0.000136158,0.051190754,H3,45,G3,30.25,G2,24.75,3,100
50382,COORONG DISTRICT COUNCIL,KUMOAF,H3,0.000246085,0.106460861,H3,75,G2,13.75,G3,11.25,3,100
50396,COORONG DISTRICT COUNCIL,GOHO-A,H3,0.000125088,0.092865124,H3,75,G2,13.75,G3,11.25,3,100
50407,COORONG DISTRICT COUNCIL,KUMNAA,B7,7.08E-05,0.038569393,B7,65,G3,20,B3,15,3,100
50416,COORONG DISTRICT COUNCIL,GLYZS-,N2,8.49E-06,0.011102159,N2,100,None,0,None,0,1,100
50422,COORONG DISTRICT COUNCIL,COBNGd,G2,1.43E-05,0.015792244,G2,29.75,B7,25.5,H3,17,5,100
50428,COORONG DISTRICT COUNCIL,KUMO-B,H3,4.33E-05,0.054038256,H3,100,None,0,None,0,1,100
50430,COORONG DISTRICT COUNCIL,GLYNGD,G3,4.33E-05,0.034623763,G3,39,H3,34,G2,12,5,100
50431,COORONG DISTRICT COUNCIL,LELNGp,G3,6.96E-05,0.037269875,G3,65,G4,12,H3,9,6,100
50432,COORONG DISTRICT COUNCIL,KUMNGF,G3,2.87E-05,0.033408654,G3,76,B7,19,N2,4,4,100
50433,COORONG DISTRICT COUNCIL,ARCMHC,B6,0.000110189,0.048053901,B6,24.75,B8,19.25,G2,18,6,100
50434,COORONG DISTRICT COUNCIL,KUMOAF,H3,0.000102775,0.075660844,H3,75,G2,13.75,G3,11.25,3,100
50443,COORONG DISTRICT COUNCIL,MEDO-A,H3,9.22E-05,0.071052292,H3,100,None,0,None,0,1,100
50468,COORONG DISTRICT COUNCIL,GOHOAI,G2,6.91E-05,0.041945659,G2,39.25,H3,36,G3,24.75,3,100
50485,COORONG DISTRICT COUNCIL,KUMOAI,G2,0.00021143,0.134114293,G2,35.75,H3,35,G3,29.25,3,100
50487,COORONG DISTRICT COUNCIL,TIENGD,H3,0.000169871,0.088774244,H3,58.75,G2,41.25,None,0,2,100
50497,COORONG DISTRICT COUNCIL,GLYMJt,B3,0.001791617,0.54346993,B3,24.75,B2,20.25,H3,18,8,100
50500,COORONG DISTRICT COUNCIL,KUMNAA,B7,5.13E-05,0.032018862,B7,65,G3,20,B3,15,3,100
50504,COORONG DISTRICT COUNCIL,CMBNAA,B7,4.85E-06,0.009622191,B7,55,G4,45,None,0,2,100
50509,COORONG DISTRICT COUNCIL,KUMO-B,H3,1.10E-05,0.014222418,H3,100,None,0,None,0,1,100
50518,COORONG DISTRICT COUNCIL,GOHGmA,G3,1.58E-05,0.017704802,G3,85,G2,8.25,H3,6.75,3,100
50519,COORONG DISTRICT COUNCIL,KUMNAA,B7,1.73E-05,0.026448755,B7,65,G3,20,B3,15,3,100
50525,COORONG DISTRICT COUNCIL,KUMNGA,G3,1.39E-05,0.022499408,G3,80,B7,20,None,0,2,100
50527,COORONG DISTRICT COUNCIL,ARCMHY,B6,0.000151927,0.066711848,B6,20.25,G2,16,B8,15.75,7,100
50532,COORONG DISTRICT COUNCIL,KUMOAF,H3,0.001097141,0.43738718,H3,75,G2,13.75,G3,11.25,3,100
50534,COORONG DISTRICT COUNCIL,GOHOAI,G2,4.98E-05,0.037406533,G2,39.25,H3,36,G3,24.75,3,100
50554,COORONG DISTRICT COUNCIL,MEDO-A,H3,5.73E-05,0.05230528,H3,100,None,0,None,0,1,100
50557,COORONG DISTRICT COUNCIL,GOHGmA,G3,0.000116291,0.062305481,G3,85,G2,8.25,H3,6.75,3,100
50558,COORONG DISTRICT COUNCIL,KUMNGD,G3,0.000126353,0.084699554,G3,52,B7,21.97,H3,12,6,100
50563,COORONG DISTRICT COUNCIL,KUMOAE,H3,1.97E-05,0.02433302,H3,85,G2,8.25,G3,6.75,3,100
50565,COORONG DISTRICT COUNCIL,KUMOAE,H3,0.000139849,0.118496551,H3,85,G2,8.25,G3,6.75,3,100
50570,COORONG DISTRICT COUNCIL,RICNAb,B7,0.000174052,0.083344565,B7,41.25,B6,33.75,H3,9,6,100
50571,COORONG DISTRICT COUNCIL,LELOSX,H3,0.001381547,0.45956887,H3,35.75,G2,29.25,G3,16,5,100
50575,COORONG DISTRICT COUNCIL,MREO-A,H3,0.000215356,0.107767929,H3,80,G3,20,None,0,2,100
50580,COORONG DISTRICT COUNCIL,LELZS-,N2,2.47E-05,0.027121352,N2,100,None,0,None,0,1,100
50582,COORONG DISTRICT COUNCIL,ARCMRL,G3,0.000103822,0.07086528,G3,29,B7,21.705,B3,19.25,5,100
50583,COORONG DISTRICT COUNCIL,NGAOAF,H3,0.000629367,0.161663414,H3,75,G3,20,D3,5,3,100
50586,COORONG DISTRICT COUNCIL,GLYMJt,B3,7.40E-05,0.065366302,B3,24.75,B2,20.25,H3,18,8,100
50590,COORONG DISTRICT COUNCIL,KUMNAD,B7,0.000182677,0.083965952,B7,48.75,G3,15,H3,13.75,5,100
50592,COORONG DISTRICT COUNCIL,KUMNAF,B7,0.000856233,0.299917911,B7,61.75,G3,19,B3,14.25,5,100
50596,COORONG DISTRICT COUNCIL,KUMNAD,B7,0.000229443,0.098811241,B7,48.75,G3,15,H3,13.75,5,100
50598,COORONG DISTRICT COUNCIL,KUMO-B,H3,2.49E-05,0.028123823,H3,100,None,0,None,0,1,100
50604,COORONG DISTRICT COUNCIL,KUMZS-,N2,1.59E-05,0.016205053,N2,100,None,0,None,0,1,100
50605,COORONG DISTRICT COUNCIL,MREOAJ,H3,9.82E-05,0.063262813,H3,45,G3,44,D3,11,3,100
50608,COORONG DISTRICT COUNCIL,MEDMHB,H3,0.00014169,0.075774275,H3,55,B3,45,None,0,2,100
50609,COORONG DISTRICT COUNCIL,ARCMHY,B6,3.29E-05,0.032314224,B6,20.25,G2,16,B8,15.75,7,100
50610,COORONG DISTRICT COUNCIL,KUMOAE,H3,5.78E-05,0.053004133,H3,85,G2,8.25,G3,6.75,3,100
50615,COORONG DISTRICT COUNCIL,BIROEF,H3,8.51E-05,0.068153405,H3,65,G2,19.25,B7,15.75,3,100
50617,COORONG DISTRICT COUNCIL,KUMOAF,H3,0.000650028,0.322379719,H3,75,G2,13.75,G3,11.25,3,100
50624,COORONG DISTRICT COUNCIL,CMBO-A,H3,0.00132672,0.374495691,H3,65,G2,20,G3,15,3,100
50630,COORONG DISTRICT COUNCIL,GLYNGA,G3,0.000478446,0.172892175,G3,55.25,G2,17,H3,12.75,5,100
50637,COORONG DISTRICT COUNCIL,MREGkA,G3,1.57E-05,0.014945664,G3,80,D3,20,None,0,2,100
50638,COORONG DISTRICT COUNCIL,KUMNAA,B7,0.000159539,0.104380005,B7,65,G3,20,B3,15,3,100
50644,COORONG DISTRICT COUNCIL,KUMNAA,B7,1.28E-05,0.015388046,B7,65,G3,20,B3,15,3,100
50645,COORONG DISTRICT COUNCIL,ARCMHC,B6,0.000226165,0.095105845,B6,24.75,B8,19.25,G2,18,6,100
50647,COORONG DISTRICT COUNCIL,KUMOAI,G2,0.000530178,0.287176974,G2,35.75,H3,35,G3,29.25,3,100
50651,COORONG DISTRICT COUNCIL,GLYNGA,G3,1.91E-05,0.01923569,G3,55.25,G2,17,H3,12.75,5,100
50652,COORONG DISTRICT COUNCIL,KUMOAE,H3,0.002091243,0.892391252,H3,85,G2,8.25,G3,6.75,3,100
50654,COORONG DISTRICT COUNCIL,ARCO-A,H3,4.29E-05,0.031532288,H3,100,None,0,None,0,1,100
50657,COORONG DISTRICT COUNCIL,KUMNAD,B7,8.89E-05,0.055338999,B7,48.75,G3,15,H3,13.75,5,100
50659,COORONG DISTRICT COUNCIL,KUMNAD,B7,0.002239769,0.894226206,B7,48.75,G3,15,H3,13.75,5,100
50666,COORONG DISTRICT COUNCIL,LELNGp,G3,0.000154647,0.076440805,G3,65,G4,12,H3,9,6,100
50667,COORONG DISTRICT COUNCIL,ARCMHC,B6,2.64E-05,0.024152506,B6,24.75,B8,19.25,G2,18,6,100
50672,COORONG DISTRICT COUNCIL,ARCOEa,H3,4.98E-05,0.03895126,H3,65,G3,19.25,G2,15.75,3,100
50673,COORONG DISTRICT COUNCIL,KUMNGF,G3,4.00E-05,0.03207528,G3,76,B7,19,N2,4,4,100
50675,COORONG DISTRICT COUNCIL,KUMNGG,G3,4.15E-05,0.043417807,G3,60,B7,20.98,H3,8,6,100
50676,COORONG DISTRICT COUNCIL,KUMNAA,B7,3.73E-05,0.031912453,B7,65,G3,20,B3,15,3,100
50681,COORONG DISTRICT COUNCIL,RICZnP,N2,0.000281538,0.138629844,N2,68,F2,17,H3,8.25,4,100
50683,COORONG DISTRICT COUNCIL,RICNAb,B7,0.000246635,0.102416807,B7,41.25,B6,33.75,H3,9,6,100
50684,COORONG DISTRICT COUNCIL,RICNAb,B7,0.000397748,0.12279914,B7,41.25,B6,33.75,H3,9,6,100
50692,COORONG DISTRICT COUNCIL,KUMOAE,H3,0.000142518,0.123431018,H3,85,G2,8.25,G3,6.75,3,100
50700,COORONG DISTRICT COUNCIL,KUMNGA,G3,0.000338511,0.190087636,G3,80,B7,20,None,0,2,100
50702,COORONG DISTRICT COUNCIL,KUMO-B,H3,3.19E-05,0.025803073,H3,100,None,0,None,0,1,100
50714,COORONG DISTRICT COUNCIL,GOHGmA,G3,2.19E-05,0.018149417,G3,85,G2,8.25,H3,6.75,3,100
50721,COORONG DISTRICT COUNCIL,COBNGD,G2,0.004933461,1.005728622,G2,33.25,B7,28.5,H3,19,5,100
50724,COORONG DISTRICT COUNCIL,MREMHB,B3,6.52E-06,0.009384285,B3,30.25,B8,24.75,G2,18,5,100
50726,COORONG DISTRICT COUNCIL,KUMOAJ,G2,8.26E-05,0.054835029,G2,35.75,H3,35,G3,29.25,3,100
50727,COORONG DISTRICT COUNCIL,LELZS-,N2,1.16E-05,0.016678604,N2,100,None,0,None,0,1,100
50734,COORONG DISTRICT COUNCIL,ARCMHC,B6,5.24E-06,0.010642292,B6,24.75,B8,19.25,G2,18,6,100
50736,COORONG DISTRICT COUNCIL,MREGlA,G3,2.44E-05,0.020598162,G3,60,H3,25,D3,15,3,100
50738,COORONG DISTRICT COUNCIL,GOHGmA,G3,1.19E-05,0.012893774,G3,85,G2,8.25,H3,6.75,3,100
50744,COORONG DISTRICT COUNCIL,KUMO-B,H3,2.23E-05,0.028181397,H3,100,None,0,None,0,1,100
50749,COORONG DISTRICT COUNCIL,ARCMHC,B6,3.06E-05,0.024595356,B6,24.75,B8,19.25,G2,18,6,100
50753,COORONG DISTRICT COUNCIL,KUMNAP,B7,0.001804746,0.672281053,B7,48.75,G3,15,B3,11.25,7,100
50755,COORONG DISTRICT COUNCIL,GLYZS-,N2,1.71E-05,0.026501598,N2,100,None,0,None,0,1,100
50756,COORONG DISTRICT COUNCIL,KUMO-B,H3,3.81E-05,0.043574604,H3,100,None,0,None,0,1,100
50757,COORONG DISTRICT COUNCIL,LELNGp,G3,0.002374842,0.589978185,G3,65,G4,12,H3,9,6,100
50758,COORONG DISTRICT COUNCIL,ARCOEa,H3,6.25E-05,0.046049638,H3,65,G3,19.25,G2,15.75,3,100
50759,COORONG DISTRICT COUNCIL,ARCGrA,G3,8.13E-06,0.011841103,G3,40,A6,30.1,B7,29.9,3,100
50760,COORONG DISTRICT COUNCIL,LELO-A,H3,0.000157962,0.101129833,H3,40,G2,30.1,G3,29.9,3,100
50762,COORONG DISTRICT COUNCIL,ARCMHC,B6,0.004208965,0.897355966,B6,24.75,B8,19.25,G2,18,6,100
50768,COORONG DISTRICT COUNCIL,KUMOAJ,G2,1.62E-05,0.019110265,G2,35.75,H3,35,G3,29.25,3,100
50770,COORONG DISTRICT COUNCIL,RICZnJ,N2,2.80E-05,0.033728024,N2,80,F2,20,None,0,2,100
50771,COORONG DISTRICT COUNCIL,LELO-A,H3,2.27E-05,0.033884138,H3,40,G2,30.1,G3,29.9,3,100
50775,COORONG DISTRICT COUNCIL,TINO-B,H3,2.46E-05,0.0309612,H3,100,None,0,None,0,1,100
50777,COORONG DISTRICT COUNCIL,COBOAF,H3,1.18E-05,0.012858013,H3,65,G2,15.75,B7,12.25,4,100
50778,COORONG DISTRICT COUNCIL,TINO-B,H3,3.56E-06,0.007183172,H3,100,None,0,None,0,1,100
50779,COORONG DISTRICT COUNCIL,ARCMHC,B6,1.52E-05,0.015416104,B6,24.75,B8,19.25,G2,18,6,100
50793,COORONG DISTRICT COUNCIL,GOHGmA,G3,8.28E-06,0.010881209,G3,85,G2,8.25,H3,6.75,3,100
50795,COORONG DISTRICT COUNCIL,ARCOEa,H3,1.91E-05,0.018444394,H3,65,G3,19.25,G2,15.75,3,100
50796,COORONG DISTRICT COUNCIL,ARCMHC,B6,1.41E-05,0.015659166,B6,24.75,B8,19.25,G2,18,6,100
50797,COORONG DISTRICT COUNCIL,ARCMHC,B6,0.000126971,0.051422101,B6,24.75,B8,19.25,G2,18,6,100
50802,COORONG DISTRICT COUNCIL,RICZS-,WW,2.92E-05,0.040268667,WW,55,N2,45,None,0,2,100
50807,COORONG DISTRICT COUNCIL,ARCMHY,B6,4.68E-05,0.043572646,B6,20.25,G2,16,B8,15.75,7,100
50814,COORONG DISTRICT COUNCIL,GLYNGA,G3,1.19E-05,0.013525545,G3,55.25,G2,17,H3,12.75,5,100
50823,COORONG DISTRICT COUNCIL,MREMHB,B3,1.48E-05,0.017975199,B3,30.25,B8,24.75,G2,18,5,100
50838,COORONG DISTRICT COUNCIL,ARCMHC,B6,5.40E-05,0.031447283,B6,24.75,B8,19.25,G2,18,6,100
50840,COORONG DISTRICT COUNCIL,GOHGmA,G3,2.45E-05,0.018718256,G3,85,G2,8.25,H3,6.75,3,100
50847,COORONG DISTRICT COUNCIL,KUMNAA,B7,3.23E-06,0.006952048,B7,65,G3,20,B3,15,3,100
50851,COORONG DISTRICT COUNCIL,KUMO-B,H3,1.90E-05,0.017334036,H3,100,None,0,None,0,1,100
50853,COORONG DISTRICT COUNCIL,CMBNAA,B7,6.78E-06,0.012052732,B7,55,G4,45,None,0,2,100
50855,COORONG DISTRICT COUNCIL,KUMOAE,H3,6.15E-05,0.054991508,H3,85,G2,8.25,G3,6.75,3,100
50857,COORONG DISTRICT COUNCIL,KUMNAA,B7,5.58E-06,0.01016749,B7,65,G3,20,B3,15,3,100
50858,COORONG DISTRICT COUNCIL,CMBOAK,H3,4.53E-05,0.053408908,H3,52,G2,25.25,G3,15.75,4,100
50859,COORONG DISTRICT COUNCIL,MREGkA,G3,6.23E-06,0.009132098,G3,80,D3,20,None,0,2,100
50861,COORONG DISTRICT COUNCIL,CMBO-A,H3,5.75E-05,0.054643197,H3,65,G2,20,G3,15,3,100
50863,COORONG DISTRICT COUNCIL,KUMNAA,B7,0.000142683,0.10463098,B7,65,G3,20,B3,15,3,100
50866,COORONG DISTRICT COUNCIL,KUMO-B,H3,0.000291969,0.218559698,H3,100,None,0,None,0,1,100
50881,COORONG DISTRICT COUNCIL,KUMZnJ,N2,1.46E-05,0.017051368,N2,100,None,0,None,0,1,100
50887,COORONG DISTRICT COUNCIL,KUMNAD,B7,3.99E-05,0.037211594,B7,48.75,G3,15,H3,13.75,5,100
50888,COORONG DISTRICT COUNCIL,KUMO-B,H3,9.48E-06,0.019029123,H3,100,None,0,None,0,1,100
50890,COORONG DISTRICT COUNCIL,RICZnP,N2,0.000124833,0.064620725,N2,68,F2,17,H3,8.25,4,100
50894,COORONG DISTRICT COUNCIL,GLYNGA,G3,3.47E-05,0.041164962,G3,55.25,G2,17,H3,12.75,5,100
50898,COORONG DISTRICT COUNCIL,TINNAa,B7,0.00095742,0.256545765,B7,45,B3,35,B6,20,3,100
50910,COORONG DISTRICT COUNCIL,ARCMHC,B6,1.62E-05,0.017410114,B6,24.75,B8,19.25,G2,18,6,100
50932,COORONG DISTRICT COUNCIL,KUMOAF,H3,7.87E-05,0.057053083,H3,75,G2,13.75,G3,11.25,3,100
50939,COORONG DISTRICT COUNCIL,RICZnJ,N2,0.000181721,0.074373643,N2,80,F2,20,None,0,2,100
50945,COORONG DISTRICT COUNCIL,KUMNGA,G3,0.000376857,0.167701314,G3,80,B7,20,None,0,2,100
50947,COORONG DISTRICT COUNCIL,GLYZS-,N2,2.56E-05,0.027298636,N2,100,None,0,None,0,1,100
50952,COORONG DISTRICT COUNCIL,LELOAK,G2,0.000164484,0.082452512,G2,49.5,H3,30.25,G3,20.25,3,100
50954,COORONG DISTRICT COUNCIL,COBOAF,H3,0.000142725,0.077260608,H3,65,G2,15.75,B7,12.25,4,100
50960,COORONG DISTRICT COUNCIL,KUMO-B,H3,2.55E-05,0.035552536,H3,100,None,0,None,0,1,100
50964,COORONG DISTRICT COUNCIL,KUMOAF,H3,7.69E-05,0.047006249,H3,75,G2,13.75,G3,11.25,3,100
50965,COORONG DISTRICT COUNCIL,KUMO-B,H3,2.80E-05,0.033704846,H3,100,None,0,None,0,1,100
50975,COORONG DISTRICT COUNCIL,LELNGp,G3,3.00E-05,0.024144418,G3,65,G4,12,H3,9,6,100
50980,COORONG DISTRICT COUNCIL,GLYNGD,G3,4.13E-05,0.033668843,G3,39,H3,34,G2,12,5,100
50982,COORONG DISTRICT COUNCIL,GOHGmA,G3,6.72E-05,0.05710305,G3,85,G2,8.25,H3,6.75,3,100
50983,COORONG DISTRICT COUNCIL,BIRO-A,H3,1.65E-05,0.019627332,H3,100,None,0,None,0,1,100
50984,COORONG DISTRICT COUNCIL,ARCOEa,H3,0.000179054,0.090354277,H3,65,G3,19.25,G2,15.75,3,100
50985,COORONG DISTRICT COUNCIL,TINNAa,B7,0.000615795,0.21888342,B7,45,B3,35,B6,20,3,100
50993,COORONG DISTRICT COUNCIL,ARCOEg,H3,0.00042608,0.159179289,H3,45,G3,30.25,G2,24.75,3,100
50994,COORONG DISTRICT COUNCIL,GOHOAI,G2,7.55E-05,0.054360963,G2,39.25,H3,36,G3,24.75,3,100
50996,COORONG DISTRICT COUNCIL,ARCMHC,B6,0.00031084,0.149373385,B6,24.75,B8,19.25,G2,18,6,100
50999,COORONG DISTRICT COUNCIL,KUMOAE,H3,0.000488406,0.302417604,H3,85,G2,8.25,G3,6.75,3,100
51000,COORONG DISTRICT COUNCIL,GLYMJt,B3,6.53E-05,0.072408307,B3,24.75,B2,20.25,H3,18,8,100
51006,COORONG DISTRICT COUNCIL,KUMOAJ,G2,8.20E-05,0.056073204,G2,35.75,H3,35,G3,29.25,3,100
51008,COORONG DISTRICT COUNCIL,KUMNGA,G3,1.55E-05,0.016779397,G3,80,B7,20,None,0,2,100
51013,COORONG DISTRICT COUNCIL,SHAOBJ,H3,0.001282777,0.355063476,H3,45,G2,19.25,G3,16.5,5,100
51014,COORONG DISTRICT COUNCIL,KUMOAE,H3,0.000240577,0.158510907,H3,85,G2,8.25,G3,6.75,3,100
51017,COORONG DISTRICT COUNCIL,KUMNAA,B7,8.34E-06,0.011922481,B7,65,G3,20,B3,15,3,100
51018,COORONG DISTRICT COUNCIL,GOHGmA,G3,6.82E-06,0.009766114,G3,85,G2,8.25,H3,6.75,3,100
51022,COORONG DISTRICT COUNCIL,RICZnP,N2,5.14E-05,0.041612766,N2,68,F2,17,H3,8.25,4,100
51027,COORONG DISTRICT COUNCIL,ARCMHY,B6,4.32E-05,0.032323054,B6,20.25,G2,16,B8,15.75,7,100
51030,COORONG DISTRICT COUNCIL,ARCOEg,H3,0.000332187,0.11121145,H3,45,G3,30.25,G2,24.75,3,100
51031,COORONG DISTRICT COUNCIL,MCAGbA,G3,0.000216987,0.121938665,G3,41.25,H3,25,G4,15,5,100
51032,COORONG DISTRICT COUNCIL,KUMNAa,B7,0.000156168,0.100984147,B7,65,G3,20,B3,15,3,100
51037,COORONG DISTRICT COUNCIL,ARCOEa,H3,0.000668825,0.215720744,H3,65,G3,19.25,G2,15.75,3,100
51040,COORONG DISTRICT COUNCIL,LELOSS,H3,0.000189726,0.112514465,H3,41.25,G2,33.75,G3,16,5,100
51041,COORONG DISTRICT COUNCIL,GOHGmA,G3,8.09E-06,0.015119982,G3,85,G2,8.25,H3,6.75,3,100
51042,COORONG DISTRICT COUNCIL,KUMNGF,G3,0.000103541,0.075028237,G3,76,B7,19,N2,4,4,100
51043,COORONG DISTRICT COUNCIL,ARCMHC,B6,0.000283603,0.121117299,B6,24.75,B8,19.25,G2,18,6,100
51045,COORONG DISTRICT COUNCIL,ARCMHY,B6,3.04E-05,0.030521746,B6,20.25,G2,16,B8,15.75,7,100
51078,COORONG DISTRICT COUNCIL,GLYNGA,G3,0.000529588,0.203070921,G3,55.25,G2,17,H3,12.75,5,100
51079,COORONG DISTRICT COUNCIL,LELZS-,N2,0.000169924,0.103671951,N2,100,None,0,None,0,1,100
51085,COORONG DISTRICT COUNCIL,KUMO-B,H3,1.13E-05,0.017062985,H3,100,None,0,None,0,1,100
51089,COORONG DISTRICT COUNCIL,TINO-B,H3,1.04E-05,0.016021953,H3,100,None,0,None,0,1,100
51090,COORONG DISTRICT COUNCIL,KUMNAA,B7,1.63E-05,0.025347895,B7,65,G3,20,B3,15,3,100
51091,COORONG DISTRICT COUNCIL,GLYNGA,G3,1.73E-05,0.016441279,G3,55.25,G2,17,H3,12.75,5,100
51095,COORONG DISTRICT COUNCIL,CMBNAA,B7,1.39E-05,0.021063709,B7,55,G4,45,None,0,2,100
51100,COORONG DISTRICT COUNCIL,COBMHB,H3,7.27E-05,0.047279588,H3,30.25,B3,24.75,G2,24.75,4,100
51102,COORONG DISTRICT COUNCIL,KUMNAA,B7,7.26E-06,0.010592926,B7,65,G3,20,B3,15,3,100
51104,COORONG DISTRICT COUNCIL,ARCMHC,B6,7.17E-06,0.010483321,B6,24.75,B8,19.25,G2,18,6,100
51105,COORONG DISTRICT COUNCIL,ARCMHY,B6,0.000114222,0.07756621,B6,20.25,G2,16,B8,15.75,7,100
51106,COORONG DISTRICT COUNCIL,CMBNAA,B7,4.71E-05,0.040905965,B7,55,G4,45,None,0,2,100
51108,COORONG DISTRICT COUNCIL,KUMOAF,H3,3.97E-05,0.046188583,H3,75,G2,13.75,G3,11.25,3,100
51111,COORONG DISTRICT COUNCIL,KUMOAJ,G2,0.000168889,0.074484615,G2,35.75,H3,35,G3,29.25,3,100
51115,COORONG DISTRICT COUNCIL,KUMNGA,G3,1.05E-05,0.01270246,G3,80,B7,20,None,0,2,100
51125,COORONG DISTRICT COUNCIL,RICOSM,G3,2.92E-05,0.032748271,G3,40,H3,30.25,G2,24.75,4,100
51126,COORONG DISTRICT COUNCIL,KUMNAA,B7,3.42E-05,0.028150694,B7,65,G3,20,B3,15,3,100
51128,COORONG DISTRICT COUNCIL,LELNGD,G3,0.000223854,0.121772395,G3,55,H3,20.25,G2,15.75,4,100
51136,COORONG DISTRICT COUNCIL,GLYNGF,G3,2.09E-05,0.020596837,G3,45.5,G2,14,H3,10.5,7,100
51139,COORONG DISTRICT COUNCIL,KUMNGA,G3,2.86E-05,0.027956242,G3,80,B7,20,None,0,2,100
51144,COORONG DISTRICT COUNCIL,LELZoP,N2,3.73E-05,0.026999913,N2,45,H3,22,G2,18,5,100
51151,COORONG DISTRICT COUNCIL,COGMJn,B3,7.55E-06,0.010608418,B3,95,N2,5,None,0,2,100
51152,COORONG DISTRICT COUNCIL,ARCMHC,B6,2.75E-05,0.019858531,B6,24.75,B8,19.25,G2,18,6,100
51164,COORONG DISTRICT COUNCIL,TIEOAJ,H3,2.17E-05,0.0274397,H3,64.25,G2,35.75,None,0,2,100
51175,COORONG DISTRICT COUNCIL,ARCOEg,H3,5.34E-06,0.008398867,H3,45,G3,30.25,G2,24.75,3,100
51177,COORONG DISTRICT COUNCIL,ARCMHC,B6,7.92E-05,0.033766212,B6,24.75,B8,19.25,G2,18,6,100
51180,COORONG DISTRICT COUNCIL,BIROEJ,H3,3.43E-05,0.02442902,H3,45,G2,30.25,B7,24.75,3,100
51185,COORONG DISTRICT COUNCIL,MREGkA,G3,5.94E-05,0.038870329,G3,80,D3,20,None,0,2,100
51187,COORONG DISTRICT COUNCIL,KUMZnJ,N2,1.61E-05,0.018304942,N2,100,None,0,None,0,1,100
51188,COORONG DISTRICT COUNCIL,COGMJn,B3,1.40E-05,0.021259679,B3,95,N2,5,None,0,2,100
51192,COORONG DISTRICT COUNCIL,KUMNAA,B7,7.45E-05,0.069753831,B7,65,G3,20,B3,15,3,100
51211,COORONG DISTRICT COUNCIL,KUMNAA,B7,5.25E-05,0.042484053,B7,65,G3,20,B3,15,3,100
51214,COORONG DISTRICT COUNCIL,ARCOEa,H3,3.70E-05,0.025767067,H3,65,G3,19.25,G2,15.75,3,100
51217,COORONG DISTRICT COUNCIL,KUMNAA,B7,0.000360334,0.242329269,B7,65,G3,20,B3,15,3,100
51221,COORONG DISTRICT COUNCIL,ARCMHC,B6,4.09E-05,0.038286543,B6,24.75,B8,19.25,G2,18,6,100
51222,COORONG DISTRICT COUNCIL,KUMNGA,G3,9.91E-05,0.063820189,G3,80,B7,20,None,0,2,100
51223,COORONG DISTRICT COUNCIL,GLYMHB,B3,0.001257693,0.359692674,B3,30.25,B7,24.75,H3,24.75,4,100
51226,COORONG DISTRICT COUNCIL,KUMO-B,H3,8.83E-05,0.075840486,H3,100,None,0,None,0,1,100
51228,COORONG DISTRICT COUNCIL,RICNAb,B7,9.52E-05,0.0760371,B7,41.25,B6,33.75,H3,9,6,100
51229,COORONG DISTRICT COUNCIL,KUMOAF,H3,5.97E-05,0.050065817,H3,75,G2,13.75,G3,11.25,3,100
51231,COORONG DISTRICT COUNCIL,KUMOAJ,G2,0.000270819,0.113742765,G2,35.75,H3,35,G3,29.25,3,100
51236,COORONG DISTRICT COUNCIL,ARCMHC,B6,4.67E-06,0.007976792,B6,24.75,B8,19.25,G2,18,6,100
51247,COORONG DISTRICT COUNCIL,COGWI-,N2,3.73E-05,0.043695266,N2,35,B7,22,B2,18,6,100
51255,COORONG DISTRICT COUNCIL,BIROGb,H3,0.000442087,0.134245445,H3,65,G2,16.5,B7,13.5,5,100
51266,COORONG DISTRICT COUNCIL,KUMNGA,G3,0.001285476,0.370458818,G3,80,B7,20,None,0,2,100
51270,COORONG DISTRICT COUNCIL,MREOAF,H3,9.98E-05,0.053594051,H3,75,G3,20,D3,5,3,100
51272,COORONG DISTRICT COUNCIL,ARCOEa,H3,5.32E-05,0.047048366,H3,65,G3,19.25,G2,15.75,3,100
51277,COORONG DISTRICT COUNCIL,GLYNGA,G3,3.58E-05,0.025553912,G3,55.25,G2,17,H3,12.75,5,100
51279,COORONG DISTRICT COUNCIL,GOHGmA,G3,4.51E-05,0.039491327,G3,85,G2,8.25,H3,6.75,3,100
51280,COORONG DISTRICT COUNCIL,KUMNAd,B7,0.000689585,0.202177122,B7,48.75,G3,15,H3,13.75,5,100
51282,COORONG DISTRICT COUNCIL,GOHOAI,G2,8.66E-05,0.050763088,G2,39.25,H3,36,G3,24.75,3,100
51283,COORONG DISTRICT COUNCIL,COGWVF,H1,0.000183216,0.104176735,H1,55,B3,45,None,0,2,100
51286,COORONG DISTRICT COUNCIL,ARCMHC,B6,0.000106224,0.056779535,B6,24.75,B8,19.25,G2,18,6,100
51289,COORONG DISTRICT COUNCIL,GLYNGA,G3,0.000219299,0.098511804,G3,55.25,G2,17,H3,12.75,5,100
51297,COORONG DISTRICT COUNCIL,RICZS-,WW,4.41E-05,0.02936344,WW,55,N2,45,None,0,2,100
51298,COORONG DISTRICT COUNCIL,KUMOAJ,G2,8.76E-05,0.075137049,G2,35.75,H3,35,G3,29.25,3,100
51301,COORONG DISTRICT COUNCIL,MEDO-B,H3,3.27E-05,0.039006898,H3,100,None,0,None,0,1,100
51303,COORONG DISTRICT COUNCIL,NGAOAE,H3,0.000379858,0.252312939,H3,75,G3,20,D3,5,3,100
51306,COORONG DISTRICT COUNCIL,KUMOAE,H3,6.93E-05,0.065854682,H3,85,G2,8.25,G3,6.75,3,100
51310,COORONG DISTRICT COUNCIL,ARCOEa,H3,0.000125579,0.081000617,H3,65,G3,19.25,G2,15.75,3,100
51311,COORONG DISTRICT COUNCIL,TINNAD,B7,0.000442085,0.109832895,B7,29.25,B3,22.75,H3,19.25,5,100
51317,COORONG DISTRICT COUNCIL,ARCOEg,H3,1.07E-05,0.012620152,H3,45,G3,30.25,G2,24.75,3,100
51318,COORONG DISTRICT COUNCIL,KUMOAJ,G2,4.13E-05,0.055304033,G2,35.75,H3,35,G3,29.25,3,100
51327,COORONG DISTRICT COUNCIL,BIRGrE,B7,0.000168176,0.075143227,B7,35,B6,30,A6,20,4,100
51341,COORONG DISTRICT COUNCIL,KUMOAF,H3,0.000167279,0.102268354,H3,75,G2,13.75,G3,11.25,3,100
51346,COORONG DISTRICT COUNCIL,KUMOAE,H3,0.000283566,0.160447205,H3,85,G2,8.25,G3,6.75,3,100
51348,COORONG DISTRICT COUNCIL,KUMNAD,B7,0.000383972,0.151895223,B7,48.75,G3,15,H3,13.75,5,100
51349,COORONG DISTRICT COUNCIL,KUMNGA,G3,1.10E-05,0.018083071,G3,80,B7,20,None,0,2,100
51352,COORONG DISTRICT COUNCIL,COBOAF,H3,0.000249182,0.181227075,H3,65,G2,15.75,B7,12.25,4,100
51354,COORONG DISTRICT COUNCIL,KUMOAJ,G2,0.000128816,0.085299885,G2,35.75,H3,35,G3,29.25,3,100
51367,COORONG DISTRICT COUNCIL,KUMOAF,H3,4.48E-05,0.033783798,H3,75,G2,13.75,G3,11.25,3,100
51373,COORONG DISTRICT COUNCIL,ARCOEa,H3,6.89E-05,0.054340191,H3,65,G3,19.25,G2,15.75,3,100
51381,COORONG DISTRICT COUNCIL,GOHO-A,H3,0.00599808,1.617888924,H3,75,G2,13.75,G3,11.25,3,100
51382,COORONG DISTRICT COUNCIL,GLYMHC,B3,0.035368788,6.425568922,B3,30.25,B7,24.75,H3,24.75,4,100
51384,COORONG DISTRICT COUNCIL,KUMOAJ,G2,7.61E-05,0.067294471,G2,35.75,H3,35,G3,29.25,3,100
51394,COORONG DISTRICT COUNCIL,KUMOAF,H3,3.99E-05,0.040115172,H3,75,G2,13.75,G3,11.25,3,100
51429,COORONG DISTRICT COUNCIL,KUMNAA,B7,9.32E-06,0.01558418,B7,65,G3,20,B3,15,3,100
51432,COORONG DISTRICT COUNCIL,CMBNAA,B7,5.94E-06,0.00974783,B7,55,G4,45,None,0,2,100
51436,COORONG DISTRICT COUNCIL,ARCMHC,B6,2.30E-05,0.018930007,B6,24.75,B8,19.25,G2,18,6,100
51439,COORONG DISTRICT COUNCIL,GLYNGA,G3,7.71E-06,0.010667408,G3,55.25,G2,17,H3,12.75,5,100
51447,COORONG DISTRICT COUNCIL,RICNAb,B7,0.000172505,0.078448454,B7,41.25,B6,33.75,H3,9,6,100
51448,COORONG DISTRICT COUNCIL,KUMOAF,H3,1.53E-05,0.015231128,H3,75,G2,13.75,G3,11.25,3,100
51454,COORONG DISTRICT COUNCIL,KUMNAA,B7,3.60E-05,0.030129183,B7,65,G3,20,B3,15,3,100
51460,COORONG DISTRICT COUNCIL,COGWVF,H1,5.68E-05,0.03485144,H1,55,B3,45,None,0,2,100
51466,COORONG DISTRICT COUNCIL,KUMOAJ,G2,2.96E-05,0.037598232,G2,35.75,H3,35,G3,29.25,3,100
51478,COORONG DISTRICT COUNCIL,MREGkA,G3,7.32E-05,0.034620507,G3,80,D3,20,None,0,2,100
51493,COORONG DISTRICT COUNCIL,ARCMHC,B6,9.63E-06,0.013532848,B6,24.75,B8,19.25,G2,18,6,100
51506,COORONG DISTRICT COUNCIL,GLYNGD,G3,6.88E-05,0.057660695,G3,39,H3,34,G2,12,5,100
51509,COORONG DISTRICT COUNCIL,MREOAJ,H3,5.91E-05,0.041929478,H3,45,G3,44,D3,11,3,100
51520,COORONG DISTRICT COUNCIL,KUMNGA,G3,3.26E-05,0.031463889,G3,80,B7,20,None,0,2,100
51521,COORONG DISTRICT COUNCIL,RICZnJ,N2,0.000120887,0.075373953,N2,80,F2,20,None,0,2,100
51522,COORONG DISTRICT COUNCIL,ARCOEb,H3,0.000194448,0.115766859,H3,65,G3,19.25,G2,15.75,3,100
51526,COORONG DISTRICT COUNCIL,KUMNAA,B7,0.00022001,0.095774334,B7,65,G3,20,B3,15,3,100
51533,COORONG DISTRICT COUNCIL,GLYNGA,G3,3.89E-05,0.028464727,G3,55.25,G2,17,H3,12.75,5,100
51538,COORONG DISTRICT COUNCIL,COGMJn,B3,9.21E-06,0.013791146,B3,95,N2,5,None,0,2,100
51542,COORONG DISTRICT COUNCIL,KUMNAA,B7,5.54E-05,0.036536232,B7,65,G3,20,B3,15,3,100
51547,COORONG DISTRICT COUNCIL,KUMO-B,H3,6.78E-05,0.060227567,H3,100,None,0,None,0,1,100
51550,COORONG DISTRICT COUNCIL,GLYZS-,N2,4.26E-05,0.043957361,N2,100,None,0,None,0,1,100
51551,COORONG DISTRICT COUNCIL,CMBNAA,B7,7.81E-06,0.010304442,B7,55,G4,45,None,0,2,100
51552,COORONG DISTRICT COUNCIL,GLYNGA,G3,1.28E-05,0.014863768,G3,55.25,G2,17,H3,12.75,5,100
51573,COORONG DISTRICT COUNCIL,KUMOAF,H3,0.000157341,0.115105603,H3,75,G2,13.75,G3,11.25,3,100
51575,COORONG DISTRICT COUNCIL,KUMOAJ,G2,5.02E-05,0.051381238,G2,35.75,H3,35,G3,29.25,3,100
51580,COORONG DISTRICT COUNCIL,BIRO-A,H3,7.54E-06,0.010257697,H3,100,None,0,None,0,1,100
51591,COORONG DISTRICT COUNCIL,ARCGrA,G3,0.000113399,0.051178374,G3,40,A6,30.1,B7,29.9,3,100
51594,COORONG DISTRICT COUNCIL,COGMJn,B3,7.52E-06,0.011744309,B3,95,N2,5,None,0,2,100
51597,COORONG DISTRICT COUNCIL,COGWI-,N2,5.36E-05,0.045069787,N2,35,B7,22,B2,18,6,100
51606,COORONG DISTRICT COUNCIL,TIEOAJ,H3,0.000182679,0.095760438,H3,64.25,G2,35.75,None,0,2,100
51612,COORONG DISTRICT COUNCIL,ARCOEg,H3,0.000535306,0.385718176,H3,45,G3,30.25,G2,24.75,3,100
51615,COORONG DISTRICT COUNCIL,KUMOAF,H3,0.000326119,0.169634848,H3,75,G2,13.75,G3,11.25,3,100
51621,COORONG DISTRICT COUNCIL,ARCGrA,G3,2.63E-05,0.022990605,G3,40,A6,30.1,B7,29.9,3,100
51624,COORONG DISTRICT COUNCIL,ARCOEa,H3,0.000380645,0.181305637,H3,65,G3,19.25,G2,15.75,3,100
51625,COORONG DISTRICT COUNCIL,KUMNAD,B7,0.00011758,0.066974549,B7,48.75,G3,15,H3,13.75,5,100
51626,COORONG DISTRICT COUNCIL,KUMOAF,H3,0.000117229,0.122262589,H3,75,G2,13.75,G3,11.25,3,100
51632,COORONG DISTRICT COUNCIL,KUMOAJ,G2,0.000240994,0.184695853,G2,35.75,H3,35,G3,29.25,3,100
51634,COORONG DISTRICT COUNCIL,RICZnJ,N2,6.57E-05,0.060277419,N2,80,F2,20,None,0,2,100
51640,COORONG DISTRICT COUNCIL,ARCMHC,B6,8.78E-05,0.062409828,B6,24.75,B8,19.25,G2,18,6,100
51645,COORONG DISTRICT COUNCIL,KUMNAD,B7,8.13E-05,0.058631809,B7,48.75,G3,15,H3,13.75,5,100
51648,COORONG DISTRICT COUNCIL,BIROEJ,H3,0.000409754,0.176764709,H3,45,G2,30.25,B7,24.75,3,100
51649,COORONG DISTRICT COUNCIL,KUMO-B,H3,9.51E-06,0.014118489,H3,100,None,0,None,0,1,100
51654,COORONG DISTRICT COUNCIL,MREMHB,B3,2.23E-05,0.017053362,B3,30.25,B8,24.75,G2,18,5,100
51655,COORONG DISTRICT COUNCIL,KUMO-B,H3,1.45E-05,0.018780527,H3,100,None,0,None,0,1,100
51664,COORONG DISTRICT COUNCIL,KUMNAa,B7,0.000360198,0.140109456,B7,65,G3,20,B3,15,3,100
51666,COORONG DISTRICT COUNCIL,KUMOAE,H3,0.000158718,0.116806823,H3,85,G2,8.25,G3,6.75,3,100
51667,COORONG DISTRICT COUNCIL,KUMOAJ,G2,0.000140333,0.086758116,G2,35.75,H3,35,G3,29.25,3,100
51674,COORONG DISTRICT COUNCIL,COGWVF,H1,7.55E-05,0.042185172,H1,55,B3,45,None,0,2,100
51676,COORONG DISTRICT COUNCIL,KUMOAF,H3,0.000328904,0.23464359,H3,75,G2,13.75,G3,11.25,3,100
51678,COORONG DISTRICT COUNCIL,ARCMHC,B6,6.41E-05,0.046828674,B6,24.75,B8,19.25,G2,18,6,100
51679,COORONG DISTRICT COUNCIL,KUMOAF,H3,0.000295445,0.119080368,H3,75,G2,13.75,G3,11.25,3,100
51683,COORONG DISTRICT COUNCIL,LELO-A,H3,3.33E-05,0.031912673,H3,40,G2,30.1,G3,29.9,3,100
51685,COORONG DISTRICT COUNCIL,KUMO-B,H3,1.02E-05,0.012395489,H3,100,None,0,None,0,1,100
51689,COORONG DISTRICT COUNCIL,KUMOAJ,G2,0.000510679,0.172100906,G2,35.75,H3,35,G3,29.25,3,100
51693,COORONG DISTRICT COUNCIL,ARCMHY,B6,0.000153833,0.062020535,B6,20.25,G2,16,B8,15.75,7,100
51696,COORONG DISTRICT COUNCIL,KUMNGA,G3,4.38E-05,0.047119086,G3,80,B7,20,None,0,2,100
51705,COORONG DISTRICT COUNCIL,KUMNGA,G3,1.35E-05,0.018906943,G3,80,B7,20,None,0,2,100
51707,COORONG DISTRICT COUNCIL,KUMNGA,G3,9.08E-06,0.013067458,G3,80,B7,20,None,0,2,100
51708,COORONG DISTRICT COUNCIL,GLYNGA,G3,1.98E-05,0.019657481,G3,55.25,G2,17,H3,12.75,5,100
51714,COORONG DISTRICT COUNCIL,ARCO-A,H3,0.000233336,0.138099105,H3,100,None,0,None,0,1,100
51720,COORONG DISTRICT COUNCIL,KUMO-B,H3,3.81E-05,0.038058509,H3,100,None,0,None,0,1,100
51721,COORONG DISTRICT COUNCIL,GLYZS-,N2,0.000232535,0.098821389,N2,100,None,0,None,0,1,100
51723,COORONG DISTRICT COUNCIL,ARCMRL,G3,0.000199337,0.093657454,G3,29,B7,21.705,B3,19.25,5,100
51730,COORONG DISTRICT COUNCIL,TIEOAJ,H3,3.23E-05,0.038606135,H3,64.25,G2,35.75,None,0,2,100
51732,COORONG DISTRICT COUNCIL,RICZnj,N2,3.15E-05,0.026285627,N2,100,None,0,None,0,1,100
51737,COORONG DISTRICT COUNCIL,GOHGmA,G3,4.45E-05,0.030627971,G3,85,G2,8.25,H3,6.75,3,100
51739,COORONG DISTRICT COUNCIL,KUMNAA,B7,3.82E-05,0.025514971,B7,65,G3,20,B3,15,3,100
51741,COORONG DISTRICT COUNCIL,RICZS-,WW,5.43E-06,0.009864405,WW,55,N2,45,None,0,2,100
51748,COORONG DISTRICT COUNCIL,KUMOAF,H3,5.04E-05,0.055758105,H3,75,G2,13.75,G3,11.25,3,100
51751,COORONG DISTRICT COUNCIL,KUMNGA,G3,1.22E-05,0.016809236,G3,80,B7,20,None,0,2,100
51756,COORONG DISTRICT COUNCIL,ARCMHC,B6,1.85E-05,0.016197797,B6,24.75,B8,19.25,G2,18,6,100
51768,COORONG DISTRICT COUNCIL,KUMNAA,B7,4.05E-05,0.0342378,B7,65,G3,20,B3,15,3,100
51770,COORONG DISTRICT COUNCIL,CMBNAA,B7,4.38E-06,0.008231341,B7,55,G4,45,None,0,2,100
51771,COORONG DISTRICT COUNCIL,GLYNGA,G3,1.18E-05,0.012631838,G3,55.25,G2,17,H3,12.75,5,100
51772,COORONG DISTRICT COUNCIL,KUMNAa,B7,0.000100897,0.06386931,B7,65,G3,20,B3,15,3,100
51779,COORONG DISTRICT COUNCIL,ARCOEg,H3,6.92E-06,0.013058741,H3,45,G3,30.25,G2,24.75,3,100
51780,COORONG DISTRICT COUNCIL,ARCMHC,B6,4.36E-05,0.039965033,B6,24.75,B8,19.25,G2,18,6,100
51782,COORONG DISTRICT COUNCIL,KUMZnJ,N2,2.33E-05,0.024929902,N2,100,None,0,None,0,1,100
51783,COORONG DISTRICT COUNCIL,GLYNGA,G3,8.82E-06,0.013045158,G3,55.25,G2,17,H3,12.75,5,100
51785,COORONG DISTRICT COUNCIL,KUMO-B,H3,1.09E-05,0.012259483,H3,100,None,0,None,0,1,100
51791,COORONG DISTRICT COUNCIL,GLYMJt,B3,0.000100187,0.062792621,B3,24.75,B2,20.25,H3,18,8,100
51792,COORONG DISTRICT COUNCIL,LGCXw-,WW,0.000669146,0.303584298,WW,100,None,0,None,0,1,100
51796,COORONG DISTRICT COUNCIL,COGMJn,B3,4.66E-05,0.048208714,B3,95,N2,5,None,0,2,100
51797,COORONG DISTRICT COUNCIL,LACZnO,N2,1.52E-05,0.018021388,N2,40,G4,24.75,A7,20.25,5,100
51799,COORONG DISTRICT COUNCIL,LELOSX,H3,0.000181674,0.092013051,H3,35.75,G2,29.25,G3,16,5,100
51802,COORONG DISTRICT COUNCIL,CMBO-A,H3,0.000814607,0.360352089,H3,65,G2,20,G3,15,3,100
51803,COORONG DISTRICT COUNCIL,RICZoP,N2,0.000141605,0.080970557,N2,41.25,H3,27.5,G2,22.5,5,100
51805,COORONG DISTRICT COUNCIL,LELOSX,H3,0.000670825,0.318353515,H3,35.75,G2,29.25,G3,16,5,100
51808,COORONG DISTRICT COUNCIL,KUMOAE,H3,4.07E-05,0.03414579,H3,85,G2,8.25,G3,6.75,3,100
51810,COORONG DISTRICT COUNCIL,KUMO-B,H3,4.45E-05,0.040339803,H3,100,None,0,None,0,1,100
51811,COORONG DISTRICT COUNCIL,COGWFC,H1,4.81E-05,0.034303592,H1,100,None,0,None,0,1,100
51812,COORONG DISTRICT COUNCIL,LELNAa,B7,5.61E-05,0.035616026,B7,55,B3,45,None,0,2,100
51813,COORONG DISTRICT COUNCIL,COBOAF,H3,5.98E-06,0.010500122,H3,65,G2,15.75,B7,12.25,4,100
51814,COORONG DISTRICT COUNCIL,LELO-A,H3,4.07E-05,0.050442909,H3,40,G2,30.1,G3,29.9,3,100
51815,COORONG DISTRICT COUNCIL,LELOSX,H3,0.000103126,0.050097061,H3,35.75,G2,29.25,G3,16,5,100
51816,COORONG DISTRICT COUNCIL,TAUNGF,G3,4.61E-05,0.044283857,G3,46.75,G2,38.25,G4,8.25,4,100
51818,COORONG DISTRICT COUNCIL,ARCGrA,G3,1.41E-05,0.017392011,G3,40,A6,30.1,B7,29.9,3,100
51819,COORONG DISTRICT COUNCIL,KUMO-B,H3,9.18E-06,0.012927863,H3,100,None,0,None,0,1,100
51820,COORONG DISTRICT COUNCIL,GLYNGA,G3,2.66E-05,0.02039935,G3,55.25,G2,17,H3,12.75,5,100
51821,COORONG DISTRICT COUNCIL,CMBNAA,B7,9.48E-05,0.076443334,B7,55,G4,45,None,0,2,100
51822,COORONG DISTRICT COUNCIL,LELOEK,H3,2.67E-05,0.024641718,H3,35,G3,30,G2,20,4,100
51823,COORONG DISTRICT COUNCIL,LELNGp,G3,0.000140252,0.102022183,G3,65,G4,12,H3,9,6,100
51824,COORONG DISTRICT COUNCIL,GLYZpO,N2,7.09E-05,0.034791133,N2,65,G4,30,B3,2.75,4,100
51826,COORONG DISTRICT COUNCIL,GLYZpO,N2,3.68E-05,0.029829984,N2,65,G4,30,B3,2.75,4,100
51827,COORONG DISTRICT COUNCIL,COBMHB,H3,1.56E-05,0.020168719,H3,30.25,B3,24.75,G2,24.75,4,100
51828,COORONG DISTRICT COUNCIL,COBOAF,H3,3.82E-06,0.010009534,H3,65,G2,15.75,B7,12.25,4,100
51829,COORONG DISTRICT COUNCIL,ARCMHC,B6,7.93E-06,0.010693129,B6,24.75,B8,19.25,G2,18,6,100
51830,COORONG DISTRICT COUNCIL,COGWFC,H1,2.25E-05,0.024179747,H1,100,None,0,None,0,1,100
51831,COORONG DISTRICT COUNCIL,GOHGmA,G3,7.71E-06,0.012198841,G3,85,G2,8.25,H3,6.75,3,100
51832,COORONG DISTRICT COUNCIL,LELOEK,H3,9.61E-06,0.012159765,H3,35,G3,30,G2,20,4,100
51833,COORONG DISTRICT COUNCIL,CMBOAK,H3,5.51E-05,0.048669834,H3,52,G2,25.25,G3,15.75,4,100
51834,COORONG DISTRICT COUNCIL,CMBZS-,N2,1.29E-05,0.020020769,N2,100,None,0,None,0,1,100
51835,COORONG DISTRICT COUNCIL,LELZnJ,G4,6.80E-06,0.012120334,G4,55,N2,45,None,0,2,100
51836,COORONG DISTRICT COUNCIL,GLYNGA,G3,1.10E-05,0.014496496,G3,55.25,G2,17,H3,12.75,5,100
51838,COORONG DISTRICT COUNCIL,COBMHB,H3,7.85E-06,0.014402811,H3,30.25,B3,24.75,G2,24.75,4,100
51839,COORONG DISTRICT COUNCIL,MNAOSX,G2,4.11E-05,0.033070172,G2,33.75,H3,26.25,N2,20,5,100
51840,COORONG DISTRICT COUNCIL,GLYNGA,G3,8.35E-06,0.01416628,G3,55.25,G2,17,H3,12.75,5,100
51842,COORONG DISTRICT COUNCIL,GLYZpO,N2,2.88E-05,0.020835128,N2,65,G4,30,B3,2.75,4,100
51843,COORONG DISTRICT COUNCIL,MNAZnJ,N2,0.000600872,0.152343565,N2,38.25,G4,34.235,B7,17,5,100
51844,COORONG DISTRICT COUNCIL,MNAZS-,N2,0.000145933,0.066402666,N2,100,None,0,None,0,1,100
51847,COORONG DISTRICT COUNCIL,GLYMJt,B3,8.16E-06,0.010665794,B3,24.75,B2,20.25,H3,18,8,100
51849,COORONG DISTRICT COUNCIL,TAUNGF,G3,1.09E-05,0.015653537,G3,46.75,G2,38.25,G4,8.25,4,100
51851,COORONG DISTRICT COUNCIL,GLYZnO,G4,2.31E-05,0.025329303,G4,55,N2,40,B3,2.75,4,100
51854,COORONG DISTRICT COUNCIL,MESOEK,H3,2.63E-05,0.023123539,H3,35,G2,30,G3,20,4,100
51855,COORONG DISTRICT COUNCIL,MNAZnJ,N2,1.40E-05,0.018764676,N2,38.25,G4,34.235,B7,17,5,100
51857,COORONG DISTRICT COUNCIL,MESOEK,H3,1.29E-05,0.020171495,H3,35,G2,30,G3,20,4,100
51861,COORONG DISTRICT COUNCIL,TAUMJt,B3,5.73E-05,0.036160775,B3,46.75,B7,38.25,N2,8.25,4,100
51862,COORONG DISTRICT COUNCIL,GLYNGF,G3,1.54E-05,0.020793483,G3,45.5,G2,14,H3,10.5,7,100
51863,COORONG DISTRICT COUNCIL,COGMJn,B3,7.90E-05,0.071441006,B3,95,N2,5,None,0,2,100
51867,COORONG DISTRICT COUNCIL,MESOEK,H3,4.42E-05,0.034547579,H3,35,G2,30,G3,20,4,100
51870,COORONG DISTRICT COUNCIL,MNAZnj,N2,0.000440359,0.210523509,N2,55.25,G4,21.485,B7,12.75,5,100
51872,COORONG DISTRICT COUNCIL,TISZqL,N2,0.000315881,0.083655571,N2,55,B8,20.25,B2,15.75,4,100
51874,COORONG DISTRICT COUNCIL,TISZqj,N2,0.000983839,0.306592859,N2,65,A7,20,A1,15,3,100
51875,COORONG DISTRICT COUNCIL,LACMtt,B2,0.002338736,0.520622851,B2,24.75,B8,19.25,N2,18,6,100
51877,COORONG DISTRICT COUNCIL,MNAOSS,H3,4.56E-05,0.054964545,H3,55.25,G3,17,G2,12.75,5,100
51879,COORONG DISTRICT COUNCIL,GLYZS-,N2,2.09E-06,0.005472428,N2,100,None,0,None,0,1,100
51880,COORONG DISTRICT COUNCIL,COBOAF,H3,0.000268308,0.119352879,H3,65,G2,15.75,B7,12.25,4,100
51881,COORONG DISTRICT COUNCIL,LELZoP,N2,0.000315886,0.146696385,N2,45,H3,22,G2,18,5,100
51883,COORONG DISTRICT COUNCIL,CMBOAK,H3,6.68E-05,0.044606369,H3,52,G2,25.25,G3,15.75,4,100
51887,COORONG DISTRICT COUNCIL,RICZnP,N2,0.001299967,0.355219565,N2,68,F2,17,H3,8.25,4,100
51888,COORONG DISTRICT COUNCIL,COBMHB,H3,0.0005906,0.260212702,H3,30.25,B3,24.75,G2,24.75,4,100
51890,COORONG DISTRICT COUNCIL,KUMNAd,B7,0.000320287,0.159594744,B7,48.75,G3,15,H3,13.75,5,100
51892,COORONG DISTRICT COUNCIL,LELNAa,B7,0.00032517,0.122895436,B7,55,B3,45,None,0,2,100
51893,COORONG DISTRICT COUNCIL,ARCGrA,G3,6.11E-05,0.042356006,G3,40,A6,30.1,B7,29.9,3,100
51895,COORONG DISTRICT COUNCIL,MNAOSS,H3,0.006637156,3.417527892,H3,55.25,G3,17,G2,12.75,5,100
51896,COORONG DISTRICT COUNCIL,MESNEF,B7,3.66E-05,0.037155016,B7,30.75,H3,29.75,A4,15,5,100
51897,COORONG DISTRICT COUNCIL,COGWFC,H1,4.35E-05,0.032682775,H1,100,None,0,None,0,1,100
51898,COORONG DISTRICT COUNCIL,LELOSX,H3,0.000142605,0.076276891,H3,35.75,G2,29.25,G3,16,5,100
51899,COORONG DISTRICT COUNCIL,ARCMHC,B6,0.000728333,0.19416815,B6,24.75,B8,19.25,G2,18,6,100
51900,COORONG DISTRICT COUNCIL,CMBOAK,H3,0.000125949,0.092587478,H3,52,G2,25.25,G3,15.75,4,100
51901,COORONG DISTRICT COUNCIL,LELOEK,H3,1.70E-05,0.01545485,H3,35,G3,30,G2,20,4,100
51903,COORONG DISTRICT COUNCIL,MNAZnj,N2,0.000394842,0.107142412,N2,55.25,G4,21.485,B7,12.75,5,100
51906,COORONG DISTRICT COUNCIL,COGWFF,H1,9.98E-05,0.059256275,H1,55,N2,45,None,0,2,100
51909,COORONG DISTRICT COUNCIL,MNAOSS,H3,3.31E-05,0.042477604,H3,55.25,G3,17,G2,12.75,5,100
51913,COORONG DISTRICT COUNCIL,TAUNGF,G3,7.82E-05,0.060789362,G3,46.75,G2,38.25,G4,8.25,4,100
51916,COORONG DISTRICT COUNCIL,MNAOSS,H3,9.94E-05,0.078695934,H3,55.25,G3,17,G2,12.75,5,100
51917,COORONG DISTRICT COUNCIL,TAUNGF,G3,4.36E-05,0.051898533,G3,46.75,G2,38.25,G4,8.25,4,100
51918,COORONG DISTRICT COUNCIL,MNAZoP,N2,8.01E-05,0.057716691,N2,40,H3,27.75,G2,22.5,5,100
51920,COORONG DISTRICT COUNCIL,MNAZoP,N2,0.001035324,0.229969444,N2,40,H3,27.75,G2,22.5,5,100
51922,COORONG DISTRICT COUNCIL,MNAZS-,N2,0.000126665,0.069266828,N2,100,None,0,None,0,1,100
51923,COORONG DISTRICT COUNCIL,MNAZS-,N2,0.000362697,0.21175527,N2,100,None,0,None,0,1,100
51924,COORONG DISTRICT COUNCIL,LGCMJn,H3,7.89E-05,0.042743908,H3,24.75,B3,20.75,G2,20.25,7,100
51927,COORONG DISTRICT COUNCIL,MNAOSS,H3,0.000176437,0.089627197,H3,55.25,G3,17,G2,12.75,5,100
51930,COORONG DISTRICT COUNCIL,LGCMHB,H3,1.19E-05,0.013418666,H3,30.25,G2,24.75,B3,20.75,6,100
51931,COORONG DISTRICT COUNCIL,TISZqO,N2,0.002230924,0.629699308,N2,65,A7,20,A1,15,3,100
51933,COORONG DISTRICT COUNCIL,GLYNGF,G3,0.000120822,0.063289436,G3,45.5,G2,14,H3,10.5,7,100
51934,COORONG DISTRICT COUNCIL,RICZS-,WW,0.000131146,0.10211977,WW,55,N2,45,None,0,2,100
51936,COORONG DISTRICT COUNCIL,LELOAK,G2,0.000116187,0.059811555,G2,49.5,H3,30.25,G3,20.25,3,100
51937,COORONG DISTRICT COUNCIL,KUMOAJ,G2,0.000146762,0.107153619,G2,35.75,H3,35,G3,29.25,3,100
51941,COORONG DISTRICT COUNCIL,LELZoP,N2,6.88E-05,0.060988761,N2,45,H3,22,G2,18,5,100
51942,COORONG DISTRICT COUNCIL,LELZS-,N2,2.67E-05,0.027460256,N2,100,None,0,None,0,1,100
51943,COORONG DISTRICT COUNCIL,GOHGmA,G3,1.35E-05,0.017543753,G3,85,G2,8.25,H3,6.75,3,100
51944,COORONG DISTRICT COUNCIL,LELNGd,G3,0.0001611,0.074426954,G3,55,H3,20.25,G2,15.75,4,100
51948,COORONG DISTRICT COUNCIL,SHAGbA,G3,0.002019066,0.701452119,G3,41.25,H3,25,G4,15,5,100
51949,COORONG DISTRICT COUNCIL,KUMNAA,B7,4.42E-05,0.029991878,B7,65,G3,20,B3,15,3,100
51951,COORONG DISTRICT COUNCIL,KUMO-B,H3,2.12E-05,0.024086138,H3,100,None,0,None,0,1,100
51954,COORONG DISTRICT COUNCIL,KUMZS-,N2,1.60E-05,0.019251738,N2,100,None,0,None,0,1,100
51955,COORONG DISTRICT COUNCIL,KUMOAE,H3,8.50E-05,0.058762906,H3,85,G2,8.25,G3,6.75,3,100
51956,COORONG DISTRICT COUNCIL,CMBOAK,H3,0.000289614,0.134905835,H3,52,G2,25.25,G3,15.75,4,100
51958,COORONG DISTRICT COUNCIL,BLKMJB,B3,0.000263345,0.099812381,B3,30,B7,22.575,B8,22.425,5,100
51959,COORONG DISTRICT COUNCIL,CMBOAK,H3,0.000433387,0.215686876,H3,52,G2,25.25,G3,15.75,4,100
51962,COORONG DISTRICT COUNCIL,ARCOEg,H3,0.000720705,0.279213057,H3,45,G3,30.25,G2,24.75,3,100
51963,COORONG DISTRICT COUNCIL,KUMO-B,H3,3.65E-05,0.043212151,H3,100,None,0,None,0,1,100
51966,COORONG DISTRICT COUNCIL,MNAZnJ,N2,0.000160923,0.082300169,N2,38.25,G4,34.235,B7,17,5,100
51967,COORONG DISTRICT COUNCIL,COGWQ-,N2,0.000164383,0.12923028,N2,100,None,0,None,0,1,100
51972,COORONG DISTRICT COUNCIL,GLYNGF,G3,0.000138081,0.084664059,G3,45.5,G2,14,H3,10.5,7,100
51976,COORONG DISTRICT COUNCIL,MESOEK,H3,8.16E-05,0.062840186,H3,35,G2,30,G3,20,4,100
51978,COORONG DISTRICT COUNCIL,MNAZoP,N2,0.000215459,0.092824289,N2,40,H3,27.75,G2,22.5,5,100
51981,COORONG DISTRICT COUNCIL,MNAOSX,G2,9.99E-05,0.078542371,G2,33.75,H3,26.25,N2,20,5,100
51982,COORONG DISTRICT COUNCIL,MNAOSX,G2,0.000222937,0.16037692,G2,33.75,H3,26.25,N2,20,5,100
51986,COORONG DISTRICT COUNCIL,MNAMJB,B3,1.64E-05,0.018467818,B3,35,H3,30,G2,20,4,100
51987,COORONG DISTRICT COUNCIL,LGCMHB,H3,1.06E-05,0.014684095,H3,30.25,G2,24.75,B3,20.75,6,100
51988,COORONG DISTRICT COUNCIL,GLYZpO,N2,9.07E-06,0.012647022,N2,65,G4,30,B3,2.75,4,100
51989,COORONG DISTRICT COUNCIL,LACZS-,N2,1.18E-05,0.01528574,N2,55,N3,20,M4,15,4,100
51992,COORONG DISTRICT COUNCIL,LGCMHB,H3,3.43E-05,0.023828331,H3,30.25,G2,24.75,B3,20.75,6,100
51994,COORONG DISTRICT COUNCIL,GLYZpO,N2,5.59E-06,0.008830324,N2,65,G4,30,B3,2.75,4,100
51995,COORONG DISTRICT COUNCIL,MNAMJB,B3,4.51E-06,0.007738059,B3,35,H3,30,G2,20,4,100
51997,COORONG DISTRICT COUNCIL,LACZnO,N2,1.23E-05,0.015176507,N2,40,G4,24.75,A7,20.25,5,100
51999,COORONG DISTRICT COUNCIL,LACZnO,N2,7.55E-06,0.010112868,N2,40,G4,24.75,A7,20.25,5,100
52001,COORONG DISTRICT COUNCIL,COGWQ-,N2,1.58E-05,0.024396349,N2,100,None,0,None,0,1,100
52004,COORONG DISTRICT COUNCIL,MNANDA,G4,0.000103006,0.067998821,G4,32.25,B7,28.555,G3,22.425,6,100
52005,COORONG DISTRICT COUNCIL,COGWFC,H1,3.62E-05,0.024294912,H1,100,None,0,None,0,1,100
52006,COORONG DISTRICT COUNCIL,LELNGd,G3,6.31E-05,0.037212801,G3,55,H3,20.25,G2,15.75,4,100
52007,COORONG DISTRICT COUNCIL,KUMO-B,H3,3.50E-05,0.032277354,H3,100,None,0,None,0,1,100
52008,COORONG DISTRICT COUNCIL,KUMOAJ,G2,7.64E-05,0.042978294,G2,35.75,H3,35,G3,29.25,3,100
52009,COORONG DISTRICT COUNCIL,LELOSX,H3,2.62E-05,0.022148119,H3,35.75,G2,29.25,G3,16,5,100
52011,COORONG DISTRICT COUNCIL,COBOAF,H3,2.53E-05,0.026245638,H3,65,G2,15.75,B7,12.25,4,100
52013,COORONG DISTRICT COUNCIL,KUMOAF,H3,8.24E-05,0.046500055,H3,75,G2,13.75,G3,11.25,3,100
52014,COORONG DISTRICT COUNCIL,ARCO-A,H3,1.47E-05,0.016086395,H3,100,None,0,None,0,1,100
52016,COORONG DISTRICT COUNCIL,ARCGrA,G3,2.39E-05,0.019473446,G3,40,A6,30.1,B7,29.9,3,100
52017,COORONG DISTRICT COUNCIL,ARCOEg,H3,4.67E-05,0.043148831,H3,45,G3,30.25,G2,24.75,3,100
52018,COORONG DISTRICT COUNCIL,LELZS-,N2,1.55E-05,0.019148021,N2,100,None,0,None,0,1,100
52019,COORONG DISTRICT COUNCIL,GOHGmA,G3,6.37E-05,0.038421931,G3,85,G2,8.25,H3,6.75,3,100
52020,COORONG DISTRICT COUNCIL,COBOAF,H3,1.58E-05,0.017791876,H3,65,G2,15.75,B7,12.25,4,100
52022,COORONG DISTRICT COUNCIL,COGMJn,B3,5.59E-06,0.010634027,B3,95,N2,5,None,0,2,100
52023,COORONG DISTRICT COUNCIL,RICZnP,N2,6.08E-05,0.038115121,N2,68,F2,17,H3,8.25,4,100
52026,COORONG DISTRICT COUNCIL,ARCGrA,G3,7.60E-05,0.044321488,G3,40,A6,30.1,B7,29.9,3,100
52028,COORONG DISTRICT COUNCIL,COGWFC,H1,1.99E-05,0.0206541,H1,100,None,0,None,0,1,100
52030,COORONG DISTRICT COUNCIL,ARCMHC,B6,3.84E-06,0.009049139,B6,24.75,B8,19.25,G2,18,6,100
52031,COORONG DISTRICT COUNCIL,COBMHB,H3,1.04E-05,0.013285125,H3,30.25,B3,24.75,G2,24.75,4,100
52034,COORONG DISTRICT COUNCIL,TAUMJC,B3,0.001994425,0.663319392,B3,35.75,B7,29.25,H3,19.25,4,100
52036,COORONG DISTRICT COUNCIL,LELZS-,N2,5.17E-05,0.037218768,N2,100,None,0,None,0,1,100
52038,COORONG DISTRICT COUNCIL,RICOSM,G3,5.75E-05,0.042692236,G3,40,H3,30.25,G2,24.75,4,100
52039,COORONG DISTRICT COUNCIL,LELOSX,H3,0.00012065,0.05571507,H3,35.75,G2,29.25,G3,16,5,100
52042,COORONG DISTRICT COUNCIL,ARCOEg,H3,0.000144703,0.088719224,H3,45,G3,30.25,G2,24.75,3,100
52044,COORONG DISTRICT COUNCIL,MNAZoP,N2,9.32E-05,0.044513463,N2,40,H3,27.75,G2,22.5,5,100
52045,COORONG DISTRICT COUNCIL,COGWQ-,N2,4.75E-05,0.052120809,N2,100,None,0,None,0,1,100
52046,COORONG DISTRICT COUNCIL,KUMNAa,B7,0.000484229,0.180414621,B7,65,G3,20,B3,15,3,100
52048,COORONG DISTRICT COUNCIL,COBOAF,H3,0.0001724,0.079143085,H3,65,G2,15.75,B7,12.25,4,100
52049,COORONG DISTRICT COUNCIL,LELNGd,G3,0.000447412,0.177615459,G3,55,H3,20.25,G2,15.75,4,100
52050,COORONG DISTRICT COUNCIL,LELO-A,H3,5.87E-05,0.06827183,H3,40,G2,30.1,G3,29.9,3,100
52051,COORONG DISTRICT COUNCIL,LELOAK,G2,4.36E-05,0.040262314,G2,49.5,H3,30.25,G3,20.25,3,100
52053,COORONG DISTRICT COUNCIL,MNANAp,H3,0.000502894,0.209893263,H3,34.25,G2,28.52,G4,17.25,5,100
52055,COORONG DISTRICT COUNCIL,TAUZnO,G4,0.000231136,0.105017335,G4,50.5,N2,49.5,None,0,2,100
52057,COORONG DISTRICT COUNCIL,MNAZS-,N2,5.71E-05,0.050526761,N2,100,None,0,None,0,1,100
52059,COORONG DISTRICT COUNCIL,GLYZpO,N2,8.95E-05,0.074313136,N2,65,G4,30,B3,2.75,4,100
52060,COORONG DISTRICT COUNCIL,MNAZoP,N2,0.000164829,0.067709774,N2,40,H3,27.75,G2,22.5,5,100
52063,COORONG DISTRICT COUNCIL,MNAZoP,N2,4.30E-05,0.031669824,N2,40,H3,27.75,G2,22.5,5,100
52066,COORONG DISTRICT COUNCIL,MNAZnG,N2,0.001237532,0.37617012,N2,33,H3,22,G2,18,5,100
52067,COORONG DISTRICT COUNCIL,MNAZoP,N2,0.000444388,0.186778784,N2,40,H3,27.75,G2,22.5,5,100
52070,COORONG DISTRICT COUNCIL,MNAZS-,N2,0.000414195,0.169619351,N2,100,None,0,None,0,1,100
52071,COORONG DISTRICT COUNCIL,MNAOSS,H3,0.000114496,0.105437055,H3,55.25,G3,17,G2,12.75,5,100
52072,COORONG DISTRICT COUNCIL,GLYNGF,G3,0.00010494,0.070303451,G3,45.5,G2,14,H3,10.5,7,100
52073,COORONG DISTRICT COUNCIL,MNAZnj,N2,0.000142963,0.07863769,N2,55.25,G4,21.485,B7,12.75,5,100
52076,COORONG DISTRICT COUNCIL,LELO-A,H3,6.37E-05,0.064959807,H3,40,G2,30.1,G3,29.9,3,100
52077,COORONG DISTRICT COUNCIL,LELMHB,H3,6.35E-05,0.037730481,H3,30.25,B3,24.75,G2,24.75,5,100
52078,COORONG DISTRICT COUNCIL,GLYZnO,G4,3.52E-05,0.025919875,G4,55,N2,40,B3,2.75,4,100
52079,COORONG DISTRICT COUNCIL,KUMOAM,H3,0.000173989,0.09218482,H3,75,G2,11,G3,9,5,100
52081,COORONG DISTRICT COUNCIL,LELZS-,N2,0.00019738,0.074550076,N2,100,None,0,None,0,1,100
52082,COORONG DISTRICT COUNCIL,ARCOEg,H3,2.29E-05,0.017990142,H3,45,G3,30.25,G2,24.75,3,100
52083,COORONG DISTRICT COUNCIL,COBOAF,H3,0.000134626,0.055185848,H3,65,G2,15.75,B7,12.25,4,100
52088,COORONG DISTRICT COUNCIL,LELNGp,G3,0.00020245,0.074628451,G3,65,G4,12,H3,9,6,100
52089,COORONG DISTRICT COUNCIL,KUMO-B,H3,1.75E-05,0.016393309,H3,100,None,0,None,0,1,100
52090,COORONG DISTRICT COUNCIL,LELZoP,N2,5.54E-05,0.05172404,N2,45,H3,22,G2,18,5,100
52091,COORONG DISTRICT COUNCIL,LELZoP,N2,0.000365078,0.177464596,N2,45,H3,22,G2,18,5,100
52092,COORONG DISTRICT COUNCIL,MNAZoP,N2,0.000601745,0.193846462,N2,40,H3,27.75,G2,22.5,5,100
52094,COORONG DISTRICT COUNCIL,MNAOSX,G2,0.000247661,0.167472037,G2,33.75,H3,26.25,N2,20,5,100
52096,COORONG DISTRICT COUNCIL,GLYZpO,N2,0.000783349,0.275655367,N2,65,G4,30,B3,2.75,4,100
52097,COORONG DISTRICT COUNCIL,BLKMJB,B3,0.000200111,0.07536067,B3,30,B7,22.575,B8,22.425,5,100
52098,COORONG DISTRICT COUNCIL,MNAZS-,N2,0.00065767,0.329622748,N2,100,None,0,None,0,1,100
52099,COORONG DISTRICT COUNCIL,MNAZnj,N2,1.84E-05,0.018398519,N2,55.25,G4,21.485,B7,12.75,5,100
52100,COORONG DISTRICT COUNCIL,MNAZS-,N2,7.73E-05,0.050772588,N2,100,None,0,None,0,1,100
52103,COORONG DISTRICT COUNCIL,MESOEK,H3,2.00E-05,0.028544773,H3,35,G2,30,G3,20,4,100
52105,COORONG DISTRICT COUNCIL,MNAZS-,N2,9.31E-05,0.055353687,N2,100,None,0,None,0,1,100
52111,COORONG DISTRICT COUNCIL,GLYZpO,N2,9.29E-06,0.011184739,N2,65,G4,30,B3,2.75,4,100
52112,COORONG DISTRICT COUNCIL,MNAOSS,H3,8.28E-05,0.057336441,H3,55.25,G3,17,G2,12.75,5,100
52117,COORONG DISTRICT COUNCIL,MNAOSX,G2,0.000133988,0.053113281,G2,33.75,H3,26.25,N2,20,5,100
52118,COORONG DISTRICT COUNCIL,GLYZpO,N2,4.20E-05,0.034891675,N2,65,G4,30,B3,2.75,4,100
52120,COORONG DISTRICT COUNCIL,MNAOSX,G2,5.82E-05,0.041248442,G2,33.75,H3,26.25,N2,20,5,100
52123,COORONG DISTRICT COUNCIL,MESOEK,H3,4.71E-05,0.04349027,H3,35,G2,30,G3,20,4,100
52124,COORONG DISTRICT COUNCIL,MNANAp,H3,0.000146511,0.059192567,H3,34.25,G2,28.52,G4,17.25,5,100
52130,COORONG DISTRICT COUNCIL,TAUZnO,G4,2.34E-05,0.021472172,G4,50.5,N2,49.5,None,0,2,100
52131,COORONG DISTRICT COUNCIL,LGCMHB,H3,8.80E-05,0.058277769,H3,30.25,G2,24.75,B3,20.75,6,100
52133,COORONG DISTRICT COUNCIL,MNAOSS,H3,2.25E-05,0.019396407,H3,55.25,G3,17,G2,12.75,5,100
52134,COORONG DISTRICT COUNCIL,LGCMJn,H3,0.000164045,0.087235633,H3,24.75,B3,20.75,G2,20.25,7,100
52137,COORONG DISTRICT COUNCIL,TISZS-,N2,0.00010184,0.044168834,N2,100,None,0,None,0,1,100
52143,COORONG DISTRICT COUNCIL,TAUMJC,B3,3.52E-05,0.022874922,B3,35.75,B7,29.25,H3,19.25,4,100
52144,COORONG DISTRICT COUNCIL,LGCZpO,N2,0.000103478,0.075588426,N2,75,G4,25,None,0,2,100
52145,COORONG DISTRICT COUNCIL,LGCXw-,WW,3.98E-05,0.030142756,WW,100,None,0,None,0,1,100
52146,COORONG DISTRICT COUNCIL,COGWQ-,N2,5.58E-05,0.036868511,N2,100,None,0,None,0,1,100
52150,COORONG DISTRICT COUNCIL,MNAZnm,N2,0.000453969,0.18113477,N2,48.75,G4,15,H3,13.75,5,100
52153,COORONG DISTRICT COUNCIL,COBNGd,G2,0.000107663,0.059449565,G2,29.75,B7,25.5,H3,17,5,100
52154,COORONG DISTRICT COUNCIL,RICZnj,N2,0.000678865,0.248094041,N2,100,None,0,None,0,1,100
52156,COORONG DISTRICT COUNCIL,KUMNAd,B7,0.000135175,0.086306076,B7,48.75,G3,15,H3,13.75,5,100
52157,COORONG DISTRICT COUNCIL,KUMNAA,B7,0.000584134,0.121193365,B7,65,G3,20,B3,15,3,100
52158,COORONG DISTRICT COUNCIL,COBNAA,B7,0.000783515,0.396277784,B7,45,G2,35,B3,20,3,100
52159,COORONG DISTRICT COUNCIL,KUMOAJ,G2,0.000203149,0.103039671,G2,35.75,H3,35,G3,29.25,3,100
52165,COORONG DISTRICT COUNCIL,TAUNGF,G3,4.43E-05,0.036575131,G3,46.75,G2,38.25,G4,8.25,4,100
52166,COORONG DISTRICT COUNCIL,KUMO-B,H3,1.30E-05,0.02084136,H3,100,None,0,None,0,1,100
52168,COORONG DISTRICT COUNCIL,LELOSS,H3,8.67E-05,0.084952119,H3,41.25,G2,33.75,G3,16,5,100
52170,COORONG DISTRICT COUNCIL,MNAZnj,N2,5.62E-05,0.041348564,N2,55.25,G4,21.485,B7,12.75,5,100
52171,COORONG DISTRICT COUNCIL,ARCO-A,H3,9.75E-05,0.054179204,H3,100,None,0,None,0,1,100
52172,COORONG DISTRICT COUNCIL,COGWFF,H1,1.45E-05,0.019205221,H1,55,N2,45,None,0,2,100
52173,COORONG DISTRICT COUNCIL,LELZnJ,G4,0.000147318,0.129228495,G4,55,N2,45,None,0,2,100
52174,COORONG DISTRICT COUNCIL,MESOEK,H3,6.88E-05,0.058688795,H3,35,G2,30,G3,20,4,100
52175,COORONG DISTRICT COUNCIL,COGMJn,B3,2.69E-05,0.02749024,B3,95,N2,5,None,0,2,100
52181,COORONG DISTRICT COUNCIL,MESOEK,H3,2.14E-05,0.026328956,H3,35,G2,30,G3,20,4,100
52183,COORONG DISTRICT COUNCIL,COGWFC,H1,3.55E-05,0.025209036,H1,100,None,0,None,0,1,100
52184,COORONG DISTRICT COUNCIL,COGWQ-,N2,2.65E-05,0.042751557,N2,100,None,0,None,0,1,100
52185,COORONG DISTRICT COUNCIL,MNAOSS,H3,1.68E-05,0.022015704,H3,55.25,G3,17,G2,12.75,5,100
52186,COORONG DISTRICT COUNCIL,MESOEK,H3,3.98E-06,0.008190592,H3,35,G2,30,G3,20,4,100
52188,COORONG DISTRICT COUNCIL,LELMHB,H3,2.24E-05,0.018747308,H3,30.25,B3,24.75,G2,24.75,5,100
52189,COORONG DISTRICT COUNCIL,LELOSX,H3,3.51E-05,0.032552154,H3,35.75,G2,29.25,G3,16,5,100
52190,COORONG DISTRICT COUNCIL,GLYZpO,N2,1.91E-05,0.021306271,N2,65,G4,30,B3,2.75,4,100
52191,COORONG DISTRICT COUNCIL,COGWQ-,N2,5.00E-05,0.057830992,N2,100,None,0,None,0,1,100
52192,COORONG DISTRICT COUNCIL,LACMEC,B3,0.007610947,1.713594424,B3,35.75,B2,29.25,H3,16.5,5,100
52198,COORONG DISTRICT COUNCIL,GLYZpO,N2,3.25E-06,0.00733567,N2,65,G4,30,B3,2.75,4,100
52200,COORONG DISTRICT COUNCIL,GLYMJt,B3,2.63E-05,0.028175523,B3,24.75,B2,20.25,H3,18,8,100
52202,COORONG DISTRICT COUNCIL,GLYZpO,N2,4.28E-05,0.039701403,N2,65,G4,30,B3,2.75,4,100
52203,COORONG DISTRICT COUNCIL,TAUNGF,G3,4.22E-05,0.051243018,G3,46.75,G2,38.25,G4,8.25,4,100
52204,COORONG DISTRICT COUNCIL,GLYZpO,N2,6.00E-06,0.009310766,N2,65,G4,30,B3,2.75,4,100
52205,COORONG DISTRICT COUNCIL,COGWQ-,N2,0.000179965,0.054477715,N2,100,None,0,None,0,1,100
52210,COORONG DISTRICT COUNCIL,MNAZoP,N2,0.0009696,0.306015383,N2,40,H3,27.75,G2,22.5,5,100
52214,COORONG DISTRICT COUNCIL,MNAZoP,N2,0.000291429,0.107739495,N2,40,H3,27.75,G2,22.5,5,100
52215,COORONG DISTRICT COUNCIL,MNAZnJ,N2,0.000155837,0.084082079,N2,38.25,G4,34.235,B7,17,5,100
52216,COORONG DISTRICT COUNCIL,LGCMHB,H3,0.000290771,0.099191451,H3,30.25,G2,24.75,B3,20.75,6,100
52221,COORONG DISTRICT COUNCIL,MNAZoP,N2,0.000150811,0.074920947,N2,40,H3,27.75,G2,22.5,5,100
52224,COORONG DISTRICT COUNCIL,MNAOSS,H3,6.31E-05,0.056519385,H3,55.25,G3,17,G2,12.75,5,100
52226,COORONG DISTRICT COUNCIL,TAUNGF,G3,0.000295567,0.136740862,G3,46.75,G2,38.25,G4,8.25,4,100
52227,COORONG DISTRICT COUNCIL,LELNGp,G3,0.001147252,0.383857137,G3,65,G4,12,H3,9,6,100
52228,COORONG DISTRICT COUNCIL,LELO-A,H3,5.73E-05,0.059627375,H3,40,G2,30.1,G3,29.9,3,100
52230,COORONG DISTRICT COUNCIL,RICZoP,N2,8.01E-05,0.044625564,N2,41.25,H3,27.5,G2,22.5,5,100
52232,COORONG DISTRICT COUNCIL,LELOAK,G2,0.000774923,0.282120304,G2,49.5,H3,30.25,G3,20.25,3,100
52233,COORONG DISTRICT COUNCIL,LELNAA,B7,0.000816137,0.304276061,B7,55,B3,45,None,0,2,100
52236,COORONG DISTRICT COUNCIL,COBNAA,B7,1.51E-05,0.017885025,B7,45,G2,35,B3,20,3,100
52237,COORONG DISTRICT COUNCIL,GLYNGA,G3,3.59E-05,0.025714867,G3,55.25,G2,17,H3,12.75,5,100
52238,COORONG DISTRICT COUNCIL,KUMOAF,H3,8.12E-05,0.042467266,H3,75,G2,13.75,G3,11.25,3,100
52240,COORONG DISTRICT COUNCIL,BRMMHC,H3,0.01041954,2.326224046,H3,30.25,G2,24.75,B3,20.25,5,100
52242,COORONG DISTRICT COUNCIL,ARCO-A,H3,0.000114454,0.084681394,H3,100,None,0,None,0,1,100
52243,COORONG DISTRICT COUNCIL,ARCGrA,G3,1.26E-05,0.015263763,G3,40,A6,30.1,B7,29.9,3,100
52247,COORONG DISTRICT COUNCIL,MESOEK,H3,6.46E-05,0.036288674,H3,35,G2,30,G3,20,4,100
52249,COORONG DISTRICT COUNCIL,GLYMHC,B3,6.12E-05,0.032056863,B3,30.25,B7,24.75,H3,24.75,4,100
52250,COORONG DISTRICT COUNCIL,LELZnJ,G4,1.64E-05,0.022981511,G4,55,N2,45,None,0,2,100
52252,COORONG DISTRICT COUNCIL,MESOEK,H3,8.44E-06,0.014709334,H3,35,G2,30,G3,20,4,100
52254,COORONG DISTRICT COUNCIL,MNAZnG,N2,0.000137631,0.069434968,N2,33,H3,22,G2,18,5,100
52255,COORONG DISTRICT COUNCIL,MNAOSX,G2,0.000132562,0.079163813,G2,33.75,H3,26.25,N2,20,5,100
52260,COORONG DISTRICT COUNCIL,MNAOSX,G2,0.000856656,0.334276971,G2,33.75,H3,26.25,N2,20,5,100
52261,COORONG DISTRICT COUNCIL,MNAZS-,N2,0.000529741,0.237534634,N2,100,None,0,None,0,1,100
52263,COORONG DISTRICT COUNCIL,MESOEK,H3,1.91E-05,0.017301446,H3,35,G2,30,G3,20,4,100
52264,COORONG DISTRICT COUNCIL,GLYNGA,G3,9.16E-05,0.063236797,G3,55.25,G2,17,H3,12.75,5,100
52266,COORONG DISTRICT COUNCIL,GLYNGF,G3,0.000179615,0.121792709,G3,45.5,G2,14,H3,10.5,7,100
52267,COORONG DISTRICT COUNCIL,MESOEK,H3,1.83E-05,0.020081359,H3,35,G2,30,G3,20,4,100
52268,COORONG DISTRICT COUNCIL,GLYNGA,G3,1.19E-05,0.01726227,G3,55.25,G2,17,H3,12.75,5,100
52269,COORONG DISTRICT COUNCIL,TISZqJ,N2,0.00061579,0.261768085,N2,40,A7,30.1,A1,29.9,3,100
52272,COORONG DISTRICT COUNCIL,MNAOSX,G2,0.000101324,0.081630413,G2,33.75,H3,26.25,N2,20,5,100
52273,COORONG DISTRICT COUNCIL,MNAZoP,N2,0.000947359,0.441430805,N2,40,H3,27.75,G2,22.5,5,100
52276,COORONG DISTRICT COUNCIL,TAUZpP,N2,3.79E-05,0.04160657,N2,30.25,B3,24.75,G4,24.75,4,100
52277,COORONG DISTRICT COUNCIL,TISMJB,B8,3.55E-05,0.03652387,B8,45,B2,35,H3,20,3,100
52279,COORONG DISTRICT COUNCIL,TISMJn,B8,4.44E-05,0.031000915,B8,38.25,B2,29.75,H3,17,5,100
52280,COORONG DISTRICT COUNCIL,LGCXw-,WW,6.18E-05,0.053466208,WW,100,None,0,None,0,1,100
52285,COORONG DISTRICT COUNCIL,MNAOSX,G2,3.96E-05,0.025193656,G2,33.75,H3,26.25,N2,20,5,100
52287,COORONG DISTRICT COUNCIL,COGWFF,H1,1.33E-05,0.015571328,H1,55,N2,45,None,0,2,100
52289,COORONG DISTRICT COUNCIL,COGWQ-,N2,7.03E-06,0.011797419,N2,100,None,0,None,0,1,100
52291,COORONG DISTRICT COUNCIL,TAUMJt,B3,1.68E-05,0.021808575,B3,46.75,B7,38.25,N2,8.25,4,100
52294,COORONG DISTRICT COUNCIL,MNAZnJ,N2,9.11E-05,0.058948071,N2,38.25,G4,34.235,B7,17,5,100
52297,COORONG DISTRICT COUNCIL,LELOSS,H3,5.61E-05,0.056017715,H3,41.25,G2,33.75,G3,16,5,100
52299,COORONG DISTRICT COUNCIL,LELO-A,H3,1.82E-05,0.026551851,H3,40,G2,30.1,G3,29.9,3,100
52300,COORONG DISTRICT COUNCIL,LELO-A,H3,3.35E-05,0.038383541,H3,40,G2,30.1,G3,29.9,3,100
52301,COORONG DISTRICT COUNCIL,COBOAF,H3,2.94E-05,0.027099896,H3,65,G2,15.75,B7,12.25,4,100
52302,COORONG DISTRICT COUNCIL,GOHGmA,G3,1.84E-05,0.01932965,G3,85,G2,8.25,H3,6.75,3,100
52303,COORONG DISTRICT COUNCIL,GLYZnO,G4,9.18E-06,0.01319718,G4,55,N2,40,B3,2.75,4,100
52304,COORONG DISTRICT COUNCIL,LELO-A,H3,1.80E-05,0.019828261,H3,40,G2,30.1,G3,29.9,3,100
52306,COORONG DISTRICT COUNCIL,COGWFC,H1,4.59E-05,0.042404785,H1,100,None,0,None,0,1,100
52307,COORONG DISTRICT COUNCIL,RICZnJ,N2,7.44E-05,0.058200341,N2,80,F2,20,None,0,2,100
52308,COORONG DISTRICT COUNCIL,ARCGrA,G3,1.23E-05,0.014303754,G3,40,A6,30.1,B7,29.9,3,100
52309,COORONG DISTRICT COUNCIL,COBOAF,H3,0.000228286,0.116110786,H3,65,G2,15.75,B7,12.25,4,100
52311,COORONG DISTRICT COUNCIL,RICZoP,N2,5.23E-05,0.034065336,N2,41.25,H3,27.5,G2,22.5,5,100
52313,COORONG DISTRICT COUNCIL,GLYZnO,G4,6.54E-06,0.010153524,G4,55,N2,40,B3,2.75,4,100
52314,COORONG DISTRICT COUNCIL,ARCO-A,H3,1.46E-05,0.016349953,H3,100,None,0,None,0,1,100
52315,COORONG DISTRICT COUNCIL,COBOAF,H3,7.30E-05,0.043376131,H3,65,G2,15.75,B7,12.25,4,100
52316,COORONG DISTRICT COUNCIL,LELZS-,N2,1.20E-05,0.016059503,N2,100,None,0,None,0,1,100
52318,COORONG DISTRICT COUNCIL,GLYZnO,G4,1.26E-05,0.015113852,G4,55,N2,40,B3,2.75,4,100
52320,COORONG DISTRICT COUNCIL,GLYZnO,G4,1.61E-05,0.019528259,G4,55,N2,40,B3,2.75,4,100
52321,COORONG DISTRICT COUNCIL,ARCMHC,B6,1.21E-05,0.013415162,B6,24.75,B8,19.25,G2,18,6,100
52323,COORONG DISTRICT COUNCIL,COBNGD,G2,5.02E-05,0.047706472,G2,33.25,B7,28.5,H3,19,5,100
52324,COORONG DISTRICT COUNCIL,COGWFC,H1,3.87E-05,0.030247196,H1,100,None,0,None,0,1,100
52325,COORONG DISTRICT COUNCIL,ARCGrA,G3,6.81E-05,0.062389323,G3,40,A6,30.1,B7,29.9,3,100
52327,COORONG DISTRICT COUNCIL,LELOAK,G2,0.000126454,0.114611885,G2,49.5,H3,30.25,G3,20.25,3,100
52330,COORONG DISTRICT COUNCIL,GOHOAE,H3,0.000292331,0.153137769,H3,52,G2,32.25,G3,15.75,3,100
52331,COORONG DISTRICT COUNCIL,GLYNGA,G3,2.07E-05,0.021781498,G3,55.25,G2,17,H3,12.75,5,100
52332,COORONG DISTRICT COUNCIL,KUMO-B,H3,4.19E-05,0.053953976,H3,100,None,0,None,0,1,100
52333,COORONG DISTRICT COUNCIL,LELNAa,B7,0.000151657,0.074988905,B7,55,B3,45,None,0,2,100
52337,COORONG DISTRICT COUNCIL,GOHOAE,H3,7.28E-05,0.046157231,H3,52,G2,32.25,G3,15.75,3,100
52339,COORONG DISTRICT COUNCIL,GOHGmA,G3,2.38E-05,0.019107936,G3,85,G2,8.25,H3,6.75,3,100
52343,COORONG DISTRICT COUNCIL,GLYMJt,B3,9.48E-05,0.051779865,B3,24.75,B2,20.25,H3,18,8,100
52344,COORONG DISTRICT COUNCIL,MNAZS-,N2,0.000211301,0.076919145,N2,100,None,0,None,0,1,100
52349,COORONG DISTRICT COUNCIL,MESMJn,B3,0.00047649,0.222864297,B3,22,B7,21,H3,20.25,8,100
52352,COORONG DISTRICT COUNCIL,MNAZS-,N2,8.11E-05,0.062952726,N2,100,None,0,None,0,1,100
52360,COORONG DISTRICT COUNCIL,TISMJn,B8,9.33E-05,0.059607633,B8,38.25,B2,29.75,H3,17,5,100
52361,COORONG DISTRICT COUNCIL,TAUMJt,B3,0.000125198,0.077038899,B3,46.75,B7,38.25,N2,8.25,4,100
52362,COORONG DISTRICT COUNCIL,LGCMJn,H3,0.000137382,0.082970121,H3,24.75,B3,20.75,G2,20.25,7,100
52364,COORONG DISTRICT COUNCIL,LGCMJn,H3,8.99E-05,0.082020781,H3,24.75,B3,20.75,G2,20.25,7,100
52365,COORONG DISTRICT COUNCIL,ARCMHC,B6,2.73E-05,0.01995463,B6,24.75,B8,19.25,G2,18,6,100
52366,COORONG DISTRICT COUNCIL,TINO-B,H3,7.78E-06,0.010736652,H3,100,None,0,None,0,1,100
52367,COORONG DISTRICT COUNCIL,RICOSM,G3,2.35E-05,0.025363965,G3,40,H3,30.25,G2,24.75,4,100
52368,COORONG DISTRICT COUNCIL,COBOAF,H3,1.90E-05,0.030830862,H3,65,G2,15.75,B7,12.25,4,100
52369,COORONG DISTRICT COUNCIL,COBMHB,H3,1.07E-05,0.015054829,H3,30.25,B3,24.75,G2,24.75,4,100
52371,COORONG DISTRICT COUNCIL,CMBMJB,B3,8.13E-05,0.054577003,B3,55,G2,20,H3,15,4,100
52372,COORONG DISTRICT COUNCIL,GLYZnO,G4,7.88E-05,0.058614376,G4,55,N2,40,B3,2.75,4,100
52374,COORONG DISTRICT COUNCIL,COBNGD,G2,0.000432966,0.266023848,G2,33.25,B7,28.5,H3,19,5,100
52377,COORONG DISTRICT COUNCIL,RICZnj,N2,0.000757284,0.26413472,N2,100,None,0,None,0,1,100
52378,COORONG DISTRICT COUNCIL,RICZS-,WW,0.000126805,0.088836767,WW,55,N2,45,None,0,2,100
52382,COORONG DISTRICT COUNCIL,LELNGp,G3,0.000269436,0.161842769,G3,65,G4,12,H3,9,6,100
52383,COORONG DISTRICT COUNCIL,COGWFC,H1,0.000163533,0.092850303,H1,100,None,0,None,0,1,100
52385,COORONG DISTRICT COUNCIL,MESOEK,H3,9.47E-05,0.059720655,H3,35,G2,30,G3,20,4,100
52388,COORONG DISTRICT COUNCIL,MESNEF,B7,0.001017323,0.389775682,B7,30.75,H3,29.75,A4,15,5,100
52389,COORONG DISTRICT COUNCIL,MNAZnj,N2,0.000183536,0.073005329,N2,55.25,G4,21.485,B7,12.75,5,100
52390,COORONG DISTRICT COUNCIL,LELOSX,H3,9.85E-05,0.063080995,H3,35.75,G2,29.25,G3,16,5,100
52393,COORONG DISTRICT COUNCIL,MNAZoP,N2,0.000220232,0.111299431,N2,40,H3,27.75,G2,22.5,5,100
52394,COORONG DISTRICT COUNCIL,MNAOSS,H3,8.99E-05,0.083579323,H3,55.25,G3,17,G2,12.75,5,100
52395,COORONG DISTRICT COUNCIL,TISZqO,N2,0.000812875,0.13358847,N2,65,A7,20,A1,15,3,100
52397,COORONG DISTRICT COUNCIL,COGMJn,B3,0.000360273,0.215396337,B3,95,N2,5,None,0,2,100
52398,COORONG DISTRICT COUNCIL,MNAOSS,H3,6.63E-05,0.058632862,H3,55.25,G3,17,G2,12.75,5,100
52401,COORONG DISTRICT COUNCIL,GLYZpO,N2,6.12E-06,0.01130982,N2,65,G4,30,B3,2.75,4,100
52404,COORONG DISTRICT COUNCIL,MESNEA,B7,4.59E-05,0.030916294,B7,35,H3,30,G2,20,4,100
52407,COORONG DISTRICT COUNCIL,GLYZpO,N2,8.71E-06,0.013514958,N2,65,G4,30,B3,2.75,4,100
52408,COORONG DISTRICT COUNCIL,GLYZnO,G4,1.49E-05,0.018699226,G4,55,N2,40,B3,2.75,4,100
52410,COORONG DISTRICT COUNCIL,MNAZnj,N2,5.87E-05,0.047453886,N2,55.25,G4,21.485,B7,12.75,5,100
52412,COORONG DISTRICT COUNCIL,GLYZpO,N2,5.70E-06,0.010014439,N2,65,G4,30,B3,2.75,4,100
52413,COORONG DISTRICT COUNCIL,MNAOSS,H3,2.54E-05,0.027316671,H3,55.25,G3,17,G2,12.75,5,100
52416,COORONG DISTRICT COUNCIL,LELNGp,G3,0.001035399,0.202812728,G3,65,G4,12,H3,9,6,100
52418,COORONG DISTRICT COUNCIL,TINNAA,B7,0.003443689,0.522226115,B7,45,B3,35,B6,20,3,100
52420,COORONG DISTRICT COUNCIL,RICZnJ,N2,0.00037808,0.112140585,N2,80,F2,20,None,0,2,100
52423,COORONG DISTRICT COUNCIL,LELO-A,H3,5.46E-05,0.041334945,H3,40,G2,30.1,G3,29.9,3,100
52425,COORONG DISTRICT COUNCIL,LELNGd,G3,0.000328491,0.143691281,G3,55,H3,20.25,G2,15.75,4,100
52426,COORONG DISTRICT COUNCIL,COGWVF,H1,0.000109457,0.051981477,H1,55,B3,45,None,0,2,100
52427,COORONG DISTRICT COUNCIL,GLYNGA,G3,0.000825899,0.244711644,G3,55.25,G2,17,H3,12.75,5,100
52430,COORONG DISTRICT COUNCIL,COBNAA,B7,0.000556882,0.271756527,B7,45,G2,35,B3,20,3,100
52432,COORONG DISTRICT COUNCIL,CMBO-A,H3,0.000486839,0.32413525,H3,65,G2,20,G3,15,3,100
52433,COORONG DISTRICT COUNCIL,RICOSM,G3,0.000343906,0.234973672,G3,40,H3,30.25,G2,24.75,4,100
52434,COORONG DISTRICT COUNCIL,KUMOAJ,G2,0.000241989,0.143967929,G2,35.75,H3,35,G3,29.25,3,100
52435,COORONG DISTRICT COUNCIL,ARCOEg,H3,8.21E-05,0.059071234,H3,45,G3,30.25,G2,24.75,3,100
52436,COORONG DISTRICT COUNCIL,COBNAA,B7,0.000755842,0.239970534,B7,45,G2,35,B3,20,3,100
52437,COORONG DISTRICT COUNCIL,MNAOSX,G2,0.001003577,0.438590387,G2,33.75,H3,26.25,N2,20,5,100
52440,COORONG DISTRICT COUNCIL,MNAOSX,G2,0.000148888,0.074876269,G2,33.75,H3,26.25,N2,20,5,100
52442,COORONG DISTRICT COUNCIL,MNAZoP,N2,0.000232259,0.142089327,N2,40,H3,27.75,G2,22.5,5,100
52444,COORONG DISTRICT COUNCIL,MNANAp,H3,6.35E-05,0.042894162,H3,34.25,G2,28.52,G4,17.25,5,100
52447,COORONG DISTRICT COUNCIL,ARCOEg,H3,0.000220748,0.115939152,H3,45,G3,30.25,G2,24.75,3,100
52460,COORONG DISTRICT COUNCIL,COGWQ-,N2,1.84E-05,0.01900686,N2,100,None,0,None,0,1,100
52463,COORONG DISTRICT COUNCIL,MNAOSS,H3,7.95E-05,0.056954557,H3,55.25,G3,17,G2,12.75,5,100
52464,COORONG DISTRICT COUNCIL,GLYZnO,G4,3.88E-05,0.031950517,G4,55,N2,40,B3,2.75,4,100
52466,COORONG DISTRICT COUNCIL,MNAOSX,G2,3.18E-05,0.025164798,G2,33.75,H3,26.25,N2,20,5,100
52472,COORONG DISTRICT COUNCIL,GLYZpO,N2,5.44E-05,0.056384984,N2,65,G4,30,B3,2.75,4,100
52477,COORONG DISTRICT COUNCIL,MNAOSX,G2,9.12E-05,0.064270462,G2,33.75,H3,26.25,N2,20,5,100
52480,COORONG DISTRICT COUNCIL,RICOSM,G3,0.000377857,0.181420695,G3,40,H3,30.25,G2,24.75,4,100
52481,COORONG DISTRICT COUNCIL,MCAOBF,H3,0.000718706,0.268987356,H3,60,G2,23.75,G3,7.5,5,100
52482,COORONG DISTRICT COUNCIL,KUMOAJ,G2,0.000137262,0.088399522,G2,35.75,H3,35,G3,29.25,3,100
52483,COORONG DISTRICT COUNCIL,KUMO-B,H3,9.03E-05,0.09028509,H3,100,None,0,None,0,1,100
52484,COORONG DISTRICT COUNCIL,RICNAb,B7,0.000251175,0.099314356,B7,41.25,B6,33.75,H3,9,6,100
52487,COORONG DISTRICT COUNCIL,LELOSS,H3,0.000122943,0.073701187,H3,41.25,G2,33.75,G3,16,5,100
52488,COORONG DISTRICT COUNCIL,GLYZS-,N2,0.000128449,0.110385375,N2,100,None,0,None,0,1,100
52489,COORONG DISTRICT COUNCIL,RICZS-,WW,0.000140713,0.093091436,WW,55,N2,45,None,0,2,100
52490,COORONG DISTRICT COUNCIL,ARCOEa,H3,0.000247662,0.124758798,H3,65,G3,19.25,G2,15.75,3,100
52492,COORONG DISTRICT COUNCIL,GOHO-A,H3,0.003703012,0.758317446,H3,75,G2,13.75,G3,11.25,3,100
52495,COORONG DISTRICT COUNCIL,LELZS-,N2,2.43E-05,0.021511514,N2,100,None,0,None,0,1,100
52501,COORONG DISTRICT COUNCIL,LELOAK,G2,4.87E-05,0.033414989,G2,49.5,H3,30.25,G3,20.25,3,100
52503,COORONG DISTRICT COUNCIL,LELZoP,N2,8.90E-05,0.079781153,N2,45,H3,22,G2,18,5,100
52505,COORONG DISTRICT COUNCIL,COBOAF,H3,7.98E-05,0.052165971,H3,65,G2,15.75,B7,12.25,4,100
52506,COORONG DISTRICT COUNCIL,LELZS-,N2,7.24E-06,0.012230518,N2,100,None,0,None,0,1,100
52507,COORONG DISTRICT COUNCIL,ARCO-A,H3,7.08E-06,0.01332035,H3,100,None,0,None,0,1,100
52508,COORONG DISTRICT COUNCIL,CMBO-A,H3,6.10E-05,0.036189217,H3,65,G2,20,G3,15,3,100
52509,COORONG DISTRICT COUNCIL,LELZnJ,G4,0.00015895,0.078286821,G4,55,N2,45,None,0,2,100
52510,COORONG DISTRICT COUNCIL,ARCGrA,G3,0.000162961,0.135281559,G3,40,A6,30.1,B7,29.9,3,100
52512,COORONG DISTRICT COUNCIL,ARCMHC,B6,0.000116675,0.046060157,B6,24.75,B8,19.25,G2,18,6,100
52513,COORONG DISTRICT COUNCIL,KUMNAA,B7,0.00015011,0.069810418,B7,65,G3,20,B3,15,3,100
52515,COORONG DISTRICT COUNCIL,RICMJB,B3,2.57E-05,0.026445453,B3,40,B7,30.1,B8,29.9,3,100
52516,COORONG DISTRICT COUNCIL,PNDMJC,H3,0.001261652,0.290969274,H3,24.75,G2,19.25,B3,18,6,100
52522,COORONG DISTRICT COUNCIL,MNAOSS,H3,4.68E-05,0.044139791,H3,55.25,G3,17,G2,12.75,5,100
52524,COORONG DISTRICT COUNCIL,LELOEK,H3,9.12E-06,0.014231021,H3,35,G3,30,G2,20,4,100
52525,COORONG DISTRICT COUNCIL,MNAZoP,N2,3.96E-05,0.03097553,N2,40,H3,27.75,G2,22.5,5,100
52526,COORONG DISTRICT COUNCIL,MESOEK,H3,8.07E-06,0.011362183,H3,35,G2,30,G3,20,4,100
52528,COORONG DISTRICT COUNCIL,MESOEK,H3,0.000143059,0.085769034,H3,35,G2,30,G3,20,4,100
52529,COORONG DISTRICT COUNCIL,MESOEK,H3,6.42E-06,0.009969419,H3,35,G2,30,G3,20,4,100
52532,COORONG DISTRICT COUNCIL,MNAZoP,N2,0.000101442,0.048838827,N2,40,H3,27.75,G2,22.5,5,100
52534,COORONG DISTRICT COUNCIL,MESMJn,B3,0.000167704,0.078792231,B3,22,B7,21,H3,20.25,8,100
52539,COORONG DISTRICT COUNCIL,MNAZS-,N2,0.000155201,0.08404646,N2,100,None,0,None,0,1,100
52541,COORONG DISTRICT COUNCIL,MNAOSS,H3,3.76E-05,0.033174442,H3,55.25,G3,17,G2,12.75,5,100
52545,COORONG DISTRICT COUNCIL,MNAZS-,N2,8.25E-05,0.04771303,N2,100,None,0,None,0,1,100
52549,COORONG DISTRICT COUNCIL,LELO-A,H3,1.64E-05,0.015348707,H3,40,G2,30.1,G3,29.9,3,100
52562,COORONG DISTRICT COUNCIL,GOHMHB,B3,4.66E-06,0.009425313,B3,65,G2,19.25,H3,15.75,3,100
52567,COORONG DISTRICT COUNCIL,RICMJB,B3,9.82E-06,0.011415471,B3,40,B7,30.1,B8,29.9,3,100
52569,COORONG DISTRICT COUNCIL,LELOSS,H3,5.27E-06,0.00855675,H3,41.25,G2,33.75,G3,16,5,100
52572,COORONG DISTRICT COUNCIL,ARCGrA,G3,1.52E-05,0.016774424,G3,40,A6,30.1,B7,29.9,3,100
52573,COORONG DISTRICT COUNCIL,COBNGd,G2,1.00E-05,0.01397288,G2,29.75,B7,25.5,H3,17,5,100
52574,COORONG DISTRICT COUNCIL,LELZS-,N2,0.000107544,0.055755652,N2,100,None,0,None,0,1,100
52576,COORONG DISTRICT COUNCIL,ARCOEg,H3,0.000189423,0.108798565,H3,45,G3,30.25,G2,24.75,3,100
52578,COORONG DISTRICT COUNCIL,GOHGmA,G3,1.60E-05,0.015226593,G3,85,G2,8.25,H3,6.75,3,100
52581,COORONG DISTRICT COUNCIL,RICZnj,N2,0.000247771,0.105363765,N2,100,None,0,None,0,1,100
52582,COORONG DISTRICT COUNCIL,ARCMHC,B6,0.002130774,0.325001777,B6,24.75,B8,19.25,G2,18,6,100
52584,COORONG DISTRICT COUNCIL,RICZS-,WW,4.77E-05,0.035076488,WW,55,N2,45,None,0,2,100
52585,COORONG DISTRICT COUNCIL,COBMHB,H3,2.67E-05,0.021552647,H3,30.25,B3,24.75,G2,24.75,4,100
52586,COORONG DISTRICT COUNCIL,COBOAF,H3,0.000138755,0.08767837,H3,65,G2,15.75,B7,12.25,4,100
52587,COORONG DISTRICT COUNCIL,KUMOAE,H3,5.53E-05,0.049954762,H3,85,G2,8.25,G3,6.75,3,100
52588,COORONG DISTRICT COUNCIL,RICZS-,WW,0.000205076,0.097216505,WW,55,N2,45,None,0,2,100
52589,COORONG DISTRICT COUNCIL,CMBOAK,H3,0.000359069,0.187310728,H3,52,G2,25.25,G3,15.75,4,100
52590,COORONG DISTRICT COUNCIL,ARCGrA,G3,2.15E-05,0.020610853,G3,40,A6,30.1,B7,29.9,3,100
52591,COORONG DISTRICT COUNCIL,LELOSX,H3,0.000140807,0.091219266,H3,35.75,G2,29.25,G3,16,5,100
52592,COORONG DISTRICT COUNCIL,CMBO-A,H3,0.001877703,1.107117168,H3,65,G2,20,G3,15,3,100
52593,COORONG DISTRICT COUNCIL,LELO-A,H3,2.23E-05,0.03607767,H3,40,G2,30.1,G3,29.9,3,100
52595,COORONG DISTRICT COUNCIL,ARCO-A,H3,5.67E-05,0.048907096,H3,100,None,0,None,0,1,100
52596,COORONG DISTRICT COUNCIL,GOHGmA,G3,7.05E-06,0.010596071,G3,85,G2,8.25,H3,6.75,3,100
52597,COORONG DISTRICT COUNCIL,CMBO-A,H3,5.62E-06,0.009392906,H3,65,G2,20,G3,15,3,100
52600,COORONG DISTRICT COUNCIL,MNANAp,H3,0.000166317,0.104291458,H3,34.25,G2,28.52,G4,17.25,5,100
52601,COORONG DISTRICT COUNCIL,TAUMJC,B3,0.007054424,1.596502744,B3,35.75,B7,29.25,H3,19.25,4,100
52605,COORONG DISTRICT COUNCIL,COGWQ-,N2,1.83E-05,0.026408545,N2,100,None,0,None,0,1,100
52606,COORONG DISTRICT COUNCIL,MNAO-A,H3,2.23E-05,0.020740892,H3,65,G3,20,G2,15,3,100
52607,COORONG DISTRICT COUNCIL,MESMJn,B3,2.57E-05,0.023049282,B3,22,B7,21,H3,20.25,8,100
52609,COORONG DISTRICT COUNCIL,GLYNGF,G3,9.68E-06,0.013755299,G3,45.5,G2,14,H3,10.5,7,100
52612,COORONG DISTRICT COUNCIL,MNAOSX,G2,5.59E-05,0.045882386,G2,33.75,H3,26.25,N2,20,5,100
52614,COORONG DISTRICT COUNCIL,MESOEK,H3,2.36E-05,0.024925226,H3,35,G2,30,G3,20,4,100
52617,COORONG DISTRICT COUNCIL,MESNEF,B7,0.001779485,0.802591673,B7,30.75,H3,29.75,A4,15,5,100
52619,COORONG DISTRICT COUNCIL,COGWQ-,N2,9.52E-05,0.085417222,N2,100,None,0,None,0,1,100
52621,COORONG DISTRICT COUNCIL,MESOEK,H3,3.74E-05,0.033963151,H3,35,G2,30,G3,20,4,100
52625,COORONG DISTRICT COUNCIL,GLYNGF,G3,2.89E-05,0.026443903,G3,45.5,G2,14,H3,10.5,7,100
52626,COORONG DISTRICT COUNCIL,GLYZS-,N2,0.000202417,0.09847971,N2,100,None,0,None,0,1,100
52628,COORONG DISTRICT COUNCIL,MNAOSX,G2,0.000344711,0.150853896,G2,33.75,H3,26.25,N2,20,5,100
52629,COORONG DISTRICT COUNCIL,TAUNGF,G3,6.01E-05,0.053115279,G3,46.75,G2,38.25,G4,8.25,4,100
52630,COORONG DISTRICT COUNCIL,GLYZpO,N2,5.92E-05,0.05419216,N2,65,G4,30,B3,2.75,4,100
52631,COORONG DISTRICT COUNCIL,GLYMJt,B3,0.000176358,0.103083722,B3,24.75,B2,20.25,H3,18,8,100
52634,COORONG DISTRICT COUNCIL,MNAOSS,H3,9.81E-05,0.083481391,H3,55.25,G3,17,G2,12.75,5,100
52635,COORONG DISTRICT COUNCIL,MNAZS-,N2,2.75E-05,0.037369081,N2,100,None,0,None,0,1,100
52638,COORONG DISTRICT COUNCIL,MNAZS-,N2,0.001124282,0.33040332,N2,100,None,0,None,0,1,100
52642,COORONG DISTRICT COUNCIL,LELZS-,N2,4.01E-05,0.027727651,N2,100,None,0,None,0,1,100
52643,COORONG DISTRICT COUNCIL,LELZoP,N2,0.000279353,0.172339772,N2,45,H3,22,G2,18,5,100
52646,COORONG DISTRICT COUNCIL,LELNGd,G3,0.001328973,0.31307434,G3,55,H3,20.25,G2,15.75,4,100
52647,COORONG DISTRICT COUNCIL,KUMOAM,H3,0.000127345,0.055892644,H3,75,G2,11,G3,9,5,100
52648,COORONG DISTRICT COUNCIL,KUMOAF,H3,0.000199774,0.157937081,H3,75,G2,13.75,G3,11.25,3,100
52649,COORONG DISTRICT COUNCIL,KUMOAJ,G2,2.69E-05,0.035021334,G2,35.75,H3,35,G3,29.25,3,100
52651,COORONG DISTRICT COUNCIL,COBOAF,H3,2.76E-05,0.026019819,H3,65,G2,15.75,B7,12.25,4,100
52652,COORONG DISTRICT COUNCIL,COBMHB,H3,2.38E-05,0.021596468,H3,30.25,B3,24.75,G2,24.75,4,100
52653,COORONG DISTRICT COUNCIL,COGMJn,B3,2.48E-05,0.025661288,B3,95,N2,5,None,0,2,100
52654,COORONG DISTRICT COUNCIL,GLYNGF,G3,3.59E-05,0.033068983,G3,45.5,G2,14,H3,10.5,7,100
52655,COORONG DISTRICT COUNCIL,CMBO-A,H3,2.49E-05,0.028984468,H3,65,G2,20,G3,15,3,100
52657,COORONG DISTRICT COUNCIL,COGWFC,H1,6.21E-05,0.045136363,H1,100,None,0,None,0,1,100
52658,COORONG DISTRICT COUNCIL,ARCGrA,G3,4.99E-05,0.033631602,G3,40,A6,30.1,B7,29.9,3,100
52659,COORONG DISTRICT COUNCIL,LELMHB,H3,5.61E-05,0.04851819,H3,30.25,B3,24.75,G2,24.75,5,100
52660,COORONG DISTRICT COUNCIL,MESNEA,B7,0.001252338,0.6189333,B7,35,H3,30,G2,20,4,100
52661,COORONG DISTRICT COUNCIL,LELOSS,H3,5.82E-05,0.04931532,H3,41.25,G2,33.75,G3,16,5,100
52662,COORONG DISTRICT COUNCIL,ARCGrA,G3,4.27E-05,0.039461992,G3,40,A6,30.1,B7,29.9,3,100
52663,COORONG DISTRICT COUNCIL,GLYZpO,N2,5.41E-06,0.009922354,N2,65,G4,30,B3,2.75,4,100
52664,COORONG DISTRICT COUNCIL,LELOSX,H3,4.44E-05,0.042437263,H3,35.75,G2,29.25,G3,16,5,100
52665,COORONG DISTRICT COUNCIL,ARCGrA,G3,7.78E-05,0.05361003,G3,40,A6,30.1,B7,29.9,3,100
52668,COORONG DISTRICT COUNCIL,ARCMHC,B6,9.07E-05,0.054043916,B6,24.75,B8,19.25,G2,18,6,100
52669,COORONG DISTRICT COUNCIL,LELOSS,H3,8.09E-05,0.060765432,H3,41.25,G2,33.75,G3,16,5,100
52671,COORONG DISTRICT COUNCIL,COBMHB,H3,1.55E-05,0.020983794,H3,30.25,B3,24.75,G2,24.75,4,100
52673,COORONG DISTRICT COUNCIL,COGWFC,H1,1.29E-05,0.01598763,H1,100,None,0,None,0,1,100
52677,COORONG DISTRICT COUNCIL,COGMJn,B3,3.07E-05,0.034208037,B3,95,N2,5,None,0,2,100
52679,COORONG DISTRICT COUNCIL,COGWQ-,N2,1.32E-05,0.01903818,N2,100,None,0,None,0,1,100
52680,COORONG DISTRICT COUNCIL,ARCGrA,G3,1.61E-05,0.01812181,G3,40,A6,30.1,B7,29.9,3,100
52681,COORONG DISTRICT COUNCIL,TAUNGF,G3,9.37E-06,0.015710349,G3,46.75,G2,38.25,G4,8.25,4,100
52682,COORONG DISTRICT COUNCIL,ARCGrA,G3,6.17E-05,0.041757936,G3,40,A6,30.1,B7,29.9,3,100
52685,COORONG DISTRICT COUNCIL,MESNEF,B7,5.19E-05,0.031926318,B7,30.75,H3,29.75,A4,15,5,100
52686,COORONG DISTRICT COUNCIL,MNAZnG,N2,0.000483481,0.194552106,N2,33,H3,22,G2,18,5,100
52688,COORONG DISTRICT COUNCIL,BLKMJB,B3,0.000107954,0.047406597,B3,30,B7,22.575,B8,22.425,5,100
52691,COORONG DISTRICT COUNCIL,MESMJn,B3,8.71E-05,0.054210254,B3,22,B7,21,H3,20.25,8,100
52697,COORONG DISTRICT COUNCIL,COGWQ-,N2,2.46E-05,0.020339994,N2,100,None,0,None,0,1,100
52698,COORONG DISTRICT COUNCIL,MNAZnj,N2,8.30E-05,0.054492432,N2,55.25,G4,21.485,B7,12.75,5,100
52700,COORONG DISTRICT COUNCIL,MNAZS-,N2,0.000645782,0.1977464,N2,100,None,0,None,0,1,100
52701,COORONG DISTRICT COUNCIL,COGWQ-,N2,0.000953123,0.437761332,N2,100,None,0,None,0,1,100
52704,COORONG DISTRICT COUNCIL,TISMJn,B8,0.000287698,0.114679416,B8,38.25,B2,29.75,H3,17,5,100
52705,COORONG DISTRICT COUNCIL,MNAOSX,G2,0.000121698,0.070269224,G2,33.75,H3,26.25,N2,20,5,100
52706,COORONG DISTRICT COUNCIL,MNAZoP,N2,7.67E-05,0.063529232,N2,40,H3,27.75,G2,22.5,5,100
52708,COORONG DISTRICT COUNCIL,LELZS-,N2,3.37E-05,0.033114002,N2,100,None,0,None,0,1,100
52713,COORONG DISTRICT COUNCIL,RICZS-,WW,0.000233836,0.132444467,WW,55,N2,45,None,0,2,100
52714,COORONG DISTRICT COUNCIL,GOHOAI,G2,5.31E-05,0.046752909,G2,39.25,H3,36,G3,24.75,3,100
52717,COORONG DISTRICT COUNCIL,ARCOEa,H3,0.000115712,0.085022491,H3,65,G3,19.25,G2,15.75,3,100
52720,COORONG DISTRICT COUNCIL,ARCMHC,B6,3.55E-05,0.023516035,B6,24.75,B8,19.25,G2,18,6,100
52726,COORONG DISTRICT COUNCIL,LELZS-,N2,0.000170955,0.114206948,N2,100,None,0,None,0,1,100
52727,COORONG DISTRICT COUNCIL,LELZnJ,G4,8.11E-06,0.012300896,G4,55,N2,45,None,0,2,100
52729,COORONG DISTRICT COUNCIL,RICZnj,N2,0.000144104,0.05863735,N2,100,None,0,None,0,1,100
52730,COORONG DISTRICT COUNCIL,LELZnJ,G4,0.000244164,0.144232307,G4,55,N2,45,None,0,2,100
52732,COORONG DISTRICT COUNCIL,LELNGp,G3,0.000949044,0.389969608,G3,65,G4,12,H3,9,6,100
52734,COORONG DISTRICT COUNCIL,CMBOAK,H3,0.000201877,0.121672989,H3,52,G2,25.25,G3,15.75,4,100
52741,COORONG DISTRICT COUNCIL,LELNAa,B7,1.70E-05,0.024879091,B7,55,B3,45,None,0,2,100
52744,COORONG DISTRICT COUNCIL,MNAOSX,G2,0.00010132,0.067509149,G2,33.75,H3,26.25,N2,20,5,100
52745,COORONG DISTRICT COUNCIL,MNAZS-,N2,6.05E-05,0.034892493,N2,100,None,0,None,0,1,100
52747,COORONG DISTRICT COUNCIL,MNAZoP,N2,7.02E-05,0.053359743,N2,40,H3,27.75,G2,22.5,5,100
52748,COORONG DISTRICT COUNCIL,GLYZpO,N2,7.23E-05,0.060017296,N2,65,G4,30,B3,2.75,4,100
52749,COORONG DISTRICT COUNCIL,MNAZnM,N2,0.000128111,0.079915205,N2,33.75,G4,26.25,B7,15,5,100
52750,COORONG DISTRICT COUNCIL,MESNEA,B7,4.36E-05,0.035543633,B7,35,H3,30,G2,20,4,100
52754,COORONG DISTRICT COUNCIL,MNAOSS,H3,0.000328673,0.164643311,H3,55.25,G3,17,G2,12.75,5,100
52756,COORONG DISTRICT COUNCIL,MNAOSS,H3,3.19E-05,0.027833111,H3,55.25,G3,17,G2,12.75,5,100
52758,COORONG DISTRICT COUNCIL,GLYMJt,B3,4.10E-05,0.037445718,B3,24.75,B2,20.25,H3,18,8,100
52760,COORONG DISTRICT COUNCIL,MESNEF,B7,8.25E-06,0.013737682,B7,30.75,H3,29.75,A4,15,5,100
52765,COORONG DISTRICT COUNCIL,LGCMJn,H3,4.02E-05,0.027008335,H3,24.75,B3,20.75,G2,20.25,7,100
52766,COORONG DISTRICT COUNCIL,GLYMJt,B3,3.97E-05,0.026664981,B3,24.75,B2,20.25,H3,18,8,100
52768,COORONG DISTRICT COUNCIL,MNAOSS,H3,8.27E-05,0.044229754,H3,55.25,G3,17,G2,12.75,5,100
52773,COORONG DISTRICT COUNCIL,TAUZnO,G4,2.18E-05,0.023015638,G4,50.5,N2,49.5,None,0,2,100
52774,COORONG DISTRICT COUNCIL,TISZqJ,N2,7.65E-05,0.042094926,N2,40,A7,30.1,A1,29.9,3,100
52775,COORONG DISTRICT COUNCIL,MNAOSX,G2,9.67E-05,0.091763888,G2,33.75,H3,26.25,N2,20,5,100
52777,COORONG DISTRICT COUNCIL,TISMJB,B8,4.54E-05,0.033221692,B8,45,B2,35,H3,20,3,100
52778,COORONG DISTRICT COUNCIL,GLYMJt,B3,1.92E-05,0.019515984,B3,24.75,B2,20.25,H3,18,8,100
52779,COORONG DISTRICT COUNCIL,LACZS-,N2,5.95E-05,0.040049052,N2,55,N3,20,M4,15,4,100
52783,COORONG DISTRICT COUNCIL,MCAGaA,G3,2.86E-05,0.031087132,G3,48.75,E3,20,G4,15,5,100
52784,COORONG DISTRICT COUNCIL,LELNGd,G3,0.000339451,0.132252852,G3,55,H3,20.25,G2,15.75,4,100
52785,COORONG DISTRICT COUNCIL,RICZoP,N2,0.000304648,0.098986091,N2,41.25,H3,27.5,G2,22.5,5,100
52788,COORONG DISTRICT COUNCIL,GOHMHB,B3,9.21E-06,0.011031301,B3,65,G2,19.25,H3,15.75,3,100
52790,COORONG DISTRICT COUNCIL,BLKMJB,B3,0.000276587,0.11143598,B3,30,B7,22.575,B8,22.425,5,100
52792,COORONG DISTRICT COUNCIL,GOHGmA,G3,1.23E-05,0.015369312,G3,85,G2,8.25,H3,6.75,3,100
52795,COORONG DISTRICT COUNCIL,ARCGrA,G3,3.72E-05,0.027250217,G3,40,A6,30.1,B7,29.9,3,100
52799,COORONG DISTRICT COUNCIL,KUMOAJ,G2,4.78E-05,0.044327491,G2,35.75,H3,35,G3,29.25,3,100
52800,COORONG DISTRICT COUNCIL,GLYZnO,G4,6.80E-06,0.009663021,G4,55,N2,40,B3,2.75,4,100
52803,COORONG DISTRICT COUNCIL,GLYZS-,N2,5.73E-06,0.009234235,N2,100,None,0,None,0,1,100
52808,COORONG DISTRICT COUNCIL,GLYZS-,N2,3.27E-05,0.03281408,N2,100,None,0,None,0,1,100
52810,COORONG DISTRICT COUNCIL,LELO-A,H3,3.31E-05,0.043343559,H3,40,G2,30.1,G3,29.9,3,100
52812,COORONG DISTRICT COUNCIL,COBMHB,H3,3.51E-05,0.029259598,H3,30.25,B3,24.75,G2,24.75,4,100
52813,COORONG DISTRICT COUNCIL,COBOAF,H3,0.000276062,0.173535046,H3,65,G2,15.75,B7,12.25,4,100
52814,COORONG DISTRICT COUNCIL,RICNAb,B7,5.82E-05,0.049370878,B7,41.25,B6,33.75,H3,9,6,100
52815,COORONG DISTRICT COUNCIL,COBNGD,G2,7.76E-05,0.046953955,G2,33.25,B7,28.5,H3,19,5,100
52816,COORONG DISTRICT COUNCIL,GLYZpO,N2,0.000143308,0.056449664,N2,65,G4,30,B3,2.75,4,100
52818,COORONG DISTRICT COUNCIL,COBNGD,G2,0.000158957,0.078876036,G2,33.25,B7,28.5,H3,19,5,100
52819,COORONG DISTRICT COUNCIL,GOHOAF,H3,5.31E-05,0.042791753,H3,52,G2,32.25,G3,15.75,3,100
52820,COORONG DISTRICT COUNCIL,LELNGp,G3,0.000198786,0.116115885,G3,65,G4,12,H3,9,6,100
52821,COORONG DISTRICT COUNCIL,LELNGp,G3,9.36E-05,0.078330952,G3,65,G4,12,H3,9,6,100
52824,COORONG DISTRICT COUNCIL,ARCO-A,H3,6.81E-05,0.056641905,H3,100,None,0,None,0,1,100
52825,COORONG DISTRICT COUNCIL,COBMHB,H3,5.90E-05,0.040640405,H3,30.25,B3,24.75,G2,24.75,4,100
52830,COORONG DISTRICT COUNCIL,MESMJn,B3,0.000611214,0.319568097,B3,22,B7,21,H3,20.25,8,100
52832,COORONG DISTRICT COUNCIL,MNAZoP,N2,0.000125485,0.101543852,N2,40,H3,27.75,G2,22.5,5,100
52833,COORONG DISTRICT COUNCIL,MNAZoP,N2,0.000202751,0.108075588,N2,40,H3,27.75,G2,22.5,5,100
52834,COORONG DISTRICT COUNCIL,MNAZnM,N2,8.63E-05,0.054375016,N2,33.75,G4,26.25,B7,15,5,100
52837,COORONG DISTRICT COUNCIL,MNAO-A,H3,0.000195013,0.108637597,H3,65,G3,20,G2,15,3,100
52838,COORONG DISTRICT COUNCIL,MNAOSS,H3,3.64E-05,0.029076852,H3,55.25,G3,17,G2,12.75,5,100
52843,COORONG DISTRICT COUNCIL,LGCMJn,H3,3.39E-05,0.034119398,H3,24.75,B3,20.75,G2,20.25,7,100
52845,COORONG DISTRICT COUNCIL,MNAZoP,N2,8.45E-05,0.049731701,N2,40,H3,27.75,G2,22.5,5,100
52846,COORONG DISTRICT COUNCIL,MNAMJB,B3,1.04E-05,0.013847219,B3,35,H3,30,G2,20,4,100
52847,COORONG DISTRICT COUNCIL,MNAOSS,H3,4.75E-05,0.031839294,H3,55.25,G3,17,G2,12.75,5,100
52851,COORONG DISTRICT COUNCIL,LGCMHB,H3,0.000111321,0.051525226,H3,30.25,G2,24.75,B3,20.75,6,100
52856,COORONG DISTRICT COUNCIL,MNAOSX,G2,1.20E-05,0.014439096,G2,33.75,H3,26.25,N2,20,5,100
52857,COORONG DISTRICT COUNCIL,MNAZnj,N2,0.000101964,0.055205052,N2,55.25,G4,21.485,B7,12.75,5,100
52859,COORONG DISTRICT COUNCIL,MNAOSS,H3,0.000257987,0.133250647,H3,55.25,G3,17,G2,12.75,5,100
52861,COORONG DISTRICT COUNCIL,MNAOSX,G2,0.000493728,0.163463024,G2,33.75,H3,26.25,N2,20,5,100
52863,COORONG DISTRICT COUNCIL,ARCMHC,B6,1.71E-05,0.016916316,B6,24.75,B8,19.25,G2,18,6,100
52864,COORONG DISTRICT COUNCIL,ARCMHC,B6,4.48E-05,0.034448733,B6,24.75,B8,19.25,G2,18,6,100
52866,COORONG DISTRICT COUNCIL,ARCOEg,H3,2.62E-05,0.020596935,H3,45,G3,30.25,G2,24.75,3,100
52873,COORONG DISTRICT COUNCIL,KUMOAF,H3,9.08E-05,0.087619668,H3,75,G2,13.75,G3,11.25,3,100
52876,COORONG DISTRICT COUNCIL,ARCMRL,G3,0.000113098,0.060410201,G3,29,B7,21.705,B3,19.25,5,100
52877,COORONG DISTRICT COUNCIL,KUMZnJ,N2,4.59E-05,0.026213737,N2,100,None,0,None,0,1,100
52878,COORONG DISTRICT COUNCIL,GOHGmA,G3,7.17E-06,0.010457539,G3,85,G2,8.25,H3,6.75,3,100
52883,COORONG DISTRICT COUNCIL,TINO-B,H3,4.62E-06,0.008683307,H3,100,None,0,None,0,1,100
52884,COORONG DISTRICT COUNCIL,ARCO-A,H3,5.12E-06,0.008958146,H3,100,None,0,None,0,1,100
52885,COORONG DISTRICT COUNCIL,KUMOAJ,G2,2.78E-05,0.023452204,G2,35.75,H3,35,G3,29.25,3,100
52887,COORONG DISTRICT COUNCIL,ARCGrA,G3,1.23E-05,0.013610565,G3,40,A6,30.1,B7,29.9,3,100
52890,COORONG DISTRICT COUNCIL,KUMOAJ,G2,5.82E-05,0.054139157,G2,35.75,H3,35,G3,29.25,3,100
52891,COORONG DISTRICT COUNCIL,KUMOAJ,G2,1.58E-05,0.01694302,G2,35.75,H3,35,G3,29.25,3,100
52895,COORONG DISTRICT COUNCIL,KUMO-B,H3,7.00E-05,0.062330423,H3,100,None,0,None,0,1,100
52896,COORONG DISTRICT COUNCIL,KUMOAJ,G2,0.001972651,0.485803314,G2,35.75,H3,35,G3,29.25,3,100
52898,COORONG DISTRICT COUNCIL,CMBOAK,H3,0.000129907,0.089738553,H3,52,G2,25.25,G3,15.75,4,100
52900,COORONG DISTRICT COUNCIL,COBNAA,B7,0.000250879,0.139106392,B7,45,G2,35,B3,20,3,100
52901,COORONG DISTRICT COUNCIL,LELOSS,H3,0.000216263,0.115892006,H3,41.25,G2,33.75,G3,16,5,100
52902,COORONG DISTRICT COUNCIL,GLYZpO,N2,2.36E-05,0.024146337,N2,65,G4,30,B3,2.75,4,100
52903,COORONG DISTRICT COUNCIL,COBMHB,H3,1.08E-05,0.012842009,H3,30.25,B3,24.75,G2,24.75,4,100
52904,COORONG DISTRICT COUNCIL,LELOSX,H3,0.000112067,0.077170791,H3,35.75,G2,29.25,G3,16,5,100
52906,COORONG DISTRICT COUNCIL,LELNGp,G3,0.000215805,0.131136041,G3,65,G4,12,H3,9,6,100
52907,COORONG DISTRICT COUNCIL,COBOAF,H3,6.58E-05,0.04708553,H3,65,G2,15.75,B7,12.25,4,100
52909,COORONG DISTRICT COUNCIL,KUMO-B,H3,2.49E-05,0.031919737,H3,100,None,0,None,0,1,100
52910,COORONG DISTRICT COUNCIL,CMBNAA,B7,5.48E-05,0.056208515,B7,55,G4,45,None,0,2,100
52913,COORONG DISTRICT COUNCIL,MNAZoP,N2,0.000647916,0.276550909,N2,40,H3,27.75,G2,22.5,5,100
52914,COORONG DISTRICT COUNCIL,MNAZnM,N2,4.77E-05,0.032867482,N2,33.75,G4,26.25,B7,15,5,100
52915,COORONG DISTRICT COUNCIL,GLYNGF,G3,5.97E-05,0.044722473,G3,45.5,G2,14,H3,10.5,7,100
52917,COORONG DISTRICT COUNCIL,MNAZoP,N2,8.31E-05,0.048023895,N2,40,H3,27.75,G2,22.5,5,100
52920,COORONG DISTRICT COUNCIL,GLYNGF,G3,8.42E-05,0.052951299,G3,45.5,G2,14,H3,10.5,7,100
52921,COORONG DISTRICT COUNCIL,MNAZS-,N2,0.000261062,0.121142824,N2,100,None,0,None,0,1,100
52923,COORONG DISTRICT COUNCIL,GLYZpO,N2,1.57E-05,0.020904106,N2,65,G4,30,B3,2.75,4,100
52925,COORONG DISTRICT COUNCIL,GLYZpO,N2,3.73E-05,0.036934374,N2,65,G4,30,B3,2.75,4,100
52928,COORONG DISTRICT COUNCIL,MNANAp,H3,0.000104652,0.065097985,H3,34.25,G2,28.52,G4,17.25,5,100
52929,COORONG DISTRICT COUNCIL,GLYZnO,G4,2.16E-05,0.024398338,G4,55,N2,40,B3,2.75,4,100
52934,COORONG DISTRICT COUNCIL,MNAOSX,G2,9.17E-05,0.082254685,G2,33.75,H3,26.25,N2,20,5,100
52947,COORONG DISTRICT COUNCIL,MNAZoP,N2,0.00068907,0.220088944,N2,40,H3,27.75,G2,22.5,5,100
52948,COORONG DISTRICT COUNCIL,MNAZS-,N2,0.000239598,0.116602308,N2,100,None,0,None,0,1,100
52951,COORONG DISTRICT COUNCIL,TAUMJt,B3,0.000254288,0.105785076,B3,46.75,B7,38.25,N2,8.25,4,100
52960,COORONG DISTRICT COUNCIL,LGCMJn,H3,4.09E-05,0.034245396,H3,24.75,B3,20.75,G2,20.25,7,100
53015,COORONG DISTRICT COUNCIL,TISZqj,N2,0.000799953,0.300591696,N2,65,A7,20,A1,15,3,100
53019,COORONG DISTRICT COUNCIL,TISMJB,B8,2.76E-05,0.025913211,B8,45,B2,35,H3,20,3,100
53073,COORONG DISTRICT COUNCIL,LGCNGp,B7,0.000166858,0.107173968,B7,33.25,G4,24.75,N2,15,7,100
53075,COORONG DISTRICT COUNCIL,MNAZnj,N2,0.000104784,0.049597868,N2,55.25,G4,21.485,B7,12.75,5,100
53077,COORONG DISTRICT COUNCIL,MNAOSS,H3,3.36E-05,0.028333107,H3,55.25,G3,17,G2,12.75,5,100
53086,COORONG DISTRICT COUNCIL,TISZS-,N2,7.90E-05,0.038834929,N2,100,None,0,None,0,1,100
53088,COORONG DISTRICT COUNCIL,TAUZpP,N2,8.31E-05,0.067564107,N2,30.25,B3,24.75,G4,24.75,4,100
53159,COORONG DISTRICT COUNCIL,TAUZnO,G4,5.13E-05,0.037114015,G4,50.5,N2,49.5,None,0,2,100
53160,COORONG DISTRICT COUNCIL,MNAZoP,N2,6.96E-05,0.05885098,N2,40,H3,27.75,G2,22.5,5,100
53166,COORONG DISTRICT COUNCIL,TAUZpO,N2,5.48E-05,0.047910545,N2,52.5,G4,47.5,None,0,2,100
53170,COORONG DISTRICT COUNCIL,TAUZpO,N2,3.28E-06,0.008074685,N2,52.5,G4,47.5,None,0,2,100
53174,COORONG DISTRICT COUNCIL,TAUZpO,N2,5.99E-06,0.011234919,N2,52.5,G4,47.5,None,0,2,100
53249,COORONG DISTRICT COUNCIL,MNAOSS,H3,8.22E-05,0.068690751,H3,55.25,G3,17,G2,12.75,5,100
53253,COORONG DISTRICT COUNCIL,TAUZpO,N2,0.000123043,0.110125383,N2,52.5,G4,47.5,None,0,2,100
53255,COORONG DISTRICT COUNCIL,DUIZoP,N2,0.001007602,0.414918304,N2,40,H3,24.75,G2,20.25,4,100
53256,COORONG DISTRICT COUNCIL,TAUMJt,B3,0.000249009,0.110985577,B3,46.75,B7,38.25,N2,8.25,4,100
53305,COORONG DISTRICT COUNCIL,LGCMJn,H3,0.000184455,0.123621281,H3,24.75,B3,20.75,G2,20.25,7,100
53554,COORONG DISTRICT COUNCIL,LACMth,B8,0.000433542,0.150471838,B8,41.25,G4,20.25,B2,19.25,6,100
53555,COORONG DISTRICT COUNCIL,LACZnO,N2,8.40E-05,0.048467175,N2,40,G4,24.75,A7,20.25,5,100
53556,COORONG DISTRICT COUNCIL,TAUMJt,B3,3.00E-05,0.023421829,B3,46.75,B7,38.25,N2,8.25,4,100
53557,COORONG DISTRICT COUNCIL,TAUZpO,N2,2.00E-05,0.016994941,N2,52.5,G4,47.5,None,0,2,100
53559,COORONG DISTRICT COUNCIL,GLYNGF,G3,7.21E-05,0.037079556,G3,45.5,G2,14,H3,10.5,7,100
53560,COORONG DISTRICT COUNCIL,MNAZS-,N2,2.11E-05,0.025980762,N2,100,None,0,None,0,1,100
53563,COORONG DISTRICT COUNCIL,MNAOSX,G2,3.25E-05,0.026529927,G2,33.75,H3,26.25,N2,20,5,100
53565,COORONG DISTRICT COUNCIL,TISMJn,B8,9.54E-05,0.063926582,B8,38.25,B2,29.75,H3,17,5,100
53566,COORONG DISTRICT COUNCIL,MNAZnj,N2,0.000123204,0.051043244,N2,55.25,G4,21.485,B7,12.75,5,100
53570,COORONG DISTRICT COUNCIL,TISZnj,N2,0.000894456,0.286534642,N2,65,B7,20,A7,15,3,100
53615,COORONG DISTRICT COUNCIL,LGCMJn,H3,1.43E-05,0.016964655,H3,24.75,B3,20.75,G2,20.25,7,100
53616,COORONG DISTRICT COUNCIL,LGCNGp,B7,0.000504592,0.199804959,B7,33.25,G4,24.75,N2,15,7,100
53622,COORONG DISTRICT COUNCIL,MNAOSX,G2,0.000978154,0.454947312,G2,33.75,H3,26.25,N2,20,5,100
53623,COORONG DISTRICT COUNCIL,MNAZoP,N2,0.000255192,0.158826362,N2,40,H3,27.75,G2,22.5,5,100
53673,COORONG DISTRICT COUNCIL,LGCXw-,WW,0.001243606,0.551397267,WW,100,None,0,None,0,1,100
53676,COORONG DISTRICT COUNCIL,LGCMHB,H3,0.000790288,0.261186518,H3,30.25,G2,24.75,B3,20.75,6,100
53677,COORONG DISTRICT COUNCIL,TISMJn,B8,3.27E-05,0.031982734,B8,38.25,B2,29.75,H3,17,5,100
53678,COORONG DISTRICT COUNCIL,COGWFF,H1,0.000173502,0.105079859,H1,55,N2,45,None,0,2,100
53742,COORONG DISTRICT COUNCIL,MNAZnJ,N2,0.000131604,0.074474584,N2,38.25,G4,34.235,B7,17,5,100
53744,COORONG DISTRICT COUNCIL,MNAZnJ,N2,6.77E-05,0.050884183,N2,38.25,G4,34.235,B7,17,5,100
53748,COORONG DISTRICT COUNCIL,MNAOSX,G2,0.00037949,0.22026339,G2,33.75,H3,26.25,N2,20,5,100
53805,COORONG DISTRICT COUNCIL,COGWQ-,N2,0.000452132,0.303406489,N2,100,None,0,None,0,1,100
53810,COORONG DISTRICT COUNCIL,MNAZnj,N2,0.000425011,0.195271018,N2,55.25,G4,21.485,B7,12.75,5,100
53811,COORONG DISTRICT COUNCIL,TAUMJt,B3,0.000102862,0.044816909,B3,46.75,B7,38.25,N2,8.25,4,100
53812,COORONG DISTRICT COUNCIL,LACZnO,N2,9.35E-06,0.011363091,N2,40,G4,24.75,A7,20.25,5,100
53814,COORONG DISTRICT COUNCIL,MNAZS-,N2,6.79E-05,0.053828628,N2,100,None,0,None,0,1,100
53816,COORONG DISTRICT COUNCIL,MNAZoP,N2,0.000268402,0.089668201,N2,40,H3,27.75,G2,22.5,5,100
53817,COORONG DISTRICT COUNCIL,TAUMJC,B3,0.014516709,3.487973305,B3,35.75,B7,29.25,H3,19.25,4,100
53891,COORONG DISTRICT COUNCIL,TISZS-,N2,8.22E-05,0.03313154,N2,100,None,0,None,0,1,100
53892,COORONG DISTRICT COUNCIL,LGCZpO,N2,7.58E-05,0.053521808,N2,75,G4,25,None,0,2,100
53897,COORONG DISTRICT COUNCIL,GLYMJt,B3,4.44E-05,0.034513397,B3,24.75,B2,20.25,H3,18,8,100
53900,COORONG DISTRICT COUNCIL,COGWFF,H1,1.83E-05,0.019406945,H1,55,N2,45,None,0,2,100
53901,COORONG DISTRICT COUNCIL,LACZnO,N2,2.33E-06,0.005828204,N2,40,G4,24.75,A7,20.25,5,100
53902,COORONG DISTRICT COUNCIL,TAUMJt,B3,6.47E-05,0.03693,B3,46.75,B7,38.25,N2,8.25,4,100
53903,COORONG DISTRICT COUNCIL,COGWFF,H1,5.83E-05,0.053682032,H1,55,N2,45,None,0,2,100
53904,COORONG DISTRICT COUNCIL,TISMJB,B8,8.40E-06,0.012423886,B8,45,B2,35,H3,20,3,100
53905,COORONG DISTRICT COUNCIL,LACZnO,N2,2.56E-05,0.022427708,N2,40,G4,24.75,A7,20.25,5,100
53906,COORONG DISTRICT COUNCIL,GLYNGF,G3,4.47E-05,0.037326746,G3,45.5,G2,14,H3,10.5,7,100
53910,COORONG DISTRICT COUNCIL,MNAOSS,H3,2.27E-05,0.020824221,H3,55.25,G3,17,G2,12.75,5,100
53912,COORONG DISTRICT COUNCIL,LGCMJn,H3,2.91E-05,0.022679766,H3,24.75,B3,20.75,G2,20.25,7,100
53913,COORONG DISTRICT COUNCIL,LGCMHB,H3,1.05E-05,0.012669563,H3,30.25,G2,24.75,B3,20.75,6,100
53914,COORONG DISTRICT COUNCIL,TAUMJt,B3,8.70E-05,0.045784331,B3,46.75,B7,38.25,N2,8.25,4,100
53915,COORONG DISTRICT COUNCIL,MNAZS-,N2,1.29E-05,0.017231458,N2,100,None,0,None,0,1,100
53960,COORONG DISTRICT COUNCIL,MNAZnJ,N2,0.000727672,0.418149956,N2,38.25,G4,34.235,B7,17,5,100
53962,COORONG DISTRICT COUNCIL,MNAZoP,N2,4.00E-05,0.024486912,N2,40,H3,27.75,G2,22.5,5,100
53963,COORONG DISTRICT COUNCIL,MNAZnJ,N2,0.00019167,0.080823293,N2,38.25,G4,34.235,B7,17,5,100
53965,COORONG DISTRICT COUNCIL,GLYNGF,G3,0.000141911,0.062404866,G3,45.5,G2,14,H3,10.5,7,100
53966,COORONG DISTRICT COUNCIL,MNAOSX,G2,7.16E-05,0.077295687,G2,33.75,H3,26.25,N2,20,5,100
